﻿person_id,text_segment,annotation,category,memo
9,"Sobald mir irgendwas auffällt beim Lesen, gebe ich Bescheid.",Metakognitive Reflexion,Metakognitive Reflexion,ARTIKEL 4 - PHASE 1: Erste Bewertung; T9
9,"Nach dem ersten Absatz müsste ich googeln, ob es den wirklich so gibt.",Begründungsnarrative:Argument: Inhalt vs. Quelle,Begründungsnarrative,ARTIKEL 4 - PHASE 1: Erste Bewertung; T9
9,"Nach dem ersten Absatz müsste ich googeln, ob es den wirklich so gibt.",Affektive Reaktionen:Unsicherheit,Affektive Reaktionen,ARTIKEL 4 - PHASE 1: Erste Bewertung; T9
9,"Nach dem ersten Absatz müsste ich googeln, ob es den wirklich so gibt.",Epistemische Strategien:Faktenprüfung,Epistemische Strategien,ARTIKEL 4 - PHASE 1: Erste Bewertung; T9
9,"Ist mir jetzt neu, die Abkürzung habe ich in meinem Leben noch nie gesehen.",Affektive Reaktionen:Überraschung,Affektive Reaktionen,ARTIKEL 4 - PHASE 1: Erste Bewertung; T9
9,"Ist mir jetzt neu, die Abkürzung habe ich in meinem Leben noch nie gesehen.",Begründungsnarrative:Argument: Inhalt vs. Quelle,Begründungsnarrative,ARTIKEL 4 - PHASE 1: Erste Bewertung; T9
9,"Ist mir jetzt neu, die Abkürzung habe ich in meinem Leben noch nie gesehen.",Heuristische Bewertung:Bekanntheit des Themas,Heuristische Bewertung,ARTIKEL 4 - PHASE 1: Erste Bewertung; T9
9,Ich bin leider auch überhaupt nicht so im Thema.,Affektive Reaktionen:Unsicherheit,Affektive Reaktionen,ARTIKEL 4 - PHASE 1: Erste Bewertung; T9
9,Ich bin leider auch überhaupt nicht so im Thema.,Begründungsnarrative:Argument: persönliche Erfahrung,Begründungsnarrative,ARTIKEL 4 - PHASE 1: Erste Bewertung; T9
9,"Namen, keine Ahnung.",Affektive Reaktionen:Unsicherheit,Affektive Reaktionen,ARTIKEL 4 - PHASE 1: Erste Bewertung; T9
9,"Namen, keine Ahnung.",Kognitive Unsicherheit:explizite Unsicherheit,Kognitive Unsicherheit,ARTIKEL 4 - PHASE 1: Erste Bewertung; T9
9,Es ist politisch ein sehr kompliziertes Thema auf jeden Fall.,Begründungsnarrative:Argument: gesellschaftlicher Kontext,Begründungsnarrative,ARTIKEL 4 - PHASE 1: Erste Bewertung; T9
9,Es ist politisch ein sehr kompliziertes Thema auf jeden Fall.,Epistemische Strategien:Plausibilitätsabwägung,Epistemische Strategien,ARTIKEL 4 - PHASE 1: Erste Bewertung; T9
9,"Das ist so ein Artikel, das müsst ihr wahrscheinlich zweimal durchlesen.",Begründungsnarrative:Argument: Sprache/Stil,Begründungsnarrative,ARTIKEL 4 - PHASE 1: Erste Bewertung; T9
9,"Das ist so ein Artikel, das müsst ihr wahrscheinlich zweimal durchlesen.",Begründungsnarrative:Argument: Struktur und Logik,Begründungsnarrative,ARTIKEL 4 - PHASE 1: Erste Bewertung; T9
9,"An sich wahrscheinlich sehr gut geeignet, um irgendwelche Informationen falsch oder kompliziert oder nicht direkt auszudrücken.",Begründungsnarrative:Argument: Sprache/Stil,Begründungsnarrative,ARTIKEL 4 - PHASE 1: Erste Bewertung; T9
9,"An sich wahrscheinlich sehr gut geeignet, um irgendwelche Informationen falsch oder kompliziert oder nicht direkt auszudrücken.",Begründungsnarrative:Argument: vermeintliche Objektivität,Begründungsnarrative,ARTIKEL 4 - PHASE 1: Erste Bewertung; T9
9,"An sich wahrscheinlich sehr gut geeignet, um irgendwelche Informationen falsch oder kompliziert oder nicht direkt auszudrücken.",Vertrauen in Inhalt/System:generelles Misstrauen gegenüber Medieninhalten,Vertrauen in Inhalt/System,ARTIKEL 4 - PHASE 1: Erste Bewertung; T9
9,Ich versuche mal weiterzulesen. Bis jetzt habe ich noch so absolut keine Ahnung.,Affektive Reaktionen:Unsicherheit,Affektive Reaktionen,ARTIKEL 4 - PHASE 1: Erste Bewertung; T9
9,Ich versuche mal weiterzulesen. Bis jetzt habe ich noch so absolut keine Ahnung.,Kognitive Unsicherheit:explizite Unsicherheit,Kognitive Unsicherheit,ARTIKEL 4 - PHASE 1: Erste Bewertung; T9
9,"Guiltwashing ist auch ein Wort, das ich zum ersten Mal lese.",Affektive Reaktionen:Überraschung,Affektive Reaktionen,ARTIKEL 4 - PHASE 1: Erste Bewertung; T9
9,"Guiltwashing ist auch ein Wort, das ich zum ersten Mal lese.",Begründungsnarrative:Argument: Sprache/Stil,Begründungsnarrative,ARTIKEL 4 - PHASE 1: Erste Bewertung; T9
9,"Guiltwashing ist auch ein Wort, das ich zum ersten Mal lese.",Textinterne Begründungen,Textinterne Begründungen,ARTIKEL 4 - PHASE 1: Erste Bewertung; T9
9,"Das sind super viele Fotografen, Hintergründe, was anscheinend diesem ganzen Wettbewerb ausgezeichnet wird.",Textinterne Begründungen,Textinterne Begründungen,ARTIKEL 4 - PHASE 1: Erste Bewertung; T9
9,"Das sind super viele Fotografen, Hintergründe, was anscheinend diesem ganzen Wettbewerb ausgezeichnet wird.",Metakognitive Reflexion,Metakognitive Reflexion,ARTIKEL 4 - PHASE 1: Erste Bewertung; T9
9,Das ganze Thema ist für mich vollkommen kompliziert nachzuvollziehen.,Affektive Reaktionen:Unsicherheit,Affektive Reaktionen,ARTIKEL 4 - PHASE 1: Erste Bewertung; T9
9,Das ganze Thema ist für mich vollkommen kompliziert nachzuvollziehen.,Begründungsnarrative:Argument: gesellschaftlicher Kontext,Begründungsnarrative,ARTIKEL 4 - PHASE 1: Erste Bewertung; T9
9,Das ganze Thema ist für mich vollkommen kompliziert nachzuvollziehen.,Kognitive Unsicherheit:explizite Unsicherheit,Kognitive Unsicherheit,ARTIKEL 4 - PHASE 1: Erste Bewertung; T9
9,Anscheinend ist irgendwas gewonnen worden.,Begründungsnarrative:Argument: Inhalt vs. Quelle,Begründungsnarrative,ARTIKEL 4 - PHASE 1: Erste Bewertung; T9
9,Anscheinend ist irgendwas gewonnen worden.,Kognitive Unsicherheit:explizite Unsicherheit,Kognitive Unsicherheit,ARTIKEL 4 - PHASE 1: Erste Bewertung; T9
9,"Dann natürlich ein bisschen Shitstorm-mäßig, aber irgendwie jetzt dann doch wieder ein bisschen zurückgenommen worden für diese WordPress-Awards-Sache.",Begründungsnarrative:Argument: gesellschaftlicher Kontext,Begründungsnarrative,ARTIKEL 4 - PHASE 1: Erste Bewertung; T9
9,"Dann natürlich ein bisschen Shitstorm-mäßig, aber irgendwie jetzt dann doch wieder ein bisschen zurückgenommen worden für diese WordPress-Awards-Sache.",Textinterne Begründungen,Textinterne Begründungen,ARTIKEL 4 - PHASE 1: Erste Bewertung; T9
9,"Die betreiben von sich aus jetzt für mich gesehen nicht so Propaganda, aber das ist natürlich ein schwieriges Thema an sich.",Begründungsnarrative:Argument: Sprache/Stil,Begründungsnarrative,ARTIKEL 4 - PHASE 1: Erste Bewertung; T9
9,"Die betreiben von sich aus jetzt für mich gesehen nicht so Propaganda, aber das ist natürlich ein schwieriges Thema an sich.",Epistemische Strategien:Plausibilitätsabwägung,Epistemische Strategien,ARTIKEL 4 - PHASE 1: Erste Bewertung; T9
9,"Ich glaube, wenn ich weiter drücke, kommt der Fragebogen dazu, oder?",Affektive Reaktionen:Unsicherheit,Affektive Reaktionen,ARTIKEL 4 - PHASE 1: Erste Bewertung; T9
9,"Ich glaube, wenn ich weiter drücke, kommt der Fragebogen dazu, oder?",Metakognitive Reflexion,Metakognitive Reflexion,ARTIKEL 4 - PHASE 1: Erste Bewertung; T9
9,"Gut. Boah, da würde ich... Ich würde mich da jetzt nicht entscheiden wollen.",Kognitive Unsicherheit:explizite Unsicherheit,Kognitive Unsicherheit,ARTIKEL 4 - PHASE 1: Erste Bewertung; T9; Fragebogen Artikel 4:
9,"Gut. Boah, da würde ich... Ich würde mich da jetzt nicht entscheiden wollen.",Affektive Reaktionen:Unsicherheit,Affektive Reaktionen,ARTIKEL 4 - PHASE 1: Erste Bewertung; T9; Fragebogen Artikel 4:
9,"Wahrscheinlich kann gut sein, aber einfach so als Text glaube ich nie was.",Begründungsnarrative:Argument: vermeintliche Objektivität,Begründungsnarrative,ARTIKEL 4 - PHASE 1: Erste Bewertung; T9; Fragebogen Artikel 4:
9,"Wahrscheinlich kann gut sein, aber einfach so als Text glaube ich nie was.",Vertrauen in Inhalt/System:generelles Misstrauen gegenüber Medieninhalten,Vertrauen in Inhalt/System,ARTIKEL 4 - PHASE 1: Erste Bewertung; T9; Fragebogen Artikel 4:
9,Bitte schätze ihr Zutrauen. Okay.,Metakognitive Reflexion,Metakognitive Reflexion,ARTIKEL 4 - PHASE 1: Erste Bewertung; T9; Fragebogen Artikel 4:
9,Ich lese einmal durch.,Metakognitive Reflexion,Metakognitive Reflexion,ARTIKEL 3 - PHASE 1: Erste Bewertung; T9
9,"Also ich weiß, dass diese Militärparade in Russland immer so ein großes Ding ist und war auch irgendwie in letzter Zeit bestimmt vor ein paar Wochen mal irgendwo wieder im Fernsehen.",Begründungsnarrative:Argument: persönliche Erfahrung,Begründungsnarrative,ARTIKEL 3 - PHASE 1: Erste Bewertung; T9
9,"Also ich weiß, dass diese Militärparade in Russland immer so ein großes Ding ist und war auch irgendwie in letzter Zeit bestimmt vor ein paar Wochen mal irgendwo wieder im Fernsehen.",Epistemische Strategien:Kontextwissen,Epistemische Strategien,ARTIKEL 3 - PHASE 1: Erste Bewertung; T9
9,"Oder ist mir auf Instagram irgendwo untergekommen. Also ich weiß, dass die existiert und dass die immer ein bisschen trotzig ist.",Begründungsnarrative:Argument: persönliche Erfahrung,Begründungsnarrative,ARTIKEL 3 - PHASE 1: Erste Bewertung; T9
9,"Oder ist mir auf Instagram irgendwo untergekommen. Also ich weiß, dass die existiert und dass die immer ein bisschen trotzig ist.",Heuristische Bewertung:Bekanntheit des Themas,Heuristische Bewertung,ARTIKEL 3 - PHASE 1: Erste Bewertung; T9
9,"Aber mit diesem Sondertribunal bin ich so im Rechtlichen drin. Ich bin mir gar nicht mehr sicher, ob so Haftbefehl...",Begründungsnarrative:Argument: Inhalt vs. Quelle,Begründungsnarrative,ARTIKEL 3 - PHASE 1: Erste Bewertung; T9
9,"Aber mit diesem Sondertribunal bin ich so im Rechtlichen drin. Ich bin mir gar nicht mehr sicher, ob so Haftbefehl...",Affektive Reaktionen:Unsicherheit,Affektive Reaktionen,ARTIKEL 3 - PHASE 1: Erste Bewertung; T9
9,"Ich meine, ja, Aggressor, ja. Ich müsste auch hier googeln.",Epistemische Strategien:Faktenprüfung,Epistemische Strategien,ARTIKEL 3 - PHASE 1: Erste Bewertung; T9
9,"Ich meine, ja, Aggressor, ja. Ich müsste auch hier googeln.",Affektive Reaktionen:Unsicherheit,Affektive Reaktionen,ARTIKEL 3 - PHASE 1: Erste Bewertung; T9
9,"Oh Gott, gab es den Haftbefehl wirklich? War das irgendwie irgendwas, was sich irgendwo fünf Ecken bei mir im Kopf festgesetzt hat?",Kognitive Unsicherheit:explizite Unsicherheit,Kognitive Unsicherheit,ARTIKEL 3 - PHASE 1: Erste Bewertung; T9
9,"Oh Gott, gab es den Haftbefehl wirklich? War das irgendwie irgendwas, was sich irgendwo fünf Ecken bei mir im Kopf festgesetzt hat?",Epistemische Strategien:Kontextwissen,Epistemische Strategien,ARTIKEL 3 - PHASE 1: Erste Bewertung; T9
9,"Ich versuche nämlich irgendwie aus Gründen dieses Themas umzugehen, weil es einfach so komplex ist und mich manchmal so mitnimmt.",Affektive Reaktionen:emotionale Ablehnung,Affektive Reaktionen,ARTIKEL 3 - PHASE 1: Erste Bewertung; T9
9,"Ich versuche nämlich irgendwie aus Gründen dieses Themas umzugehen, weil es einfach so komplex ist und mich manchmal so mitnimmt.",Begründungsnarrative:Argument: persönliche Erfahrung,Begründungsnarrative,ARTIKEL 3 - PHASE 1: Erste Bewertung; T9
9,"Ich werde auch nicht super schlau. Ich bin gerade so, ok, ganz viel Gericht, ganz viele Sachen, von denen ich keine Ahnung habe.",Kognitive Unsicherheit:explizite Unsicherheit,Kognitive Unsicherheit,ARTIKEL 3 - PHASE 1: Erste Bewertung; T9
9,"Ich werde auch nicht super schlau. Ich bin gerade so, ok, ganz viel Gericht, ganz viele Sachen, von denen ich keine Ahnung habe.",Affektive Reaktionen:Unsicherheit,Affektive Reaktionen,ARTIKEL 3 - PHASE 1: Erste Bewertung; T9
9,"Das mit dem Haftbefehl gegen Führungsträger, das ist gerade das, was ich mich gefragt habe vorhin.",Textinterne Begründungen,Textinterne Begründungen,ARTIKEL 3 - PHASE 1: Erste Bewertung; T9
9,"Das mit dem Haftbefehl gegen Führungsträger, das ist gerade das, was ich mich gefragt habe vorhin.",Metakognitive Reflexion,Metakognitive Reflexion,ARTIKEL 3 - PHASE 1: Erste Bewertung; T9
9,"Ok, also wie gesagt, von diesen ganzen rechtlichen Dingen bin ich super uninformiert. So allgemein müsste ich extrem viel nachgucken.",Begründungsnarrative:Argument: persönliche Erfahrung,Begründungsnarrative,ARTIKEL 3 - PHASE 1: Erste Bewertung; T9
9,"Ok, also wie gesagt, von diesen ganzen rechtlichen Dingen bin ich super uninformiert. So allgemein müsste ich extrem viel nachgucken.",Epistemische Strategien:Faktenprüfung,Epistemische Strategien,ARTIKEL 3 - PHASE 1: Erste Bewertung; T9
9,"Ich glaube, man könnte mir ja alles erzählen und ich denke mir so, ok, ich kenne ja ein paar Wörter davon.",Begründungsnarrative:Argument: vermeintliche Objektivität,Begründungsnarrative,ARTIKEL 3 - PHASE 1: Erste Bewertung; T9
9,"Ich glaube, man könnte mir ja alles erzählen und ich denke mir so, ok, ich kenne ja ein paar Wörter davon.",Kognitive Unsicherheit:explizite Unsicherheit,Kognitive Unsicherheit,ARTIKEL 3 - PHASE 1: Erste Bewertung; T9
9,"Das wäre dann so für mich, ok, ich habe wirklich keine Ahnung.",Affektive Reaktionen:Unsicherheit,Affektive Reaktionen,ARTIKEL 3 - PHASE 1: Erste Bewertung; T9
9,"Das wäre dann so für mich, ok, ich habe wirklich keine Ahnung.",Kognitive Unsicherheit:explizite Unsicherheit,Kognitive Unsicherheit,ARTIKEL 3 - PHASE 1: Erste Bewertung; T9
9,"Kann gut sein, dass hier irgendwas stimmt, kann gut sein, dass hier alles Bullshit ist, so wie Gerichte aufgebaut sind.",Begründungsnarrative:Argument: vermeintliche Objektivität,Begründungsnarrative,ARTIKEL 3 - PHASE 1: Erste Bewertung; T9
9,"Kann gut sein, dass hier irgendwas stimmt, kann gut sein, dass hier alles Bullshit ist, so wie Gerichte aufgebaut sind.",Affektive Reaktionen:Unsicherheit,Affektive Reaktionen,ARTIKEL 3 - PHASE 1: Erste Bewertung; T9
9,"Ich habe mich irgendwann kurzzeitig gefragt, ok Moment, das ist alles so EU-Recht, kann man sich von der EU aus außerhalb der EU wegklagen?",Epistemische Strategien:logische Argumentation,Epistemische Strategien,ARTIKEL 3 - PHASE 1: Erste Bewertung; T9
9,"Ich habe mich irgendwann kurzzeitig gefragt, ok Moment, das ist alles so EU-Recht, kann man sich von der EU aus außerhalb der EU wegklagen?",Kognitive Unsicherheit:Widersprüche erkannt,Kognitive Unsicherheit,ARTIKEL 3 - PHASE 1: Erste Bewertung; T9
9,"Also kann man Putin dafür anklagen, der gar nicht in der EU ist und auch Ukraine noch nicht offiziell in der EU ist, wirklich?",Epistemische Strategien:logische Argumentation,Epistemische Strategien,ARTIKEL 3 - PHASE 1: Erste Bewertung; T9
9,"Also kann man Putin dafür anklagen, der gar nicht in der EU ist und auch Ukraine noch nicht offiziell in der EU ist, wirklich?",Kognitive Unsicherheit:Widersprüche erkannt,Kognitive Unsicherheit,ARTIKEL 3 - PHASE 1: Erste Bewertung; T9
9,"Fragezeichen, selbst da bin ich mir jetzt unsicher.",Kognitive Unsicherheit:explizite Unsicherheit,Kognitive Unsicherheit,ARTIKEL 3 - PHASE 1: Erste Bewertung; T9
9,"Fragezeichen, selbst da bin ich mir jetzt unsicher.",Affektive Reaktionen:Unsicherheit,Affektive Reaktionen,ARTIKEL 3 - PHASE 1: Erste Bewertung; T9
9,Mein Allgemeinwissen geht gegen null tatsächlich.,Affektive Reaktionen:Ironie / Sarkasmus,Affektive Reaktionen,ARTIKEL 3 - PHASE 1: Erste Bewertung; T9
9,Mein Allgemeinwissen geht gegen null tatsächlich.,Begründungsnarrative:Argument: persönliche Erfahrung,Begründungsnarrative,ARTIKEL 3 - PHASE 1: Erste Bewertung; T9
9,"Aber ja, das ist so ein Ding, das Thema gepaart mit Gericht ist glaube ich meine Nemesis.",Affektive Reaktionen:Ironie / Sarkasmus,Affektive Reaktionen,ARTIKEL 3 - PHASE 1: Erste Bewertung; T9
9,"Aber ja, das ist so ein Ding, das Thema gepaart mit Gericht ist glaube ich meine Nemesis.",Affektive Reaktionen:Unsicherheit,Affektive Reaktionen,ARTIKEL 3 - PHASE 1: Erste Bewertung; T9
9,Ich klicke aber weiter und gebe mir das an.,Metakognitive Reflexion,Metakognitive Reflexion,ARTIKEL 3 - PHASE 1: Erste Bewertung; T9
9,Ich gebe ein bisschen glaubwürdig an. Vollkommen unsicher.,Vertrauen in Inhalt/System:generelles Vertrauen in Medien,Vertrauen in Inhalt/System,ARTIKEL 3 - PHASE 1: Erste Bewertung; T9; Fragebogen Artikel 3:
9,Ich gebe ein bisschen glaubwürdig an. Vollkommen unsicher.,Affektive Reaktionen:Unsicherheit,Affektive Reaktionen,ARTIKEL 3 - PHASE 1: Erste Bewertung; T9; Fragebogen Artikel 3:
9,Super sachlich ist es.,Heuristische Bewertung:Sprache/Stil,Heuristische Bewertung,ARTIKEL 3 - PHASE 1: Erste Bewertung; T9; Fragebogen Artikel 3:
9,Super sachlich ist es.,Begründungsnarrative:Argument: Sprache/Stil,Begründungsnarrative,ARTIKEL 3 - PHASE 1: Erste Bewertung; T9; Fragebogen Artikel 3:
9,"Moment, warte mal. Achso, meine Bewertung. Was soll ich denn hier machen?",Kognitive Unsicherheit:explizite Unsicherheit,Kognitive Unsicherheit,ARTIKEL 3 - PHASE 1: Erste Bewertung; T9; Fragebogen Artikel 3:
9,"Moment, warte mal. Achso, meine Bewertung. Was soll ich denn hier machen?",Metakognitive Reflexion,Metakognitive Reflexion,ARTIKEL 3 - PHASE 1: Erste Bewertung; T9; Fragebogen Artikel 3:
9,Struktur? Wieso gar nicht? Ich bin mit rechtsblicken Dingen überfordert.,Affektive Reaktionen:Unsicherheit,Affektive Reaktionen,ARTIKEL 3 - PHASE 1: Erste Bewertung; T9; Fragebogen Artikel 3:
9,Struktur? Wieso gar nicht? Ich bin mit rechtsblicken Dingen überfordert.,Begründungsnarrative:Argument: persönliche Erfahrung,Begründungsnarrative,ARTIKEL 3 - PHASE 1: Erste Bewertung; T9; Fragebogen Artikel 3:
9,"Hier fällt mir schon mal auf, ich glaube der Titel ist ein bisschen länger als die anderen. Die waren so kurz und knapp.",Heuristische Bewertung:visuelle Einschätzung,Heuristische Bewertung,ARTIKEL 2 - PHASE 1: Erste Bewertung; T9
9,"Hier fällt mir schon mal auf, ich glaube der Titel ist ein bisschen länger als die anderen. Die waren so kurz und knapp.",Vergleichende Bewertung,Vergleichende Bewertung,ARTIKEL 2 - PHASE 1: Erste Bewertung; T9
9,"Nach dem ersten Absatz denken wir, dass es aus der Sicht einer russischen Person bei uns geredet wird.",Heuristische Bewertung:Sprache/Stil,Heuristische Bewertung,ARTIKEL 2 - PHASE 1: Erste Bewertung; T9
9,"Nach dem ersten Absatz denken wir, dass es aus der Sicht einer russischen Person bei uns geredet wird.",Epistemische Strategien:Plausibilitätsabwägung,Epistemische Strategien,ARTIKEL 2 - PHASE 1: Erste Bewertung; T9
9,"Kann jetzt alles werden, kann jetzt tiefste Propaganda werden, kann aber auch so sein, nicht alle Menschen sind so scheiße, ich bin gespannt wie es weitergeht.",Begründungsnarrative:Argument: Inhalt vs. Quelle,Begründungsnarrative,ARTIKEL 2 - PHASE 1: Erste Bewertung; T9
9,"Kann jetzt alles werden, kann jetzt tiefste Propaganda werden, kann aber auch so sein, nicht alle Menschen sind so scheiße, ich bin gespannt wie es weitergeht.",Affektive Reaktionen:Wut / Empörung,Affektive Reaktionen,ARTIKEL 2 - PHASE 1: Erste Bewertung; T9
9,"Kritisierung ist auch so ein Begriff, den habe ich gerade zum ersten Mal gelesen glaube ich.",Textinterne Begründungen,Textinterne Begründungen,ARTIKEL 2 - PHASE 1: Erste Bewertung; T9
9,"Kritisierung ist auch so ein Begriff, den habe ich gerade zum ersten Mal gelesen glaube ich.",Affektive Reaktionen:Überraschung,Affektive Reaktionen,ARTIKEL 2 - PHASE 1: Erste Bewertung; T9
9,"Erster Weltkrieg, ob es diesen Kampf gab, auch keine Ahnung.",Kognitive Unsicherheit:explizite Unsicherheit,Kognitive Unsicherheit,ARTIKEL 2 - PHASE 1: Erste Bewertung; T9
9,"Erster Weltkrieg, ob es diesen Kampf gab, auch keine Ahnung.",Begründungsnarrative:Argument: persönliche Erfahrung,Begründungsnarrative,ARTIKEL 2 - PHASE 1: Erste Bewertung; T9
9,"Zitat. Viele auf dem russischen Boden, küssten ihn heftig.",Textinterne Begründungen,Textinterne Begründungen,ARTIKEL 2 - PHASE 1: Erste Bewertung; T9
9,"Bei Herzlichkeit des russischen Soldaten, das grenzenlos Bauchgefühl gesagt hat, lasse ich mal dahingestellt.",Heuristische Bewertung:Bauchgefühl,Heuristische Bewertung,ARTIKEL 2 - PHASE 1: Erste Bewertung; T9
9,"Bei Herzlichkeit des russischen Soldaten, das grenzenlos Bauchgefühl gesagt hat, lasse ich mal dahingestellt.",Affektive Reaktionen:emotionale Ablehnung,Affektive Reaktionen,ARTIKEL 2 - PHASE 1: Erste Bewertung; T9
9,Das ist ein wilder Artikel.,Heuristische Bewertung:Sprache/Stil,Heuristische Bewertung,ARTIKEL 2 - PHASE 1: Erste Bewertung; T9
9,Das ist ein wilder Artikel.,Affektive Reaktionen:emotionale Ablehnung,Affektive Reaktionen,ARTIKEL 2 - PHASE 1: Erste Bewertung; T9
9,"Also hier ist schon sehr auf Russland, wir sind, wenn man jetzt russisch wäre, wir sind das tolle Volk, wir sind schon immer die Helfer gewesen, wir haben den zweiten Weltkrieg gewonnen, wir haben Frieden gebracht, mäßig.",Begründungsnarrative:Argument: gesellschaftlicher Kontext,Begründungsnarrative,ARTIKEL 2 - PHASE 1: Erste Bewertung; T9
9,"Also hier ist schon sehr auf Russland, wir sind, wenn man jetzt russisch wäre, wir sind das tolle Volk, wir sind schon immer die Helfer gewesen, wir haben den zweiten Weltkrieg gewonnen, wir haben Frieden gebracht, mäßig.",Heuristische Bewertung:Sprache/Stil,Heuristische Bewertung,ARTIKEL 2 - PHASE 1: Erste Bewertung; T9
9,"Also hier ist schon sehr auf Russland, wir sind, wenn man jetzt russisch wäre, wir sind das tolle Volk, wir sind schon immer die Helfer gewesen, wir haben den zweiten Weltkrieg gewonnen, wir haben Frieden gebracht, mäßig.",Begründungsnarrative:Argument: vermeintliche Objektivität,Begründungsnarrative,ARTIKEL 2 - PHASE 1: Erste Bewertung; T9
9,"Ich habe vorhin glaube ich hier dieses Großherzigkeit beim Herzlichkeit der russischen Soldaten, das grenzenlos kurz rausgesprochen.",Textinterne Begründungen,Textinterne Begründungen,ARTIKEL 2 - PHASE 1: Erste Bewertung; T9
9,"Ich habe vorhin glaube ich hier dieses Großherzigkeit beim Herzlichkeit der russischen Soldaten, das grenzenlos kurz rausgesprochen.",Metakognitive Reflexion,Metakognitive Reflexion,ARTIKEL 2 - PHASE 1: Erste Bewertung; T9
9,"Meine Oma ist geflüchtet vor den Russen und dementsprechend weiß man nicht, ob das wirklich so ist.",Begründungsnarrative:Argument: persönliche Erfahrung,Begründungsnarrative,ARTIKEL 2 - PHASE 1: Erste Bewertung; T9
9,"Meine Oma ist geflüchtet vor den Russen und dementsprechend weiß man nicht, ob das wirklich so ist.",Epistemische Strategien:Kontextwissen,Epistemische Strategien,ARTIKEL 2 - PHASE 1: Erste Bewertung; T9
9,"Die Russen waren bestimmt nicht die größten Arschlöcher, aber ja, würde ich jetzt spontan eher als Propaganda wahrscheinlich abstempeln.",Begründungsnarrative:Argument: Inhalt vs. Quelle,Begründungsnarrative,ARTIKEL 2 - PHASE 1: Erste Bewertung; T9
9,"Die Russen waren bestimmt nicht die größten Arschlöcher, aber ja, würde ich jetzt spontan eher als Propaganda wahrscheinlich abstempeln.",Affektive Reaktionen:emotionale Ablehnung,Affektive Reaktionen,ARTIKEL 2 - PHASE 1: Erste Bewertung; T9
9,Das war schon sehr emotional.,Heuristische Bewertung:Sprache/Stil,Heuristische Bewertung,ARTIKEL 2 - PHASE 1: Erste Bewertung; T9
9,Das war schon sehr emotional.,Affektive Reaktionen:emotionale Ablehnung,Affektive Reaktionen,ARTIKEL 2 - PHASE 1: Erste Bewertung; T9
9,Eliten lieben wir.,Affektive Reaktionen:Ironie / Sarkasmus,Affektive Reaktionen,ARTIKEL 1 - PHASE 1: Erste Bewertung; T9
9,Eliten lieben wir.,Textinterne Begründungen,Textinterne Begründungen,ARTIKEL 1 - PHASE 1: Erste Bewertung; T9
9,"Ich muss gerade nachdenken, was das genau mal war, aber ich glaube das wird gleich hoffentlich erklärt.",Kognitive Unsicherheit:explizite Unsicherheit,Kognitive Unsicherheit,ARTIKEL 1 - PHASE 1: Erste Bewertung; T9
9,"Ich muss gerade nachdenken, was das genau mal war, aber ich glaube das wird gleich hoffentlich erklärt.",Metakognitive Reflexion,Metakognitive Reflexion,ARTIKEL 1 - PHASE 1: Erste Bewertung; T9
9,Aber ich glaube das war noch irgendwas mit einer Riesenkrage in Frankreich.,Epistemische Strategien:Kontextwissen,Epistemische Strategien,ARTIKEL 1 - PHASE 1: Erste Bewertung; T9
9,Aber ich glaube das war noch irgendwas mit einer Riesenkrage in Frankreich.,Kognitive Unsicherheit:explizite Unsicherheit,Kognitive Unsicherheit,ARTIKEL 1 - PHASE 1: Erste Bewertung; T9
9,Den Namen habe ich schon mal gehört.,Heuristische Bewertung:Bekanntheit des Themas,Heuristische Bewertung,ARTIKEL 1 - PHASE 1: Erste Bewertung; T9
9,"Es kann auch wirklich sein, dass französische Namen manchmal sehr gleich klingen. Ich weiß jetzt nicht, ob ich das jetzt nochmal zusammengehängt hätte mit dem Namen.",Begründungsnarrative:Argument: persönliche Erfahrung,Begründungsnarrative,ARTIKEL 1 - PHASE 1: Erste Bewertung; T9
9,"Es kann auch wirklich sein, dass französische Namen manchmal sehr gleich klingen. Ich weiß jetzt nicht, ob ich das jetzt nochmal zusammengehängt hätte mit dem Namen.",Kognitive Unsicherheit:explizite Unsicherheit,Kognitive Unsicherheit,ARTIKEL 1 - PHASE 1: Erste Bewertung; T9
9,Ich und mein allgemeines Wissen. Ich lese einfach weiter.,Affektive Reaktionen:Ironie / Sarkasmus,Affektive Reaktionen,ARTIKEL 1 - PHASE 1: Erste Bewertung; T9
9,Ich und mein allgemeines Wissen. Ich lese einfach weiter.,Metakognitive Reflexion,Metakognitive Reflexion,ARTIKEL 1 - PHASE 1: Erste Bewertung; T9
9,"Ich muss jetzt hier schon so ein bisschen, nicht ganz fachlich-journalistisch, eher so ein bisschen noch dieses Sarkastische mit drin.",Begründungsnarrative:Argument: Sprache/Stil,Begründungsnarrative,ARTIKEL 1 - PHASE 1: Erste Bewertung; T9
9,"Ich muss jetzt hier schon so ein bisschen, nicht ganz fachlich-journalistisch, eher so ein bisschen noch dieses Sarkastische mit drin.",Affektive Reaktionen:Ironie / Sarkasmus,Affektive Reaktionen,ARTIKEL 1 - PHASE 1: Erste Bewertung; T9
9,"Ich muss jetzt hier schon so ein bisschen, nicht ganz fachlich-journalistisch, eher so ein bisschen noch dieses Sarkastische mit drin.",Heuristische Bewertung:Sprache/Stil,Heuristische Bewertung,ARTIKEL 1 - PHASE 1: Erste Bewertung; T9
9,Was aber mittlerweile auch öfter einfach vorkommt. Was so ein bisschen Nähe bringt.,Begründungsnarrative:Argument: gesellschaftlicher Kontext,Begründungsnarrative,ARTIKEL 1 - PHASE 1: Erste Bewertung; T9
9,Was aber mittlerweile auch öfter einfach vorkommt. Was so ein bisschen Nähe bringt.,Epistemische Strategien:Kontextwissen,Epistemische Strategien,ARTIKEL 1 - PHASE 1: Erste Bewertung; T9
9,Ich habe gerade drunter geschaut. Ist schon ein langer Artikel auf jeden Fall.,Heuristische Bewertung:visuelle Einschätzung,Heuristische Bewertung,ARTIKEL 1 - PHASE 1: Erste Bewertung; T9
9,Ich habe gerade drunter geschaut. Ist schon ein langer Artikel auf jeden Fall.,Textinterne Begründungen,Textinterne Begründungen,ARTIKEL 1 - PHASE 1: Erste Bewertung; T9
9,"Politik und französische Politik, da habe ich mich auch nie wirklich damit beschäftigt.",Begründungsnarrative:Argument: persönliche Erfahrung,Begründungsnarrative,ARTIKEL 1 - PHASE 1: Erste Bewertung; T9
9,"Politik und französische Politik, da habe ich mich auch nie wirklich damit beschäftigt.",Affektive Reaktionen:Unsicherheit,Affektive Reaktionen,ARTIKEL 1 - PHASE 1: Erste Bewertung; T9
9,Ich glaube diese Partei existiert und sie heißt auch so.,Epistemische Strategien:Plausibilitätsabwägung,Epistemische Strategien,ARTIKEL 1 - PHASE 1: Erste Bewertung; T9
9,Ich glaube diese Partei existiert und sie heißt auch so.,Heuristische Bewertung:Bekanntheit des Themas,Heuristische Bewertung,ARTIKEL 1 - PHASE 1: Erste Bewertung; T9
9,"Aber ja, ich lese gespannt weiter.",Metakognitive Reflexion,Metakognitive Reflexion,ARTIKEL 1 - PHASE 1: Erste Bewertung; T9
9,Es sind viele rhetorische Fragen drin. Das ist eher so ein Online.,Textinterne Begründungen,Textinterne Begründungen,ARTIKEL 1 - PHASE 1: Erste Bewertung; T9
9,Es sind viele rhetorische Fragen drin. Das ist eher so ein Online.,Heuristische Bewertung:Sprache/Stil,Heuristische Bewertung,ARTIKEL 1 - PHASE 1: Erste Bewertung; T9
9,"Ich habe hier gerade, ich werde angehalten, so festgeplanten Krieg. Moment, wir planen Kriege, wo? Moment, ich muss das einordnen.",Affektive Reaktionen:Erschrecken / Überraschung,Affektive Reaktionen,ARTIKEL 1 - PHASE 1: Erste Bewertung; T9
9,"Ich habe hier gerade, ich werde angehalten, so festgeplanten Krieg. Moment, wir planen Kriege, wo? Moment, ich muss das einordnen.",Kognitive Unsicherheit:Widersprüche erkannt,Kognitive Unsicherheit,ARTIKEL 1 - PHASE 1: Erste Bewertung; T9
9,"Ich habe hier gerade, ich werde angehalten, so festgeplanten Krieg. Moment, wir planen Kriege, wo? Moment, ich muss das einordnen.",Epistemische Strategien:logische Argumentation,Epistemische Strategien,ARTIKEL 1 - PHASE 1: Erste Bewertung; T9
9,"Okay, letztendlich habe ich den jetzt einmal durchgelesen und weiß immer noch nicht genau, um was es geht.",Kognitive Unsicherheit:explizite Unsicherheit,Kognitive Unsicherheit,ARTIKEL 1 - PHASE 1: Erste Bewertung; T9
9,"Okay, letztendlich habe ich den jetzt einmal durchgelesen und weiß immer noch nicht genau, um was es geht.",Begründungsnarrative:Argument: Struktur und Logik,Begründungsnarrative,ARTIKEL 1 - PHASE 1: Erste Bewertung; T9
9,"Also wieso, Moment, das muss oben irgendwo stehen. Scheinbeschäftigung, ach ja, das war es.",Textinterne Begründungen,Textinterne Begründungen,ARTIKEL 1 - PHASE 1: Erste Bewertung; T9
9,"Also wieso, Moment, das muss oben irgendwo stehen. Scheinbeschäftigung, ach ja, das war es.",Epistemische Strategien:Kontextwissen,Epistemische Strategien,ARTIKEL 1 - PHASE 1: Erste Bewertung; T9
9,"Ich war mir am Anfang so, okay, vielleicht kenne ich den Namen.",Heuristische Bewertung:Bekanntheit des Themas,Heuristische Bewertung,ARTIKEL 1 - PHASE 1: Erste Bewertung; T9
9,"Ich war mir am Anfang so, okay, vielleicht kenne ich den Namen.",Kognitive Unsicherheit:explizite Unsicherheit,Kognitive Unsicherheit,ARTIKEL 1 - PHASE 1: Erste Bewertung; T9
9,"Aber mittlerweile denke ich mir so, ich habe keine Ahnung, ob es wirklich diese Person war, die ich im Hinterkopf hatte. Weil das ist mir jetzt alles irgendwie neu.",Kognitive Unsicherheit:explizite Unsicherheit,Kognitive Unsicherheit,ARTIKEL 1 - PHASE 1: Erste Bewertung; T9
9,"Aber mittlerweile denke ich mir so, ich habe keine Ahnung, ob es wirklich diese Person war, die ich im Hinterkopf hatte. Weil das ist mir jetzt alles irgendwie neu.",Begründungsnarrative:Argument: persönliche Erfahrung,Begründungsnarrative,ARTIKEL 1 - PHASE 1: Erste Bewertung; T9
9,"Und ich glaube, das habe ich schon gesagt, so relativ bis ein bisschen sarkastisch, ironisch.",Begründungsnarrative:Argument: Sprache/Stil,Begründungsnarrative,ARTIKEL 1 - PHASE 1: Erste Bewertung; T9
9,"Und ich glaube, das habe ich schon gesagt, so relativ bis ein bisschen sarkastisch, ironisch.",Metakognitive Reflexion,Metakognitive Reflexion,ARTIKEL 1 - PHASE 1: Erste Bewertung; T9
9,"Nicht ironisch, aber eher sarkastisch geschrieben mit so rhetorischen Fragen.",Heuristische Bewertung:Sprache/Stil,Heuristische Bewertung,ARTIKEL 1 - PHASE 1: Erste Bewertung; T9
9,"Nicht ironisch, aber eher sarkastisch geschrieben mit so rhetorischen Fragen.",Textinterne Begründungen,Textinterne Begründungen,ARTIKEL 1 - PHASE 1: Erste Bewertung; T9
9,"Würde man, würde ich jetzt vielleicht nicht so als die, wie nennt man das, unparteiische journalistische Arbeit.",Begründungsnarrative:Argument: vermeintliche Objektivität,Begründungsnarrative,ARTIKEL 1 - PHASE 1: Erste Bewertung; T9
9,"Würde man, würde ich jetzt vielleicht nicht so als die, wie nennt man das, unparteiische journalistische Arbeit.",Heuristische Bewertung:Sprache/Stil,Heuristische Bewertung,ARTIKEL 1 - PHASE 1: Erste Bewertung; T9
9,"Also man versucht schon gegen die Lügen hier ein bisschen, nicht zu hetzen, aber so ein bisschen gegen zu reden.",Begründungsnarrative:Argument: vermeintliche Objektivität,Begründungsnarrative,ARTIKEL 1 - PHASE 1: Erste Bewertung; T9
9,"Also man versucht schon gegen die Lügen hier ein bisschen, nicht zu hetzen, aber so ein bisschen gegen zu reden.",Epistemische Strategien:Plausibilitätsabwägung,Epistemische Strategien,ARTIKEL 1 - PHASE 1: Erste Bewertung; T9
9,"Aber ja, ich müsste jetzt wirklich diesen Namen googeln.",Epistemische Strategien:Faktenprüfung,Epistemische Strategien,ARTIKEL 1 - PHASE 1: Erste Bewertung; T9; Fragebogen Artikel 1:
9,"Aber ja, ich müsste jetzt wirklich diesen Namen googeln.",Begründungsnarrative:Argument: Inhalt vs. Quelle,Begründungsnarrative,ARTIKEL 1 - PHASE 1: Erste Bewertung; T9; Fragebogen Artikel 1:
9,"Ach, doppel, nee, unsicher.",Affektive Reaktionen:Unsicherheit,Affektive Reaktionen,ARTIKEL 1 - PHASE 1: Erste Bewertung; T9; Fragebogen Artikel 1:
9,"Ach, doppel, nee, unsicher.",Kognitive Unsicherheit:explizite Unsicherheit,Kognitive Unsicherheit,ARTIKEL 1 - PHASE 1: Erste Bewertung; T9; Fragebogen Artikel 1:
9,"Ja, ich glaube, das Hauptding.",Metakognitive Reflexion,Metakognitive Reflexion,ARTIKEL 1 - PHASE 1: Erste Bewertung; T9; Fragebogen Artikel 1:
9,"Ja, ich glaube, das Hauptding.",,,ARTIKEL 1 - PHASE 1: Erste Bewertung; T9; Fragebogen Artikel 1:
9,Alright. Wo ist der Bot? Da ist er.,Metakognitive Reflexion,Metakognitive Reflexion,ARTIKEL 4 - PHASE 2; T9
9,"Ich glaube, das war... Genau, ich wollte erst mal... Winner.",Verifikationsnutzung:aktive Prüfung mit Chatbot,Verifikationsnutzung,ARTIKEL 4 - PHASE 2; T9
9,"Ich glaube, das war... Genau, ich wollte erst mal... Winner.",Kognitive Unsicherheit:explizite Unsicherheit,Kognitive Unsicherheit,ARTIKEL 4 - PHASE 2; T9
9,Das wird spannend. Währenddessen lese ich einfach mal ein bisschen durch.,Metakognitive Reflexion,Metakognitive Reflexion,ARTIKEL 4 - PHASE 2; T9
9,"Okay, gut, das ist halt Chat-GPT.",Epistemische Strategien:Kontextwissen,Epistemische Strategien,ARTIKEL 4 - PHASE 2; T9
9,"Ich habe natürlich keinen Zugang zu Webseiten. Macht es jetzt für mich nicht einfacher, das aus dem Chatbot jetzt irgendwie besser zu verifizieren. Ähm...",Verifikationsnutzung:kritisches Hinterfragen von KI-Antwort,Verifikationsnutzung,ARTIKEL 4 - PHASE 2; T9
9,"Ich habe natürlich keinen Zugang zu Webseiten. Macht es jetzt für mich nicht einfacher, das aus dem Chatbot jetzt irgendwie besser zu verifizieren. Ähm...",Affektive Reaktionen:Unsicherheit,Affektive Reaktionen,ARTIKEL 4 - PHASE 2; T9
9,"Aber gibt es diese Awards? Weil natürlich wieder die Hälfte nicht beantwortet wird. Also so, wirklich.",Epistemische Strategien:Faktenprüfung,Epistemische Strategien,ARTIKEL 4 - PHASE 2; T9
9,"Aber gibt es diese Awards? Weil natürlich wieder die Hälfte nicht beantwortet wird. Also so, wirklich.",Verifikationsnutzung:kritisches Hinterfragen von KI-Antwort,Verifikationsnutzung,ARTIKEL 4 - PHASE 2; T9
9,"Aber gibt es diese Awards? Weil natürlich wieder die Hälfte nicht beantwortet wird. Also so, wirklich.",Affektive Reaktionen:Unsicherheit,Affektive Reaktionen,ARTIKEL 4 - PHASE 2; T9
9,"Ich habe es da im Niederlande, habe ich vorhin irgendwo mal gelesen. Also das ist, glaube ich, schon übereinstimmend. Okay, cool.",Verifikationsnutzung:passive Übernahme,Verifikationsnutzung,ARTIKEL 4 - PHASE 2; T9
9,"Ich habe es da im Niederlande, habe ich vorhin irgendwo mal gelesen. Also das ist, glaube ich, schon übereinstimmend. Okay, cool.",Epistemische Strategien:logische Argumentation,Epistemische Strategien,ARTIKEL 4 - PHASE 2; T9
9,"Dann weiß ich jetzt anscheinend, dass es den gibt, diese Award-Zeremonie.",Verifikationsnutzung:aktive Prüfung mit Chatbot,Verifikationsnutzung,ARTIKEL 4 - PHASE 2; T9
9,"Dann weiß ich jetzt anscheinend, dass es den gibt, diese Award-Zeremonie.",Verhaltensänderung:Urteilsänderung durch KI,Verhaltensänderung,ARTIKEL 4 - PHASE 2; T9
9,Was das schon mal das grundlegende Fragezeichen bei mir war.,Metakognitive Reflexion,Metakognitive Reflexion,ARTIKEL 4 - PHASE 2; T9
9,Was das schon mal das grundlegende Fragezeichen bei mir war.,Affektive Reaktionen:Zustimmung / Zustimmungssignale,Affektive Reaktionen,ARTIKEL 4 - PHASE 2; T9
9,"Irgendwo waren so Namen, natürlich ganz viele Namen, die ich nicht kenne.",Begründungsnarrative:Argument: persönliche Erfahrung,Begründungsnarrative,ARTIKEL 4 - PHASE 2; T9
9,"Irgendwo waren so Namen, natürlich ganz viele Namen, die ich nicht kenne.",Kognitive Unsicherheit:explizite Unsicherheit,Kognitive Unsicherheit,ARTIKEL 4 - PHASE 2; T9
9,"Die TASS kenne ich. Moment, das war... Ich muss noch mal den Überblick bekommen und ein bisschen durchlesen.",Epistemische Strategien:Kontextwissen,Epistemische Strategien,ARTIKEL 4 - PHASE 2; T9
9,"Die TASS kenne ich. Moment, das war... Ich muss noch mal den Überblick bekommen und ein bisschen durchlesen.",Affektive Reaktionen:Unsicherheit,Affektive Reaktionen,ARTIKEL 4 - PHASE 2; T9
9,"Ich nehme mal den Namen an, damit Chativity was weiß und das damit rübergeht. So.",Verifikationsnutzung:aktive Prüfung mit Chatbot,Verifikationsnutzung,ARTIKEL 4 - PHASE 2; T9
9,"Ich nehme mal den Namen an, damit Chativity was weiß und das damit rübergeht. So.",Metakognitive Reflexion,Metakognitive Reflexion,ARTIKEL 4 - PHASE 2; T9
9,Ist dein Name. Dankeschön.,Affektive Reaktionen:Zustimmung / Zustimmungssignale,Affektive Reaktionen,ARTIKEL 4 - PHASE 2; T9
9,"Es gibt also einen Fotografen laut Chativity, der zufällig genauso heißt. Es könnte sich auch um zeitgenössische Fotografen handeln.",Verifikationsnutzung:aktive Prüfung mit Chatbot,Verifikationsnutzung,ARTIKEL 4 - PHASE 2; T9
9,"Es gibt also einen Fotografen laut Chativity, der zufällig genauso heißt. Es könnte sich auch um zeitgenössische Fotografen handeln.",Epistemische Strategien:Faktenprüfung,Epistemische Strategien,ARTIKEL 4 - PHASE 2; T9
9,"Das Ding ist halt so, Chativity mit Internetinformationen abfragen, ist manchmal ein bisschen schwierig.",Vertrauen in Inhalt/System:Zweifel an Verifikation,Vertrauen in Inhalt/System,ARTIKEL 4 - PHASE 2; T9
9,"Das Ding ist halt so, Chativity mit Internetinformationen abfragen, ist manchmal ein bisschen schwierig.",Begründungsnarrative:Argument: persönliche Erfahrung,Begründungsnarrative,ARTIKEL 4 - PHASE 2; T9
9,"Aber anscheinend gibt es so etwas. Eine Person, die so heißt.",Verifikationsnutzung:passive Übernahme,Verifikationsnutzung,ARTIKEL 4 - PHASE 2; T9
9,"Aber anscheinend gibt es so etwas. Eine Person, die so heißt.",Verhaltensänderung:Urteilsänderung durch KI,Verhaltensänderung,ARTIKEL 4 - PHASE 2; T9
9,"Ich gucke gerade so, was ich googeln könnte. Außer eben Namen, die ich sonst googeln würde.",Epistemische Strategien:Faktenprüfung,Epistemische Strategien,ARTIKEL 4 - PHASE 2; T9
9,"Ich gucke gerade so, was ich googeln könnte. Außer eben Namen, die ich sonst googeln würde.",Metakognitive Reflexion,Metakognitive Reflexion,ARTIKEL 4 - PHASE 2; T9
9,"Den Chativity-Chatbot fragen. Weil ich einfach nur immer so jemand bin, der Bilder guckt, ob es diese Person auch wirklich gibt.",Epistemische Strategien:Faktenprüfung,Epistemische Strategien,ARTIKEL 4 - PHASE 2; T9
9,"Den Chativity-Chatbot fragen. Weil ich einfach nur immer so jemand bin, der Bilder guckt, ob es diese Person auch wirklich gibt.",Begründungsnarrative:Argument: persönliche Erfahrung,Begründungsnarrative,ARTIKEL 4 - PHASE 2; T9
9,"Was jetzt natürlich mit Chatbot ein bisschen schwierig ist, weil Online-Informationen finden zu Personen.",Vertrauen in Inhalt/System:Zweifel an Verifikation,Vertrauen in Inhalt/System,ARTIKEL 4 - PHASE 2; T9
9,"Was jetzt natürlich mit Chatbot ein bisschen schwierig ist, weil Online-Informationen finden zu Personen.",Metakognitive Reflexion,Metakognitive Reflexion,ARTIKEL 4 - PHASE 2; T9
9,"Aber da das alles ein bisschen schwierig ist und ich jetzt ansonsten nicht den Chatbot fragen kann, bin ich tatsächlich der Meinung, dass das ein glaubwürdiger Eintrag sein könnte, der über diese Awards berichtet.",Vertrauen in Inhalt/System:generelles Vertrauen in Medien,Vertrauen in Inhalt/System,ARTIKEL 4 - PHASE 2; T9
9,"Aber da das alles ein bisschen schwierig ist und ich jetzt ansonsten nicht den Chatbot fragen kann, bin ich tatsächlich der Meinung, dass das ein glaubwürdiger Eintrag sein könnte, der über diese Awards berichtet.",Verhaltensänderung:Urteilsänderung durch KI,Verhaltensänderung,ARTIKEL 4 - PHASE 2; T9
9,"Da es meiner Meinung nach, solange es jetzt diese Awards gibt, was ich nachgefragt habe, finde ich das eigentlich eine glaubwürdige Erkenntnis.",Epistemische Strategien:logische Argumentation,Epistemische Strategien,ARTIKEL 4 - PHASE 2; T9
9,"Da es meiner Meinung nach, solange es jetzt diese Awards gibt, was ich nachgefragt habe, finde ich das eigentlich eine glaubwürdige Erkenntnis.",Vertrauen in Inhalt/System:generelles Vertrauen in Medien,Vertrauen in Inhalt/System,ARTIKEL 4 - PHASE 2; T9
9,"Also glaubwürdige, oh Gott, Wörter heute. Ganz schlimm, glaubwürdige Berichterstattung, weil hier jetzt dann die Awards gibt.",Affektive Reaktionen:Belustigung,Affektive Reaktionen,ARTIKEL 4 - PHASE 2; T9
9,"Also glaubwürdige, oh Gott, Wörter heute. Ganz schlimm, glaubwürdige Berichterstattung, weil hier jetzt dann die Awards gibt.",Metakognitive Reflexion,Metakognitive Reflexion,ARTIKEL 4 - PHASE 2; T9
9,"Da kann es bestimmt passiert sein, das Thema ist meiner Meinung nach auch der Diskussion da entsprechend.",Vertrauen in Inhalt/System:generelles Vertrauen in Medien,Vertrauen in Inhalt/System,ARTIKEL 4 - PHASE 2; T9
9,"Da kann es bestimmt passiert sein, das Thema ist meiner Meinung nach auch der Diskussion da entsprechend.",Verhaltensänderung:Urteilsänderung durch KI,Verhaltensänderung,ARTIKEL 4 - PHASE 2; T9
9,"Ach so, darf ich googeln? Nein, darfst du nicht. Okay, ich dachte mir schon, also hiermit kann ich mich überprüfen.",Verifikationsnutzung:Einschränkung externer Recherchequellen,Verifikationsnutzung,ARTIKEL 4 - PHASE 2; T9
9,"Ach so, darf ich googeln? Nein, darfst du nicht. Okay, ich dachte mir schon, also hiermit kann ich mich überprüfen.",Affektive Reaktionen:Unsicherheit,Affektive Reaktionen,ARTIKEL 4 - PHASE 2; T9
9,"Mal kurz den ersten paar Updates zu lesen, um nochmal zu wissen, um was es geht.",Metakognitive Reflexion,Metakognitive Reflexion,ARTIKEL 3 - PHASE 2; T9
9,"Mal kurz den ersten paar Updates zu lesen, um nochmal zu wissen, um was es geht.",Epistemische Strategien:Kontextwissen,Epistemische Strategien,ARTIKEL 3 - PHASE 2; T9
9,"Ich schreibe jetzt mal, nein, ich kann nicht gleichzeitig schreiben, was so Fakten laut Ihnen sind, zu so einem Sonder-Tribunal-Gerichts-Gedöns.",Begründungsnarrative:Argument: persönliche Erfahrung,Begründungsnarrative,ARTIKEL 3 - PHASE 2; T9
9,"Ich schreibe jetzt mal, nein, ich kann nicht gleichzeitig schreiben, was so Fakten laut Ihnen sind, zu so einem Sonder-Tribunal-Gerichts-Gedöns.",Affektive Reaktionen:Unsicherheit,Affektive Reaktionen,ARTIKEL 3 - PHASE 2; T9
9,"Ich schreibe jetzt mal, nein, ich kann nicht gleichzeitig schreiben, was so Fakten laut Ihnen sind, zu so einem Sonder-Tribunal-Gerichts-Gedöns.",Verifikationsnutzung:aktive Prüfung mit Chatbot,Verifikationsnutzung,ARTIKEL 3 - PHASE 2; T9
9,"Weißt du, machen wir mal so.",Metakognitive Reflexion,Metakognitive Reflexion,ARTIKEL 3 - PHASE 2; T9
9,"Weißt du, machen wir mal so.",Affektive Reaktionen:Unsicherheit,Affektive Reaktionen,ARTIKEL 3 - PHASE 2; T9
9,"Nicht beihessen. Lange Antwort. Okay, es wird jetzt erstmal nur, ich war darum erklärt, was es überhaupt ist.",Verifikationsnutzung:passive Übernahme,Verifikationsnutzung,ARTIKEL 3 - PHASE 2; T9
9,"Nicht beihessen. Lange Antwort. Okay, es wird jetzt erstmal nur, ich war darum erklärt, was es überhaupt ist.",Metakognitive Reflexion,Metakognitive Reflexion,ARTIKEL 3 - PHASE 2; T9
9,Aber jetzt auf meine Frage natürlich nichts Konkretes.,Verifikationsnutzung:kritisches Hinterfragen von KI-Antwort,Verifikationsnutzung,ARTIKEL 3 - PHASE 2; T9
9,Aber jetzt auf meine Frage natürlich nichts Konkretes.,Vertrauen in Inhalt/System:Zweifel an Verifikation,Vertrauen in Inhalt/System,ARTIKEL 3 - PHASE 2; T9
9,"Also es wurde so hier oben geschrieben, dass es so angedacht war, was so ein bisschen sich mit dem hier übereinstimmt.",Verifikationsnutzung:passive Übernahme,Verifikationsnutzung,ARTIKEL 3 - PHASE 2; T9
9,"Also es wurde so hier oben geschrieben, dass es so angedacht war, was so ein bisschen sich mit dem hier übereinstimmt.",Epistemische Strategien:logische Argumentation,Epistemische Strategien,ARTIKEL 3 - PHASE 2; T9
9,"Aber ich habe das hier so rausgelesen, dass es da auch schon ein bisschen weiter ist.",Kognitive Unsicherheit:Widersprüche erkannt,Kognitive Unsicherheit,ARTIKEL 3 - PHASE 2; T9
9,"Aber ich habe das hier so rausgelesen, dass es da auch schon ein bisschen weiter ist.",Textinterne Begründungen,Textinterne Begründungen,ARTIKEL 3 - PHASE 2; T9
9,"Nicht nur so Diskussionen, sondern wir wollen, dass das wirklich jetzt hier auf dem Weg dahin.",Textinterne Begründungen,Textinterne Begründungen,ARTIKEL 3 - PHASE 2; T9
9,"Nicht nur so Diskussionen, sondern wir wollen, dass das wirklich jetzt hier auf dem Weg dahin.",Epistemische Strategien:logische Argumentation,Epistemische Strategien,ARTIKEL 3 - PHASE 2; T9
9,"Und nicht so, okay, es gibt halt so leichte Diskussionen. Aber es ist auf jeden Fall übereinstimmend. Zumindest laut Chattivity oder dem Bot.",Verifikationsnutzung:passive Übernahme,Verifikationsnutzung,ARTIKEL 3 - PHASE 2; T9
9,"Und nicht so, okay, es gibt halt so leichte Diskussionen. Aber es ist auf jeden Fall übereinstimmend. Zumindest laut Chattivity oder dem Bot.",Vertrauen in Inhalt/System:Vertrauen in Chatbot/KI,Vertrauen in Inhalt/System,ARTIKEL 3 - PHASE 2; T9
9,"Okay, Dezember 2023. Ich weiß halt nicht, wann dieser Artikel theoretisch geschrieben wurde, ob das halt in diesem Datensatz mit drin ist oder nicht.",Verifikationsnutzung:kritisches Hinterfragen von KI-Antwort,Verifikationsnutzung,ARTIKEL 3 - PHASE 2; T9
9,"Okay, Dezember 2023. Ich weiß halt nicht, wann dieser Artikel theoretisch geschrieben wurde, ob das halt in diesem Datensatz mit drin ist oder nicht.",Epistemische Strategien:Faktenprüfung,Epistemische Strategien,ARTIKEL 3 - PHASE 2; T9
9,"Okay, Dezember 2023. Ich weiß halt nicht, wann dieser Artikel theoretisch geschrieben wurde, ob das halt in diesem Datensatz mit drin ist oder nicht.",Affektive Reaktionen:Unsicherheit,Affektive Reaktionen,ARTIKEL 3 - PHASE 2; T9
9,"Hier wird so, hey, hier gibt es ein Haftbefehl, hier gibt es kein Haftbefehl.",Textinterne Begründungen,Textinterne Begründungen,ARTIKEL 3 - PHASE 2; T9
9,"Hier wird so, hey, hier gibt es ein Haftbefehl, hier gibt es kein Haftbefehl.",Kognitive Unsicherheit:Widersprüche erkannt,Kognitive Unsicherheit,ARTIKEL 3 - PHASE 2; T9
9,"Vorhin wurde auch irgendwo hier gesagt, dass das mit dem Haftbefehl wahrscheinlich funktionieren würde, weil hier irgendwas mit, was auch immer ein römischer Statut ist, funktioniert.",Textinterne Begründungen,Textinterne Begründungen,ARTIKEL 3 - PHASE 2; T9
9,"Vorhin wurde auch irgendwo hier gesagt, dass das mit dem Haftbefehl wahrscheinlich funktionieren würde, weil hier irgendwas mit, was auch immer ein römischer Statut ist, funktioniert.",Kognitive Unsicherheit:explizite Unsicherheit,Kognitive Unsicherheit,ARTIKEL 3 - PHASE 2; T9
9,"Das ist jetzt so, okay, Fragezeichen.",Affektive Reaktionen:Unsicherheit,Affektive Reaktionen,ARTIKEL 3 - PHASE 2; T9
9,"Das ist jetzt so, okay, Fragezeichen.",Kognitive Unsicherheit:explizite Unsicherheit,Kognitive Unsicherheit,ARTIKEL 3 - PHASE 2; T9
9,"Zu diesem Treffen reicht, falls es vor 23 ist, könnt ihr es wissen, dann kann ich es besser einordnen.",Epistemische Strategien:Faktenprüfung,Epistemische Strategien,ARTIKEL 3 - PHASE 2; T9
9,"Zu diesem Treffen reicht, falls es vor 23 ist, könnt ihr es wissen, dann kann ich es besser einordnen.",Metakognitive Reflexion,Metakognitive Reflexion,ARTIKEL 3 - PHASE 2; T9
9,"Ja, weiß natürlich nix. Also hast du das auch noch mit so Fragezeichen drin?",Verifikationsnutzung:kritisches Hinterfragen von KI-Antwort,Verifikationsnutzung,ARTIKEL 3 - PHASE 2; T9
9,"Ja, weiß natürlich nix. Also hast du das auch noch mit so Fragezeichen drin?",Affektive Reaktionen:Unsicherheit,Affektive Reaktionen,ARTIKEL 3 - PHASE 2; T9
9,"Ich weiß nicht, was ich hier noch fragen könnte, um meine, ja, kann gut sein, Fragezeichen zu beantworten.",Metakognitive Reflexion,Metakognitive Reflexion,ARTIKEL 3 - PHASE 2; T9
9,"Ich weiß nicht, was ich hier noch fragen könnte, um meine, ja, kann gut sein, Fragezeichen zu beantworten.",Affektive Reaktionen:Unsicherheit,Affektive Reaktionen,ARTIKEL 3 - PHASE 2; T9
9,"Aber ich glaube tatsächlich, mit meinem aktuellen Workflow mit KIs wird das ein bisschen schwierig.",Vertrauen in Inhalt/System:Zweifel an Verifikation,Vertrauen in Inhalt/System,ARTIKEL 3 - PHASE 2; T9
9,"Aber ich glaube tatsächlich, mit meinem aktuellen Workflow mit KIs wird das ein bisschen schwierig.",Metakognitive Reflexion,Metakognitive Reflexion,ARTIKEL 3 - PHASE 2; T9
9,"Aber ich glaube tatsächlich, mit meinem aktuellen Workflow mit KIs wird das ein bisschen schwierig.",Begründungsnarrative:Argument: persönliche Erfahrung,Begründungsnarrative,ARTIKEL 3 - PHASE 2; T9
9,"Aber gut, ich weiß jetzt wieder, wie das mit der Fragebogen aussieht.",Metakognitive Reflexion,Metakognitive Reflexion,ARTIKEL 3 - PHASE 2; T9
9,"Hat der Bot direkt Zugriff auf die Seite oder muss ich copy-pasten? Copy-pasten. Ah, okay.",Verifikationsnutzung:aktive Prüfung mit Chatbot,Verifikationsnutzung,ARTIKEL 3 - PHASE 2; T9
9,"Hat der Bot direkt Zugriff auf die Seite oder muss ich copy-pasten? Copy-pasten. Ah, okay.",Metakognitive Reflexion,Metakognitive Reflexion,ARTIKEL 3 - PHASE 2; T9
9,"Dann überlege ich, ob mir irgendwelche, ob ich vielleicht mal so einen Absatz reinposte, um einfach mal seine Meinung zu fragen.",Verifikationsnutzung:aktive Prüfung mit Chatbot,Verifikationsnutzung,ARTIKEL 3 - PHASE 2; T9
9,"Dann überlege ich, ob mir irgendwelche, ob ich vielleicht mal so einen Absatz reinposte, um einfach mal seine Meinung zu fragen.",Metakognitive Reflexion,Metakognitive Reflexion,ARTIKEL 3 - PHASE 2; T9
9,Obwohl ich relativ wenig immer auf KI-Meinung gebe.,Vertrauen in Inhalt/System:Zweifel an Verifikation,Vertrauen in Inhalt/System,ARTIKEL 3 - PHASE 2; T9
9,Obwohl ich relativ wenig immer auf KI-Meinung gebe.,Begründungsnarrative:Argument: persönliche Erfahrung,Begründungsnarrative,ARTIKEL 3 - PHASE 2; T9
9,"Hier irgendwas, ein Dorn im Auge.",Textinterne Begründungen,Textinterne Begründungen,ARTIKEL 3 - PHASE 2; T9
9,"Ja, ich glaube, mit meinem Workflow komme ich hier nicht weiter.",Metakognitive Reflexion,Metakognitive Reflexion,ARTIKEL 3 - PHASE 2; T9
9,"Ja, ich glaube, mit meinem Workflow komme ich hier nicht weiter.",Affektive Reaktionen:Unsicherheit,Affektive Reaktionen,ARTIKEL 3 - PHASE 2; T9
9,"Ich weiß gar nicht mehr, wie ich den vorher eingeschätzt habe.",Kognitive Unsicherheit:explizite Unsicherheit,Kognitive Unsicherheit,ARTIKEL 3 - PHASE 2; T9
9,"Ich weiß gar nicht mehr, wie ich den vorher eingeschätzt habe.",Metakognitive Reflexion,Metakognitive Reflexion,ARTIKEL 3 - PHASE 2; T9
9,"Ich glaube, es war so, ich kenne mich wirklich zu wenig aus, dass ich hier meine Meinung bilden kann.",Begründungsnarrative:Argument: persönliche Erfahrung,Begründungsnarrative,ARTIKEL 3 - PHASE 2; T9
9,"Ich glaube, es war so, ich kenne mich wirklich zu wenig aus, dass ich hier meine Meinung bilden kann.",Kognitive Unsicherheit:explizite Unsicherheit,Kognitive Unsicherheit,ARTIKEL 3 - PHASE 2; T9
9,"Hier, der Chatbot kann mir jetzt auch nicht weiterhelfen.",Vertrauen in Inhalt/System:Zweifel an Verifikation,Vertrauen in Inhalt/System,ARTIKEL 3 - PHASE 2; T9
9,"Hier, der Chatbot kann mir jetzt auch nicht weiterhelfen.",Verifikationsnutzung:kritisches Hinterfragen von KI-Antwort,Verifikationsnutzung,ARTIKEL 3 - PHASE 2; T9
9,So in dieser Zeit weißt du von nichts.,Verifikationsnutzung:kritisches Hinterfragen von KI-Antwort,Verifikationsnutzung,ARTIKEL 3 - PHASE 2; T9
9,So in dieser Zeit weißt du von nichts.,Affektive Reaktionen:Unsicherheit,Affektive Reaktionen,ARTIKEL 3 - PHASE 2; T9
9,"Kann halt einerseits sein, dass es nach 23 Uhr war oder eben der Chatbot das wüsste und das hier gelogen ist.",Epistemische Strategien:Plausibilitätsabwägung,Epistemische Strategien,ARTIKEL 3 - PHASE 2; T9
9,"Kann halt einerseits sein, dass es nach 23 Uhr war oder eben der Chatbot das wüsste und das hier gelogen ist.",Vertrauen in Inhalt/System:Zweifel an Verifikation,Vertrauen in Inhalt/System,ARTIKEL 3 - PHASE 2; T9
9,"Dementsprechend für meine Glaubwürdigkeit, glaube ich, kann ich hier nichts mehr fragen.",Metakognitive Reflexion,Metakognitive Reflexion,ARTIKEL 3 - PHASE 2; T9
9,"Dementsprechend für meine Glaubwürdigkeit, glaube ich, kann ich hier nichts mehr fragen.",Verhaltensänderung:keine Veränderung / Fixierung,Verhaltensänderung,ARTIKEL 3 - PHASE 2; T9
9,"Ich glaube, ich bin hier jetzt immer noch relativ unsicher.",Affektive Reaktionen:Unsicherheit,Affektive Reaktionen,ARTIKEL 3 - PHASE 2; T9
9,"Ich glaube, ich bin hier jetzt immer noch relativ unsicher.",Kognitive Unsicherheit:explizite Unsicherheit,Kognitive Unsicherheit,ARTIKEL 3 - PHASE 2; T9
9,"Ja, geht auch immer weiter nach unten. Ja, ich erinnere mich.",Metakognitive Reflexion,Metakognitive Reflexion,ARTIKEL 3 - PHASE 2; T9
9,Dann fand ich das super unglaubwürdig. Ich fahre jetzt mal nach diesem Beispiel der Türkei.,Verifikationsnutzung:aktive Prüfung mit Chatbot,Verifikationsnutzung,ARTIKEL 2 - PHASE 2; T9
9,Dann fand ich das super unglaubwürdig. Ich fahre jetzt mal nach diesem Beispiel der Türkei.,Epistemische Strategien:Faktenprüfung,Epistemische Strategien,ARTIKEL 2 - PHASE 2; T9
9,"Okay, was hat es denn schon mal gesagt?",Verifikationsnutzung:aktive Prüfung mit Chatbot,Verifikationsnutzung,ARTIKEL 2 - PHASE 2; T9
9,"Okay, was hat es denn schon mal gesagt?",Metakognitive Reflexion,Metakognitive Reflexion,ARTIKEL 2 - PHASE 2; T9
9,"Keine Ahnung. So, wie zügig war auch hingefragt. Oh, ich habe die nur umdrehen können.",Affektive Reaktionen:Unsicherheit,Affektive Reaktionen,ARTIKEL 2 - PHASE 2; T9
9,"Keine Ahnung. So, wie zügig war auch hingefragt. Oh, ich habe die nur umdrehen können.",Metakognitive Reflexion,Metakognitive Reflexion,ARTIKEL 2 - PHASE 2; T9
9,"Ja gut. Jetzt wollte ich den Text nochmal lesen, bevor mir die Frage gestellt wird.",Metakognitive Reflexion,Metakognitive Reflexion,ARTIKEL 2 - PHASE 2; T9
9,"Ja gut. Jetzt wollte ich den Text nochmal lesen, bevor mir die Frage gestellt wird.",Verifikationsnutzung:aktive Prüfung mit Chatbot,Verifikationsnutzung,ARTIKEL 2 - PHASE 2; T9
9,"Blablabla. Blablabla. Ja gut, komm eh.",Affektive Reaktionen:emotionale Ablehnung,Affektive Reaktionen,ARTIKEL 2 - PHASE 2; T9
9,"Blablabla. Blablabla. Ja gut, komm eh.",Affektive Reaktionen:Ironie / Sarkasmus,Affektive Reaktionen,ARTIKEL 2 - PHASE 2; T9
9,"Okay, auch wenn ich die Frage doof formuliert habe, weil ich danach nochmal durchgelesen habe, kam zumindest inhaltlich ungefähr das hier raus.",Verifikationsnutzung:passive Übernahme,Verifikationsnutzung,ARTIKEL 2 - PHASE 2; T9
9,"Okay, auch wenn ich die Frage doof formuliert habe, weil ich danach nochmal durchgelesen habe, kam zumindest inhaltlich ungefähr das hier raus.",Metakognitive Reflexion,Metakognitive Reflexion,ARTIKEL 2 - PHASE 2; T9
9,"Was auch für Glaubwürdgkeit erst mal weniger wichtig ist, weil ich den Artikel halt vom Stil her schon relativ sus finde.",Begründungsnarrative:Argument: Sprache/Stil,Begründungsnarrative,ARTIKEL 2 - PHASE 2; T9
9,"Was auch für Glaubwürdgkeit erst mal weniger wichtig ist, weil ich den Artikel halt vom Stil her schon relativ sus finde.",Heuristische Bewertung:Sprache/Stil,Heuristische Bewertung,ARTIKEL 2 - PHASE 2; T9
9,Aber zumindest die Beispiele sind anscheinend nicht komplett erfunden.,Epistemische Strategien:Faktenprüfung,Epistemische Strategien,ARTIKEL 2 - PHASE 2; T9
9,Aber zumindest die Beispiele sind anscheinend nicht komplett erfunden.,Verifikationsnutzung:passive Übernahme,Verifikationsnutzung,ARTIKEL 2 - PHASE 2; T9
9,"Ich habe hier noch etwas Spannendes. Die hat es anscheinend gegeben, diese Schlacht.",Verifikationsnutzung:aktive Prüfung mit Chatbot,Verifikationsnutzung,ARTIKEL 2 - PHASE 2; T9
9,"Ich habe hier noch etwas Spannendes. Die hat es anscheinend gegeben, diese Schlacht.",Epistemische Strategien:Faktenprüfung,Epistemische Strategien,ARTIKEL 2 - PHASE 2; T9
9,Das war jetzt einfach nur so Neugierde meinerseits.,Affektive Reaktionen:Überraschung,Affektive Reaktionen,ARTIKEL 2 - PHASE 2; T9
9,Das war jetzt einfach nur so Neugierde meinerseits.,Metakognitive Reflexion,Metakognitive Reflexion,ARTIKEL 2 - PHASE 2; T9
9,Was aber noch nichts für diese Glaubwürdgkeit ändert.,Metakognitive Reflexion,Metakognitive Reflexion,ARTIKEL 2 - PHASE 2; T9
9,Was aber noch nichts für diese Glaubwürdgkeit ändert.,Verhaltensänderung:keine Veränderung / Fixierung,Verhaltensänderung,ARTIKEL 2 - PHASE 2; T9
9,Was hältst du von dieser Aussage? Erst mal offen gefragt.,Verifikationsnutzung:aktive Prüfung mit Chatbot,Verifikationsnutzung,ARTIKEL 2 - PHASE 2; T9
9,Was hältst du von dieser Aussage? Erst mal offen gefragt.,Metakognitive Reflexion,Metakognitive Reflexion,ARTIKEL 2 - PHASE 2; T9
9,"Es gibt Berichte darüber, aber das habe ich auch nicht ausgeschlossen, dass es die auch nicht geben würde.",Epistemische Strategien:Plausibilitätsabwägung,Epistemische Strategien,ARTIKEL 2 - PHASE 2; T9
9,"Es gibt Berichte darüber, aber das habe ich auch nicht ausgeschlossen, dass es die auch nicht geben würde.",Verifikationsnutzung:passive Übernahme,Verifikationsnutzung,ARTIKEL 2 - PHASE 2; T9
9,"Und das ist hier dann auch meine Meinung. Mit Fällen von Gewalt, Behinderung und so.",Verhaltensänderung:Bestätigung bestehender Meinung,Verhaltensänderung,ARTIKEL 2 - PHASE 2; T9
9,"Und das ist hier dann auch meine Meinung. Mit Fällen von Gewalt, Behinderung und so.",Affektive Reaktionen:Zustimmung / Zustimmungssignale,Affektive Reaktionen,ARTIKEL 2 - PHASE 2; T9
9,"Aus Erzählungen und Geschichtsunterricht, was eigentlich bei mir im Kopf verankert ist.",Begründungsnarrative:Argument: persönliche Erfahrung,Begründungsnarrative,ARTIKEL 2 - PHASE 2; T9
9,"Aus Erzählungen und Geschichtsunterricht, was eigentlich bei mir im Kopf verankert ist.",Epistemische Strategien:Kontextwissen,Epistemische Strategien,ARTIKEL 2 - PHASE 2; T9
9,"Ich werde jetzt trotzdem hier nicht weiterfragen, weil ich es von Erfahrung und dem Schreibstil einfach nur ein bisschen wild finde.",Begründungsnarrative:Argument: Sprache/Stil,Begründungsnarrative,ARTIKEL 2 - PHASE 2; T9
9,"Ich werde jetzt trotzdem hier nicht weiterfragen, weil ich es von Erfahrung und dem Schreibstil einfach nur ein bisschen wild finde.",Verifikationsnutzung:Chatbot wird ignoriert,Verifikationsnutzung,ARTIKEL 2 - PHASE 2; T9
9,Das ist sehr einseitig hier. Da würde ich auch den Bot nicht weiter nutzen.,Begründungsnarrative:Argument: vermeintliche Objektivität,Begründungsnarrative,ARTIKEL 2 - PHASE 2; T9
9,Das ist sehr einseitig hier. Da würde ich auch den Bot nicht weiter nutzen.,Verifikationsnutzung:Chatbot wird ignoriert,Verifikationsnutzung,ARTIKEL 2 - PHASE 2; T9
9,"Oh nein, ich habe mir den vergessen.",Affektive Reaktionen:emotionale Ablehnung,Affektive Reaktionen,ARTIKEL 1 - PHASE 2; T9
9,"Oh nein, ich habe mir den vergessen.",Metakognitive Reflexion,Metakognitive Reflexion,ARTIKEL 1 - PHASE 2; T9
9,"Okay, okay, okay. Ich wusste nicht mehr, ob es wirklich die rechte Partei war.",Kognitive Unsicherheit:explizite Unsicherheit,Kognitive Unsicherheit,ARTIKEL 1 - PHASE 2; T9
9,"Okay, okay, okay. Ich wusste nicht mehr, ob es wirklich die rechte Partei war.",Epistemische Strategien:Faktenprüfung,Epistemische Strategien,ARTIKEL 1 - PHASE 2; T9
9,"Mal so fragen, um herauszufinden, ob es das schon gab.",Verifikationsnutzung:aktive Prüfung mit Chatbot,Verifikationsnutzung,ARTIKEL 1 - PHASE 2; T9
9,"Mal so fragen, um herauszufinden, ob es das schon gab.",Epistemische Strategien:Faktenprüfung,Epistemische Strategien,ARTIKEL 1 - PHASE 2; T9
9,"Ich glaube nicht, dass das Chatterbot noch weiß.",Vertrauen in Inhalt/System:Zweifel an Verifikation,Vertrauen in Inhalt/System,ARTIKEL 1 - PHASE 2; T9
9,"Ich glaube nicht, dass das Chatterbot noch weiß.",Metakognitive Reflexion,Metakognitive Reflexion,ARTIKEL 1 - PHASE 2; T9
9,"Hier findet das natürlich keine Nachrichten. Ich weiß auch gar nicht mehr, was ich nochmal lesen.",Verifikationsnutzung:kritisches Hinterfragen von KI-Antwort,Verifikationsnutzung,ARTIKEL 1 - PHASE 2; T9
9,"Hier findet das natürlich keine Nachrichten. Ich weiß auch gar nicht mehr, was ich nochmal lesen.",Affektive Reaktionen:Unsicherheit,Affektive Reaktionen,ARTIKEL 1 - PHASE 2; T9
9,Hier eben verhaftet hier noch kein fraglich KI.,Textinterne Begründungen,Textinterne Begründungen,ARTIKEL 1 - PHASE 2; T9
9,Hier eben verhaftet hier noch kein fraglich KI.,Kognitive Unsicherheit:explizite Unsicherheit,Kognitive Unsicherheit,ARTIKEL 1 - PHASE 2; T9
9,"Okay, es ist immer noch der gleiche Bot. Wer hätte es gedacht? Es hätte ja sein können. Cool, cool, cool.",Affektive Reaktionen:Ironie / Sarkasmus,Affektive Reaktionen,ARTIKEL 1 - PHASE 2; T9
9,"Okay, es ist immer noch der gleiche Bot. Wer hätte es gedacht? Es hätte ja sein können. Cool, cool, cool.",Metakognitive Reflexion,Metakognitive Reflexion,ARTIKEL 1 - PHASE 2; T9
9,"Ich glaube, dass ich noch fragen kann, was ich nicht verstanden hatte. Und vielleicht die KI fragen würde.",Verifikationsnutzung:aktive Prüfung mit Chatbot,Verifikationsnutzung,ARTIKEL 1 - PHASE 2; T9
9,"Ich glaube, dass ich noch fragen kann, was ich nicht verstanden hatte. Und vielleicht die KI fragen würde.",Metakognitive Reflexion,Metakognitive Reflexion,ARTIKEL 1 - PHASE 2; T9
9,"Das wird wahrscheinlich nicht rausgekommen sein, bis Datensatz.",Vertrauen in Inhalt/System:Zweifel an Verifikation,Vertrauen in Inhalt/System,ARTIKEL 1 - PHASE 2; T9
9,"Das wird wahrscheinlich nicht rausgekommen sein, bis Datensatz.",Epistemische Strategien:Faktenprüfung,Epistemische Strategien,ARTIKEL 1 - PHASE 2; T9
9,"Ich mach einfach hier. Wer das weiß, der weiß.",Affektive Reaktionen:Ironie / Sarkasmus,Affektive Reaktionen,ARTIKEL 1 - PHASE 2; T9
9,"Ich mach einfach hier. Wer das weiß, der weiß.",Metakognitive Reflexion,Metakognitive Reflexion,ARTIKEL 1 - PHASE 2; T9
9,"Okay, da scheint mehr, was er weiß. Dann hat er das jetzt einfach hier umgeschrieben.",Verifikationsnutzung:passive Übernahme,Verifikationsnutzung,ARTIKEL 1 - PHASE 2; T9
9,"Okay, da scheint mehr, was er weiß. Dann hat er das jetzt einfach hier umgeschrieben.",Metakognitive Reflexion,Metakognitive Reflexion,ARTIKEL 1 - PHASE 2; T9
9,"Die Antwort hier ist nur gerade relativ ähnlich zu dem, was im Artikel steht. Es ist einfach nur abgeschrieben hat.",Verifikationsnutzung:kritisches Hinterfragen von KI-Antwort,Verifikationsnutzung,ARTIKEL 1 - PHASE 2; T9
9,"Die Antwort hier ist nur gerade relativ ähnlich zu dem, was im Artikel steht. Es ist einfach nur abgeschrieben hat.",Kognitive Unsicherheit:Widersprüche erkannt,Kognitive Unsicherheit,ARTIKEL 1 - PHASE 2; T9
9,Und ich diese Antwort überhaupt irgendwie in meine Entscheidung mit einnehmen.,Metakognitive Reflexion,Metakognitive Reflexion,ARTIKEL 1 - PHASE 2; T9
9,Und ich diese Antwort überhaupt irgendwie in meine Entscheidung mit einnehmen.,Vertrauen in Inhalt/System:Zweifel an Verifikation,Vertrauen in Inhalt/System,ARTIKEL 1 - PHASE 2; T9
9,"Okay, gut. Wer ist am besten an der spezifischen Nachrichtensuche?",Verifikationsnutzung:aktive Prüfung mit Chatbot,Verifikationsnutzung,ARTIKEL 1 - PHASE 2; T9
9,"Okay, gut. Wer ist am besten an der spezifischen Nachrichtensuche?",Metakognitive Reflexion,Metakognitive Reflexion,ARTIKEL 1 - PHASE 2; T9
9,"Okay, das wäre auch tatsächlich mein nächster Plan gewesen.",Affektive Reaktionen:Zustimmung / Zustimmungssignale,Affektive Reaktionen,ARTIKEL 1 - PHASE 2; T9
9,"Okay, das wäre auch tatsächlich mein nächster Plan gewesen.",Metakognitive Reflexion,Metakognitive Reflexion,ARTIKEL 1 - PHASE 2; T9
9,"Dementsprechend, da ich das Grundgerüst nicht nachfragen kann, ob diese Anschuldigungen wirklich da sind oder nicht, wird mir der Bot auch hier nicht weiterhelfen.",Vertrauen in Inhalt/System:Zweifel an Verifikation,Vertrauen in Inhalt/System,ARTIKEL 1 - PHASE 2; T9
9,"Dementsprechend, da ich das Grundgerüst nicht nachfragen kann, ob diese Anschuldigungen wirklich da sind oder nicht, wird mir der Bot auch hier nicht weiterhelfen.",Verifikationsnutzung:Chatbot wird ignoriert,Verifikationsnutzung,ARTIKEL 1 - PHASE 2; T9
9,Ich finde den Artikel nach wie vor ganz... Also so ein bisschen sarkastisch.,Heuristische Bewertung:Sprache/Stil,Heuristische Bewertung,ARTIKEL 1 - PHASE 2; T9
9,Ich finde den Artikel nach wie vor ganz... Also so ein bisschen sarkastisch.,Begründungsnarrative:Argument: Sprache/Stil,Begründungsnarrative,ARTIKEL 1 - PHASE 2; T9
9,"Aber jetzt nicht, dass ich sage, dass da irgendwie groß irgendwas gegengeredet wird.",Epistemische Strategien:Plausibilitätsabwägung,Epistemische Strategien,ARTIKEL 1 - PHASE 2; T9
9,"Aber jetzt nicht, dass ich sage, dass da irgendwie groß irgendwas gegengeredet wird.",Begründungsnarrative:Argument: vermeintliche Objektivität,Begründungsnarrative,ARTIKEL 1 - PHASE 2; T9
9,Das ist noch relativ nicht propaganda-mäßig oder unglaubwürdig.,Begründungsnarrative:Argument: vermeintliche Objektivität,Begründungsnarrative,ARTIKEL 1 - PHASE 2; T9
9,Das ist noch relativ nicht propaganda-mäßig oder unglaubwürdig.,Vertrauen in Inhalt/System:generelles Vertrauen in Medien,Vertrauen in Inhalt/System,ARTIKEL 1 - PHASE 2; T9
9,"T9. Ich glaube, das war immer noch hier so rum.",Metakognitive Reflexion,Metakognitive Reflexion,ARTIKEL 1 - PHASE 2; T9; Fragebogen nach Verifikation:
9,Ich bin mir immer noch relativ unsicher.,Affektive Reaktionen:Unsicherheit,Affektive Reaktionen,ARTIKEL 1 - PHASE 2; T9; Fragebogen nach Verifikation:
9,Ich bin mir immer noch relativ unsicher.,Kognitive Unsicherheit:explizite Unsicherheit,Kognitive Unsicherheit,ARTIKEL 1 - PHASE 2; T9; Fragebogen nach Verifikation:
9,Es ist relativ gleich geblieben.,Verhaltensänderung:keine Veränderung / Fixierung,Verhaltensänderung,ARTIKEL 1 - PHASE 2; T9; Fragebogen nach Verifikation:
9,"Ich weiß nicht, wer sie ist.",Kognitive Unsicherheit:explizite Unsicherheit,Kognitive Unsicherheit,ARTIKEL 1 - PHASE 2; T9; Fragebogen nach Verifikation:
9,"Ich weiß nicht, wer sie ist.",Begründungsnarrative:Argument: persönliche Erfahrung,Begründungsnarrative,ARTIKEL 1 - PHASE 2; T9; Fragebogen nach Verifikation:
9,"Ich weiß nicht, wer sie ist.",,,ARTIKEL 1 - PHASE 2; T9; Fragebogen nach Verifikation:
9,"Yay! Mediennutzung, bla bla bla.",Affektive Reaktionen:Belustigung,Affektive Reaktionen,ARTIKEL 1 - PHASE 2; T9; Fragebogen nach Verifikation:
9,"Yay! Mediennutzung, bla bla bla.",Affektive Reaktionen:Ironie / Sarkasmus,Affektive Reaktionen,ARTIKEL 1 - PHASE 2; T9; Fragebogen nach Verifikation:
9,T9. Da ist meine Tastatur. Hab ich?,Metakognitive Reflexion,Metakognitive Reflexion,ARTIKEL 1 - PHASE 2; T9; Fragebogen nach Verifikation:
9,"Ich glaube, es ist tatsächlich mehr gleich geblieben.",Verhaltensänderung:keine Veränderung / Fixierung,Verhaltensänderung,ARTIKEL 1 - PHASE 2; T9; Fragebogen nach Verifikation:
9,"Ich glaube, es ist tatsächlich mehr gleich geblieben.",Metakognitive Reflexion,Metakognitive Reflexion,ARTIKEL 1 - PHASE 2; T9; Fragebogen nach Verifikation:
9,"Habe ich irgendwo meine Einschätzung geändert? Oh fuck, weiß ich das noch?",Metakognitive Reflexion,Metakognitive Reflexion,ARTIKEL 1 - PHASE 2; T9; Fragebogen nach Verifikation:
9,"Habe ich irgendwo meine Einschätzung geändert? Oh fuck, weiß ich das noch?",Kognitive Unsicherheit:explizite Unsicherheit,Kognitive Unsicherheit,ARTIKEL 1 - PHASE 2; T9; Fragebogen nach Verifikation:
9,"Ich glaube, nein. Moment, wo ist die Hälfte?",Verhaltensänderung:keine Veränderung / Fixierung,Verhaltensänderung,ARTIKEL 1 - PHASE 2; T9; Fragebogen nach Verifikation:
9,"Ich glaube, nein. Moment, wo ist die Hälfte?",Affektive Reaktionen:Unsicherheit,Affektive Reaktionen,ARTIKEL 1 - PHASE 2; T9; Fragebogen nach Verifikation:
9,Ich benutze Chats mit ihm täglich. Für irgendwelchen Scheiß.,Begründungsnarrative:Argument: persönliche Erfahrung,Begründungsnarrative,ARTIKEL 1 - PHASE 2; T9; Fragebogen nach Verifikation:
9,Ich benutze Chats mit ihm täglich. Für irgendwelchen Scheiß.,Vertrauen in Inhalt/System:Vertrauen in Chatbot/KI,Vertrauen in Inhalt/System,ARTIKEL 1 - PHASE 2; T9; Fragebogen nach Verifikation:
9,"Machst du konversationalen Stil? Ja, ich rede mit ihm.",Begründungsnarrative:Argument: persönliche Erfahrung,Begründungsnarrative,ARTIKEL 1 - PHASE 2; T9; Fragebogen nach Verifikation:
9,"Machst du konversationalen Stil? Ja, ich rede mit ihm.",Metakognitive Reflexion,Metakognitive Reflexion,ARTIKEL 1 - PHASE 2; T9; Fragebogen nach Verifikation:
9,"Machst du konversationalen Stil? Ja, ich rede mit ihm.",,,ARTIKEL 1 - PHASE 2; T9; Fragebogen nach Verifikation:
