﻿person_id,text_segment,annotation,category,memo
2,"Okay, oh Gott. Keine Bildchen.",Affektive Reaktionen:Erschrecken / Überraschung,Affektive Reaktionen,"ARTIKEL 1 - PHASE 1: Erste Bewertung; T2; ""Eliten/Scheinbeschäftigung"" (Le Pen, Fußfesseln)"
2,"Okay, oh Gott. Keine Bildchen.",Heuristische Bewertung:visuelle Einschätzung,Heuristische Bewertung,"ARTIKEL 1 - PHASE 1: Erste Bewertung; T2; ""Eliten/Scheinbeschäftigung"" (Le Pen, Fußfesseln)"
2,"Ach, okay, das ist real. Okay.",Kognitive Unsicherheit:explizite Unsicherheit,Kognitive Unsicherheit,"ARTIKEL 1 - PHASE 1: Erste Bewertung; T2; ""Eliten/Scheinbeschäftigung"" (Le Pen, Fußfesseln)"
2,"Also, wenn das stimmt, dann muss das nicht. In der Arbeit lese ich ab und zu mal, wenn gerade der Kaffee durchläuft, die Mittelbayerische. Da kriegt man wahrscheinlich nicht so viele Infos.",Begründungsnarrative:Argument: persönliche Erfahrung,Begründungsnarrative,"ARTIKEL 1 - PHASE 1: Erste Bewertung; T2; ""Eliten/Scheinbeschäftigung"" (Le Pen, Fußfesseln)"
2,"Also, wenn das stimmt, dann muss das nicht. In der Arbeit lese ich ab und zu mal, wenn gerade der Kaffee durchläuft, die Mittelbayerische. Da kriegt man wahrscheinlich nicht so viele Infos.",Affektive Reaktionen:Ironie / Sarkasmus,Affektive Reaktionen,"ARTIKEL 1 - PHASE 1: Erste Bewertung; T2; ""Eliten/Scheinbeschäftigung"" (Le Pen, Fußfesseln)"
2,"Ich denke gerade, weil ich diese Gedankenstriche sehe und ich irgendwie gehört habe, dass so Chattyptees, LLMs das so gerne machen. Aber ich bleib neutral.",Heuristische Bewertung:Sprache/Stil,Heuristische Bewertung,"ARTIKEL 1 - PHASE 1: Erste Bewertung; T2; ""Eliten/Scheinbeschäftigung"" (Le Pen, Fußfesseln)"
2,"Ich denke gerade, weil ich diese Gedankenstriche sehe und ich irgendwie gehört habe, dass so Chattyptees, LLMs das so gerne machen. Aber ich bleib neutral.",Vertrauen in Inhalt/System:Zweifel an Verifikation,Vertrauen in Inhalt/System,"ARTIKEL 1 - PHASE 1: Erste Bewertung; T2; ""Eliten/Scheinbeschäftigung"" (Le Pen, Fußfesseln)"
2,"Das ist also ganz ehrlich, das ist ein Artikel, den würde ich tatsächlich nicht lesen, weil das echt so trocken ist.",Affektive Reaktionen:emotionale Ablehnung,Affektive Reaktionen,"ARTIKEL 1 - PHASE 1: Erste Bewertung; T2; ""Eliten/Scheinbeschäftigung"" (Le Pen, Fußfesseln)"
2,"Das ist also ganz ehrlich, das ist ein Artikel, den würde ich tatsächlich nicht lesen, weil das echt so trocken ist.",Begründungsnarrative:Argument: Sprache/Stil,Begründungsnarrative,"ARTIKEL 1 - PHASE 1: Erste Bewertung; T2; ""Eliten/Scheinbeschäftigung"" (Le Pen, Fußfesseln)"
2,"Ganz ehrlich, ich verstehe den Text nicht.",Kognitive Unsicherheit:explizite Unsicherheit,Kognitive Unsicherheit,"ARTIKEL 1 - PHASE 1: Erste Bewertung; T2; ""Eliten/Scheinbeschäftigung"" (Le Pen, Fußfesseln)"
2,"Gerade kam mir so ein Gefühl, ich weiß nicht, was für Fragen kommen werden, aber der Text für mich eher glaubwürdig ist. Ich habe das Gefühl, da ist eine Meinung drin, von einem Journalisten, von einem Autor.",Heuristische Bewertung:Bauchgefühl,Heuristische Bewertung,"ARTIKEL 1 - PHASE 1: Erste Bewertung; T2; ""Eliten/Scheinbeschäftigung"" (Le Pen, Fußfesseln)"
2,"Gerade kam mir so ein Gefühl, ich weiß nicht, was für Fragen kommen werden, aber der Text für mich eher glaubwürdig ist. Ich habe das Gefühl, da ist eine Meinung drin, von einem Journalisten, von einem Autor.",Begründungsnarrative:Argument: Sprache/Stil,Begründungsnarrative,"ARTIKEL 1 - PHASE 1: Erste Bewertung; T2; ""Eliten/Scheinbeschäftigung"" (Le Pen, Fußfesseln)"
2,"Also ich würde sagen, es ist für mich eher glaubwürdig. Ich bewerte den mal mit einer 6, weil ich da eine Meinung rauslese.",Vertrauen in Inhalt/System:generelles Vertrauen in Medien,Vertrauen in Inhalt/System,"ARTIKEL 1 - PHASE 1: Erste Bewertung; T2; Fragebogen Artikel 1:; ""Eliten/Scheinbeschäftigung"" (Le Pen, Fußfesseln)"
2,"Also ich würde sagen, es ist für mich eher glaubwürdig. Ich bewerte den mal mit einer 6, weil ich da eine Meinung rauslese.",Begründungsnarrative:Argument: Sprache/Stil,Begründungsnarrative,"ARTIKEL 1 - PHASE 1: Erste Bewertung; T2; Fragebogen Artikel 1:; ""Eliten/Scheinbeschäftigung"" (Le Pen, Fußfesseln)"
2,"Ja, dass Russland ein Land der Friedensstifter ist. Aber mal schauen, vielleicht ist das auch ironisch gemeint. Ist das von Russia Today?",Kognitive Unsicherheit:explizite Unsicherheit,Kognitive Unsicherheit,"ARTIKEL 2 - PHASE 1: Erste Bewertung; T2; ""Russland als Friedensstifter"""
2,"Ja, dass Russland ein Land der Friedensstifter ist. Aber mal schauen, vielleicht ist das auch ironisch gemeint. Ist das von Russia Today?",Affektive Reaktionen:Ironie / Sarkasmus,Affektive Reaktionen,"ARTIKEL 2 - PHASE 1: Erste Bewertung; T2; ""Russland als Friedensstifter"""
2,"Ja, dass Russland ein Land der Friedensstifter ist. Aber mal schauen, vielleicht ist das auch ironisch gemeint. Ist das von Russia Today?",Begründungsnarrative:Argument: Inhalt vs. Quelle,Begründungsnarrative,"ARTIKEL 2 - PHASE 1: Erste Bewertung; T2; ""Russland als Friedensstifter"""
2,"Ich glaube, der Artikel ist von Russia Today. Das tut weh.",Begründungsnarrative:Argument: Inhalt vs. Quelle,Begründungsnarrative,"ARTIKEL 2 - PHASE 1: Erste Bewertung; T2; ""Russland als Friedensstifter"""
2,"Ich glaube, der Artikel ist von Russia Today. Das tut weh.",Affektive Reaktionen:emotionale Ablehnung,Affektive Reaktionen,"ARTIKEL 2 - PHASE 1: Erste Bewertung; T2; ""Russland als Friedensstifter"""
2,"Ich glaube, der Artikel ist von Russia Today. Das tut weh.",Vertrauen in Inhalt/System:Zweifel an Verifikation,Vertrauen in Inhalt/System,"ARTIKEL 2 - PHASE 1: Erste Bewertung; T2; ""Russland als Friedensstifter"""
2,"Das triggert mich so, das zu lesen, diese Verherrlichung von Russland.",Affektive Reaktionen:Wut / Empörung,Affektive Reaktionen,"ARTIKEL 2 - PHASE 1: Erste Bewertung; T2; ""Russland als Friedensstifter"""
2,"Das triggert mich so, das zu lesen, diese Verherrlichung von Russland.",Begründungsnarrative:Argument: gesellschaftlicher Kontext,Begründungsnarrative,"ARTIKEL 2 - PHASE 1: Erste Bewertung; T2; ""Russland als Friedensstifter"""
2,"Also ich bin aus Polen und mir wurde immer so eingetrichtert von den Großeltern, dass also die Zeit mit den Russen, also die fühlten sich da gar nicht befreit und so. Also da, vielleicht habe ich da auch irgendwie so ein Bias oder so.",Begründungsnarrative:Argument: persönliche Erfahrung,Begründungsnarrative,"ARTIKEL 2 - PHASE 1: Erste Bewertung; T2; ""Russland als Friedensstifter"""
2,"Also ich bin aus Polen und mir wurde immer so eingetrichtert von den Großeltern, dass also die Zeit mit den Russen, also die fühlten sich da gar nicht befreit und so. Also da, vielleicht habe ich da auch irgendwie so ein Bias oder so.",Kognitive Unsicherheit:explizite Unsicherheit,Kognitive Unsicherheit,"ARTIKEL 2 - PHASE 1: Erste Bewertung; T2; ""Russland als Friedensstifter"""
2,"Ja, das Problem ist, ich glaube, dass so die Fakten aus, also diese einzelnen Fakten, die da genannt wurden, vielleicht sogar stimmen könnten. Aber das ist ja doch eine Weihräucherung von Russland.",Epistemische Strategien:Plausibilitätsabwägung,Epistemische Strategien,"ARTIKEL 2 - PHASE 1: Erste Bewertung; T2; Fragebogen Artikel 2:; ""Russland als Friedensstifter"""
2,"Ja, das Problem ist, ich glaube, dass so die Fakten aus, also diese einzelnen Fakten, die da genannt wurden, vielleicht sogar stimmen könnten. Aber das ist ja doch eine Weihräucherung von Russland.",Begründungsnarrative:Argument: gesellschaftlicher Kontext,Begründungsnarrative,"ARTIKEL 2 - PHASE 1: Erste Bewertung; T2; Fragebogen Artikel 2:; ""Russland als Friedensstifter"""
2,"Ja, das Problem ist, ich glaube, dass so die Fakten aus, also diese einzelnen Fakten, die da genannt wurden, vielleicht sogar stimmen könnten. Aber das ist ja doch eine Weihräucherung von Russland.",Vertrauen in Inhalt/System:generelles Misstrauen gegenüber Medieninhalten,Vertrauen in Inhalt/System,"ARTIKEL 2 - PHASE 1: Erste Bewertung; T2; Fragebogen Artikel 2:; ""Russland als Friedensstifter"""
2,"Ich bin gerade bei diesem Mal wieder hängen geblieben, denn ich dachte, ah, jetzt kommt vielleicht so ein neutralerer Text und dieses Mal wieder fühlt sich für mich sehr bewertend an.",Heuristische Bewertung:Sprache/Stil,Heuristische Bewertung,"ARTIKEL 3 - PHASE 1: Erste Bewertung; T2; ""UN-Tribunal gegen Russland"""
2,"Ich bin gerade bei diesem Mal wieder hängen geblieben, denn ich dachte, ah, jetzt kommt vielleicht so ein neutralerer Text und dieses Mal wieder fühlt sich für mich sehr bewertend an.",Begründungsnarrative:Argument: Sprache/Stil,Begründungsnarrative,"ARTIKEL 3 - PHASE 1: Erste Bewertung; T2; ""UN-Tribunal gegen Russland"""
2,Der schien mir schon sehr glaubwürdig. Ich bin mir auch sehr sicher. Ein sachlicher Artikel.,Vertrauen in Inhalt/System:generelles Vertrauen in Medien,Vertrauen in Inhalt/System,"ARTIKEL 3 - PHASE 1: Erste Bewertung; T2; Fragebogen Artikel 3:; ""UN-Tribunal gegen Russland"""
2,Der schien mir schon sehr glaubwürdig. Ich bin mir auch sehr sicher. Ein sachlicher Artikel.,Begründungsnarrative:Argument: vermeintliche Objektivität,Begründungsnarrative,"ARTIKEL 3 - PHASE 1: Erste Bewertung; T2; Fragebogen Artikel 3:; ""UN-Tribunal gegen Russland"""
2,"Ich lese sehr aufmerksam den Text, weil dieser Artikel mich abholt von Interesse.",Affektive Reaktionen:Zustimmung / Zustimmungssignale,Affektive Reaktionen,"ARTIKEL 4 - PHASE 1: Erste Bewertung; T2; ""RT-Fotografin/World Press Photo Award"""
2,"Gerade hänge ich fest, weil ich nicht kapiere, warum jetzt ein Ermittlungsverfahren gegen sie läuft.",Kognitive Unsicherheit:explizite Unsicherheit,Kognitive Unsicherheit,"ARTIKEL 4 - PHASE 1: Erste Bewertung; T2; ""RT-Fotografin/World Press Photo Award"""
2,Der erschien mir schon sehr glaubwürdig. Ich bin sehr sicher.,Vertrauen in Inhalt/System:generelles Vertrauen in Medien,Vertrauen in Inhalt/System,"ARTIKEL 4 - PHASE 1: Erste Bewertung; T2; Fragebogen Artikel 4:; ""RT-Fotografin/World Press Photo Award"""
2,Der erschien mir schon sehr glaubwürdig. Ich bin sehr sicher.,,,"ARTIKEL 4 - PHASE 1: Erste Bewertung; T2; Fragebogen Artikel 4:; ""RT-Fotografin/World Press Photo Award"""
2,"Ich sage Aha, weil der meint, dass das korrekt dargestellt wurde. Ja, es ist subjektiv, wie ich es gesagt habe.",Verifikationsnutzung:aktive Prüfung mit Chatbot,Verifikationsnutzung,"ARTIKEL 4 - PHASE 1: Erste Bewertung; T2; Fragebogen Artikel 4:; ""RT-Fotografin/World Press Photo Award"""
2,"Ich sage Aha, weil der meint, dass das korrekt dargestellt wurde. Ja, es ist subjektiv, wie ich es gesagt habe.",Verhaltensänderung:Bestätigung bestehender Meinung,Verhaltensänderung,"ARTIKEL 4 - PHASE 1: Erste Bewertung; T2; Fragebogen Artikel 4:; ""RT-Fotografin/World Press Photo Award"""
2,"Ich bin mir sehr sicher, weil ich übereinstimme mit der KI.",Verhaltensänderung:Bestätigung bestehender Meinung,Verhaltensänderung,"ARTIKEL 4 - PHASE 1: Erste Bewertung; T2; Fragebogen Artikel 4:; ""RT-Fotografin/World Press Photo Award"""
2,"Ich bin mir sehr sicher, weil ich übereinstimme mit der KI.",Vertrauen in Inhalt/System:Vertrauen in Chatbot/KI,Vertrauen in Inhalt/System,"ARTIKEL 4 - PHASE 1: Erste Bewertung; T2; Fragebogen Artikel 4:; ""RT-Fotografin/World Press Photo Award"""
2,"Also, es ist klar, dass er mir da keine spezifischen Quellen angeben kann.",Verifikationsnutzung:passive Übernahme,Verifikationsnutzung,ARTIKEL 2 - PHASE 2; T2
2,"Also, es ist klar, dass er mir da keine spezifischen Quellen angeben kann.",Vertrauen in Inhalt/System:Zweifel an Verifikation,Vertrauen in Inhalt/System,ARTIKEL 2 - PHASE 2; T2
2,"Die jüngsten Ereignisse seit 2014? Was waren noch 2014? Aber der sagt auch, also hier, zu positives Bild muss man kritisch sehen.",Kognitive Unsicherheit:explizite Unsicherheit,Kognitive Unsicherheit,ARTIKEL 2 - PHASE 2; T2
2,"Die jüngsten Ereignisse seit 2014? Was waren noch 2014? Aber der sagt auch, also hier, zu positives Bild muss man kritisch sehen.",Verifikationsnutzung:aktive Prüfung mit Chatbot,Verifikationsnutzung,ARTIKEL 2 - PHASE 2; T2
2,"Ich finde den überhaupt nicht glaubwürdig, den Artikel. Also ich halte den jetzt, glaube ich, noch weniger glaubwürdig.",Vertrauen in Inhalt/System:generelles Misstrauen gegenüber Medieninhalten,Vertrauen in Inhalt/System,ARTIKEL 2 - PHASE 2; T2
2,"Ich finde den überhaupt nicht glaubwürdig, den Artikel. Also ich halte den jetzt, glaube ich, noch weniger glaubwürdig.",Verhaltensänderung:Bestätigung bestehender Meinung,Verhaltensänderung,ARTIKEL 2 - PHASE 2; T2
2,"Ich finde es gerade komisch, dass er... Mir ist gerade hier aufgefallen, da steht nur jetzt hier Außenminister in einem Statement. Ja, welche Außenminister?",Kognitive Unsicherheit:Widersprüche erkannt,Kognitive Unsicherheit,ARTIKEL 3 - PHASE 2; T2
2,"Ich finde es gerade komisch, dass er... Mir ist gerade hier aufgefallen, da steht nur jetzt hier Außenminister in einem Statement. Ja, welche Außenminister?",Textinterne Begründungen,Textinterne Begründungen,ARTIKEL 3 - PHASE 2; T2
2,"Ich finde es komisch, dass er mir dann nicht hilft. Dass er mir sagt, ich soll selbst nachdenken. Weil ich es wahrscheinlich selbst nicht weiß. Er hilft mir gerade nicht weiter.",Vertrauen in Inhalt/System:Misstrauen gegenüber KI,Vertrauen in Inhalt/System,ARTIKEL 3 - PHASE 2; T2
2,"Ich finde es komisch, dass er mir dann nicht hilft. Dass er mir sagt, ich soll selbst nachdenken. Weil ich es wahrscheinlich selbst nicht weiß. Er hilft mir gerade nicht weiter.",Verifikationsnutzung:kritisches Hinterfragen von KI-Antwort,Verifikationsnutzung,ARTIKEL 3 - PHASE 2; T2
2,"Ich glaube, ich halte ihn weniger glaubwürdig. Aber die Antwort war überhaupt nicht hilfreich.",Verhaltensänderung:Urteilsänderung durch KI,Verhaltensänderung,ARTIKEL 3 - PHASE 2; T2
2,"Ich glaube, ich halte ihn weniger glaubwürdig. Aber die Antwort war überhaupt nicht hilfreich.",Verifikationsnutzung:kritisches Hinterfragen von KI-Antwort,Verifikationsnutzung,ARTIKEL 3 - PHASE 2; T2
2,"Ich finde es trotzdem glaubwürdig. Ich finde es sehr glaubwürdig. Ich glaube, es ist gleich.",Verhaltensänderung:keine Veränderung / Fixierung,Verhaltensänderung,ARTIKEL 4 - PHASE 2; T2
2,"Ich finde es trotzdem glaubwürdig. Ich finde es sehr glaubwürdig. Ich glaube, es ist gleich.",Verifikationsnutzung:Chatbot wird ignoriert,Verifikationsnutzung,ARTIKEL 4 - PHASE 2; T2
2,"Eigentlich hatte der jetzt nicht so einen großen Effekt, weil ich glaube, ich bin bei diesem Text einfach so sicher.",Verhaltensänderung:keine Veränderung / Fixierung,Verhaltensänderung,ARTIKEL 4 - PHASE 2; T2
2,"Eigentlich hatte der jetzt nicht so einen großen Effekt, weil ich glaube, ich bin bei diesem Text einfach so sicher.",Metakognitive Reflexion,Metakognitive Reflexion,ARTIKEL 4 - PHASE 2; T2
2,"Eigentlich hatte der jetzt nicht so einen großen Effekt, weil ich glaube, ich bin bei diesem Text einfach so sicher.",,,ARTIKEL 4 - PHASE 2; T2
2,"Ich glaube, es ist eher gleich geblieben. Also es war jetzt nicht so, dass das... Ich glaube, bei keinem Artikel war doch so, dass ich gesagt habe, ne, ne, stimmt auf gar keinen Fall.",Metakognitive Reflexion,Metakognitive Reflexion,ARTIKEL 4 - PHASE 2; T2
2,"Ich glaube, es ist eher gleich geblieben. Also es war jetzt nicht so, dass das... Ich glaube, bei keinem Artikel war doch so, dass ich gesagt habe, ne, ne, stimmt auf gar keinen Fall.",Verhaltensänderung:keine Veränderung / Fixierung,Verhaltensänderung,ARTIKEL 4 - PHASE 2; T2
2,Ich bin absolut uninformiert.,Begründungsnarrative:Argument: persönliche Erfahrung,Begründungsnarrative,ARTIKEL 4 - PHASE 2; T2
2,Ich bin absolut uninformiert.,,,ARTIKEL 4 - PHASE 2; T2
