﻿person_id,text_segment,annotation,category,memo
3,"Okay, also die Überschrift ist schon mal sehr reißerisch auf jeden Fall.",Heuristische Bewertung:Sprache/Stil,Heuristische Bewertung,"ARTIKEL 2 - PHASE 1: Erste Bewertung; T3; ""Russland als Friedensstifter"" (Armenien, bärtige Soldaten, DNA-Code)"
3,"Ja, es wird heute Russland als der Heilsbringer dargestellt. Das ist eine sehr nacheigene Interpretation.",Begründungsnarrative:Argument: Sprache/Stil,Begründungsnarrative,"ARTIKEL 2 - PHASE 1: Erste Bewertung; T3; ""Russland als Friedensstifter"" (Armenien, bärtige Soldaten, DNA-Code)"
3,"Ja, es wird heute Russland als der Heilsbringer dargestellt. Das ist eine sehr nacheigene Interpretation.",Epistemische Strategien:Plausibilitätsabwägung,Epistemische Strategien,"ARTIKEL 2 - PHASE 1: Erste Bewertung; T3; ""Russland als Friedensstifter"" (Armenien, bärtige Soldaten, DNA-Code)"
3,"Es wird einfach Sachen behauptet, wo ich jetzt mal anzweifle, dass die wirklich genau so im Detail passiert sind.",Kognitive Unsicherheit:explizite Unsicherheit,Kognitive Unsicherheit,"ARTIKEL 2 - PHASE 1: Erste Bewertung; T3; ""Russland als Friedensstifter"" (Armenien, bärtige Soldaten, DNA-Code)"
3,"Es wird einfach Sachen behauptet, wo ich jetzt mal anzweifle, dass die wirklich genau so im Detail passiert sind.",Vertrauen in Inhalt/System:generelles Misstrauen gegenüber Medieninhalten,Vertrauen in Inhalt/System,"ARTIKEL 2 - PHASE 1: Erste Bewertung; T3; ""Russland als Friedensstifter"" (Armenien, bärtige Soldaten, DNA-Code)"
3,"Zum Beispiel mit denjenigen, die im Film auf der Stelle getötet wurden. Schwierige Behauptungen.",Textinterne Begründungen,Textinterne Begründungen,"ARTIKEL 2 - PHASE 1: Erste Bewertung; T3; ""Russland als Friedensstifter"" (Armenien, bärtige Soldaten, DNA-Code)"
3,"Zum Beispiel mit denjenigen, die im Film auf der Stelle getötet wurden. Schwierige Behauptungen.",Begründungsnarrative:Argument: Inhalt vs. Quelle,Begründungsnarrative,"ARTIKEL 2 - PHASE 1: Erste Bewertung; T3; ""Russland als Friedensstifter"" (Armenien, bärtige Soldaten, DNA-Code)"
3,"Es wird dann einfach sehr emotional aufgebauscht. Ja, also eine eigene Interpretation.",Heuristische Bewertung:Sprache/Stil,Heuristische Bewertung,"ARTIKEL 2 - PHASE 1: Erste Bewertung; T3; ""Russland als Friedensstifter"" (Armenien, bärtige Soldaten, DNA-Code)"
3,"Es wird dann einfach sehr emotional aufgebauscht. Ja, also eine eigene Interpretation.",Begründungsnarrative:Argument: Sprache/Stil,Begründungsnarrative,"ARTIKEL 2 - PHASE 1: Erste Bewertung; T3; ""Russland als Friedensstifter"" (Armenien, bärtige Soldaten, DNA-Code)"
3,Das mit bärtigen russischen Soldaten verbauten ihre Gesichter. Da hat es sich vielleicht eher in einen Roman gelassen.,Heuristische Bewertung:Sprache/Stil,Heuristische Bewertung,"ARTIKEL 2 - PHASE 1: Erste Bewertung; T3; ""Russland als Friedensstifter"" (Armenien, bärtige Soldaten, DNA-Code)"
3,Das mit bärtigen russischen Soldaten verbauten ihre Gesichter. Da hat es sich vielleicht eher in einen Roman gelassen.,Affektive Reaktionen:Ironie / Sarkasmus,Affektive Reaktionen,"ARTIKEL 2 - PHASE 1: Erste Bewertung; T3; ""Russland als Friedensstifter"" (Armenien, bärtige Soldaten, DNA-Code)"
3,Das mit bärtigen russischen Soldaten verbauten ihre Gesichter. Da hat es sich vielleicht eher in einen Roman gelassen.,Textinterne Begründungen,Textinterne Begründungen,"ARTIKEL 2 - PHASE 1: Erste Bewertung; T3; ""Russland als Friedensstifter"" (Armenien, bärtige Soldaten, DNA-Code)"
3,Wir haben die deutschen 45 damals in Rheinland-Pfalz. Die hat sich gerade nicht alle ausgelöscht haben.,Begründungsnarrative:Argument: gesellschaftlicher Kontext,Begründungsnarrative,"ARTIKEL 2 - PHASE 1: Erste Bewertung; T3; ""Russland als Friedensstifter"" (Armenien, bärtige Soldaten, DNA-Code)"
3,Wir haben die deutschen 45 damals in Rheinland-Pfalz. Die hat sich gerade nicht alle ausgelöscht haben.,Epistemische Strategien:Kontextwissen,Epistemische Strategien,"ARTIKEL 2 - PHASE 1: Erste Bewertung; T3; ""Russland als Friedensstifter"" (Armenien, bärtige Soldaten, DNA-Code)"
3,"Das ist halt in meiner Meinung ein Versuch, aufgrund des aktuellen Zeitgeschehens mit Ukraine, dass Russland heute ziemlich positiv hervorgehoben wird.",Begründungsnarrative:Argument: gesellschaftlicher Kontext,Begründungsnarrative,"ARTIKEL 2 - PHASE 1: Erste Bewertung; T3; ""Russland als Friedensstifter"" (Armenien, bärtige Soldaten, DNA-Code)"
3,"Das ist halt in meiner Meinung ein Versuch, aufgrund des aktuellen Zeitgeschehens mit Ukraine, dass Russland heute ziemlich positiv hervorgehoben wird.",Vertrauen in Inhalt/System:generelles Misstrauen gegenüber Medieninhalten,Vertrauen in Inhalt/System,"ARTIKEL 2 - PHASE 1: Erste Bewertung; T3; ""Russland als Friedensstifter"" (Armenien, bärtige Soldaten, DNA-Code)"
3,Mir erscheint der Artikel nicht so glaubwürdig. Das ist halt alles eher emotional aufgelaufen.,Vertrauen in Inhalt/System:generelles Misstrauen gegenüber Medieninhalten,Vertrauen in Inhalt/System,"ARTIKEL 2 - PHASE 1: Erste Bewertung; T3; Fragebogen Artikel 1:; ""Russland als Friedensstifter"" (Armenien, bärtige Soldaten, DNA-Code)"
3,Mir erscheint der Artikel nicht so glaubwürdig. Das ist halt alles eher emotional aufgelaufen.,Begründungsnarrative:Argument: Sprache/Stil,Begründungsnarrative,"ARTIKEL 2 - PHASE 1: Erste Bewertung; T3; Fragebogen Artikel 1:; ""Russland als Friedensstifter"" (Armenien, bärtige Soldaten, DNA-Code)"
3,Es sind sehr einseitige Fakten.,Begründungsnarrative:Argument: vermeintliche Objektivität,Begründungsnarrative,"ARTIKEL 2 - PHASE 1: Erste Bewertung; T3; Fragebogen Artikel 1:; ""Russland als Friedensstifter"" (Armenien, bärtige Soldaten, DNA-Code)"
3,Es sind sehr einseitige Fakten.,Epistemische Strategien:logische Argumentation,Epistemische Strategien,"ARTIKEL 2 - PHASE 1: Erste Bewertung; T3; Fragebogen Artikel 1:; ""Russland als Friedensstifter"" (Armenien, bärtige Soldaten, DNA-Code)"
3,Hauptsächlich der emotionale Sprachstil. Und es ist extrem einseitig pro Russland.,Begründungsnarrative:Argument: Sprache/Stil,Begründungsnarrative,"ARTIKEL 2 - PHASE 1: Erste Bewertung; T3; Fragebogen Artikel 1:; ""Russland als Friedensstifter"" (Armenien, bärtige Soldaten, DNA-Code)"
3,Hauptsächlich der emotionale Sprachstil. Und es ist extrem einseitig pro Russland.,Begründungsnarrative:Argument: gesellschaftlicher Kontext,Begründungsnarrative,"ARTIKEL 2 - PHASE 1: Erste Bewertung; T3; Fragebogen Artikel 1:; ""Russland als Friedensstifter"" (Armenien, bärtige Soldaten, DNA-Code)"
3,Das ist auf jeden Fall schon neutral gehalten.,Heuristische Bewertung:Sprache/Stil,Heuristische Bewertung,"ARTIKEL 4 - PHASE 1: Erste Bewertung; T3; ""Cancel Culture/Russische Künstler"""
3,Das ist auf jeden Fall schon neutral gehalten.,Vertrauen in Inhalt/System:generelles Vertrauen in Medien,Vertrauen in Inhalt/System,"ARTIKEL 4 - PHASE 1: Erste Bewertung; T3; ""Cancel Culture/Russische Künstler"""
3,"Wenn man russischer Künstler ist, dass man gecancelt werden soll. Weil das nicht politisch zu bedachten ist.",Textinterne Begründungen,Textinterne Begründungen,"ARTIKEL 4 - PHASE 1: Erste Bewertung; T3; ""Cancel Culture/Russische Künstler"""
3,"Wenn man russischer Künstler ist, dass man gecancelt werden soll. Weil das nicht politisch zu bedachten ist.",Begründungsnarrative:Argument: gesellschaftlicher Kontext,Begründungsnarrative,"ARTIKEL 4 - PHASE 1: Erste Bewertung; T3; ""Cancel Culture/Russische Künstler"""
3,Das ist auf jeden Fall keine nüchterne Sachlichkeit.,Heuristische Bewertung:Sprache/Stil,Heuristische Bewertung,"ARTIKEL 4 - PHASE 1: Erste Bewertung; T3; ""Cancel Culture/Russische Künstler"""
3,Es ist eine schwierige Thematik. Weil die kriegt es auch sehr vereinfacht dargestellt.,Affektive Reaktionen:Unsicherheit,Affektive Reaktionen,"ARTIKEL 4 - PHASE 1: Erste Bewertung; T3; ""Cancel Culture/Russische Künstler"""
3,Es ist eine schwierige Thematik. Weil die kriegt es auch sehr vereinfacht dargestellt.,Begründungsnarrative:Argument: Sprache/Stil,Begründungsnarrative,"ARTIKEL 4 - PHASE 1: Erste Bewertung; T3; ""Cancel Culture/Russische Künstler"""
3,Der Artikel ist wie so eine Gratwanderung.,Heuristische Bewertung:Bauchgefühl,Heuristische Bewertung,"ARTIKEL 4 - PHASE 1: Erste Bewertung; T3; ""Cancel Culture/Russische Künstler"""
3,Der Artikel ist wie so eine Gratwanderung.,Metakognitive Reflexion,Metakognitive Reflexion,"ARTIKEL 4 - PHASE 1: Erste Bewertung; T3; ""Cancel Culture/Russische Künstler"""
3,Ich halte den Artikel jetzt für eher glaubwürdig. Aber ich halte ihn nicht so extrem sicher.,Vertrauen in Inhalt/System:generelles Vertrauen in Medien,Vertrauen in Inhalt/System,"ARTIKEL 4 - PHASE 1: Erste Bewertung; T3; Fragebogen Artikel 2:; ""Cancel Culture/Russische Künstler"""
3,Ich halte den Artikel jetzt für eher glaubwürdig. Aber ich halte ihn nicht so extrem sicher.,Kognitive Unsicherheit:explizite Unsicherheit,Kognitive Unsicherheit,"ARTIKEL 4 - PHASE 1: Erste Bewertung; T3; Fragebogen Artikel 2:; ""Cancel Culture/Russische Künstler"""
3,Er ist eher emotional. Das ist auch nicht so untersachlich.,Heuristische Bewertung:Sprache/Stil,Heuristische Bewertung,"ARTIKEL 4 - PHASE 1: Erste Bewertung; T3; Fragebogen Artikel 2:; ""Cancel Culture/Russische Künstler"""
3,Er ist eher emotional. Das ist auch nicht so untersachlich.,Epistemische Strategien:Plausibilitätsabwägung,Epistemische Strategien,"ARTIKEL 4 - PHASE 1: Erste Bewertung; T3; Fragebogen Artikel 2:; ""Cancel Culture/Russische Künstler"""
3,Wenn man schon mal Eliten in der Headline hat. Das ist schon mal für sehr unwahrscheinlich.,Heuristische Bewertung:Sprache/Stil,Heuristische Bewertung,"ARTIKEL 1 - PHASE 1: Erste Bewertung; T3; ""Eliten/Scheinbeschäftigung"""
3,Wenn man schon mal Eliten in der Headline hat. Das ist schon mal für sehr unwahrscheinlich.,Epistemische Strategien:Plausibilitätsabwägung,Epistemische Strategien,"ARTIKEL 1 - PHASE 1: Erste Bewertung; T3; ""Eliten/Scheinbeschäftigung"""
3,Wenn man schon mal Eliten in der Headline hat. Das ist schon mal für sehr unwahrscheinlich.,Affektive Reaktionen:emotionale Ablehnung,Affektive Reaktionen,"ARTIKEL 1 - PHASE 1: Erste Bewertung; T3; ""Eliten/Scheinbeschäftigung"""
3,Das man nicht Scheinbeschäftigung. Die aber erhofft mit Fußfessel weg.,Kognitive Unsicherheit:Widersprüche erkannt,Kognitive Unsicherheit,"ARTIKEL 1 - PHASE 1: Erste Bewertung; T3; ""Eliten/Scheinbeschäftigung"""
3,Das man nicht Scheinbeschäftigung. Die aber erhofft mit Fußfessel weg.,Textinterne Begründungen,Textinterne Begründungen,"ARTIKEL 1 - PHASE 1: Erste Bewertung; T3; ""Eliten/Scheinbeschäftigung"""
3,Weil wir halt Behauptungen lesen. Keine Fakten.,Begründungsnarrative:Argument: vermeintliche Objektivität,Begründungsnarrative,"ARTIKEL 1 - PHASE 1: Erste Bewertung; T3; ""Eliten/Scheinbeschäftigung"""
3,Weil wir halt Behauptungen lesen. Keine Fakten.,Epistemische Strategien:Faktenprüfung,Epistemische Strategien,"ARTIKEL 1 - PHASE 1: Erste Bewertung; T3; ""Eliten/Scheinbeschäftigung"""
3,Aber der ganze Artikel ist eigentlich gestützt auf Behauptungen.,Begründungsnarrative:Argument: vermeintliche Objektivität,Begründungsnarrative,"ARTIKEL 1 - PHASE 1: Erste Bewertung; T3; ""Eliten/Scheinbeschäftigung"""
3,Aber der ganze Artikel ist eigentlich gestützt auf Behauptungen.,Vertrauen in Inhalt/System:generelles Misstrauen gegenüber Medieninhalten,Vertrauen in Inhalt/System,"ARTIKEL 1 - PHASE 1: Erste Bewertung; T3; ""Eliten/Scheinbeschäftigung"""
3,Im Prinzip wäre ja Verschwörung.,Affektive Reaktionen:Wut / Empörung,Affektive Reaktionen,"ARTIKEL 1 - PHASE 1: Erste Bewertung; T3; ""Eliten/Scheinbeschäftigung"""
3,Im Prinzip wäre ja Verschwörung.,Begründungsnarrative:Argument: gesellschaftlicher Kontext,Begründungsnarrative,"ARTIKEL 1 - PHASE 1: Erste Bewertung; T3; ""Eliten/Scheinbeschäftigung"""
3,Ich halte ihn für nicht glaubwürdig. Weil eigentlich nur die ganze stahlitis nachgestellt werden und nicht begründet wird.,Vertrauen in Inhalt/System:generelles Misstrauen gegenüber Medieninhalten,Vertrauen in Inhalt/System,"ARTIKEL 1 - PHASE 1: Erste Bewertung; T3; Fragebogen Artikel 3:; ""Eliten/Scheinbeschäftigung"""
3,Ich halte ihn für nicht glaubwürdig. Weil eigentlich nur die ganze stahlitis nachgestellt werden und nicht begründet wird.,Begründungsnarrative:Argument: vermeintliche Objektivität,Begründungsnarrative,"ARTIKEL 1 - PHASE 1: Erste Bewertung; T3; Fragebogen Artikel 3:; ""Eliten/Scheinbeschäftigung"""
3,Also er ist auf jeden Fall jetzt nicht mehr schlecht geschrieben.,Heuristische Bewertung:Sprache/Stil,Heuristische Bewertung,"ARTIKEL 3 - PHASE 1: Erste Bewertung; T3; ""UN-Tribunal gegen Russland"""
3,Also er ist auf jeden Fall jetzt nicht mehr schlecht geschrieben.,Affektive Reaktionen:Zustimmung / Zustimmungssignale,Affektive Reaktionen,"ARTIKEL 3 - PHASE 1: Erste Bewertung; T3; ""UN-Tribunal gegen Russland"""
3,"Nur war nix heißen, aber wo es Sachen und komisch, zum Beispiel dass das halbe Gericht am ukrainischen...",Kognitive Unsicherheit:Widersprüche erkannt,Kognitive Unsicherheit,"ARTIKEL 3 - PHASE 1: Erste Bewertung; T3; ""UN-Tribunal gegen Russland"""
3,"Nur war nix heißen, aber wo es Sachen und komisch, zum Beispiel dass das halbe Gericht am ukrainischen...",Textinterne Begründungen,Textinterne Begründungen,"ARTIKEL 3 - PHASE 1: Erste Bewertung; T3; ""UN-Tribunal gegen Russland"""
3,"Ja, das ist auf jeden Fall sachlich spazieren war vorhanden.",Heuristische Bewertung:Struktur/Logik,Heuristische Bewertung,"ARTIKEL 3 - PHASE 1: Erste Bewertung; T3; ""UN-Tribunal gegen Russland"""
3,"Ja, das ist auf jeden Fall sachlich spazieren war vorhanden.",Begründungsnarrative:Argument: Sprache/Stil,Begründungsnarrative,"ARTIKEL 3 - PHASE 1: Erste Bewertung; T3; ""UN-Tribunal gegen Russland"""
3,"Ja, das ist auf jeden Fall sachlich spazieren war vorhanden.",,,"ARTIKEL 3 - PHASE 1: Erste Bewertung; T3; ""UN-Tribunal gegen Russland"""
3,"Ja, genau, einfach einseitig, einseitige Darstellung, eher dogmatisch.",Begründungsnarrative:Argument: Sprache/Stil,Begründungsnarrative,ARTIKEL 2 - PHASE 2; T3
3,"Ja, genau, einfach einseitig, einseitige Darstellung, eher dogmatisch.",Verifikationsnutzung:aktive Prüfung mit Chatbot,Verifikationsnutzung,ARTIKEL 2 - PHASE 2; T3
3,Also alles in allem halt einfach glaubwürdig durch den ganzen Text.,Vertrauen in Inhalt/System:generelles Vertrauen in Medien,Vertrauen in Inhalt/System,ARTIKEL 2 - PHASE 2; T3
3,"Ja, da hat sich tatsächlich eigentlich nichts geändert... Das hat sich halt nur bestätigt.",Verhaltensänderung:Bestätigung bestehender Meinung,Verhaltensänderung,ARTIKEL 2 - PHASE 2; T3
3,"Ja, da hat sich tatsächlich eigentlich nichts geändert... Das hat sich halt nur bestätigt.",Verifikationsnutzung:passive Übernahme,Verifikationsnutzung,ARTIKEL 2 - PHASE 2; T3
3,"Naja, es hat dieses Mal sogar einen Schock von Kranich gekriegt.",Affektive Reaktionen:Erschrecken / Überraschung,Affektive Reaktionen,ARTIKEL 4 - PHASE 2; T3
3,"Naja, es hat dieses Mal sogar einen Schock von Kranich gekriegt.",Verifikationsnutzung:aktive Prüfung mit Chatbot,Verifikationsnutzung,ARTIKEL 4 - PHASE 2; T3
3,"Ja okay, also das bestätigt eigentlich bloß meine Annahme, dass das irgendwie so Fake News ist.",Verhaltensänderung:Bestätigung bestehender Meinung,Verhaltensänderung,ARTIKEL 4 - PHASE 2; T3
3,"Ja okay, also das bestätigt eigentlich bloß meine Annahme, dass das irgendwie so Fake News ist.",Begründungsnarrative:Argument: vermeintliche Objektivität,Begründungsnarrative,ARTIKEL 4 - PHASE 2; T3
3,"Ja, Bashing ist gegen die aktuelle Regierung.",Begründungsnarrative:Argument: gesellschaftlicher Kontext,Begründungsnarrative,ARTIKEL 4 - PHASE 2; T3
3,"Ja, Bashing ist gegen die aktuelle Regierung.",Textinterne Begründungen,Textinterne Begründungen,ARTIKEL 4 - PHASE 2; T3
3,"Wenn ich schon europäische Eliten in meinen Headlines schaue, das sagt schon viel.",Heuristische Bewertung:Sprache/Stil,Heuristische Bewertung,ARTIKEL 4 - PHASE 2; T3
3,"Wenn ich schon europäische Eliten in meinen Headlines schaue, das sagt schon viel.",Epistemische Strategien:Plausibilitätsabwägung,Epistemische Strategien,ARTIKEL 4 - PHASE 2; T3
3,"Ja, erscheint mir nach wie vor nicht glaubwürdig. Da bin ich mir auch recht sicher.",Vertrauen in Inhalt/System:generelles Misstrauen gegenüber Medieninhalten,Vertrauen in Inhalt/System,ARTIKEL 4 - PHASE 2; T3
3,"Ja, erscheint mir nach wie vor nicht glaubwürdig. Da bin ich mir auch recht sicher.",Verhaltensänderung:keine Veränderung / Fixierung,Verhaltensänderung,ARTIKEL 4 - PHASE 2; T3
3,"Okay, also anscheinend ist das nicht die Zuständigkeit vom Europarat, so ein Gericht zu schaffen. Also ist die Aussage nicht sehr glaubwürdig. Wenn da behauptet wird, der Europarat solle das Sondergericht schaffen.",Verifikationsnutzung:aktive Prüfung mit Chatbot,Verifikationsnutzung,ARTIKEL 1 - PHASE 2; T3
3,"Okay, also anscheinend ist das nicht die Zuständigkeit vom Europarat, so ein Gericht zu schaffen. Also ist die Aussage nicht sehr glaubwürdig. Wenn da behauptet wird, der Europarat solle das Sondergericht schaffen.",Epistemische Strategien:Kontextwissen,Epistemische Strategien,ARTIKEL 1 - PHASE 2; T3
3,"Okay, also anscheinend ist das nicht die Zuständigkeit vom Europarat, so ein Gericht zu schaffen. Also ist die Aussage nicht sehr glaubwürdig. Wenn da behauptet wird, der Europarat solle das Sondergericht schaffen.",Vertrauen in Inhalt/System:generelles Misstrauen gegenüber Medieninhalten,Vertrauen in Inhalt/System,ARTIKEL 1 - PHASE 2; T3
3,"Okay, also scheint schon der Wahrheit zu entsprechen.",Verhaltensänderung:Urteilsänderung durch KI,Verhaltensänderung,ARTIKEL 1 - PHASE 2; T3
3,"Okay, also scheint schon der Wahrheit zu entsprechen.",Vertrauen in Inhalt/System:Vertrauen in Chatbot/KI,Vertrauen in Inhalt/System,ARTIKEL 1 - PHASE 2; T3
3,"Okay, also es kann sein, dass teils teils wahre Sachen drinstehen, mit denen das gefordert wird.",Kognitive Unsicherheit:explizite Unsicherheit,Kognitive Unsicherheit,ARTIKEL 1 - PHASE 2; T3
3,"Okay, also es kann sein, dass teils teils wahre Sachen drinstehen, mit denen das gefordert wird.",Epistemische Strategien:Plausibilitätsabwägung,Epistemische Strategien,ARTIKEL 1 - PHASE 2; T3
3,"Aber nicht im Detail, dass das schon am 14. Mai starten soll. Und wie es aufgestellt ist, stimmt anscheinend nicht.",Kognitive Unsicherheit:Widersprüche erkannt,Kognitive Unsicherheit,ARTIKEL 1 - PHASE 2; T3
3,"Aber nicht im Detail, dass das schon am 14. Mai starten soll. Und wie es aufgestellt ist, stimmt anscheinend nicht.",Textinterne Begründungen,Textinterne Begründungen,ARTIKEL 1 - PHASE 2; T3
3,"Also ich... Ja, wirklich glaubwürdig. Grobe Informationen haben Sie richtig. Aber laut Codie zumindest. Es ist noch nicht so spezifisch geplant worden.",Verhaltensänderung:Urteilsänderung durch KI,Verhaltensänderung,ARTIKEL 1 - PHASE 2; T3; Fragebogen nach Verifikation:
3,"Also ich... Ja, wirklich glaubwürdig. Grobe Informationen haben Sie richtig. Aber laut Codie zumindest. Es ist noch nicht so spezifisch geplant worden.",Vertrauen in Inhalt/System:Vertrauen in Chatbot/KI,Vertrauen in Inhalt/System,ARTIKEL 1 - PHASE 2; T3; Fragebogen nach Verifikation:
3,Deswegen bin ich noch mal eher unsicher. Ich halte mich für weniger glaubwürdig als zuvor.,Verhaltensänderung:Urteilsänderung durch KI,Verhaltensänderung,ARTIKEL 1 - PHASE 2; T3; Fragebogen nach Verifikation:
3,Deswegen bin ich noch mal eher unsicher. Ich halte mich für weniger glaubwürdig als zuvor.,Kognitive Unsicherheit:explizite Unsicherheit,Kognitive Unsicherheit,ARTIKEL 1 - PHASE 2; T3; Fragebogen nach Verifikation:
