person_id,text_segment,annotation,category,memo
person12,"Also die Überschrift kommt mir erstmal nicht so seriös vor, weil sie nicht neutral klingt.",<<Begründungsnarrative:Argument: Sprache/Stil>>,<<Begründungsnarrative,Argument: Sprache/Stil>>
person12,"Also die Überschrift kommt mir erstmal nicht so seriös vor, weil sie nicht neutral klingt.",<<Heuristische Bewertung:Sprache/Stil>>,<<Heuristische Bewertung,Sprache/Stil>>
person12,"Ich habe auch noch nie was. Ah doch, WordPress, Photoword.",<<Begründungsnarrative:Argument: persönliche Erfahrung>>,<<Begründungsnarrative,Argument: persönliche Erfahrung>>
person12,"Ich habe auch noch nie was. Ah doch, WordPress, Photoword.",<<Kognitive Unsicherheit:explizite Unsicherheit>>,<<Kognitive Unsicherheit,explizite Unsicherheit>>
person12,"Also der Artikel kommt mir eher vor wie eine Reportage, als jetzt eine neutrale Berichterstattung.",<<Begründungsnarrative:Argument: Sprache/Stil>>,<<Begründungsnarrative,Argument: Sprache/Stil>>
person12,"Also der Artikel kommt mir eher vor wie eine Reportage, als jetzt eine neutrale Berichterstattung.",<<Heuristische Bewertung:Sprache/Stil>>,<<Heuristische Bewertung,Sprache/Stil>>
person12,Aber an sich wird halt die Sichtweise von bestimmten Personen geschildert.,<<Begründungsnarrative:Argument: Inhalt vs. Quelle>>,<<Begründungsnarrative,Argument: Inhalt vs. Quelle>>
person12,Aber an sich wird halt die Sichtweise von bestimmten Personen geschildert.,<<Textinterne Begründungen>>,<<Textinterne Begründungen>>,
person12,Von der Thematik her kommt es mir schon seriös vor.,<<Vertrauen in Inhalt/System:generelles Vertrauen in Medien>>,<<Vertrauen in Inhalt/System,generelles Vertrauen in Medien>>
person12,Von der Thematik her kommt es mir schon seriös vor.,<<Epistemische Strategien:Plausibilitätsabwägung>>,<<Epistemische Strategien,Plausibilitätsabwägung>>
person12,"Auch die Medien, die jetzt da genannt werden, sind schon Medien, die ich seriös halte, wie zum Beispiel die FAZ.",<<Vertrauen in Inhalt/System:generelles Vertrauen in Medien>>,<<Vertrauen in Inhalt/System,generelles Vertrauen in Medien>>
person12,"Auch die Medien, die jetzt da genannt werden, sind schon Medien, die ich seriös halte, wie zum Beispiel die FAZ.",<<Textinterne Begründungen>>,<<Textinterne Begründungen>>,
person12,"Also auch wie der Sachverhalt in dem Artikel geschildert wird mit der Kuratorin und wie sie die Arbeiten bewertet, finde ich glaubwürdig.",<<Vertrauen in Inhalt/System:generelles Vertrauen in Medien>>,<<Vertrauen in Inhalt/System,generelles Vertrauen in Medien>>
person12,"Also auch wie der Sachverhalt in dem Artikel geschildert wird mit der Kuratorin und wie sie die Arbeiten bewertet, finde ich glaubwürdig.",<<Epistemische Strategien:Plausibilitätsabwägung>>,<<Epistemische Strategien,Plausibilitätsabwägung>>
person12,"Und ich glaube auch, dass die Einschätzung der Personen stimmt.",<<Vertrauen in Inhalt/System:generelles Vertrauen in Medien>>,<<Vertrauen in Inhalt/System,generelles Vertrauen in Medien>>
person12,"Und ich glaube auch, dass die Einschätzung der Personen stimmt.",<<Heuristische Bewertung:Bauchgefühl>>,<<Heuristische Bewertung,Bauchgefühl>>
person12,"Also ich habe schon gewusst, dass die russische Propaganda auch sehr stark ist.",<<Begründungsnarrative:Argument: persönliche Erfahrung>>,<<Begründungsnarrative,Argument: persönliche Erfahrung>>
person12,"Also ich habe schon gewusst, dass die russische Propaganda auch sehr stark ist.",<<Epistemische Strategien:Kontextwissen>>,<<Epistemische Strategien,Kontextwissen>>
person12,"Aber ich wusste jetzt auch nicht zum Beispiel, dass die in diesen Award-Geschichten auch versuchen, sich so zu etablieren.",<<Begründungsnarrative:Argument: persönliche Erfahrung>>,<<Begründungsnarrative,Argument: persönliche Erfahrung>>
person12,"Aber ich wusste jetzt auch nicht zum Beispiel, dass die in diesen Award-Geschichten auch versuchen, sich so zu etablieren.",<<Kognitive Unsicherheit:explizite Unsicherheit>>,<<Kognitive Unsicherheit,explizite Unsicherheit>>
person12,Aber es klingt für mich äußerst schlüssig.,<<Epistemische Strategien:Plausibilitätsabwägung>>,<<Epistemische Strategien,Plausibilitätsabwägung>>
person12,Aber es klingt für mich äußerst schlüssig.,<<Heuristische Bewertung:Bauchgefühl>>,<<Heuristische Bewertung,Bauchgefühl>>
person12,"Und dass sie wirklich versuchen, die Tatsachen zu verdrehen und sich selber als Opfer darzustellen.",<<Begründungsnarrative:Argument: Inhalt vs. Quelle>>,<<Begründungsnarrative,Argument: Inhalt vs. Quelle>>
person12,"Und dass sie wirklich versuchen, die Tatsachen zu verdrehen und sich selber als Opfer darzustellen.",<<Epistemische Strategien:Kontextwissen>>,<<Epistemische Strategien,Kontextwissen>>
person12,"Also ich halte den Artikel schon für seriös, muss allerdings sagen, dass es in meiner Meinung jetzt nicht komplett neutral ist.",<<Vertrauen in Inhalt/System:generelles Vertrauen in Medien>>,<<Vertrauen in Inhalt/System,generelles Vertrauen in Medien>>
person12,"Also ich halte den Artikel schon für seriös, muss allerdings sagen, dass es in meiner Meinung jetzt nicht komplett neutral ist.",<<Begründungsnarrative:Argument: Sprache/Stil>>,<<Begründungsnarrative,Argument: Sprache/Stil>>
person12,"Also ich halte den Artikel schon für seriös, muss allerdings sagen, dass es in meiner Meinung jetzt nicht komplett neutral ist.",<<Metakognitive Reflexion>>,<<Metakognitive Reflexion>>,
person12,"Jetzt weiß ich ja auch, um welche Thematik es geht.",<<Begründungsnarrative:Argument: persönliche Erfahrung>>,<<Begründungsnarrative,Argument: persönliche Erfahrung>>
person12,"Jetzt weiß ich ja auch, um welche Thematik es geht.",<<Epistemische Strategien:Kontextwissen>>,<<Epistemische Strategien,Kontextwissen>>
person12,"Das wusste ich beim ersten Artikel noch nicht genau, als es um die Headline ging, weil Aggressor könnten momentan mehrere sein.",<<Begründungsnarrative:Argument: persönliche Erfahrung>>,<<Begründungsnarrative,Argument: persönliche Erfahrung>>
person12,"Das wusste ich beim ersten Artikel noch nicht genau, als es um die Headline ging, weil Aggressor könnten momentan mehrere sein.",<<Begründungsnarrative:Argument: Sprache/Stil>>,<<Begründungsnarrative,Argument: Sprache/Stil>>
person12,"Aber es ist ja schon so, dass das eigentlich ein Begriff ist, der hauptsächlich jetzt im Ukraine-Krieg verwendet wird.",<<Begründungsnarrative:Argument: gesellschaftlicher Kontext>>,<<Begründungsnarrative,Argument: gesellschaftlicher Kontext>>
person12,"Aber es ist ja schon so, dass das eigentlich ein Begriff ist, der hauptsächlich jetzt im Ukraine-Krieg verwendet wird.",<<Epistemische Strategien:Kontextwissen>>,<<Epistemische Strategien,Kontextwissen>>
person12,Also ich sehe auch bei dem Artikel direkt wieder eine gewisse Meinungsprägung durch gewisse Formulierungen.,<<Begründungsnarrative:Argument: Sprache/Stil>>,<<Begründungsnarrative,Argument: Sprache/Stil>>
person12,Also ich sehe auch bei dem Artikel direkt wieder eine gewisse Meinungsprägung durch gewisse Formulierungen.,<<Heuristische Bewertung:Sprache/Stil>>,<<Heuristische Bewertung,Sprache/Stil>>
person12,"Es ist nicht komplett neutral, wie es geschrieben ist, zum Beispiel, wenn sie sagen, dass Putin den Angriff auf die Ukraine als Selbstverteidigung schön redet.",<<Begründungsnarrative:Argument: Sprache/Stil>>,<<Begründungsnarrative,Argument: Sprache/Stil>>
person12,"Es ist nicht komplett neutral, wie es geschrieben ist, zum Beispiel, wenn sie sagen, dass Putin den Angriff auf die Ukraine als Selbstverteidigung schön redet.",<<Textinterne Begründungen>>,<<Textinterne Begründungen>>,
person12,Also es ist schon eine gewisse Meinung in dem Artikel auch drin.,<<Begründungsnarrative:Argument: vermeintliche Objektivität>>,<<Begründungsnarrative,Argument: vermeintliche Objektivität>>
person12,Also es ist schon eine gewisse Meinung in dem Artikel auch drin.,<<Heuristische Bewertung:Sprache/Stil>>,<<Heuristische Bewertung,Sprache/Stil>>
person12,"Ansonsten ist es ja schon eher eine Berichterstattung, was im Moment im UN-Sicherheitsrat vor sich geht.",<<Vertrauen in Inhalt/System:generelles Vertrauen in Medien>>,<<Vertrauen in Inhalt/System,generelles Vertrauen in Medien>>
person12,"Ansonsten ist es ja schon eher eine Berichterstattung, was im Moment im UN-Sicherheitsrat vor sich geht.",<<Epistemische Strategien:Kontextwissen>>,<<Epistemische Strategien,Kontextwissen>>
person12,"Ich finde es ist für mich im ersten Eindruck schon wie ein Bericht geschrieben, wie dieses Straftribunal jetzt oder Sondertribunal jetzt aufgestellt wird.",<<Vertrauen in Inhalt/System:generelles Vertrauen in Medien>>,<<Vertrauen in Inhalt/System,generelles Vertrauen in Medien>>
person12,"Ich finde es ist für mich im ersten Eindruck schon wie ein Bericht geschrieben, wie dieses Straftribunal jetzt oder Sondertribunal jetzt aufgestellt wird.",<<Heuristische Bewertung:Sprache/Stil>>,<<Heuristische Bewertung,Sprache/Stil>>
person12,"Also so wie ich das lese, würde ich den Artikel jetzt zum Beispiel schon vielleicht erwarten, dass es so ein Artikel von der Tagesschau ist.",<<Vertrauen in Inhalt/System:generelles Vertrauen in Medien>>,<<Vertrauen in Inhalt/System,generelles Vertrauen in Medien>>
person12,"Also so wie ich das lese, würde ich den Artikel jetzt zum Beispiel schon vielleicht erwarten, dass es so ein Artikel von der Tagesschau ist.",<<Begründungsnarrative:Argument: Inhalt vs. Quelle>>,<<Begründungsnarrative,Argument: Inhalt vs. Quelle>>
person12,Das ist jetzt für mich eine relativ neutrale Berichterstattung.,<<Vertrauen in Inhalt/System:generelles Vertrauen in Medien>>,<<Vertrauen in Inhalt/System,generelles Vertrauen in Medien>>
person12,Das ist jetzt für mich eine relativ neutrale Berichterstattung.,<<Begründungsnarrative:Argument: vermeintliche Objektivität>>,<<Begründungsnarrative,Argument: vermeintliche Objektivität>>
person12,Also ich halte den Artikel für vollkommen glaubwürdig und ich bin mir auch sehr sicher bei meiner Glaubwürdigkeitseinschätzung.,<<Vertrauen in Inhalt/System:generelles Vertrauen in Medien>>,<<Vertrauen in Inhalt/System,generelles Vertrauen in Medien>>
person12,Also ich halte den Artikel für vollkommen glaubwürdig und ich bin mir auch sehr sicher bei meiner Glaubwürdigkeitseinschätzung.,<<Affektive Reaktionen:Zustimmung / Zustimmungssignale>>,<<Affektive Reaktionen,Zustimmung / Zustimmungssignale>>
person12,Ich fand ihn sehr sachlich.,<<Begründungsnarrative:Argument: Sprache/Stil>>,<<Begründungsnarrative,Argument: Sprache/Stil>>
person12,Ich fand ihn sehr sachlich.,<<Heuristische Bewertung:Sprache/Stil>>,<<Heuristische Bewertung,Sprache/Stil>>
person12,"Ich würde ihm trotzdem keine 7 geben, weil am Anfang eben so ein bisschen Meinungsprägung mit drin war.",<<Begründungsnarrative:Argument: Sprache/Stil>>,<<Begründungsnarrative,Argument: Sprache/Stil>>
person12,"Ich würde ihm trotzdem keine 7 geben, weil am Anfang eben so ein bisschen Meinungsprägung mit drin war.",<<Metakognitive Reflexion>>,<<Metakognitive Reflexion>>,
person12,"Ich fand auch den Informationsgehalt sehr hoch, dem würde ich eine 7 geben.",<<Begründungsnarrative:Argument: Inhalt vs. Quelle>>,<<Begründungsnarrative,Argument: Inhalt vs. Quelle>>
person12,"Ich fand auch den Informationsgehalt sehr hoch, dem würde ich eine 7 geben.",<<Affektive Reaktionen:Zustimmung / Zustimmungssignale>>,<<Affektive Reaktionen,Zustimmung / Zustimmungssignale>>
person12,Ich fand auch die Struktur und Logik der Argumentation gut.,<<Begründungsnarrative:Argument: Struktur und Logik>>,<<Begründungsnarrative,Argument: Struktur und Logik>>
person12,Ich fand auch die Struktur und Logik der Argumentation gut.,<<Affektive Reaktionen:Zustimmung / Zustimmungssignale>>,<<Affektive Reaktionen,Zustimmung / Zustimmungssignale>>
person12,Ich wusste auch nicht auf mein Bauchgefühl und meine Intuition trauen.,<<Heuristische Bewertung:Bauchgefühl>>,<<Heuristische Bewertung,Bauchgefühl>>
person12,Ich wusste auch nicht auf mein Bauchgefühl und meine Intuition trauen.,<<Metakognitive Reflexion>>,<<Metakognitive Reflexion>>,
person12,"Also ich finde direkt mal der Titel ist entweder clickbaiting, weil es ja nicht stimmt oder es ist kein seriöser Artikel für mich, weil Russland kein Friedensstifter ist.",<<Begründungsnarrative:Argument: Sprache/Stil>>,<<Begründungsnarrative,Argument: Sprache/Stil>>
person12,"Also ich finde direkt mal der Titel ist entweder clickbaiting, weil es ja nicht stimmt oder es ist kein seriöser Artikel für mich, weil Russland kein Friedensstifter ist.",<<Epistemische Strategien:Faktenprüfung>>,<<Epistemische Strategien,Faktenprüfung>>
person12,"Aber es kann natürlich sein, dass das ein Artikel ist, wo dann nochmal so eigentlich die Kurve kommt.",<<Epistemische Strategien:Plausibilitätsabwägung>>,<<Epistemische Strategien,Plausibilitätsabwägung>>
person12,"Aber es kann natürlich sein, dass das ein Artikel ist, wo dann nochmal so eigentlich die Kurve kommt.",<<Kognitive Unsicherheit:explizite Unsicherheit>>,<<Kognitive Unsicherheit,explizite Unsicherheit>>
person12,"Also der erste Absatz ist total, also es klingt mehr, als hätte das jemand geschrieben, der einfach für sein eigenes Land spricht und für seine eigene Ideologie.",<<Begründungsnarrative:Argument: Sprache/Stil>>,<<Begründungsnarrative,Argument: Sprache/Stil>>
person12,"Also der erste Absatz ist total, also es klingt mehr, als hätte das jemand geschrieben, der einfach für sein eigenes Land spricht und für seine eigene Ideologie.",<<Begründungsnarrative:Argument: vermeintliche Objektivität>>,<<Begründungsnarrative,Argument: vermeintliche Objektivität>>
person12,Aber das hat für mich keinen journalistischen Inhalt oder auch nur irgendeine Art von Neutralität und Glaubwürdigkeit.,<<Vertrauen in Inhalt/System:generelles Misstrauen gegenüber Medieninhalten>>,<<Vertrauen in Inhalt/System,generelles Misstrauen gegenüber Medieninhalten>>
person12,Aber das hat für mich keinen journalistischen Inhalt oder auch nur irgendeine Art von Neutralität und Glaubwürdigkeit.,<<Begründungsnarrative:Argument: Sprache/Stil>>,<<Begründungsnarrative,Argument: Sprache/Stil>>
person12,Und das ist ja auch in der Wir-Perspektive oder auch in der Ich-Perspektive.,<<Begründungsnarrative:Argument: Sprache/Stil>>,<<Begründungsnarrative,Argument: Sprache/Stil>>
person12,Und das ist ja auch in der Wir-Perspektive oder auch in der Ich-Perspektive.,<<Textinterne Begründungen>>,<<Textinterne Begründungen>>,
person12,Deswegen kann das ja schon mal gar keine Sachlichkeit haben.,<<Begründungsnarrative:Argument: vermeintliche Objektivität>>,<<Begründungsnarrative,Argument: vermeintliche Objektivität>>
person12,Deswegen kann das ja schon mal gar keine Sachlichkeit haben.,<<Epistemische Strategien:logische Argumentation>>,<<Epistemische Strategien,logische Argumentation>>
person12,Dieses in Klammern erinnern Sie sich an etwas? Das hat nichts mit Seriosität zu tun.,<<Begründungsnarrative:Argument: Sprache/Stil>>,<<Begründungsnarrative,Argument: Sprache/Stil>>
person12,Dieses in Klammern erinnern Sie sich an etwas? Das hat nichts mit Seriosität zu tun.,<<Heuristische Bewertung:Sprache/Stil>>,<<Heuristische Bewertung,Sprache/Stil>>
person12,"Ich wusste auch, ich persönlich kenne auch nicht die Jungtürken von 1908.",<<Begründungsnarrative:Argument: persönliche Erfahrung>>,<<Begründungsnarrative,Argument: persönliche Erfahrung>>
person12,"Ich wusste auch, ich persönlich kenne auch nicht die Jungtürken von 1908.",<<Kognitive Unsicherheit:explizite Unsicherheit>>,<<Kognitive Unsicherheit,explizite Unsicherheit>>
person12,"Also es kann durchaus sein, dass es tatsächlich sowas gab, wie dass Armenier irgendwie verfolgt wurden.",<<Epistemische Strategien:Plausibilitätsabwägung>>,<<Epistemische Strategien,Plausibilitätsabwägung>>
person12,"Also es kann durchaus sein, dass es tatsächlich sowas gab, wie dass Armenier irgendwie verfolgt wurden.",<<Kognitive Unsicherheit:explizite Unsicherheit>>,<<Kognitive Unsicherheit,explizite Unsicherheit>>
person12,"Aber ich wüsste jetzt nicht, da müsste ich mich in das Thema tatsächlich einlesen.",<<Begründungsnarrative:Argument: persönliche Erfahrung>>,<<Begründungsnarrative,Argument: persönliche Erfahrung>>
person12,"Aber ich wüsste jetzt nicht, da müsste ich mich in das Thema tatsächlich einlesen.",<<Epistemische Strategien:Faktenprüfung>>,<<Epistemische Strategien,Faktenprüfung>>
person12,"Also da würde ich tatsächlich noch mal Faktchecken, bevor ich auch nur ein Wort glaube, was hier steht.",<<Begründungsnarrative:Argument: vermeintliche Objektivität>>,<<Begründungsnarrative,Argument: vermeintliche Objektivität>>
person12,"Also da würde ich tatsächlich noch mal Faktchecken, bevor ich auch nur ein Wort glaube, was hier steht.",<<Epistemische Strategien:Faktenprüfung>>,<<Epistemische Strategien,Faktenprüfung>>
person12,Natürlich passieren in Kriegen wahnsinnig viele Verbrechen an unterschiedlichen Völkern und natürlich kann das realistisch und auch wahr sein.,<<Epistemische Strategien:Plausibilitätsabwägung>>,<<Epistemische Strategien,Plausibilitätsabwägung>>
person12,Natürlich passieren in Kriegen wahnsinnig viele Verbrechen an unterschiedlichen Völkern und natürlich kann das realistisch und auch wahr sein.,<<Begründungsnarrative:Argument: gesellschaftlicher Kontext>>,<<Begründungsnarrative,Argument: gesellschaftlicher Kontext>>
person12,"Aber ich würde es trotzdem nochmal woanders nachlesen aus einer Quelle, die ich für glaubhaft erachte.",<<Vertrauen in Inhalt/System:generelles Misstrauen gegenüber Medieninhalten>>,<<Vertrauen in Inhalt/System,generelles Misstrauen gegenüber Medieninhalten>>
person12,"Aber ich würde es trotzdem nochmal woanders nachlesen aus einer Quelle, die ich für glaubhaft erachte.",<<Epistemische Strategien:Faktenprüfung>>,<<Epistemische Strategien,Faktenprüfung>>
person12,"Also diese Formulierungen sind auch sehr, also es klingt ein bisschen sehr populistisch und nach Propaganda.",<<Begründungsnarrative:Argument: Sprache/Stil>>,<<Begründungsnarrative,Argument: Sprache/Stil>>
person12,"Also diese Formulierungen sind auch sehr, also es klingt ein bisschen sehr populistisch und nach Propaganda.",<<Begründungsnarrative:Argument: vermeintliche Objektivität>>,<<Begründungsnarrative,Argument: vermeintliche Objektivität>>
person12,Wer reicht dem armenischen Volk die helfende Hand? Russland. Das hat nichts mit neutraler Berichterstattung zu tun.,<<Begründungsnarrative:Argument: Sprache/Stil>>,<<Begründungsnarrative,Argument: Sprache/Stil>>
person12,Wer reicht dem armenischen Volk die helfende Hand? Russland. Das hat nichts mit neutraler Berichterstattung zu tun.,<<Textinterne Begründungen>>,<<Textinterne Begründungen>>,
person12,Auch einen Schriftsteller zu zitieren.,<<Begründungsnarrative:Argument: Inhalt vs. Quelle>>,<<Begründungsnarrative,Argument: Inhalt vs. Quelle>>
person12,Auch einen Schriftsteller zu zitieren.,<<Textinterne Begründungen>>,<<Textinterne Begründungen>>,
person12,"Also ich weiß nicht, was ein Schriftsteller, also wenn es jetzt ein Historiker wäre oder ein Journalist oder so, dann würde ich das noch für glaubhaft erachten.",<<Vertrauen in Inhalt/System:generelles Misstrauen gegenüber Medieninhalten>>,<<Vertrauen in Inhalt/System,generelles Misstrauen gegenüber Medieninhalten>>
person12,"Also ich weiß nicht, was ein Schriftsteller, also wenn es jetzt ein Historiker wäre oder ein Journalist oder so, dann würde ich das noch für glaubhaft erachten.",<<Begründungsnarrative:Argument: Inhalt vs. Quelle>>,<<Begründungsnarrative,Argument: Inhalt vs. Quelle>>
person12,"Aber einen Schriftsteller heranzuziehen, um eine historische Sachlage zu untermauern, finde ich nicht glaubwürdig.",<<Vertrauen in Inhalt/System:generelles Misstrauen gegenüber Medieninhalten>>,<<Vertrauen in Inhalt/System,generelles Misstrauen gegenüber Medieninhalten>>
person12,"Aber einen Schriftsteller heranzuziehen, um eine historische Sachlage zu untermauern, finde ich nicht glaubwürdig.",<<Epistemische Strategien:logische Argumentation>>,<<Epistemische Strategien,logische Argumentation>>
person12,"Das ist auch hier sehr emotional aufgeladen, was dann da zitiert wird.",<<Begründungsnarrative:Argument: Sprache/Stil>>,<<Begründungsnarrative,Argument: Sprache/Stil>>
person12,"Das ist auch hier sehr emotional aufgeladen, was dann da zitiert wird.",<<Heuristische Bewertung:Sprache/Stil>>,<<Heuristische Bewertung,Sprache/Stil>>
person12,Die bärtigen russischen Soldaten verbargen ihre Gesichter beschämt mit feuchten Augen.,<<Begründungsnarrative:Argument: Sprache/Stil>>,<<Begründungsnarrative,Argument: Sprache/Stil>>
person12,Die bärtigen russischen Soldaten verbargen ihre Gesichter beschämt mit feuchten Augen.,<<Textinterne Begründungen>>,<<Textinterne Begründungen>>,
person12,"Also das ist mir viel zu emotional aufgeladen, als dass ich das für glaubhaft erachte.",<<Vertrauen in Inhalt/System:generelles Misstrauen gegenüber Medieninhalten>>,<<Vertrauen in Inhalt/System,generelles Misstrauen gegenüber Medieninhalten>>
person12,"Also das ist mir viel zu emotional aufgeladen, als dass ich das für glaubhaft erachte.",<<Begründungsnarrative:Argument: Sprache/Stil>>,<<Begründungsnarrative,Argument: Sprache/Stil>>
person12,Russische Barmherzigkeit und Mitgefühl.,<<Begründungsnarrative:Argument: Sprache/Stil>>,<<Begründungsnarrative,Argument: Sprache/Stil>>
person12,Russische Barmherzigkeit und Mitgefühl.,<<Textinterne Begründungen>>,<<Textinterne Begründungen>>,
person12,Das ist für mich einfach nur Schwachsinn.,<<Affektive Reaktionen:emotionale Ablehnung>>,<<Affektive Reaktionen,emotionale Ablehnung>>
person12,Das ist für mich einfach nur Schwachsinn.,<<Heuristische Bewertung:Bauchgefühl>>,<<Heuristische Bewertung,Bauchgefühl>>
person12,Außerdem gab es auch Kriegsverbrechen auf russischer Seite.,<<Begründungsnarrative:Argument: gesellschaftlicher Kontext>>,<<Begründungsnarrative,Argument: gesellschaftlicher Kontext>>
person12,Außerdem gab es auch Kriegsverbrechen auf russischer Seite.,<<Epistemische Strategien:Faktenprüfung>>,<<Epistemische Strategien,Faktenprüfung>>
person12,Das ist auch belegt.,<<Begründungsnarrative:Argument: Inhalt vs. Quelle>>,<<Begründungsnarrative,Argument: Inhalt vs. Quelle>>
person12,Das ist auch belegt.,<<Epistemische Strategien:Faktenprüfung>>,<<Epistemische Strategien,Faktenprüfung>>
person12,"Sich da als Samariter darzustellen, ist halt einfach falsch und stellt nicht die komplette Wahrheit dar.",<<Begründungsnarrative:Argument: vermeintliche Objektivität>>,<<Begründungsnarrative,Argument: vermeintliche Objektivität>>
person12,"Sich da als Samariter darzustellen, ist halt einfach falsch und stellt nicht die komplette Wahrheit dar.",<<Epistemische Strategien:logische Argumentation>>,<<Epistemische Strategien,logische Argumentation>>
person12,"Das mit den Abgabenormen, das wäre mir jetzt neu. Habe ich noch nie so gehört.",<<Begründungsnarrative:Argument: persönliche Erfahrung>>,<<Begründungsnarrative,Argument: persönliche Erfahrung>>
person12,"Das mit den Abgabenormen, das wäre mir jetzt neu. Habe ich noch nie so gehört.",<<Kognitive Unsicherheit:explizite Unsicherheit>>,<<Kognitive Unsicherheit,explizite Unsicherheit>>
person12,Glaube ich tatsächlich nicht.,<<Affektive Reaktionen:emotionale Ablehnung>>,<<Affektive Reaktionen,emotionale Ablehnung>>
person12,Glaube ich tatsächlich nicht.,<<Vertrauen in Inhalt/System:generelles Misstrauen gegenüber Medieninhalten>>,<<Vertrauen in Inhalt/System,generelles Misstrauen gegenüber Medieninhalten>>
person12,"Dass Wladimir Putin ein Befreier und Friedenstifter ist, ist faktisch einfach falsch.",<<Begründungsnarrative:Argument: gesellschaftlicher Kontext>>,<<Begründungsnarrative,Argument: gesellschaftlicher Kontext>>
person12,"Dass Wladimir Putin ein Befreier und Friedenstifter ist, ist faktisch einfach falsch.",<<Epistemische Strategien:Faktenprüfung>>,<<Epistemische Strategien,Faktenprüfung>>
person12,Das ist einfach ein propagandistischer Artikel.,<<Begründungsnarrative:Argument: vermeintliche Objektivität>>,<<Begründungsnarrative,Argument: vermeintliche Objektivität>>
person12,Das ist einfach ein propagandistischer Artikel.,<<Heuristische Bewertung:Sprache/Stil>>,<<Heuristische Bewertung,Sprache/Stil>>
person12,Also ich halte den Artikel für komplett unglaubwürdig.,<<Vertrauen in Inhalt/System:generelles Misstrauen gegenüber Medieninhalten>>,<<Vertrauen in Inhalt/System,generelles Misstrauen gegenüber Medieninhalten>>
person12,Für mich ist das einfach nur Propaganda.,<<Begründungsnarrative:Argument: vermeintliche Objektivität>>,<<Begründungsnarrative,Argument: vermeintliche Objektivität>>
person12,Für mich ist das einfach nur Propaganda.,<<Heuristische Bewertung:Sprache/Stil>>,<<Heuristische Bewertung,Sprache/Stil>>
person12,"Ich bin mir komplett sicher, dass ich mit meiner Glaubwürdigkeitseinschätzung richtig liege.",<<Vertrauen in Inhalt/System:generelles Misstrauen gegenüber Medieninhalten>>,<<Vertrauen in Inhalt/System,generelles Misstrauen gegenüber Medieninhalten>>
person12,"Ich bin mir komplett sicher, dass ich mit meiner Glaubwürdigkeitseinschätzung richtig liege.",<<Affektive Reaktionen:Zustimmung / Zustimmungssignale>>,<<Affektive Reaktionen,Zustimmung / Zustimmungssignale>>
person12,Der Sprachstil war emotional komplett aufgeladen und die Faktendichte war sehr unsachlich.,<<Begründungsnarrative:Argument: Sprache/Stil>>,<<Begründungsnarrative,Argument: Sprache/Stil>>
person12,Der Sprachstil war emotional komplett aufgeladen und die Faktendichte war sehr unsachlich.,<<Begründungsnarrative:Argument: Inhalt vs. Quelle>>,<<Begründungsnarrative,Argument: Inhalt vs. Quelle>>
person12,Die Struktur und Logik der Argumentation fand ich war typisch für eine Propaganda.,<<Begründungsnarrative:Argument: Struktur und Logik>>,<<Begründungsnarrative,Argument: Struktur und Logik>>
person12,Die Struktur und Logik der Argumentation fand ich war typisch für eine Propaganda.,<<Begründungsnarrative:Argument: vermeintliche Objektivität>>,<<Begründungsnarrative,Argument: vermeintliche Objektivität>>
person12,Erstmal falsche Sachverhalte schildern und die dann emotional aufzuladen.,<<Begründungsnarrative:Argument: Inhalt vs. Quelle>>,<<Begründungsnarrative,Argument: Inhalt vs. Quelle>>
person12,Erstmal falsche Sachverhalte schildern und die dann emotional aufzuladen.,<<Begründungsnarrative:Argument: Sprache/Stil>>,<<Begründungsnarrative,Argument: Sprache/Stil>>
person12,"Ich würde sagen, zu dem Thema hatte ich einigermaßen Fachwissen.",<<Begründungsnarrative:Argument: persönliche Erfahrung>>,<<Begründungsnarrative,Argument: persönliche Erfahrung>>
person12,Aber es waren einfach viele falsche Informationen drin.,<<Begründungsnarrative:Argument: Inhalt vs. Quelle>>,<<Begründungsnarrative,Argument: Inhalt vs. Quelle>>
person12,Aber es waren einfach viele falsche Informationen drin.,<<Epistemische Strategien:Faktenprüfung>>,<<Epistemische Strategien,Faktenprüfung>>
person12,Die waren auch für mich komplett unplausibel.,<<Epistemische Strategien:Plausibilitätsabwägung>>,<<Epistemische Strategien,Plausibilitätsabwägung>>
person12,Die waren auch für mich komplett unplausibel.,<<Heuristische Bewertung:Bauchgefühl>>,<<Heuristische Bewertung,Bauchgefühl>>
person12,Und er ist für mich komplett unprofessionell und nicht journalistisch.,<<Begründungsnarrative:Argument: Sprache/Stil>>,<<Begründungsnarrative,Argument: Sprache/Stil>>
person12,Und er ist für mich komplett unprofessionell und nicht journalistisch.,<<Heuristische Bewertung:Sprache/Stil>>,<<Heuristische Bewertung,Sprache/Stil>>
person12,Ich musste auch nicht auf mein Bauchgefühl und meine Intuition trauen.,<<Heuristische Bewertung:Bauchgefühl>>,<<Heuristische Bewertung,Bauchgefühl>>
person12,Ich musste auch nicht auf mein Bauchgefühl und meine Intuition trauen.,<<Metakognitive Reflexion>>,<<Metakognitive Reflexion>>,
person12,"Also europäische Eliten, das ist ganz oft verwendet in Querdenkerkreisen oder auch wenn es um Verschwörungstheorien geht.",<<Begründungsnarrative:Argument: gesellschaftlicher Kontext>>,<<Begründungsnarrative,Argument: gesellschaftlicher Kontext>>
person12,"Also europäische Eliten, das ist ganz oft verwendet in Querdenkerkreisen oder auch wenn es um Verschwörungstheorien geht.",<<Heuristische Bewertung:Sprache/Stil>>,<<Heuristische Bewertung,Sprache/Stil>>
person12,Auch jeden Dissens zerquetschen. Das ist auch sehr emotional aufgeladen.,<<Begründungsnarrative:Argument: Sprache/Stil>>,<<Begründungsnarrative,Argument: Sprache/Stil>>
person12,Auch jeden Dissens zerquetschen. Das ist auch sehr emotional aufgeladen.,<<Heuristische Bewertung:Sprache/Stil>>,<<Heuristische Bewertung,Sprache/Stil>>
person12,Aber jetzt lese ich mir erst mal ein Artikel durch.,<<Metakognitive Reflexion>>,<<Metakognitive Reflexion>>,
person12,Aber jetzt lese ich mir erst mal ein Artikel durch.,<<Begründungsnarrative:Argument: persönliche Erfahrung>>,<<Begründungsnarrative,Argument: persönliche Erfahrung>>
person12,Marie Le Pen ist eine rechtspopulistische Politikerin.,<<Begründungsnarrative:Argument: gesellschaftlicher Kontext>>,<<Begründungsnarrative,Argument: gesellschaftlicher Kontext>>
person12,Marie Le Pen ist eine rechtspopulistische Politikerin.,<<Epistemische Strategien:Kontextwissen>>,<<Epistemische Strategien,Kontextwissen>>
person12,"Wenn hier geschrieben wird, wurde am Montag wegen Scheinbeschäftigung von Teilfreunden zu vier Jahren Haft mit Fußfessel und Gehörschaft verurteilt, obwohl sie eine aussichtsreiche Kandidatin ist. Hier wird direkt mal eine Meinung suggeriert, dass das ein falsches Urteil wäre.",<<Begründungsnarrative:Argument: Sprache/Stil>>,<<Begründungsnarrative,Argument: Sprache/Stil>>
person12,"Wenn hier geschrieben wird, wurde am Montag wegen Scheinbeschäftigung von Teilfreunden zu vier Jahren Haft mit Fußfessel und Gehörschaft verurteilt, obwohl sie eine aussichtsreiche Kandidatin ist. Hier wird direkt mal eine Meinung suggeriert, dass das ein falsches Urteil wäre.",<<Begründungsnarrative:Argument: vermeintliche Objektivität>>,<<Begründungsnarrative,Argument: vermeintliche Objektivität>>
person12,Kreativ bei der Finanzierung ihrer Parteiarbeit sind sie alle.,<<Begründungsnarrative:Argument: Sprache/Stil>>,<<Begründungsnarrative,Argument: Sprache/Stil>>
person12,Kreativ bei der Finanzierung ihrer Parteiarbeit sind sie alle.,<<Textinterne Begründungen>>,<<Textinterne Begründungen>>,
person12,"Das ist direkt mal, ob in Deutschland oder Frankreich, ob Mitte, links oder rechts. Es wird direkt mal etwas relativiert.",<<Begründungsnarrative:Argument: gesellschaftlicher Kontext>>,<<Begründungsnarrative,Argument: gesellschaftlicher Kontext>>
person12,"Das ist direkt mal, ob in Deutschland oder Frankreich, ob Mitte, links oder rechts. Es wird direkt mal etwas relativiert.",<<Epistemische Strategien:logische Argumentation>>,<<Epistemische Strategien,logische Argumentation>>
person12,Die Art und Weise der Formulierung wie fettes Polster.,<<Begründungsnarrative:Argument: Sprache/Stil>>,<<Begründungsnarrative,Argument: Sprache/Stil>>
person12,Die Art und Weise der Formulierung wie fettes Polster.,<<Textinterne Begründungen>>,<<Textinterne Begründungen>>,
person12,"Auch, dass die Grünen, die eher linksorientiert bei ihrer Politik sind, als Gegenargument verwendet werden.",<<Begründungsnarrative:Argument: gesellschaftlicher Kontext>>,<<Begründungsnarrative,Argument: gesellschaftlicher Kontext>>
person12,"Auch, dass die Grünen, die eher linksorientiert bei ihrer Politik sind, als Gegenargument verwendet werden.",<<Textinterne Begründungen>>,<<Textinterne Begründungen>>,
person12,"Das zeigt mir, was der Artikel für eine politische Prägung hat.",<<Begründungsnarrative:Argument: gesellschaftlicher Kontext>>,<<Begründungsnarrative,Argument: gesellschaftlicher Kontext>>
person12,"Das zeigt mir, was der Artikel für eine politische Prägung hat.",<<Metakognitive Reflexion>>,<<Metakognitive Reflexion>>,
person12,Auch die deutsche Politik war schon immer ein großer Selbstbedienungsladen. In Frankreich wird es nicht anders sein. Das hat für mich nichts mit Fakten zu tun.,<<Begründungsnarrative:Argument: gesellschaftlicher Kontext>>,<<Begründungsnarrative,Argument: gesellschaftlicher Kontext>>
person12,Auch die deutsche Politik war schon immer ein großer Selbstbedienungsladen. In Frankreich wird es nicht anders sein. Das hat für mich nichts mit Fakten zu tun.,<<Begründungsnarrative:Argument: Inhalt vs. Quelle>>,<<Begründungsnarrative,Argument: Inhalt vs. Quelle>>
person12,"Ich kann dem Artikel ganz schwer folgen, vor allem weil mir einfach die Fakten fehlen.",<<Begründungsnarrative:Argument: Inhalt vs. Quelle>>,<<Begründungsnarrative,Argument: Inhalt vs. Quelle>>
person12,"Ich kann dem Artikel ganz schwer folgen, vor allem weil mir einfach die Fakten fehlen.",<<Kognitive Unsicherheit:explizite Unsicherheit>>,<<Kognitive Unsicherheit,explizite Unsicherheit>>
person12,"Es werden immer so Andeutungen gemacht, aber ohne dass irgendwo ein sachlicher Bezug wäre.",<<Begründungsnarrative:Argument: Inhalt vs. Quelle>>,<<Begründungsnarrative,Argument: Inhalt vs. Quelle>>
person12,"Es werden immer so Andeutungen gemacht, aber ohne dass irgendwo ein sachlicher Bezug wäre.",<<Heuristische Bewertung:Sprache/Stil>>,<<Heuristische Bewertung,Sprache/Stil>>
person12,"Für mich wirkt dieser Artikel wie eine einzige Begründung für diese sehr emotionale Headline, ohne dass da irgendwelche Fakten wiedergegeben werden.",<<Begründungsnarrative:Argument: Sprache/Stil>>,<<Begründungsnarrative,Argument: Sprache/Stil>>
person12,"Für mich wirkt dieser Artikel wie eine einzige Begründung für diese sehr emotionale Headline, ohne dass da irgendwelche Fakten wiedergegeben werden.",<<Begründungsnarrative:Argument: Inhalt vs. Quelle>>,<<Begründungsnarrative,Argument: Inhalt vs. Quelle>>
person12,"Was mir auch komplett fehlt in diesem Artikel ist, einfach mal zu sagen, was eigentlich Marie Le Pen wirklich vorgeworfen wird.",<<Begründungsnarrative:Argument: Inhalt vs. Quelle>>,<<Begründungsnarrative,Argument: Inhalt vs. Quelle>>
person12,"Was mir auch komplett fehlt in diesem Artikel ist, einfach mal zu sagen, was eigentlich Marie Le Pen wirklich vorgeworfen wird.",<<Kognitive Unsicherheit:explizite Unsicherheit>>,<<Kognitive Unsicherheit,explizite Unsicherheit>>
person12,Das hätte für mich an den Anfang des Artikels gehört.,<<Begründungsnarrative:Argument: Struktur und Logik>>,<<Begründungsnarrative,Argument: Struktur und Logik>>
person12,Das hätte für mich an den Anfang des Artikels gehört.,<<Metakognitive Reflexion>>,<<Metakognitive Reflexion>>,
person12,"Auch dass er oder sie, je nachdem, was er geschrieben hat, das angebliche System der Scheinbeschäftigung, also wenn sie ja schon verurteilt wird, dann ist es nicht mehr angeblich, dann ist es ja belegt.",<<Begründungsnarrative:Argument: Inhalt vs. Quelle>>,<<Begründungsnarrative,Argument: Inhalt vs. Quelle>>
person12,"Auch dass er oder sie, je nachdem, was er geschrieben hat, das angebliche System der Scheinbeschäftigung, also wenn sie ja schon verurteilt wird, dann ist es nicht mehr angeblich, dann ist es ja belegt.",<<Epistemische Strategien:logische Argumentation>>,<<Epistemische Strategien,logische Argumentation>>
person12,"Also es gibt ein Urteil dazu, dann kann man später im Verlauf des Artikels nicht mehr angeblich schreiben.",<<Begründungsnarrative:Argument: Inhalt vs. Quelle>>,<<Begründungsnarrative,Argument: Inhalt vs. Quelle>>
person12,"Also es gibt ein Urteil dazu, dann kann man später im Verlauf des Artikels nicht mehr angeblich schreiben.",<<Epistemische Strategien:logische Argumentation>>,<<Epistemische Strategien,logische Argumentation>>
person12,"Also es wird direkt angezweifelt, dass die Aussagen richtig wiedergegeben werden.",<<Begründungsnarrative:Argument: vermeintliche Objektivität>>,<<Begründungsnarrative,Argument: vermeintliche Objektivität>>
person12,"Also es wird direkt angezweifelt, dass die Aussagen richtig wiedergegeben werden.",<<Textinterne Begründungen>>,<<Textinterne Begründungen>>,
person12,"Also es wird alles komplett relativiert, aber die rhetorischen Fragen, die da gestellt werden, sind ja auch, wenn man mit gesundem Menschenverstand darüber nachdenkt, total absurd.",<<Begründungsnarrative:Argument: Sprache/Stil>>,<<Begründungsnarrative,Argument: Sprache/Stil>>
person12,"Also es wird alles komplett relativiert, aber die rhetorischen Fragen, die da gestellt werden, sind ja auch, wenn man mit gesundem Menschenverstand darüber nachdenkt, total absurd.",<<Epistemische Strategien:logische Argumentation>>,<<Epistemische Strategien,logische Argumentation>>
person12,"Wie zum Beispiel, warum man seinen Chef sehen sollte in Zeiten von Homeoffice.",<<Epistemische Strategien:Plausibilitätsabwägung>>,<<Epistemische Strategien,Plausibilitätsabwägung>>
person12,"Wie zum Beispiel, warum man seinen Chef sehen sollte in Zeiten von Homeoffice.",<<Textinterne Begründungen>>,<<Textinterne Begründungen>>,
person12,"Also ich glaube, jeder hat trotzdem Kontakt zu seinem Vorgesetzten.",<<Epistemische Strategien:Plausibilitätsabwägung>>,<<Epistemische Strategien,Plausibilitätsabwägung>>
person12,"Also ich glaube, jeder hat trotzdem Kontakt zu seinem Vorgesetzten.",<<Begründungsnarrative:Argument: persönliche Erfahrung>>,<<Begründungsnarrative,Argument: persönliche Erfahrung>>
person12,"Ja, weil er auch nicht der direkte Vorgesetzte ist.",<<Epistemische Strategien:Plausibilitätsabwägung>>,<<Epistemische Strategien,Plausibilitätsabwägung>>
person12,"Ja, weil er auch nicht der direkte Vorgesetzte ist.",<<Epistemische Strategien:logische Argumentation>>,<<Epistemische Strategien,logische Argumentation>>
person12,Jedes dieser Argumente ist wackelig.,<<Epistemische Strategien:Plausibilitätsabwägung>>,<<Epistemische Strategien,Plausibilitätsabwägung>>
person12,Jedes dieser Argumente ist wackelig.,<<Heuristische Bewertung:Bauchgefühl>>,<<Heuristische Bewertung,Bauchgefühl>>
person12,"Nein, es ist anscheinend nicht wackelig, genauso wie die Anklage und nun das Urteil wackelig ist. Also es ist ja durchaus begründet.",<<Epistemische Strategien:Plausibilitätsabwägung>>,<<Epistemische Strategien,Plausibilitätsabwägung>>
person12,"Nein, es ist anscheinend nicht wackelig, genauso wie die Anklage und nun das Urteil wackelig ist. Also es ist ja durchaus begründet.",<<Textinterne Begründungen>>,<<Textinterne Begründungen>>,
person12,Wir befinden uns in einem Graubereich.,<<Begründungsnarrative:Argument: Sprache/Stil>>,<<Begründungsnarrative,Argument: Sprache/Stil>>
person12,Wir befinden uns in einem Graubereich.,<<Textinterne Begründungen>>,<<Textinterne Begründungen>>,
person12,"Ja, offensichtlich nicht.",<<Affektive Reaktionen:emotionale Ablehnung>>,<<Affektive Reaktionen,emotionale Ablehnung>>
person12,"Ja, offensichtlich nicht.",<<Epistemische Strategien:logische Argumentation>>,<<Epistemische Strategien,logische Argumentation>>
person12,Also ich halte den Artikel für absolut unglaubwürdig und bin mir mit meiner Glaubwürdigkeitseinschätzung sehr sicher.,<<Vertrauen in Inhalt/System:generelles Misstrauen gegenüber Medieninhalten>>,<<Vertrauen in Inhalt/System,generelles Misstrauen gegenüber Medieninhalten>>
person12,Also ich halte den Artikel für absolut unglaubwürdig und bin mir mit meiner Glaubwürdigkeitseinschätzung sehr sicher.,<<Affektive Reaktionen:Zustimmung / Zustimmungssignale>>,<<Affektive Reaktionen,Zustimmung / Zustimmungssignale>>
person12,Der Sprachstil war absolut emotional aufgeladen.,<<Begründungsnarrative:Argument: Sprache/Stil>>,<<Begründungsnarrative,Argument: Sprache/Stil>>
person12,Der Sprachstil war absolut emotional aufgeladen.,<<Heuristische Bewertung:Sprache/Stil>>,<<Heuristische Bewertung,Sprache/Stil>>
person12,Die Informationsdichte war überhaupt nicht da.,<<Begründungsnarrative:Argument: Inhalt vs. Quelle>>,<<Begründungsnarrative,Argument: Inhalt vs. Quelle>>
person12,"Also es wurden schon viele Behauptungen aufgestellt, aber keine wirklichen Informationen und Fakten geschildert.",<<Begründungsnarrative:Argument: Inhalt vs. Quelle>>,<<Begründungsnarrative,Argument: Inhalt vs. Quelle>>
person12,"Also es wurden schon viele Behauptungen aufgestellt, aber keine wirklichen Informationen und Fakten geschildert.",<<Epistemische Strategien:Faktenprüfung>>,<<Epistemische Strategien,Faktenprüfung>>
person12,Es gab auch keine richtigen Quellen.,<<Begründungsnarrative:Argument: Inhalt vs. Quelle>>,<<Begründungsnarrative,Argument: Inhalt vs. Quelle>>
person12,Es war auch total unlogisch strukturiert.,<<Begründungsnarrative:Argument: Struktur und Logik>>,<<Begründungsnarrative,Argument: Struktur und Logik>>
person12,Es war auch total unlogisch strukturiert.,<<Heuristische Bewertung:Sprache/Stil>>,<<Heuristische Bewertung,Sprache/Stil>>
person12,Also ich konnte sehr schlecht folgen.,<<Begründungsnarrative:Argument: Struktur und Logik>>,<<Begründungsnarrative,Argument: Struktur und Logik>>
person12,Also ich konnte sehr schlecht folgen.,<<Kognitive Unsicherheit:explizite Unsicherheit>>,<<Kognitive Unsicherheit,explizite Unsicherheit>>
person12,Ich hatte tatsächlich nicht so viel Vorwissen zu dem Thema.,<<Begründungsnarrative:Argument: persönliche Erfahrung>>,<<Begründungsnarrative,Argument: persönliche Erfahrung>>
person12,Die Plausibilität der Informationen hat komplett gefehlt.,<<Begründungsnarrative:Argument: Inhalt vs. Quelle>>,<<Begründungsnarrative,Argument: Inhalt vs. Quelle>>
person12,Die Plausibilität der Informationen hat komplett gefehlt.,<<Epistemische Strategien:Plausibilitätsabwägung>>,<<Epistemische Strategien,Plausibilitätsabwägung>>
person12,Es war auch nicht professionell oder journalistisch.,<<Begründungsnarrative:Argument: Sprache/Stil>>,<<Begründungsnarrative,Argument: Sprache/Stil>>
person12,Es war auch nicht professionell oder journalistisch.,<<Heuristische Bewertung:Sprache/Stil>>,<<Heuristische Bewertung,Sprache/Stil>>
person12,"Ich vertraue da jetzt schon mehr auf mein Bauchgefühl, aber auch nicht komplett, weil mir halt der journalistische Inhalt gefehlt hat.",<<Vertrauen in Inhalt/System:generelles Misstrauen gegenüber Medieninhalten>>,<<Vertrauen in Inhalt/System,generelles Misstrauen gegenüber Medieninhalten>>
person12,"Ich vertraue da jetzt schon mehr auf mein Bauchgefühl, aber auch nicht komplett, weil mir halt der journalistische Inhalt gefehlt hat.",<<Heuristische Bewertung:Bauchgefühl>>,<<Heuristische Bewertung,Bauchgefühl>>
person12,Hier soll ich wieder laut denken?,<<Metakognitive Reflexion>>,<<Metakognitive Reflexion>>,
person12,Hier soll ich wieder laut denken?,<<Begründungsnarrative:Argument: persönliche Erfahrung>>,<<Begründungsnarrative,Argument: persönliche Erfahrung>>
person12,"Ja, ich würde jetzt trotzdem noch mal checken, ob es diese ukrainische Kuratorin wirklich gibt.",<<Verifikationsnutzung:aktive Prüfung mit Chatbot>>,<<Verifikationsnutzung,aktive Prüfung mit Chatbot>>
person12,"Ja, ich würde jetzt trotzdem noch mal checken, ob es diese ukrainische Kuratorin wirklich gibt.",<<Epistemische Strategien:Faktenprüfung>>,<<Epistemische Strategien,Faktenprüfung>>
person12,Kann ich bei dem Chatbot jetzt was eingeben?,<<Verifikationsnutzung:aktive Prüfung mit Chatbot>>,<<Verifikationsnutzung,aktive Prüfung mit Chatbot>>
person12,Kann ich bei dem Chatbot jetzt was eingeben?,<<Kognitive Unsicherheit:explizite Unsicherheit>>,<<Kognitive Unsicherheit,explizite Unsicherheit>>
person12,Ich werde jetzt mal die ukrainische Kuratorin fragen.,<<Verifikationsnutzung:aktive Prüfung mit Chatbot>>,<<Verifikationsnutzung,aktive Prüfung mit Chatbot>>
person12,Ich werde jetzt mal die ukrainische Kuratorin fragen.,<<Epistemische Strategien:Faktenprüfung>>,<<Epistemische Strategien,Faktenprüfung>>
person12,"Hier weiß nicht sofort, was WPPA bedeutet.",<<Begründungsnarrative:Argument: persönliche Erfahrung>>,<<Begründungsnarrative,Argument: persönliche Erfahrung>>
person12,"Hier weiß nicht sofort, was WPPA bedeutet.",<<Kognitive Unsicherheit:explizite Unsicherheit>>,<<Kognitive Unsicherheit,explizite Unsicherheit>>
person12,"Ok, also er findet jetzt keine spezifischen Nachrichten.",<<Verifikationsnutzung:passive Übernahme>>,<<Verifikationsnutzung,passive Übernahme>>
person12,"Ok, also er findet jetzt keine spezifischen Nachrichten.",<<Vertrauen in Inhalt/System:Zweifel an Verifikation>>,<<Vertrauen in Inhalt/System,Zweifel an Verifikation>>
person12,Ich wollte Nachrichten vom World Press Photo Award im Zusammenhang mit Ukraine und Russland.,<<Verifikationsnutzung:aktive Prüfung mit Chatbot>>,<<Verifikationsnutzung,aktive Prüfung mit Chatbot>>
person12,Ich wollte Nachrichten vom World Press Photo Award im Zusammenhang mit Ukraine und Russland.,<<Epistemische Strategien:Faktenprüfung>>,<<Epistemische Strategien,Faktenprüfung>>
person12,"Also er kann nur Vermutungen aufstellen, aber er kann mir jetzt keine Berichterstattung oder so irgendwie dazugeben.",<<Verifikationsnutzung:kritisches Hinterfragen von KI-Antwort>>,<<Verifikationsnutzung,kritisches Hinterfragen von KI-Antwort>>
person12,"Also er kann nur Vermutungen aufstellen, aber er kann mir jetzt keine Berichterstattung oder so irgendwie dazugeben.",<<Vertrauen in Inhalt/System:Zweifel an Verifikation>>,<<Vertrauen in Inhalt/System,Zweifel an Verifikation>>
person12,"Also das macht es mir jetzt relativ schwierig, auch die Informationen zu verifizieren.",<<Vertrauen in Inhalt/System:Zweifel an Verifikation>>,<<Vertrauen in Inhalt/System,Zweifel an Verifikation>>
person12,"Also das macht es mir jetzt relativ schwierig, auch die Informationen zu verifizieren.",<<Kognitive Unsicherheit:explizite Unsicherheit>>,<<Kognitive Unsicherheit,explizite Unsicherheit>>
person12,"Und macht für mich den Artikel natürlich ein bisschen unglaubwürdiger, wenn es dazu keine Berichterstattung gibt, die der Chatbot jetzt finden kann oder so.",<<Verhaltensänderung:Urteilsänderung durch KI>>,<<Verhaltensänderung,Urteilsänderung durch KI>>
person12,"Und macht für mich den Artikel natürlich ein bisschen unglaubwürdiger, wenn es dazu keine Berichterstattung gibt, die der Chatbot jetzt finden kann oder so.",<<Vertrauen in Inhalt/System:Zweifel an Verifikation>>,<<Vertrauen in Inhalt/System,Zweifel an Verifikation>>
person12,Also ich würde dem Artikel jetzt nach der KI-Verifikation eine 5 geben.,<<Verhaltensänderung:Urteilsänderung durch KI>>,<<Verhaltensänderung,Urteilsänderung durch KI>>
person12,"Ich halte die Information schon für plausibel, aber ich kann es nicht faktchecken.",<<Epistemische Strategien:Plausibilitätsabwägung>>,<<Epistemische Strategien,Plausibilitätsabwägung>>
person12,"Ich halte die Information schon für plausibel, aber ich kann es nicht faktchecken.",<<Begründungsnarrative:Argument: Inhalt vs. Quelle>>,<<Begründungsnarrative,Argument: Inhalt vs. Quelle>>
person12,"Deswegen kann ich jetzt nicht sagen, dass es vollkommen glaubwürdig ist.",<<Kognitive Unsicherheit:explizite Unsicherheit>>,<<Kognitive Unsicherheit,explizite Unsicherheit>>
person12,"Deswegen kann ich jetzt nicht sagen, dass es vollkommen glaubwürdig ist.",<<Verhaltensänderung:Urteilsänderung durch KI>>,<<Verhaltensänderung,Urteilsänderung durch KI>>
person12,Ich bin mir mit meiner Einschätzung mehr so bei einer 4 bis 5.,<<Kognitive Unsicherheit:explizite Unsicherheit>>,<<Kognitive Unsicherheit,explizite Unsicherheit>>
person12,Ich bin mir mit meiner Einschätzung mehr so bei einer 4 bis 5.,<<Affektive Reaktionen:Unsicherheit>>,<<Affektive Reaktionen,Unsicherheit>>
person12,Also ich zweifle schon an meiner Einschätzung auch.,<<Kognitive Unsicherheit:explizite Unsicherheit>>,<<Kognitive Unsicherheit,explizite Unsicherheit>>
person12,Also ich zweifle schon an meiner Einschätzung auch.,<<Metakognitive Reflexion>>,<<Metakognitive Reflexion>>,
person12,Ja und meine Einschätzung hat sich auch ein bisschen verändert.,<<Verhaltensänderung:Urteilsänderung durch KI>>,<<Verhaltensänderung,Urteilsänderung durch KI>>
person12,Ja und meine Einschätzung hat sich auch ein bisschen verändert.,<<Metakognitive Reflexion>>,<<Metakognitive Reflexion>>,
person12,"Ich fand die Antwort der KI leider nicht hilfreich, weil sie mir nicht geholfen hat.",<<Vertrauen in Inhalt/System:Zweifel an Verifikation>>,<<Vertrauen in Inhalt/System,Zweifel an Verifikation>>
person12,"Ich fand die Antwort der KI leider nicht hilfreich, weil sie mir nicht geholfen hat.",<<Verifikationsnutzung:kritisches Hinterfragen von KI-Antwort>>,<<Verifikationsnutzung,kritisches Hinterfragen von KI-Antwort>>
person12,"Die Informationen haben mir jetzt auch nicht wirklich geholfen, außer dass ich meine Meinung angezweifelt habe.",<<Vertrauen in Inhalt/System:Zweifel an Verifikation>>,<<Vertrauen in Inhalt/System,Zweifel an Verifikation>>
person12,"Die Informationen haben mir jetzt auch nicht wirklich geholfen, außer dass ich meine Meinung angezweifelt habe.",<<Kognitive Unsicherheit:explizite Unsicherheit>>,<<Kognitive Unsicherheit,explizite Unsicherheit>>
person12,"Bei dem Punkt, ob ich der Einschätzung der KI vertraue, kann ich nicht viel sagen, weil sie mir keine wirkliche Einschätzung geben konnte.",<<Vertrauen in Inhalt/System:Zweifel an Verifikation>>,<<Vertrauen in Inhalt/System,Zweifel an Verifikation>>
person12,"Bei dem Punkt, ob ich der Einschätzung der KI vertraue, kann ich nicht viel sagen, weil sie mir keine wirkliche Einschätzung geben konnte.",<<Verifikationsnutzung:kritisches Hinterfragen von KI-Antwort>>,<<Verifikationsnutzung,kritisches Hinterfragen von KI-Antwort>>
person12,"Ich konnte allerdings nicht wirklich die KI-Antwort mit meinem Vorwissen abgleichen, weil sie mir wenig gegeben hat.",<<Verifikationsnutzung:kritisches Hinterfragen von KI-Antwort>>,<<Verifikationsnutzung,kritisches Hinterfragen von KI-Antwort>>
person12,"Ich konnte allerdings nicht wirklich die KI-Antwort mit meinem Vorwissen abgleichen, weil sie mir wenig gegeben hat.",<<Begründungsnarrative:Argument: persönliche Erfahrung>>,<<Begründungsnarrative,Argument: persönliche Erfahrung>>
person12,"Also, ich werde jetzt diesmal den Artikel kopieren und von der KI verifizieren.",<<Verifikationsnutzung:aktive Prüfung mit Chatbot>>,<<Verifikationsnutzung,aktive Prüfung mit Chatbot>>
person12,"Also, ich werde jetzt diesmal den Artikel kopieren und von der KI verifizieren.",<<Metakognitive Reflexion>>,<<Metakognitive Reflexion>>,
person12,Ich frage jetzt nach der Verifizierung und nach der Quelle.,<<Verifikationsnutzung:aktive Prüfung mit Chatbot>>,<<Verifikationsnutzung,aktive Prüfung mit Chatbot>>
person12,Ich frage jetzt nach der Verifizierung und nach der Quelle.,<<Epistemische Strategien:Faktenprüfung>>,<<Epistemische Strategien,Faktenprüfung>>
person12,"Okay, die KI sagt jetzt, ohne direkte Quellenangabe kann ich die spezifische Behauptung des Artikels nicht verifizieren.",<<Verifikationsnutzung:passive Übernahme>>,<<Verifikationsnutzung,passive Übernahme>>
person12,"Okay, die KI sagt jetzt, ohne direkte Quellenangabe kann ich die spezifische Behauptung des Artikels nicht verifizieren.",<<Vertrauen in Inhalt/System:Vertrauen in Chatbot/KI>>,<<Vertrauen in Inhalt/System,Vertrauen in Chatbot/KI>>
person12,"Es ist jedoch ratsam, offiziellen Mitteilungen des Europarats, Erklärungen der EU-Außenminister und Berichten internationaler Rechtsinstitutionen zu folgen.",<<Verifikationsnutzung:passive Übernahme>>,<<Verifikationsnutzung,passive Übernahme>>
person12,"Es ist jedoch ratsam, offiziellen Mitteilungen des Europarats, Erklärungen der EU-Außenminister und Berichten internationaler Rechtsinstitutionen zu folgen.",<<Vertrauen in Inhalt/System:Vertrauen in Chatbot/KI>>,<<Vertrauen in Inhalt/System,Vertrauen in Chatbot/KI>>
person12,"Okay, also der Bot kann keine Nachrichten berichten, die spezifisch die Einrichtung eines Sondertribunals durch den Europarat thematisieren.",<<Verifikationsnutzung:passive Übernahme>>,<<Verifikationsnutzung,passive Übernahme>>
person12,"Okay, also der Bot kann keine Nachrichten berichten, die spezifisch die Einrichtung eines Sondertribunals durch den Europarat thematisieren.",<<Vertrauen in Inhalt/System:Zweifel an Verifikation>>,<<Vertrauen in Inhalt/System,Zweifel an Verifikation>>
person12,"Also, der Chatbot kann auch keine Stellungnahme vom Generalsekretär des Europarats finden dazu.",<<Verifikationsnutzung:passive Übernahme>>,<<Verifikationsnutzung,passive Übernahme>>
person12,"Also, der Chatbot kann auch keine Stellungnahme vom Generalsekretär des Europarats finden dazu.",<<Vertrauen in Inhalt/System:Zweifel an Verifikation>>,<<Vertrauen in Inhalt/System,Zweifel an Verifikation>>
person12,Ich finde den Artikel trotzdem noch glaubwürdig.,<<Verhaltensänderung:keine Veränderung / Fixierung>>,<<Verhaltensänderung,keine Veränderung / Fixierung>>
person12,Ich finde den Artikel trotzdem noch glaubwürdig.,<<Vertrauen in Inhalt/System:generelles Vertrauen in Medien>>,<<Vertrauen in Inhalt/System,generelles Vertrauen in Medien>>
person12,"Ich würde ihm eine 6 geben und glaube auch, dass meine Einschätzung richtig ist.",<<Affektive Reaktionen:Zustimmung / Zustimmungssignale>>,<<Affektive Reaktionen,Zustimmung / Zustimmungssignale>>
person12,"Ich würde ihm eine 6 geben und glaube auch, dass meine Einschätzung richtig ist.",<<Verhaltensänderung:keine Veränderung / Fixierung>>,<<Verhaltensänderung,keine Veränderung / Fixierung>>
person12,"Dass ich jetzt da keine Einschätzung von der KI bekommen habe, ändert meine Meinung nicht wirklich.",<<Verhaltensänderung:keine Veränderung / Fixierung>>,<<Verhaltensänderung,keine Veränderung / Fixierung>>
person12,"Dass ich jetzt da keine Einschätzung von der KI bekommen habe, ändert meine Meinung nicht wirklich.",<<Verifikationsnutzung:Chatbot wird ignoriert>>,<<Verifikationsnutzung,Chatbot wird ignoriert>>
person12,"Ich fand die Antwort der KI nicht hilfreich, genauso wenig wie die Quellen.",<<Vertrauen in Inhalt/System:Zweifel an Verifikation>>,<<Vertrauen in Inhalt/System,Zweifel an Verifikation>>
person12,"Ich fand die Antwort der KI nicht hilfreich, genauso wenig wie die Quellen.",<<Verifikationsnutzung:kritisches Hinterfragen von KI-Antwort>>,<<Verifikationsnutzung,kritisches Hinterfragen von KI-Antwort>>
person12,Die Informationen haben mir nicht geholfen.,<<Vertrauen in Inhalt/System:Zweifel an Verifikation>>,<<Vertrauen in Inhalt/System,Zweifel an Verifikation>>
person12,"Ich kann der KI jetzt nicht bei ihrer Einschätzung vertrauen, weil sie mir keine gab.",<<Vertrauen in Inhalt/System:Zweifel an Verifikation>>,<<Vertrauen in Inhalt/System,Zweifel an Verifikation>>
person12,"Ich kann der KI jetzt nicht bei ihrer Einschätzung vertrauen, weil sie mir keine gab.",<<Verifikationsnutzung:kritisches Hinterfragen von KI-Antwort>>,<<Verifikationsnutzung,kritisches Hinterfragen von KI-Antwort>>
person12,Und hat mir auch keine Informationen geliefert.,<<Vertrauen in Inhalt/System:Zweifel an Verifikation>>,<<Vertrauen in Inhalt/System,Zweifel an Verifikation>>
person12,Und hat mir auch keine Informationen geliefert.,<<Verifikationsnutzung:passive Übernahme>>,<<Verifikationsnutzung,passive Übernahme>>
person12,"Also die KI hat eigentlich meine Einschätzung nicht beeinflusst, aber ich vertraue trotzdem auf meine Einschätzung.",<<Verhaltensänderung:keine Veränderung / Fixierung>>,<<Verhaltensänderung,keine Veränderung / Fixierung>>
person12,"Also die KI hat eigentlich meine Einschätzung nicht beeinflusst, aber ich vertraue trotzdem auf meine Einschätzung.",<<Affektive Reaktionen:Zustimmung / Zustimmungssignale>>,<<Affektive Reaktionen,Zustimmung / Zustimmungssignale>>
person12,"So, ich werde jetzt den nächsten Artikel auch verifizieren lassen.",<<Verifikationsnutzung:aktive Prüfung mit Chatbot>>,<<Verifikationsnutzung,aktive Prüfung mit Chatbot>>
person12,"So, ich werde jetzt den nächsten Artikel auch verifizieren lassen.",<<Metakognitive Reflexion>>,<<Metakognitive Reflexion>>,
person12,"Die KI hat gesagt, dass Glaubwürdigkeit, Fakt und Inhalt geprüft werden können, wenn Titel, Veröffentlichungsdatum und Quelle dabei stehen.",<<Vertrauen in Inhalt/System:Vertrauen in Chatbot/KI>>,<<Vertrauen in Inhalt/System,Vertrauen in Chatbot/KI>>
person12,"Die KI hat gesagt, dass Glaubwürdigkeit, Fakt und Inhalt geprüft werden können, wenn Titel, Veröffentlichungsdatum und Quelle dabei stehen.",<<Verifikationsnutzung:passive Übernahme>>,<<Verifikationsnutzung,passive Übernahme>>
person12,Die Infos habe ich jetzt nicht.,<<Begründungsnarrative:Argument: persönliche Erfahrung>>,<<Begründungsnarrative,Argument: persönliche Erfahrung>>
person12,Die Infos habe ich jetzt nicht.,<<Kognitive Unsicherheit:explizite Unsicherheit>>,<<Kognitive Unsicherheit,explizite Unsicherheit>>
person12,"Mal schauen, was sie mir jetzt an Infos gibt.",<<Verifikationsnutzung:aktive Prüfung mit Chatbot>>,<<Verifikationsnutzung,aktive Prüfung mit Chatbot>>
person12,"Mal schauen, was sie mir jetzt an Infos gibt.",<<Metakognitive Reflexion>>,<<Metakognitive Reflexion>>,
person12,"Also zur historischen Genauigkeit zum Völkermord an den Armeniern sagt die KI, dass es gut dokumentiert ist, aber die Interpretation variiert.",<<Verifikationsnutzung:passive Übernahme>>,<<Verifikationsnutzung,passive Übernahme>>
person12,"Also zur historischen Genauigkeit zum Völkermord an den Armeniern sagt die KI, dass es gut dokumentiert ist, aber die Interpretation variiert.",<<Vertrauen in Inhalt/System:Vertrauen in Chatbot/KI>>,<<Vertrauen in Inhalt/System,Vertrauen in Chatbot/KI>>
person12,Und dass die Darstellung Russlands als Friedensstifter sehr umstritten ist.,<<Verifikationsnutzung:passive Übernahme>>,<<Verifikationsnutzung,passive Übernahme>>
person12,Und dass die Darstellung Russlands als Friedensstifter sehr umstritten ist.,<<Begründungsnarrative:Argument: Inhalt vs. Quelle>>,<<Begründungsnarrative,Argument: Inhalt vs. Quelle>>
person12,"Und auch, dass der Artikel eine sehr positive Sicht auf Russland widerspiegelt.",<<Verifikationsnutzung:passive Übernahme>>,<<Verifikationsnutzung,passive Übernahme>>
person12,"Und auch, dass der Artikel eine sehr positive Sicht auf Russland widerspiegelt.",<<Begründungsnarrative:Argument: vermeintliche Objektivität>>,<<Begründungsnarrative,Argument: vermeintliche Objektivität>>
person12,"Die KI gibt auch direkt die Empfehlung, die Quellen kritisch zu hinterfragen.",<<Vertrauen in Inhalt/System:Vertrauen in Chatbot/KI>>,<<Vertrauen in Inhalt/System,Vertrauen in Chatbot/KI>>
person12,"Die KI gibt auch direkt die Empfehlung, die Quellen kritisch zu hinterfragen.",<<Verifikationsnutzung:passive Übernahme>>,<<Verifikationsnutzung,passive Übernahme>>
person12,Und die KI stützt auch gerade bei der Sprache und bei der Rhetorik meine Einschätzung mit der emotionalen Sprache.,<<Verhaltensänderung:Bestätigung bestehender Meinung>>,<<Verhaltensänderung,Bestätigung bestehender Meinung>>
person12,Und die KI stützt auch gerade bei der Sprache und bei der Rhetorik meine Einschätzung mit der emotionalen Sprache.,<<Begründungsnarrative:Argument: Sprache/Stil>>,<<Begründungsnarrative,Argument: Sprache/Stil>>
person12,Ich werde jetzt nochmal die Behauptung mit der Essensversorgung prüfen lassen.,<<Verifikationsnutzung:aktive Prüfung mit Chatbot>>,<<Verifikationsnutzung,aktive Prüfung mit Chatbot>>
person12,Ich werde jetzt nochmal die Behauptung mit der Essensversorgung prüfen lassen.,<<Epistemische Strategien:Faktenprüfung>>,<<Epistemische Strategien,Faktenprüfung>>
person12,"Also auch hier kann mir die KI jetzt genau sagen, dass die Versorgung der Bevölkerung stark variiert hat.",<<Verifikationsnutzung:passive Übernahme>>,<<Verifikationsnutzung,passive Übernahme>>
person12,"Also auch hier kann mir die KI jetzt genau sagen, dass die Versorgung der Bevölkerung stark variiert hat.",<<Begründungsnarrative:Argument: Inhalt vs. Quelle>>,<<Begründungsnarrative,Argument: Inhalt vs. Quelle>>
person12,"Also im Grunde stimmt es schon, dass die sowjetische Besatzung die Organisation der Versorgung auch mit übernommen hat, aber dass die Rationen stark variiert haben.",<<Verifikationsnutzung:passive Übernahme>>,<<Verifikationsnutzung,passive Übernahme>>
person12,"Also im Grunde stimmt es schon, dass die sowjetische Besatzung die Organisation der Versorgung auch mit übernommen hat, aber dass die Rationen stark variiert haben.",<<Epistemische Strategien:Plausibilitätsabwägung>>,<<Epistemische Strategien,Plausibilitätsabwägung>>
person12,"Also im Grunde stützt die KI meine Einschätzung, deswegen werde ich jetzt weitermachen.",<<Verhaltensänderung:Bestätigung bestehender Meinung>>,<<Verhaltensänderung,Bestätigung bestehender Meinung>>
person12,"Also im Grunde stützt die KI meine Einschätzung, deswegen werde ich jetzt weitermachen.",<<Vertrauen in Inhalt/System:Vertrauen in Chatbot/KI>>,<<Vertrauen in Inhalt/System,Vertrauen in Chatbot/KI>>
person12,Also auch nach der KI-Verifikation finde ich den Artikel absolut unglaubwürdig und bin sehr sicher mit meiner Einschätzung.,<<Verhaltensänderung:Bestätigung bestehender Meinung>>,<<Verhaltensänderung,Bestätigung bestehender Meinung>>
person12,Also auch nach der KI-Verifikation finde ich den Artikel absolut unglaubwürdig und bin sehr sicher mit meiner Einschätzung.,<<Vertrauen in Inhalt/System:generelles Misstrauen gegenüber Medieninhalten>>,<<Vertrauen in Inhalt/System,generelles Misstrauen gegenüber Medieninhalten>>
person12,Also meine Einschätzung ist auch gleich geblieben.,<<Verhaltensänderung:keine Veränderung / Fixierung>>,<<Verhaltensänderung,keine Veränderung / Fixierung>>
person12,Ich fand die Antwort der KI teilweise hilfreich.,<<Vertrauen in Inhalt/System:Vertrauen in Chatbot/KI>>,<<Vertrauen in Inhalt/System,Vertrauen in Chatbot/KI>>
person12,Ich fand die Antwort der KI teilweise hilfreich.,<<Verifikationsnutzung:kritisches Hinterfragen von KI-Antwort>>,<<Verifikationsnutzung,kritisches Hinterfragen von KI-Antwort>>
person12,"Aber ich habe auch nicht danach gefragt, sie hätte direkt Quellen mit angeben können.",<<Begründungsnarrative:Argument: Inhalt vs. Quelle>>,<<Begründungsnarrative,Argument: Inhalt vs. Quelle>>
person12,"Aber ich habe auch nicht danach gefragt, sie hätte direkt Quellen mit angeben können.",<<Metakognitive Reflexion>>,<<Metakognitive Reflexion>>,
person12,"Sie hat mir bedingt bei der Entscheidung geholfen, aber ich vertraue auch der Einschätzung, die sie mir gegeben hat.",<<Vertrauen in Inhalt/System:Vertrauen in Chatbot/KI>>,<<Vertrauen in Inhalt/System,Vertrauen in Chatbot/KI>>
person12,"Sie hat mir bedingt bei der Entscheidung geholfen, aber ich vertraue auch der Einschätzung, die sie mir gegeben hat.",<<Verhaltensänderung:Bestätigung bestehender Meinung>>,<<Verhaltensänderung,Bestätigung bestehender Meinung>>
person12,"Sie hat mir aber ein paar Informationen noch gegeben, die ich vorher noch nicht genau hatte.",<<Verifikationsnutzung:passive Übernahme>>,<<Verifikationsnutzung,passive Übernahme>>
person12,"Sie hat mir aber ein paar Informationen noch gegeben, die ich vorher noch nicht genau hatte.",<<Vertrauen in Inhalt/System:Vertrauen in Chatbot/KI>>,<<Vertrauen in Inhalt/System,Vertrauen in Chatbot/KI>>
person12,"Also der Assistent sagt, dass er keine spezifischen Urteile zu Scheinbeschäftigung hat.",<<Verifikationsnutzung:passive Übernahme>>,<<Verifikationsnutzung,passive Übernahme>>
person12,"Also der Assistent sagt, dass er keine spezifischen Urteile zu Scheinbeschäftigung hat.",<<Vertrauen in Inhalt/System:Zweifel an Verifikation>>,<<Vertrauen in Inhalt/System,Zweifel an Verifikation>>
person12,Das lässt mich jetzt schon zweifeln an der Glaubwürdigkeit des Artikels.,<<Verhaltensänderung:Urteilsänderung durch KI>>,<<Verhaltensänderung,Urteilsänderung durch KI>>
person12,Das lässt mich jetzt schon zweifeln an der Glaubwürdigkeit des Artikels.,<<Kognitive Unsicherheit:explizite Unsicherheit>>,<<Kognitive Unsicherheit,explizite Unsicherheit>>
person12,Jetzt gibt mir die KI Empfehlungen.,<<Verifikationsnutzung:passive Übernahme>>,<<Verifikationsnutzung,passive Übernahme>>
person12,Jetzt gibt mir die KI Empfehlungen.,<<Vertrauen in Inhalt/System:Vertrauen in Chatbot/KI>>,<<Vertrauen in Inhalt/System,Vertrauen in Chatbot/KI>>
person12,"Darf ich selber googeln, was ich machen könnte?",<<Verifikationsnutzung:Einschränkung externer Recherchequellen>>,<<Verifikationsnutzung,Einschränkung externer Recherchequellen>>
person12,"Darf ich selber googeln, was ich machen könnte?",<<Metakognitive Reflexion>>,<<Metakognitive Reflexion>>,
person12,"Also ich könnte jetzt meine Quellen selber überprüfen und selber in Medien Kreuzvergleiche machen, aber die KI kann jetzt anscheinend gerade nichts finden.",<<Begründungsnarrative:Argument: persönliche Erfahrung>>,<<Begründungsnarrative,Argument: persönliche Erfahrung>>
person12,"Also ich könnte jetzt meine Quellen selber überprüfen und selber in Medien Kreuzvergleiche machen, aber die KI kann jetzt anscheinend gerade nichts finden.",<<Vertrauen in Inhalt/System:Zweifel an Verifikation>>,<<Vertrauen in Inhalt/System,Zweifel an Verifikation>>
person12,"Was mich ja wundert, weil wenn es ein echter Artikel wäre, dann müsste es ja auch dazu wirkliche Berichterstattung geben, weil Gerichtsurteile ja veröffentlicht werden in solchen Zusammenhängen.",<<Epistemische Strategien:logische Argumentation>>,<<Epistemische Strategien,logische Argumentation>>
person12,"Was mich ja wundert, weil wenn es ein echter Artikel wäre, dann müsste es ja auch dazu wirkliche Berichterstattung geben, weil Gerichtsurteile ja veröffentlicht werden in solchen Zusammenhängen.",<<Affektive Reaktionen:Unsicherheit>>,<<Affektive Reaktionen,Unsicherheit>>
person12,"Also für mich ist dadurch der Artikel leider unglaubwürdig geworden, weil die KI keine Quellen dazu findet.",<<Verhaltensänderung:Urteilsänderung durch KI>>,<<Verhaltensänderung,Urteilsänderung durch KI>>
person12,"Also für mich ist dadurch der Artikel leider unglaubwürdig geworden, weil die KI keine Quellen dazu findet.",<<Begründungsnarrative:Argument: Inhalt vs. Quelle>>,<<Begründungsnarrative,Argument: Inhalt vs. Quelle>>
person12,"Ich bin mir nicht sicher bei meiner Einschätzung, weil ich könnte es mir trotzdem vorstellen, aber es gibt keine Quellen dazu.",<<Kognitive Unsicherheit:explizite Unsicherheit>>,<<Kognitive Unsicherheit,explizite Unsicherheit>>
person12,"Ich bin mir nicht sicher bei meiner Einschätzung, weil ich könnte es mir trotzdem vorstellen, aber es gibt keine Quellen dazu.",<<Affektive Reaktionen:Unsicherheit>>,<<Affektive Reaktionen,Unsicherheit>>
person12,"Meine Einschätzung hat sich geändert, dass ich ihn weniger glaubwürdig finde.",<<Verhaltensänderung:Urteilsänderung durch KI>>,<<Verhaltensänderung,Urteilsänderung durch KI>>
person12,Ich fand jetzt die Antwort der KI bedingt hilfreich.,<<Vertrauen in Inhalt/System:Zweifel an Verifikation>>,<<Vertrauen in Inhalt/System,Zweifel an Verifikation>>
person12,Ich fand jetzt die Antwort der KI bedingt hilfreich.,<<Verifikationsnutzung:kritisches Hinterfragen von KI-Antwort>>,<<Verifikationsnutzung,kritisches Hinterfragen von KI-Antwort>>
person12,Aber ich müsste dann selber nochmal suchen. Also ich würde mich jetzt nicht komplett auf die KI verlassen.,<<Vertrauen in Inhalt/System:Zweifel an Verifikation>>,<<Vertrauen in Inhalt/System,Zweifel an Verifikation>>
person12,Aber ich müsste dann selber nochmal suchen. Also ich würde mich jetzt nicht komplett auf die KI verlassen.,<<Epistemische Strategien:Faktenprüfung>>,<<Epistemische Strategien,Faktenprüfung>>
person12,"Die KI hat mir bei meiner Entscheidung nicht geholfen, weil ich mir unsicher bin.",<<Vertrauen in Inhalt/System:Zweifel an Verifikation>>,<<Vertrauen in Inhalt/System,Zweifel an Verifikation>>
person12,"Die KI hat mir bei meiner Entscheidung nicht geholfen, weil ich mir unsicher bin.",<<Kognitive Unsicherheit:explizite Unsicherheit>>,<<Kognitive Unsicherheit,explizite Unsicherheit>>
person12,"Und ich vertraue auch der Einschätzung der KI. Also bin ich neutral, weil sie hat keine wirkliche gegeben.",<<Vertrauen in Inhalt/System:Zweifel an Verifikation>>,<<Vertrauen in Inhalt/System,Zweifel an Verifikation>>
person12,"Und ich vertraue auch der Einschätzung der KI. Also bin ich neutral, weil sie hat keine wirkliche gegeben.",<<Verifikationsnutzung:kritisches Hinterfragen von KI-Antwort>>,<<Verifikationsnutzung,kritisches Hinterfragen von KI-Antwort>>
person12,"Und am meisten hat mich jetzt beeinflusst bei der Entscheidung der KI-Verifikation, dass es halt keine Quellen gibt.",<<Verhaltensänderung:Urteilsänderung durch KI>>,<<Verhaltensänderung,Urteilsänderung durch KI>>
person12,"Und am meisten hat mich jetzt beeinflusst bei der Entscheidung der KI-Verifikation, dass es halt keine Quellen gibt.",<<Begründungsnarrative:Argument: Inhalt vs. Quelle>>,<<Begründungsnarrative,Argument: Inhalt vs. Quelle>>
person12,"Okay, ich bin fertig.",<<Metakognitive Reflexion>>,<<Metakognitive Reflexion>>,
person12,"Okay, ich bin fertig.",<<Begründungsnarrative:Argument: persönliche Erfahrung>>,<<Begründungsnarrative,Argument: persönliche Erfahrung>>
person12,Dann würdest du noch einmal den Weiterfahrten suchen? Vielen Dank für deine Teilnahme!,<<Affektive Reaktionen:Zustimmung / Zustimmungssignale>>,<<Affektive Reaktionen,Zustimmung / Zustimmungssignale>>
person12,Dann würdest du noch einmal den Weiterfahrten suchen? Vielen Dank für deine Teilnahme!,<<Metakognitive Reflexion>>,<<Metakognitive Reflexion>>,
person12,"Soll ich die Freigabe stoppen? Warte. Ja, Freigabe stoppen, genau.",<<Begründungsnarrative:Argument: persönliche Erfahrung>>,<<Begründungsnarrative,Argument: persönliche Erfahrung>>
person12,"Soll ich die Freigabe stoppen? Warte. Ja, Freigabe stoppen, genau.",<<Metakognitive Reflexion>>,<<Metakognitive Reflexion>>,
