﻿person_id,text_segment,annotation,category,memo
4,"Beim ersten Absatz finde ich es bisher ganz glaubwürdig, muss ich sagen. Es klingt nach so einem typischen Zeitungsartikel, also mit der Frage, ein politisches Urteil und so.",Heuristische Bewertung:Sprache/Stil,Heuristische Bewertung,ARTIKEL 1 - PHASE 1: Erste Bewertung; T4
4,"Beim ersten Absatz finde ich es bisher ganz glaubwürdig, muss ich sagen. Es klingt nach so einem typischen Zeitungsartikel, also mit der Frage, ein politisches Urteil und so.",Vertrauen in Inhalt/System:generelles Vertrauen in Medien,Vertrauen in Inhalt/System,ARTIKEL 1 - PHASE 1: Erste Bewertung; T4
4,"Der zweite Absatz macht es ein bisschen unglaubwürdiger, weil es ist schon sehr viel Meinung drinnen.",Begründungsnarrative:Argument: vermeintliche Objektivität,Begründungsnarrative,ARTIKEL 1 - PHASE 1: Erste Bewertung; T4
4,"Der zweite Absatz macht es ein bisschen unglaubwürdiger, weil es ist schon sehr viel Meinung drinnen.",Textinterne Begründungen,Textinterne Begründungen,ARTIKEL 1 - PHASE 1: Erste Bewertung; T4
4,"Mit dem fetten Polster an Umfeldvereinen, die bei Wahlen nicht erfolgreicher Parteifreunde immer Unterschlupf und Einkommen garantieren.",Textinterne Begründungen,Textinterne Begründungen,ARTIKEL 1 - PHASE 1: Erste Bewertung; T4
4,"Mit dem fetten Polster an Umfeldvereinen, die bei Wahlen nicht erfolgreicher Parteifreunde immer Unterschlupf und Einkommen garantieren.",Heuristische Bewertung:Sprache/Stil,Heuristische Bewertung,ARTIKEL 1 - PHASE 1: Erste Bewertung; T4
4,"Und auch mit dem Selbstbedienungsladen. Es klingt jetzt nicht nach so einem typischen Zeitungsartikel, weil die sind ja ein bisschen neutraler geschrieben, meistens.",Begründungsnarrative:Argument: Sprache/Stil,Begründungsnarrative,ARTIKEL 1 - PHASE 1: Erste Bewertung; T4
4,"Und auch mit dem Selbstbedienungsladen. Es klingt jetzt nicht nach so einem typischen Zeitungsartikel, weil die sind ja ein bisschen neutraler geschrieben, meistens.",Epistemische Strategien:Kontextwissen,Epistemische Strategien,ARTIKEL 1 - PHASE 1: Erste Bewertung; T4
4,"Es ist auf jeden Fall jemand, der seine Meinung zu dem Thema so sagt, und sehr aus seiner Perspektive schreibt.",Begründungsnarrative:Argument: vermeintliche Objektivität,Begründungsnarrative,ARTIKEL 1 - PHASE 1: Erste Bewertung; T4
4,"Es ist auf jeden Fall jemand, der seine Meinung zu dem Thema so sagt, und sehr aus seiner Perspektive schreibt.",Heuristische Bewertung:Sprache/Stil,Heuristische Bewertung,ARTIKEL 1 - PHASE 1: Erste Bewertung; T4
4,"Also er hat sie einmal in der betreuten Schule gesehen. Und ganz in ihrer Freizeit und ehrenamtlich, also es ist wohl jemand, der sie begleitet hat.",Textinterne Begründungen,Textinterne Begründungen,ARTIKEL 1 - PHASE 1: Erste Bewertung; T4
4,"Also er hat sie einmal in der betreuten Schule gesehen. Und ganz in ihrer Freizeit und ehrenamtlich, also es ist wohl jemand, der sie begleitet hat.",Epistemische Strategien:Faktenprüfung,Epistemische Strategien,ARTIKEL 1 - PHASE 1: Erste Bewertung; T4
4,"Also es ist halt aus der Perspektive von einem, es ist ja viel Meinung dabei und jetzt wenig Fakten.",Begründungsnarrative:Argument: Inhalt vs. Quelle,Begründungsnarrative,ARTIKEL 1 - PHASE 1: Erste Bewertung; T4
4,"Also es ist halt aus der Perspektive von einem, es ist ja viel Meinung dabei und jetzt wenig Fakten.",Begründungsnarrative:Argument: vermeintliche Objektivität,Begründungsnarrative,ARTIKEL 1 - PHASE 1: Erste Bewertung; T4
4,"Also es klingt schon sehr nach viel Meinung. Es sind ja wenig Fakten drin, dann nur mit den 24 weiteren Personen. Also es sind wenig Zahlen und wenig tatsächliche Fakten.",Begründungsnarrative:Argument: Inhalt vs. Quelle,Begründungsnarrative,ARTIKEL 1 - PHASE 1: Erste Bewertung; T4
4,"Also es klingt schon sehr nach viel Meinung. Es sind ja wenig Fakten drin, dann nur mit den 24 weiteren Personen. Also es sind wenig Zahlen und wenig tatsächliche Fakten.",Textinterne Begründungen,Textinterne Begründungen,ARTIKEL 1 - PHASE 1: Erste Bewertung; T4
4,"Ich finde, es ist jetzt wenig Fakten basiert. Also er hat jetzt teilweise nur ein paar Sachen reingeschrieben, aber es ist schon sehr viel Meinung, sehr viel rhetorische Fragen.",Begründungsnarrative:Argument: Inhalt vs. Quelle,Begründungsnarrative,ARTIKEL 1 - PHASE 1: Erste Bewertung; T4
4,"Ich finde, es ist jetzt wenig Fakten basiert. Also er hat jetzt teilweise nur ein paar Sachen reingeschrieben, aber es ist schon sehr viel Meinung, sehr viel rhetorische Fragen.",Heuristische Bewertung:Sprache/Stil,Heuristische Bewertung,ARTIKEL 1 - PHASE 1: Erste Bewertung; T4
4,"Also glaubwürdig im Sinne von, dass es die Person so empfindet, auf jeden Fall. Wie es jetzt mit den Fakten ausschaut. Ich finde, es wirkt so ein bisschen manipulierend.",Begründungsnarrative:Argument: vermeintliche Objektivität,Begründungsnarrative,ARTIKEL 1 - PHASE 1: Erste Bewertung; T4; Fragebogen Artikel 1:
4,"Also glaubwürdig im Sinne von, dass es die Person so empfindet, auf jeden Fall. Wie es jetzt mit den Fakten ausschaut. Ich finde, es wirkt so ein bisschen manipulierend.",Affektive Reaktionen:emotionale Ablehnung,Affektive Reaktionen,ARTIKEL 1 - PHASE 1: Erste Bewertung; T4; Fragebogen Artikel 1:
4,Weil der natürlich seine Meinung breittritt und auch schon so ein bisschen Hass schüren will.,Begründungsnarrative:Argument: gesellschaftlicher Kontext,Begründungsnarrative,ARTIKEL 1 - PHASE 1: Erste Bewertung; T4; Fragebogen Artikel 1:
4,Weil der natürlich seine Meinung breittritt und auch schon so ein bisschen Hass schüren will.,Epistemische Strategien:Plausibilitätsabwägung,Epistemische Strategien,ARTIKEL 1 - PHASE 1: Erste Bewertung; T4; Fragebogen Artikel 1:
4,"Deswegen würde ich jetzt, wenn ich den lesen würde alleine, den nicht als Quelle oder so hernehmen, weil es halt einfach nur komplett eine Seite beleuchtet.",Begründungsnarrative:Argument: vermeintliche Objektivität,Begründungsnarrative,ARTIKEL 1 - PHASE 1: Erste Bewertung; T4; Fragebogen Artikel 1:
4,"Deswegen würde ich jetzt, wenn ich den lesen würde alleine, den nicht als Quelle oder so hernehmen, weil es halt einfach nur komplett eine Seite beleuchtet.",Vertrauen in Inhalt/System:generelles Misstrauen gegenüber Medieninhalten,Vertrauen in Inhalt/System,ARTIKEL 1 - PHASE 1: Erste Bewertung; T4; Fragebogen Artikel 1:
4,"Sprachstil, ja, sehr. Weil es so komisch, bisschen so passiv-aggressiv geschrieben ist.",Begründungsnarrative:Argument: Sprache/Stil,Begründungsnarrative,ARTIKEL 1 - PHASE 1: Erste Bewertung; T4; Fragebogen Artikel 1:
4,"Sprachstil, ja, sehr. Weil es so komisch, bisschen so passiv-aggressiv geschrieben ist.",Heuristische Bewertung:Sprache/Stil,Heuristische Bewertung,ARTIKEL 1 - PHASE 1: Erste Bewertung; T4; Fragebogen Artikel 1:
4,Faktendichte hat mir auch ein bisschen gefehlt.,Begründungsnarrative:Argument: Inhalt vs. Quelle,Begründungsnarrative,ARTIKEL 1 - PHASE 1: Erste Bewertung; T4; Fragebogen Artikel 1:
4,"Also ich wusste so grob, was passiert ist, aber ich habe jetzt das nicht so stark verfolgt.",Begründungsnarrative:Argument: persönliche Erfahrung,Begründungsnarrative,ARTIKEL 1 - PHASE 1: Erste Bewertung; T4; Fragebogen Artikel 1:
4,"Also ich wusste so grob, was passiert ist, aber ich habe jetzt das nicht so stark verfolgt.",Heuristische Bewertung:Bekanntheit des Themas,Heuristische Bewertung,ARTIKEL 1 - PHASE 1: Erste Bewertung; T4; Fragebogen Artikel 1:
4,"Ich bin schon ein bisschen esoterisch am ehesten. Erinnern Sie sich an etwas? Nein, tue ich tatsächlich nicht.",Begründungsnarrative:Argument: persönliche Erfahrung,Begründungsnarrative,ARTIKEL 2 - PHASE 1: Erste Bewertung; T4
4,"Ich bin schon ein bisschen esoterisch am ehesten. Erinnern Sie sich an etwas? Nein, tue ich tatsächlich nicht.",Kognitive Unsicherheit:explizite Unsicherheit,Kognitive Unsicherheit,ARTIKEL 2 - PHASE 1: Erste Bewertung; T4
4,Ich bin jetzt gerade hier. Es hat sich sehr schnell geändert von Pro-Russland zu Gegen-Türken.,Textinterne Begründungen,Textinterne Begründungen,ARTIKEL 2 - PHASE 1: Erste Bewertung; T4
4,Ich bin jetzt gerade hier. Es hat sich sehr schnell geändert von Pro-Russland zu Gegen-Türken.,Kognitive Unsicherheit:Widersprüche erkannt,Kognitive Unsicherheit,ARTIKEL 2 - PHASE 1: Erste Bewertung; T4
4,"Außerdem meine ich, dass man Mesopotamien mit einem S schreibt. Ich glaube, wenn das jetzt ein Journalist geschrieben hätte, wäre das...",Textinterne Begründungen,Textinterne Begründungen,ARTIKEL 2 - PHASE 1: Erste Bewertung; T4
4,"Außerdem meine ich, dass man Mesopotamien mit einem S schreibt. Ich glaube, wenn das jetzt ein Journalist geschrieben hätte, wäre das...",Epistemische Strategien:Faktenprüfung,Epistemische Strategien,ARTIKEL 2 - PHASE 1: Erste Bewertung; T4
4,"Ich weiß, dass die Kriegsgefangenen tatsächlich in Russland nicht so schlimm behandelt wurden, wie teilweise andereorts.",Begründungsnarrative:Argument: persönliche Erfahrung,Begründungsnarrative,ARTIKEL 2 - PHASE 1: Erste Bewertung; T4
4,"Ich weiß, dass die Kriegsgefangenen tatsächlich in Russland nicht so schlimm behandelt wurden, wie teilweise andereorts.",Epistemische Strategien:Kontextwissen,Epistemische Strategien,ARTIKEL 2 - PHASE 1: Erste Bewertung; T4
4,"Aber das ist schon... Die Barmherzigkeit des russischen Soldats, das grenzenlos ist jetzt ein bisschen übertrieben, weil die haben nämlich schon ganz schön viel angerichtet da.",Begründungsnarrative:Argument: gesellschaftlicher Kontext,Begründungsnarrative,ARTIKEL 2 - PHASE 1: Erste Bewertung; T4
4,"Aber das ist schon... Die Barmherzigkeit des russischen Soldats, das grenzenlos ist jetzt ein bisschen übertrieben, weil die haben nämlich schon ganz schön viel angerichtet da.",Heuristische Bewertung:Sprache/Stil,Heuristische Bewertung,ARTIKEL 2 - PHASE 1: Erste Bewertung; T4
4,"Also ich finde, das Zitat ist sehr aus dem Kontext gerissen.",Begründungsnarrative:Argument: Inhalt vs. Quelle,Begründungsnarrative,ARTIKEL 2 - PHASE 1: Erste Bewertung; T4
4,"Also ich finde, das Zitat ist sehr aus dem Kontext gerissen.",Epistemische Strategien:logische Argumentation,Epistemische Strategien,ARTIKEL 2 - PHASE 1: Erste Bewertung; T4
4,Zu Recht sagt unser Präsident Vladimir Vladimirovich. Könnte ich sagen. Ich weiß es nicht.,Textinterne Begründungen,Textinterne Begründungen,ARTIKEL 2 - PHASE 1: Erste Bewertung; T4
4,Zu Recht sagt unser Präsident Vladimir Vladimirovich. Könnte ich sagen. Ich weiß es nicht.,Kognitive Unsicherheit:explizite Unsicherheit,Kognitive Unsicherheit,ARTIKEL 2 - PHASE 1: Erste Bewertung; T4
4,"Ich drücke mal 2, weil ich habe von sehr viel davon noch gar nichts gehört und ich glaube, das wäre mir irgendwann mal untergekommen.",Begründungsnarrative:Argument: persönliche Erfahrung,Begründungsnarrative,ARTIKEL 2 - PHASE 1: Erste Bewertung; T4; Fragebogen Artikel 2:
4,"Ich drücke mal 2, weil ich habe von sehr viel davon noch gar nichts gehört und ich glaube, das wäre mir irgendwann mal untergekommen.",Epistemische Strategien:Plausibilitätsabwägung,Epistemische Strategien,ARTIKEL 2 - PHASE 1: Erste Bewertung; T4; Fragebogen Artikel 2:
4,"Ich drücke mal 2, weil ich habe von sehr viel davon noch gar nichts gehört und ich glaube, das wäre mir irgendwann mal untergekommen.",Vertrauen in Inhalt/System:generelles Misstrauen gegenüber Medieninhalten,Vertrauen in Inhalt/System,ARTIKEL 2 - PHASE 1: Erste Bewertung; T4; Fragebogen Artikel 2:
4,Also wir haben einen sehr emotional geschriebenen Text.,Heuristische Bewertung:Sprache/Stil,Heuristische Bewertung,ARTIKEL 2 - PHASE 1: Erste Bewertung; T4; Fragebogen Artikel 2:
4,Also wir haben einen sehr emotional geschriebenen Text.,Begründungsnarrative:Argument: Sprache/Stil,Begründungsnarrative,ARTIKEL 2 - PHASE 1: Erste Bewertung; T4; Fragebogen Artikel 2:
4,"Informationsgehalt und Faktendichte war jetzt... Also ich habe mich schon sehr davon beeinflussen lassen, weil ich gesagt habe, ich habe davon noch nie was gehört.",Begründungsnarrative:Argument: Inhalt vs. Quelle,Begründungsnarrative,ARTIKEL 2 - PHASE 1: Erste Bewertung; T4; Fragebogen Artikel 2:
4,"Informationsgehalt und Faktendichte war jetzt... Also ich habe mich schon sehr davon beeinflussen lassen, weil ich gesagt habe, ich habe davon noch nie was gehört.",Metakognitive Reflexion,Metakognitive Reflexion,ARTIKEL 2 - PHASE 1: Erste Bewertung; T4; Fragebogen Artikel 2:
4,"Mein Bauchgefühl war dieses Mal sehr, also eigentlich von Anfang an, dass es irgendwie ein bisschen behitzend ist.",Heuristische Bewertung:Bauchgefühl,Heuristische Bewertung,ARTIKEL 2 - PHASE 1: Erste Bewertung; T4; Fragebogen Artikel 2:
4,"Mein Bauchgefühl war dieses Mal sehr, also eigentlich von Anfang an, dass es irgendwie ein bisschen behitzend ist.",Affektive Reaktionen:emotionale Ablehnung,Affektive Reaktionen,ARTIKEL 2 - PHASE 1: Erste Bewertung; T4; Fragebogen Artikel 2:
4,"Also ich finde den ersten, den Einleitungssatz, der klingt eigentlich so typisch wie in so einem journalistischen Artikel.",Heuristische Bewertung:Sprache/Stil,Heuristische Bewertung,ARTIKEL 3 - PHASE 1: Erste Bewertung; T4
4,"Also ich finde den ersten, den Einleitungssatz, der klingt eigentlich so typisch wie in so einem journalistischen Artikel.",Begründungsnarrative:Argument: Sprache/Stil,Begründungsnarrative,ARTIKEL 3 - PHASE 1: Erste Bewertung; T4
4,"Weil das ist halt einfach nur Information, ohne jetzt direkt, naja, okay, der Angriffskrieg Putins ist schon wieder ein bisschen pro-Ukraine geschrieben.",Textinterne Begründungen,Textinterne Begründungen,ARTIKEL 3 - PHASE 1: Erste Bewertung; T4
4,"Weil das ist halt einfach nur Information, ohne jetzt direkt, naja, okay, der Angriffskrieg Putins ist schon wieder ein bisschen pro-Ukraine geschrieben.",Begründungsnarrative:Argument: vermeintliche Objektivität,Begründungsnarrative,ARTIKEL 3 - PHASE 1: Erste Bewertung; T4
4,"Aber ich finde es ist trotzdem, so wie man es jetzt bei uns in der Zeitung auch lösen könnte, das finde ich macht es erst mal ein bisschen glaubwürdig.",Vertrauen in Inhalt/System:generelles Vertrauen in Medien,Vertrauen in Inhalt/System,ARTIKEL 3 - PHASE 1: Erste Bewertung; T4
4,"Aber ich finde es ist trotzdem, so wie man es jetzt bei uns in der Zeitung auch lösen könnte, das finde ich macht es erst mal ein bisschen glaubwürdig.",Epistemische Strategien:Kontextwissen,Epistemische Strategien,ARTIKEL 3 - PHASE 1: Erste Bewertung; T4
4,"Und ich finde es ist natürlich jetzt schon, also gegen Russland formuliert sozusagen, aber nicht so extrem wie bei den anderen.",Vergleichende Bewertung,Vergleichende Bewertung,ARTIKEL 3 - PHASE 1: Erste Bewertung; T4
4,"Und ich finde es ist natürlich jetzt schon, also gegen Russland formuliert sozusagen, aber nicht so extrem wie bei den anderen.",Begründungsnarrative:Argument: Sprache/Stil,Begründungsnarrative,ARTIKEL 3 - PHASE 1: Erste Bewertung; T4
4,"Also es wird jetzt nicht, so finde ich, auf persönlicher Ebene gegen Russland geschrieben.",Begründungsnarrative:Argument: vermeintliche Objektivität,Begründungsnarrative,ARTIKEL 3 - PHASE 1: Erste Bewertung; T4
4,"Und bisher klingt es auch sehr schlüssig. Also es ist nicht so durcheinander, sag ich mal, wie die anderen Artikel.",Begründungsnarrative:Argument: Struktur und Logik,Begründungsnarrative,ARTIKEL 3 - PHASE 1: Erste Bewertung; T4
4,"Und bisher klingt es auch sehr schlüssig. Also es ist nicht so durcheinander, sag ich mal, wie die anderen Artikel.",Vergleichende Bewertung,Vergleichende Bewertung,ARTIKEL 3 - PHASE 1: Erste Bewertung; T4
4,Also es ist auch von Absatz zu Absatz kein so großer Sprung.,Textinterne Begründungen,Textinterne Begründungen,ARTIKEL 3 - PHASE 1: Erste Bewertung; T4
4,Also es ist auch von Absatz zu Absatz kein so großer Sprung.,Begründungsnarrative:Argument: Struktur und Logik,Begründungsnarrative,ARTIKEL 3 - PHASE 1: Erste Bewertung; T4
4,"Und ich jetzt auch eher ein bisschen, also von der Art und Weise, wie es geschrieben ist, klingt es schon ein bisschen vertrauensbedürtiger.",Heuristische Bewertung:Sprache/Stil,Heuristische Bewertung,ARTIKEL 3 - PHASE 1: Erste Bewertung; T4
4,"Und ich jetzt auch eher ein bisschen, also von der Art und Weise, wie es geschrieben ist, klingt es schon ein bisschen vertrauensbedürtiger.",Vertrauen in Inhalt/System:generelles Vertrauen in Medien,Vertrauen in Inhalt/System,ARTIKEL 3 - PHASE 1: Erste Bewertung; T4
4,"Also ich finde es schön so argumentiert eben die Reihenfolge. Also dass es so schlüssig geschrieben ist, ist eigentlich von Anfang bis Ende durch.",Begründungsnarrative:Argument: Struktur und Logik,Begründungsnarrative,ARTIKEL 3 - PHASE 1: Erste Bewertung; T4
4,"Also ich finde es schön so argumentiert eben die Reihenfolge. Also dass es so schlüssig geschrieben ist, ist eigentlich von Anfang bis Ende durch.",Affektive Reaktionen:Zustimmung / Zustimmungssignale,Affektive Reaktionen,ARTIKEL 3 - PHASE 1: Erste Bewertung; T4
4,"Aber ich finde jetzt rein von dem, wie es geschrieben ist, es klingt jetzt nicht so hetzerisch wie die davor. Finde ich jetzt schon relativ glaubwürdig.",Begründungsnarrative:Argument: Sprache/Stil,Begründungsnarrative,ARTIKEL 3 - PHASE 1: Erste Bewertung; T4; Fragebogen Artikel 3:
4,"Aber ich finde jetzt rein von dem, wie es geschrieben ist, es klingt jetzt nicht so hetzerisch wie die davor. Finde ich jetzt schon relativ glaubwürdig.",Vertrauen in Inhalt/System:generelles Vertrauen in Medien,Vertrauen in Inhalt/System,ARTIKEL 3 - PHASE 1: Erste Bewertung; T4; Fragebogen Artikel 3:
4,"Bin mir diesmal nicht so sicher mit meiner Glaubwürdigkeit einschätzen. Weil es kann auch gut sein, dass ich mich jetzt einfach ein bisschen beirren lasse, durch dass es so, sagen wir mal, sauber geschrieben ist und eigentlich logisch klingt.",Kognitive Unsicherheit:explizite Unsicherheit,Kognitive Unsicherheit,ARTIKEL 3 - PHASE 1: Erste Bewertung; T4; Fragebogen Artikel 3:
4,"Bin mir diesmal nicht so sicher mit meiner Glaubwürdigkeit einschätzen. Weil es kann auch gut sein, dass ich mich jetzt einfach ein bisschen beirren lasse, durch dass es so, sagen wir mal, sauber geschrieben ist und eigentlich logisch klingt.",Metakognitive Reflexion,Metakognitive Reflexion,ARTIKEL 3 - PHASE 1: Erste Bewertung; T4; Fragebogen Artikel 3:
4,"Okay, also den ersten Absatz finde ich jetzt schon mal sehr glaubwürdig.",Vertrauen in Inhalt/System:generelles Vertrauen in Medien,Vertrauen in Inhalt/System,ARTIKEL 4 - PHASE 1: Erste Bewertung; T4
4,"Okay, also den ersten Absatz finde ich jetzt schon mal sehr glaubwürdig.",Heuristische Bewertung:Bauchgefühl,Heuristische Bewertung,ARTIKEL 4 - PHASE 1: Erste Bewertung; T4
4,"Ich habe auf jeden Fall gehört von diesem World Press Photo Award, aber wer da jetzt genau gewonnen hat oder was auch immer, weiß ich nicht.",Begründungsnarrative:Argument: persönliche Erfahrung,Begründungsnarrative,ARTIKEL 4 - PHASE 1: Erste Bewertung; T4
4,"Ich habe auf jeden Fall gehört von diesem World Press Photo Award, aber wer da jetzt genau gewonnen hat oder was auch immer, weiß ich nicht.",Heuristische Bewertung:Bekanntheit des Themas,Heuristische Bewertung,ARTIKEL 4 - PHASE 1: Erste Bewertung; T4
4,"Ja, ich finde es bisher, also der erste Satz ist schon, also der erste Satz macht es ein bisschen unglaubwürdig.",Textinterne Begründungen,Textinterne Begründungen,ARTIKEL 4 - PHASE 1: Erste Bewertung; T4
4,"Ja, ich finde es bisher, also der erste Satz ist schon, also der erste Satz macht es ein bisschen unglaubwürdig.",Kognitive Unsicherheit:Widersprüche erkannt,Kognitive Unsicherheit,ARTIKEL 4 - PHASE 1: Erste Bewertung; T4
4,"Der ganze erste Absatz insgesamt klingt jetzt schon, so als wäre es von einem Journalisten geschrieben.",Heuristische Bewertung:Sprache/Stil,Heuristische Bewertung,ARTIKEL 4 - PHASE 1: Erste Bewertung; T4
4,"Der ganze erste Absatz insgesamt klingt jetzt schon, so als wäre es von einem Journalisten geschrieben.",Vertrauen in Inhalt/System:generelles Vertrauen in Medien,Vertrauen in Inhalt/System,ARTIKEL 4 - PHASE 1: Erste Bewertung; T4
4,"Ich finde, es ist vor allem dadurch, durch diese Erzählung von der Situation, dass sie da sitzt und halt scrollt und dann mit dem anderen drüber spricht.",Textinterne Begründungen,Textinterne Begründungen,ARTIKEL 4 - PHASE 1: Erste Bewertung; T4
4,"Ich finde, es ist vor allem dadurch, durch diese Erzählung von der Situation, dass sie da sitzt und halt scrollt und dann mit dem anderen drüber spricht.",Begründungsnarrative:Argument: Sprache/Stil,Begründungsnarrative,ARTIKEL 4 - PHASE 1: Erste Bewertung; T4
4,"Also es sind schon mal viele Zitate genannt, ich finde das macht es nochmal ein bisschen, also auch mit Quelle, mit Namen und so weiter und mit Kontext.",Textinterne Begründungen,Textinterne Begründungen,ARTIKEL 4 - PHASE 1: Erste Bewertung; T4
4,"Also es sind schon mal viele Zitate genannt, ich finde das macht es nochmal ein bisschen, also auch mit Quelle, mit Namen und so weiter und mit Kontext.",Begründungsnarrative:Argument: Inhalt vs. Quelle,Begründungsnarrative,ARTIKEL 4 - PHASE 1: Erste Bewertung; T4
4,"Ich finde, das macht es ein bisschen glaubwürdiger.",Vertrauen in Inhalt/System:generelles Vertrauen in Medien,Vertrauen in Inhalt/System,ARTIKEL 4 - PHASE 1: Erste Bewertung; T4
4,"Also ich finde, es sind sehr viele Fakten drin, die sich jetzt, glaube ich, auch einfach überprüfen lassen würden.",Begründungsnarrative:Argument: Inhalt vs. Quelle,Begründungsnarrative,ARTIKEL 4 - PHASE 1: Erste Bewertung; T4
4,"Also ich finde, es sind sehr viele Fakten drin, die sich jetzt, glaube ich, auch einfach überprüfen lassen würden.",Epistemische Strategien:Faktenprüfung,Epistemische Strategien,ARTIKEL 4 - PHASE 1: Erste Bewertung; T4
4,Und ich finde die vielen Zitate halt machen mich schon sehr glaubwürdig.,Begründungsnarrative:Argument: Inhalt vs. Quelle,Begründungsnarrative,ARTIKEL 4 - PHASE 1: Erste Bewertung; T4
4,Und ich finde die vielen Zitate halt machen mich schon sehr glaubwürdig.,Vertrauen in Inhalt/System:generelles Vertrauen in Medien,Vertrauen in Inhalt/System,ARTIKEL 4 - PHASE 1: Erste Bewertung; T4
4,Ich finde den jetzt tatsächlich schon sehr glaubwürdig. Ich würde den jetzt mal in die sieben nehmen.,Vertrauen in Inhalt/System:generelles Vertrauen in Medien,Vertrauen in Inhalt/System,ARTIKEL 4 - PHASE 1: Erste Bewertung; T4; Fragebogen Artikel 4:
4,Ich finde den jetzt tatsächlich schon sehr glaubwürdig. Ich würde den jetzt mal in die sieben nehmen.,Affektive Reaktionen:Zustimmung / Zustimmungssignale,Affektive Reaktionen,ARTIKEL 4 - PHASE 1: Erste Bewertung; T4; Fragebogen Artikel 4:
4,"Also wenn ich jetzt den Artikel lesen würde, hätte das jetzt auf mich, glaube ich, nicht so viel Wirkung.",Begründungsnarrative:Argument: persönliche Erfahrung,Begründungsnarrative,ARTIKEL 4 - PHASE 1: Erste Bewertung; T4; Fragebogen Artikel 4:
4,"Also wenn ich jetzt den Artikel lesen würde, hätte das jetzt auf mich, glaube ich, nicht so viel Wirkung.",Metakognitive Reflexion,Metakognitive Reflexion,ARTIKEL 4 - PHASE 1: Erste Bewertung; T4; Fragebogen Artikel 4:
4,"Also ich würde jetzt auch nicht nach weiteren Quellen suchen bei dem, weil es, finde ich, jetzt nicht so weitreichende Folgen hat.",Epistemische Strategien:Plausibilitätsabwägung,Epistemische Strategien,ARTIKEL 4 - PHASE 1: Erste Bewertung; T4; Fragebogen Artikel 4:
4,"Also ich würde jetzt auch nicht nach weiteren Quellen suchen bei dem, weil es, finde ich, jetzt nicht so weitreichende Folgen hat.",Verhaltensänderung:keine Veränderung / Fixierung,Verhaltensänderung,ARTIKEL 4 - PHASE 1: Erste Bewertung; T4; Fragebogen Artikel 4:
4,"Also ich würde jetzt auch nicht nach weiteren Quellen suchen bei dem, weil es, finde ich, jetzt nicht so weitreichende Folgen hat.",,,ARTIKEL 4 - PHASE 1: Erste Bewertung; T4; Fragebogen Artikel 4:
4,"Das ist der schwierigste Artikel gleich am Anfang. Ich finde, das ist halt sehr viel Meinung. Also wenig Fakten, die ich jetzt so tatsächlich überprüfen könnte.",Metakognitive Reflexion,Metakognitive Reflexion,ARTIKEL 1 - PHASE 2; T4
4,"Das ist der schwierigste Artikel gleich am Anfang. Ich finde, das ist halt sehr viel Meinung. Also wenig Fakten, die ich jetzt so tatsächlich überprüfen könnte.",Begründungsnarrative:Argument: Inhalt vs. Quelle,Begründungsnarrative,ARTIKEL 1 - PHASE 2; T4
4,"Ich suche jetzt mal, was ich für eine Strafe bekomme.",Verifikationsnutzung:aktive Prüfung mit Chatbot,Verifikationsnutzung,ARTIKEL 1 - PHASE 2; T4
4,"Ich suche jetzt mal, was ich für eine Strafe bekomme.",Epistemische Strategien:Faktenprüfung,Epistemische Strategien,ARTIKEL 1 - PHASE 2; T4
4,"Ein bisschen glaubwürdiger ist es halt, dass man halt dieses aktuelle Ding fehlt, wie zum Beispiel eine Strafe oder so.",Verhaltensänderung:Urteilsänderung durch KI,Verhaltensänderung,ARTIKEL 1 - PHASE 2; T4; Fragebogen nach Verifikation:
4,"Ein bisschen glaubwürdiger ist es halt, dass man halt dieses aktuelle Ding fehlt, wie zum Beispiel eine Strafe oder so.",Verifikationsnutzung:kritisches Hinterfragen von KI-Antwort,Verifikationsnutzung,ARTIKEL 1 - PHASE 2; T4; Fragebogen nach Verifikation:
4,"Ich habe jetzt nicht so nach Quellen hingefragt, konkret.",Verifikationsnutzung:passive Übernahme,Verifikationsnutzung,ARTIKEL 1 - PHASE 2; T4; Fragebogen nach Verifikation:
4,"Also natürlich war es glaubwürdig, dass es gesagt hat, es hat jetzt einen aktuellen Wissensstand.",Vertrauen in Inhalt/System:Vertrauen in Chatbot/KI,Vertrauen in Inhalt/System,ARTIKEL 1 - PHASE 2; T4; Fragebogen nach Verifikation:
4,"Ich mache jetzt mal vier, weil es hat ja gesagt, nach seinem Wissensstand und irgendwie ist es aktuell so.",Vertrauen in Inhalt/System:Zweifel an Verifikation,Vertrauen in Inhalt/System,ARTIKEL 1 - PHASE 2; T4; Fragebogen nach Verifikation:
4,Ich finde so dieses ein bisschen meinungsbildnerisch beschrieben. Ich habe mehr auf die Fakten geachtet.,Epistemische Strategien:Faktenprüfung,Epistemische Strategien,ARTIKEL 1 - PHASE 2; T4; Fragebogen nach Verifikation:
4,Ich finde so dieses ein bisschen meinungsbildnerisch beschrieben. Ich habe mehr auf die Fakten geachtet.,Metakognitive Reflexion,Metakognitive Reflexion,ARTIKEL 1 - PHASE 2; T4; Fragebogen nach Verifikation:
4,"Also ich versuche jetzt gerade noch ein bisschen mehr über den Abschnitt herauszubekommen, weil ich da nicht so viel drüber weiß.",Verifikationsnutzung:aktive Prüfung mit Chatbot,Verifikationsnutzung,ARTIKEL 2 - PHASE 2; T4
4,"Also ich versuche jetzt gerade noch ein bisschen mehr über den Abschnitt herauszubekommen, weil ich da nicht so viel drüber weiß.",Epistemische Strategien:Faktenprüfung,Epistemische Strategien,ARTIKEL 2 - PHASE 2; T4
4,"Was ich jetzt schon ein bisschen seltsam finde, ist, dass bisher noch keinelei, also Russland noch gar nicht erwähnt wurde.",Kognitive Unsicherheit:Widersprüche erkannt,Kognitive Unsicherheit,ARTIKEL 2 - PHASE 2; T4
4,"Was ich jetzt schon ein bisschen seltsam finde, ist, dass bisher noch keinelei, also Russland noch gar nicht erwähnt wurde.",Metakognitive Reflexion,Metakognitive Reflexion,ARTIKEL 2 - PHASE 2; T4
4,"Und ich wollte jetzt wissen, ob man Mesopotamien mit 1 oder mit 2 ist.",Verifikationsnutzung:aktive Prüfung mit Chatbot,Verifikationsnutzung,ARTIKEL 2 - PHASE 2; T4
4,"Und ich wollte jetzt wissen, ob man Mesopotamien mit 1 oder mit 2 ist.",Epistemische Strategien:Faktenprüfung,Epistemische Strategien,ARTIKEL 2 - PHASE 2; T4
4,"Und hier steht jetzt da wieder, die Schlacht erinnerte mit der katastrophalen Niederlage für das russmanische Reich.",Textinterne Begründungen,Textinterne Begründungen,ARTIKEL 2 - PHASE 2; T4
4,"Und hier steht jetzt da wieder, die Schlacht erinnerte mit der katastrophalen Niederlage für das russmanische Reich.",Verifikationsnutzung:aktive Prüfung mit Chatbot,Verifikationsnutzung,ARTIKEL 2 - PHASE 2; T4
4,Ich finde ihn tatsächlich tendenziell noch weniger glaubwürdig.,Verhaltensänderung:Urteilsänderung durch KI,Verhaltensänderung,ARTIKEL 2 - PHASE 2; T4; Fragebogen nach Verifikation:
4,Ich finde ihn tatsächlich tendenziell noch weniger glaubwürdig.,Vertrauen in Inhalt/System:generelles Misstrauen gegenüber Medieninhalten,Vertrauen in Inhalt/System,ARTIKEL 2 - PHASE 2; T4; Fragebogen nach Verifikation:
4,"Also ich fand ihn davor auch schon nicht so krass glaubwürdig, aber das hat jetzt nochmal ein bisschen, ich bin mir jetzt auch ein bisschen mehr sicher.",Verhaltensänderung:Bestätigung bestehender Meinung,Verhaltensänderung,ARTIKEL 2 - PHASE 2; T4; Fragebogen nach Verifikation:
4,"Also ich fand ihn davor auch schon nicht so krass glaubwürdig, aber das hat jetzt nochmal ein bisschen, ich bin mir jetzt auch ein bisschen mehr sicher.",Kognitive Unsicherheit:explizite Unsicherheit,Kognitive Unsicherheit,ARTIKEL 2 - PHASE 2; T4; Fragebogen nach Verifikation:
4,"Hat mir bei den Entscheidungen geholfen? Ja, doch schon, weil ich fand, das hat auch so wichtige Faktoren mit dem Athletikschwimmer eingestimmt.",Vertrauen in Inhalt/System:Vertrauen in Chatbot/KI,Vertrauen in Inhalt/System,ARTIKEL 2 - PHASE 2; T4; Fragebogen nach Verifikation:
4,"Hat mir bei den Entscheidungen geholfen? Ja, doch schon, weil ich fand, das hat auch so wichtige Faktoren mit dem Athletikschwimmer eingestimmt.",Verhaltensänderung:Bestätigung bestehender Meinung,Verhaltensänderung,ARTIKEL 2 - PHASE 2; T4; Fragebogen nach Verifikation:
4,"Genau, ich schaue jetzt gerade ein bisschen, wie ich die Fakten, die im Text sind, überprüfen kann.",Verifikationsnutzung:aktive Prüfung mit Chatbot,Verifikationsnutzung,ARTIKEL 3 - PHASE 2; T4
4,"Genau, ich schaue jetzt gerade ein bisschen, wie ich die Fakten, die im Text sind, überprüfen kann.",Metakognitive Reflexion,Metakognitive Reflexion,ARTIKEL 3 - PHASE 2; T4
4,"Es ist schwierig, weil es keine aktuellen Informationen hat.",Vertrauen in Inhalt/System:Zweifel an Verifikation,Vertrauen in Inhalt/System,ARTIKEL 3 - PHASE 2; T4
4,"Es ist schwierig, weil es keine aktuellen Informationen hat.",Verifikationsnutzung:kritisches Hinterfragen von KI-Antwort,Verifikationsnutzung,ARTIKEL 3 - PHASE 2; T4
4,"Ich weiß auch nicht genau, wann dieser Core Group gegründet wurde.",Kognitive Unsicherheit:explizite Unsicherheit,Kognitive Unsicherheit,ARTIKEL 3 - PHASE 2; T4
4,"Ich weiß auch nicht genau, wann dieser Core Group gegründet wurde.",Begründungsnarrative:Argument: persönliche Erfahrung,Begründungsnarrative,ARTIKEL 3 - PHASE 2; T4
4,"Ich finde es einigermaßen glaubwürdig. So halt Mitte, Mitte.",Vertrauen in Inhalt/System:generelles Vertrauen in Medien,Vertrauen in Inhalt/System,ARTIKEL 3 - PHASE 2; T4; Fragebogen nach Verifikation:
4,Ungefähr gleich geblieben.,Verhaltensänderung:keine Veränderung / Fixierung,Verhaltensänderung,ARTIKEL 3 - PHASE 2; T4; Fragebogen nach Verifikation:
4,Ich habe wieder keinen Fängerangang gefragt. Das hat mir dieses Mal auch nicht so viel geholfen.,Verifikationsnutzung:passive Übernahme,Verifikationsnutzung,ARTIKEL 3 - PHASE 2; T4; Fragebogen nach Verifikation:
4,Ich habe wieder keinen Fängerangang gefragt. Das hat mir dieses Mal auch nicht so viel geholfen.,Vertrauen in Inhalt/System:Zweifel an Verifikation,Vertrauen in Inhalt/System,ARTIKEL 3 - PHASE 2; T4; Fragebogen nach Verifikation:
4,"Also da ist es wieder sehr allgemein, also der Wordpress-Foto, ob er das an die jährliche Auszählung und so weiter.",Verifikationsnutzung:passive Übernahme,Verifikationsnutzung,ARTIKEL 4 - PHASE 2; T4
4,"Also da ist es wieder sehr allgemein, also der Wordpress-Foto, ob er das an die jährliche Auszählung und so weiter.",Vertrauen in Inhalt/System:Zweifel an Verifikation,Vertrauen in Inhalt/System,ARTIKEL 4 - PHASE 2; T4
4,"Ich suche jetzt ein bisschen nach Sachen, die ich konkret überprüfen lassen kann. Das ist halt schwierig mit den Zitaten.",Metakognitive Reflexion,Metakognitive Reflexion,ARTIKEL 4 - PHASE 2; T4
4,"Ich suche jetzt ein bisschen nach Sachen, die ich konkret überprüfen lassen kann. Das ist halt schwierig mit den Zitaten.",Epistemische Strategien:Faktenprüfung,Epistemische Strategien,ARTIKEL 4 - PHASE 2; T4
4,Also da waren die anderen Sachen vom Faktenlinger leichter zu überprüfen.,Vergleichende Bewertung,Vergleichende Bewertung,ARTIKEL 4 - PHASE 2; T4
4,Also da waren die anderen Sachen vom Faktenlinger leichter zu überprüfen.,Metakognitive Reflexion,Metakognitive Reflexion,ARTIKEL 4 - PHASE 2; T4
4,"Auf diese Webseite kann ich ja wahrscheinlich nicht gucken, oder?",Verifikationsnutzung:Einschränkung externer Recherchequellen,Verifikationsnutzung,ARTIKEL 4 - PHASE 2; T4
4,Also ich finde ihn eigentlich immer noch sehr glaubwürdig. Ich drücke jetzt mal vollkommen glaubwürdig.,Verhaltensänderung:keine Veränderung / Fixierung,Verhaltensänderung,ARTIKEL 4 - PHASE 2; T4; Fragebogen nach Verifikation:
4,Also ich finde ihn eigentlich immer noch sehr glaubwürdig. Ich drücke jetzt mal vollkommen glaubwürdig.,Vertrauen in Inhalt/System:generelles Vertrauen in Medien,Vertrauen in Inhalt/System,ARTIKEL 4 - PHASE 2; T4; Fragebogen nach Verifikation:
4,Ich bin auch relativ sicher dabei.,Affektive Reaktionen:Zustimmung / Zustimmungssignale,Affektive Reaktionen,ARTIKEL 4 - PHASE 2; T4; Fragebogen nach Verifikation:
4,"Ich fand es dieses Mal eigentlich gar nicht hilfreich, weil es waren nur so allgemeine Sachen.",Vertrauen in Inhalt/System:Zweifel an Verifikation,Vertrauen in Inhalt/System,ARTIKEL 4 - PHASE 2; T4; Fragebogen nach Verifikation:
4,"Ich fand es dieses Mal eigentlich gar nicht hilfreich, weil es waren nur so allgemeine Sachen.",Verifikationsnutzung:kritisches Hinterfragen von KI-Antwort,Verifikationsnutzung,ARTIKEL 4 - PHASE 2; T4; Fragebogen nach Verifikation:
4,"Ich fand es dieses Mal eigentlich gar nicht hilfreich, weil es waren nur so allgemeine Sachen.",,,ARTIKEL 4 - PHASE 2; T4; Fragebogen nach Verifikation:
4,"Ja, so ein bisschen. Ich würde mal sagen, es sind unterschiedlich nach Artikeln.",Metakognitive Reflexion,Metakognitive Reflexion,ARTIKEL 4 - PHASE 2; T4; Fragebogen nach Verifikation:
4,"Ich habe dem KI-System insgesamt vertraut. Ich sage mal 6, weil es ist immer noch KI, aber ich meine, du hast es geschrieben, Katha.",Vertrauen in Inhalt/System:Vertrauen in Chatbot/KI,Vertrauen in Inhalt/System,ARTIKEL 4 - PHASE 2; T4; Fragebogen nach Verifikation:
4,"Ich habe dem KI-System insgesamt vertraut. Ich sage mal 6, weil es ist immer noch KI, aber ich meine, du hast es geschrieben, Katha.",Begründungsnarrative:Argument: persönliche Erfahrung,Begründungsnarrative,ARTIKEL 4 - PHASE 2; T4; Fragebogen nach Verifikation:
4,"Meine Einschätzung bestärkt. 0,4 ist die Mitte, weil manchmal schon, manchmal nicht.",Metakognitive Reflexion,Metakognitive Reflexion,ARTIKEL 4 - PHASE 2; T4; Fragebogen nach Verifikation:
4,"Meine Einschätzung bestärkt. 0,4 ist die Mitte, weil manchmal schon, manchmal nicht.",Verhaltensänderung:Bestätigung bestehender Meinung,Verhaltensänderung,ARTIKEL 4 - PHASE 2; T4; Fragebogen nach Verifikation:
4,"Eigentlich gar nicht wahrscheinlich, weil ich suche lieber selber Artikel raus und finde es eigentlich anstrengend, mit KI zu arbeiten.",Vertrauen in Inhalt/System:Zweifel an Verifikation,Vertrauen in Inhalt/System,ARTIKEL 4 - PHASE 2; T4; Fragebogen nach Verifikation:
4,"Eigentlich gar nicht wahrscheinlich, weil ich suche lieber selber Artikel raus und finde es eigentlich anstrengend, mit KI zu arbeiten.",Begründungsnarrative:Argument: persönliche Erfahrung,Begründungsnarrative,ARTIKEL 4 - PHASE 2; T4; Fragebogen nach Verifikation:
4,Ich benutze es eher für Rezepte oder sowas.,Begründungsnarrative:Argument: persönliche Erfahrung,Begründungsnarrative,ARTIKEL 4 - PHASE 2; T4; Fragebogen nach Verifikation:
4,"Also der GPT wird von mir täglich nach irgendwelchen Rezepten gefragt, aber zu sowas habe ich jetzt noch nie damit gesprochen.",Begründungsnarrative:Argument: persönliche Erfahrung,Begründungsnarrative,ARTIKEL 4 - PHASE 2; T4; Fragebogen nach Verifikation:
4,"Also der GPT wird von mir täglich nach irgendwelchen Rezepten gefragt, aber zu sowas habe ich jetzt noch nie damit gesprochen.",Epistemische Strategien:Kontextwissen,Epistemische Strategien,ARTIKEL 4 - PHASE 2; T4; Fragebogen nach Verifikation:
4,"Also der GPT wird von mir täglich nach irgendwelchen Rezepten gefragt, aber zu sowas habe ich jetzt noch nie damit gesprochen.",,,ARTIKEL 4 - PHASE 2; T4; Fragebogen nach Verifikation:
