person_id,text_segment,annotation,category,memo
person11,"Ja, schwieriges Thema, aber von der Schreibweise her recht neutral.",<<Heuristische Bewertung:Sprache/Stil>>,<<Heuristische Bewertung,Sprache/Stil>>
person11,"Ja, schwieriges Thema, aber von der Schreibweise her recht neutral.",<<Metakognitive Reflexion>>,<<Metakognitive Reflexion>>,
person11,"Mal weiterlesen, wie es weitergeht. Es muss nicht laut gelesen werden.",<<Metakognitive Reflexion>>,<<Metakognitive Reflexion>>,
person11,"Die Auszeichnung wird da ja direkt ad absurdum geführt, indem man eben Tatsachenzeugen aus Georgien nimmt, die anscheinend ganz andere Erfahrungen haben als das, was da ausgezeichnet worden ist.",<<Begründungsnarrative:Argument: Inhalt vs. Quelle>>,<<Begründungsnarrative,Argument: Inhalt vs. Quelle>>
person11,"Die Auszeichnung wird da ja direkt ad absurdum geführt, indem man eben Tatsachenzeugen aus Georgien nimmt, die anscheinend ganz andere Erfahrungen haben als das, was da ausgezeichnet worden ist.",<<Textinterne Begründungen>>,<<Textinterne Begründungen>>,
person11,"Die Auszeichnung wird da ja direkt ad absurdum geführt, indem man eben Tatsachenzeugen aus Georgien nimmt, die anscheinend ganz andere Erfahrungen haben als das, was da ausgezeichnet worden ist.",<<Epistemische Strategien:logische Argumentation>>,<<Epistemische Strategien,logische Argumentation>>
person11,Und wie das begründet wurde.,<<Metakognitive Reflexion>>,<<Metakognitive Reflexion>>,
person11,Und wie das begründet wurde.,<<Textinterne Begründungen>>,<<Textinterne Begründungen>>,
person11,"Der Satz der Kuratorin Ratschenko, dass der Soldat sich freiwillig entschieden hat und entscheiden heißt für mich in dem Sinne vielleicht freiwillig, die jetzt so nicht unterstreichen.",<<Begründungsnarrative:Argument: persönliche Erfahrung>>,<<Begründungsnarrative,Argument: persönliche Erfahrung>>
person11,"Der Satz der Kuratorin Ratschenko, dass der Soldat sich freiwillig entschieden hat und entscheiden heißt für mich in dem Sinne vielleicht freiwillig, die jetzt so nicht unterstreichen.",<<Epistemische Strategien:Plausibilitätsabwägung>>,<<Epistemische Strategien,Plausibilitätsabwägung>>
person11,"Weil ich weiß nicht, ob sich jeder russische Soldat freiwillig entscheidet zu kämpfen, das glaube ich nämlich nicht.",<<Epistemische Strategien:Plausibilitätsabwägung>>,<<Epistemische Strategien,Plausibilitätsabwägung>>
person11,"Weil ich weiß nicht, ob sich jeder russische Soldat freiwillig entscheidet zu kämpfen, das glaube ich nämlich nicht.",<<Kognitive Unsicherheit:explizite Unsicherheit>>,<<Kognitive Unsicherheit,explizite Unsicherheit>>
person11,"Ja, ich kann das verstehen, dass sie gerade ukrainische Journalistinnen und Journalisten sich da wirklich beschämt fühlen, wenn solche Fotos ausgewählt werden.",<<Affektive Reaktionen:Zustimmung / Zustimmungssignale>>,<<Affektive Reaktionen,Zustimmung / Zustimmungssignale>>
person11,"Ja, ich kann das verstehen, dass sie gerade ukrainische Journalistinnen und Journalisten sich da wirklich beschämt fühlen, wenn solche Fotos ausgewählt werden.",<<Begründungsnarrative:Argument: gesellschaftlicher Kontext>>,<<Begründungsnarrative,Argument: gesellschaftlicher Kontext>>
person11,"Und dann auch so eine komische Formulierung kommt, weil es anonym ist, könnte man da nichts gegen machen oder jetzt erst im Nachgang hatte Geschmäckle, sagen wir mal so.",<<Begründungsnarrative:Argument: Sprache/Stil>>,<<Begründungsnarrative,Argument: Sprache/Stil>>
person11,"Und dann auch so eine komische Formulierung kommt, weil es anonym ist, könnte man da nichts gegen machen oder jetzt erst im Nachgang hatte Geschmäckle, sagen wir mal so.",<<Affektive Reaktionen:emotionale Ablehnung>>,<<Affektive Reaktionen,emotionale Ablehnung>>
person11,"Und dann auch so eine komische Formulierung kommt, weil es anonym ist, könnte man da nichts gegen machen oder jetzt erst im Nachgang hatte Geschmäckle, sagen wir mal so.",<<Textinterne Begründungen>>,<<Textinterne Begründungen>>,
person11,"Sprachstil, emotional, gegensachlich.",<<Heuristische Bewertung:Sprache/Stil>>,<<Heuristische Bewertung,Sprache/Stil>>
person11,"Ja, also T11, Informationsgehalt und Faktendichte. Nee, das war jetzt da ja sehr niedrig.",<<Begründungsnarrative:Argument: Inhalt vs. Quelle>>,<<Begründungsnarrative,Argument: Inhalt vs. Quelle>>
person11,"Ja, also T11, Informationsgehalt und Faktendichte. Nee, das war jetzt da ja sehr niedrig.",<<Metakognitive Reflexion>>,<<Metakognitive Reflexion>>,
person11,Fakten waren da jetzt nicht so viele drin. Das waren ja alles nur persönliche Eindrücke.,<<Begründungsnarrative:Argument: Inhalt vs. Quelle>>,<<Begründungsnarrative,Argument: Inhalt vs. Quelle>>
person11,Fakten waren da jetzt nicht so viele drin. Das waren ja alles nur persönliche Eindrücke.,<<Epistemische Strategien:Faktenprüfung>>,<<Epistemische Strategien,Faktenprüfung>>
person11,"Längere und altere Artikel waren schon sehr ausführlich, also sehr lang. Ausführlichkeiten.",<<Heuristische Bewertung:visuelle Einschätzung>>,<<Heuristische Bewertung,visuelle Einschätzung>>
person11,"Längere und altere Artikel waren schon sehr ausführlich, also sehr lang. Ausführlichkeiten.",<<Textinterne Begründungen>>,<<Textinterne Begründungen>>,
person11,"Eindruck des Textes als journalistisch und professionell, das war jetzt schon relativ weit.",<<Heuristische Bewertung:Sprache/Stil>>,<<Heuristische Bewertung,Sprache/Stil>>
person11,"Eindruck des Textes als journalistisch und professionell, das war jetzt schon relativ weit.",<<Vertrauen in Inhalt/System:generelles Vertrauen in Medien>>,<<Vertrauen in Inhalt/System,generelles Vertrauen in Medien>>
person11,"Das Thema ist interessant und scheint mir auch wahr zu sein, dass die Europäische Union das beschlossen hat.",<<Begründungsnarrative:Argument: Inhalt vs. Quelle>>,<<Begründungsnarrative,Argument: Inhalt vs. Quelle>>
person11,"Das Thema ist interessant und scheint mir auch wahr zu sein, dass die Europäische Union das beschlossen hat.",<<Epistemische Strategien:Plausibilitätsabwägung>>,<<Epistemische Strategien,Plausibilitätsabwägung>>
person11,"Es ist halt die Frage, ob sie es auch wirklich durchsetzen können.",<<Epistemische Strategien:Plausibilitätsabwägung>>,<<Epistemische Strategien,Plausibilitätsabwägung>>
person11,"Es ist halt die Frage, ob sie es auch wirklich durchsetzen können.",<<Kognitive Unsicherheit:explizite Unsicherheit>>,<<Kognitive Unsicherheit,explizite Unsicherheit>>
person11,"Es war, dass ein haftbefähigen Protein erlassen wurde.",<<Textinterne Begründungen>>,<<Textinterne Begründungen>>,
person11,"Es war, dass ein haftbefähigen Protein erlassen wurde.",<<Kognitive Unsicherheit:explizite Unsicherheit>>,<<Kognitive Unsicherheit,explizite Unsicherheit>>
person11,Die UN und das Vetorecht der Russen.,<<Epistemische Strategien:Kontextwissen>>,<<Epistemische Strategien,Kontextwissen>>
person11,Die UN und das Vetorecht der Russen.,<<Textinterne Begründungen>>,<<Textinterne Begründungen>>,
person11,"Sieht mir eher aus wie ein Bemühen, um den Versuch der Gerechtigkeit jemanden zur Beantwortung zu ziehen, als dass es wirklich umsetzbar wäre in der Realität.",<<Begründungsnarrative:Argument: gesellschaftlicher Kontext>>,<<Begründungsnarrative,Argument: gesellschaftlicher Kontext>>
person11,"Sieht mir eher aus wie ein Bemühen, um den Versuch der Gerechtigkeit jemanden zur Beantwortung zu ziehen, als dass es wirklich umsetzbar wäre in der Realität.",<<Kognitive Unsicherheit:explizite Unsicherheit>>,<<Kognitive Unsicherheit,explizite Unsicherheit>>
person11,"Aber vielleicht wird ja eines Tages der Tag kommen, wo man es einsetzen kann und darf.",<<Epistemische Strategien:Plausibilitätsabwägung>>,<<Epistemische Strategien,Plausibilitätsabwägung>>
person11,"Aber vielleicht wird ja eines Tages der Tag kommen, wo man es einsetzen kann und darf.",<<Affektive Reaktionen:Zustimmung / Zustimmungssignale>>,<<Affektive Reaktionen,Zustimmung / Zustimmungssignale>>
person11,"Das hat man ja auch im Jugoslawien-Krieg gesehen, dass das auch nach Jahren und Jahrzehnten noch möglich ist.",<<Begründungsnarrative:Argument: gesellschaftlicher Kontext>>,<<Begründungsnarrative,Argument: gesellschaftlicher Kontext>>
person11,"Das hat man ja auch im Jugoslawien-Krieg gesehen, dass das auch nach Jahren und Jahrzehnten noch möglich ist.",<<Epistemische Strategien:Kontextwissen>>,<<Epistemische Strategien,Kontextwissen>>
person11,"Ich denke, dass es darum geht, die Sprache zu übernehmen, die praktisch ist. Ich finde auch, die Strukturen und die Interessen sind klar wissenschaftlich.",<<Heuristische Bewertung:Sprache/Stil>>,<<Heuristische Bewertung,Sprache/Stil>>
person11,"Ich denke, dass es darum geht, die Sprache zu übernehmen, die praktisch ist. Ich finde auch, die Strukturen und die Interessen sind klar wissenschaftlich.",<<Metakognitive Reflexion>>,<<Metakognitive Reflexion>>,
person11,"Es waren korrekte Informationen enthalten. Es wurde darauf hingewiesen, dass das nicht unbedingt so umgesetzt werden kann.",<<Textinterne Begründungen>>,<<Textinterne Begründungen>>,
person11,"Es waren korrekte Informationen enthalten. Es wurde darauf hingewiesen, dass das nicht unbedingt so umgesetzt werden kann.",<<Vertrauen in Inhalt/System:generelles Vertrauen in Medien>>,<<Vertrauen in Inhalt/System,generelles Vertrauen in Medien>>
person11,"Aber in dem Artikel kam einfach zum Ausdruck, dass es einfach schwierig ist, zwischen dem, was man gerne wollt oder was die Politik auch umsetzen möchte.",<<Epistemische Strategien:Plausibilitätsabwägung>>,<<Epistemische Strategien,Plausibilitätsabwägung>>
person11,"Aber in dem Artikel kam einfach zum Ausdruck, dass es einfach schwierig ist, zwischen dem, was man gerne wollt oder was die Politik auch umsetzen möchte.",<<Begründungsnarrative:Argument: gesellschaftlicher Kontext>>,<<Begründungsnarrative,Argument: gesellschaftlicher Kontext>>
person11,"An internationalen Voraussetzungen, die eben gerade dadurch, dass Russland dieses Vetorecht in der UNO hat, da auch nicht alle Länder dieser Welt gegen die Russen sind.",<<Begründungsnarrative:Argument: gesellschaftlicher Kontext>>,<<Begründungsnarrative,Argument: gesellschaftlicher Kontext>>
person11,"An internationalen Voraussetzungen, die eben gerade dadurch, dass Russland dieses Vetorecht in der UNO hat, da auch nicht alle Länder dieser Welt gegen die Russen sind.",<<Epistemische Strategien:Kontextwissen>>,<<Epistemische Strategien,Kontextwissen>>
person11,"Das ist eben dann auch nicht das, was die Europäer sich wünschen und umsetzen wollen oder erstellen wollen, dann eben auch in der Realität so gemacht werden kann.",<<Epistemische Strategien:logische Argumentation>>,<<Epistemische Strategien,logische Argumentation>>
person11,"Das ist eben dann auch nicht das, was die Europäer sich wünschen und umsetzen wollen oder erstellen wollen, dann eben auch in der Realität so gemacht werden kann.",<<Begründungsnarrative:Argument: gesellschaftlicher Kontext>>,<<Begründungsnarrative,Argument: gesellschaftlicher Kontext>>
person11,"Aber wie ich schon vorhin gesagt habe, finde ich, dass es wichtig ist, dass es gemacht wird.",<<Affektive Reaktionen:Zustimmung / Zustimmungssignale>>,<<Affektive Reaktionen,Zustimmung / Zustimmungssignale>>
person11,"Aber wie ich schon vorhin gesagt habe, finde ich, dass es wichtig ist, dass es gemacht wird.",<<Metakognitive Reflexion>>,<<Metakognitive Reflexion>>,
person11,"Genau, Russland ist ein Friedenstifter, da wende ich jetzt Text 3. Genau.",<<Metakognitive Reflexion>>,<<Metakognitive Reflexion>>,
person11,"Also da ist von Anfang an klar, dieser Text ist absolut eingefärbt.",<<Heuristische Bewertung:Sprache/Stil>>,<<Heuristische Bewertung,Sprache/Stil>>
person11,"Also da ist von Anfang an klar, dieser Text ist absolut eingefärbt.",<<Begründungsnarrative:Argument: vermeintliche Objektivität>>,<<Begründungsnarrative,Argument: vermeintliche Objektivität>>
person11,"Natürlich ist man voreingenommen, weil man da, wo wir stehen in Deutschland, nicht unbedingt Putin oder die Russen generell als Friedenstifter betrachten würde.",<<Begründungsnarrative:Argument: gesellschaftlicher Kontext>>,<<Begründungsnarrative,Argument: gesellschaftlicher Kontext>>
person11,"Natürlich ist man voreingenommen, weil man da, wo wir stehen in Deutschland, nicht unbedingt Putin oder die Russen generell als Friedenstifter betrachten würde.",<<Epistemische Strategien:Kontextwissen>>,<<Epistemische Strategien,Kontextwissen>>
person11,Und auch nicht ein Land oder eine Nation das Völker rettet.,<<Epistemische Strategien:Plausibilitätsabwägung>>,<<Epistemische Strategien,Plausibilitätsabwägung>>
person11,Und auch nicht ein Land oder eine Nation das Völker rettet.,<<Affektive Reaktionen:emotionale Ablehnung>>,<<Affektive Reaktionen,emotionale Ablehnung>>
person11,"Barmherzigkeit und Mitgefühl würde ich jetzt auch mal nicht unbedingt als in der DNA-Code verankerte Werte sehen, zumindest nicht generell.",<<Textinterne Begründungen>>,<<Textinterne Begründungen>>,
person11,"Barmherzigkeit und Mitgefühl würde ich jetzt auch mal nicht unbedingt als in der DNA-Code verankerte Werte sehen, zumindest nicht generell.",<<Begründungsnarrative:Argument: Sprache/Stil>>,<<Begründungsnarrative,Argument: Sprache/Stil>>
person11,"Wenn mich nicht alles täuscht, ist es zwar richtig, dass Türken und Armenier jetzt nicht unbedingt das beste Verhältnis haben.",<<Epistemische Strategien:Kontextwissen>>,<<Epistemische Strategien,Kontextwissen>>
person11,"Wenn mich nicht alles täuscht, ist es zwar richtig, dass Türken und Armenier jetzt nicht unbedingt das beste Verhältnis haben.",<<Begründungsnarrative:Argument: persönliche Erfahrung>>,<<Begründungsnarrative,Argument: persönliche Erfahrung>>
person11,"Dass es auch diesen, die Armenier bezeichnen es glaube ich als Völkermord, in der länger zurückliegenden Vergangenheit gab.",<<Epistemische Strategien:Kontextwissen>>,<<Epistemische Strategien,Kontextwissen>>
person11,"Dass es auch diesen, die Armenier bezeichnen es glaube ich als Völkermord, in der länger zurückliegenden Vergangenheit gab.",<<Kognitive Unsicherheit:explizite Unsicherheit>>,<<Kognitive Unsicherheit,explizite Unsicherheit>>
person11,"Aber ob da Russland wirklich irgendeine Rolle als Versöhnung gespielt hat, wage ich mal zu bezweifeln.",<<Begründungsnarrative:Argument: Inhalt vs. Quelle>>,<<Begründungsnarrative,Argument: Inhalt vs. Quelle>>
person11,"Aber ob da Russland wirklich irgendeine Rolle als Versöhnung gespielt hat, wage ich mal zu bezweifeln.",<<Kognitive Unsicherheit:explizite Unsicherheit>>,<<Kognitive Unsicherheit,explizite Unsicherheit>>
person11,Dass die Russen dem armenischen Volk die Hand gereicht haben.,<<Textinterne Begründungen>>,<<Textinterne Begründungen>>,
person11,Dass die Russen dem armenischen Volk die Hand gereicht haben.,<<Affektive Reaktionen:Ironie / Sarkasmus>>,<<Affektive Reaktionen,Ironie / Sarkasmus>>
person11,"Außerdem glaube ich, bin ich mir noch nicht sicher, ob das nicht noch im Reich des Zaren lag zu dem Zeitpunkt, wo das passiert ist.",<<Epistemische Strategien:Kontextwissen>>,<<Epistemische Strategien,Kontextwissen>>
person11,"Außerdem glaube ich, bin ich mir noch nicht sicher, ob das nicht noch im Reich des Zaren lag zu dem Zeitpunkt, wo das passiert ist.",<<Kognitive Unsicherheit:explizite Unsicherheit>>,<<Kognitive Unsicherheit,explizite Unsicherheit>>
person11,"Ja doch, Nikolaus ist es genau.",<<Epistemische Strategien:Faktenprüfung>>,<<Epistemische Strategien,Faktenprüfung>>
person11,"Ja doch, Nikolaus ist es genau.",<<Textinterne Begründungen>>,<<Textinterne Begründungen>>,
person11,"Und selbst wenn das so gewesen ist, dass damals die Russen die Grenzen geöffnet haben, um die verfolgten Armenier aufzunehmen und ihnen zu helfen, ist das schon sehr lange her.",<<Epistemische Strategien:logische Argumentation>>,<<Epistemische Strategien,logische Argumentation>>
person11,"Und selbst wenn das so gewesen ist, dass damals die Russen die Grenzen geöffnet haben, um die verfolgten Armenier aufzunehmen und ihnen zu helfen, ist das schon sehr lange her.",<<Begründungsnarrative:Argument: gesellschaftlicher Kontext>>,<<Begründungsnarrative,Argument: gesellschaftlicher Kontext>>
person11,"Und kann man doch nicht generell so bezeichnen, dass es dann heute noch gilt, dass Russland dieses edle Volk ist, dass Putin seine Nation immer gerne darstellen möchte.",<<Epistemische Strategien:logische Argumentation>>,<<Epistemische Strategien,logische Argumentation>>
person11,"Und kann man doch nicht generell so bezeichnen, dass es dann heute noch gilt, dass Russland dieses edle Volk ist, dass Putin seine Nation immer gerne darstellen möchte.",<<Affektive Reaktionen:Ironie / Sarkasmus>>,<<Affektive Reaktionen,Ironie / Sarkasmus>>
person11,"Wo wir jetzt gerade in Berlin angekommen sind, das ist absolut nicht der Fall gewesen, dass die in ihrer Barmherzigkeit grenzenlos waren, das ist absoluter Quatsch.",<<Affektive Reaktionen:emotionale Ablehnung>>,<<Affektive Reaktionen,emotionale Ablehnung>>
person11,"Wo wir jetzt gerade in Berlin angekommen sind, das ist absolut nicht der Fall gewesen, dass die in ihrer Barmherzigkeit grenzenlos waren, das ist absoluter Quatsch.",<<Begründungsnarrative:Argument: gesellschaftlicher Kontext>>,<<Begründungsnarrative,Argument: gesellschaftlicher Kontext>>
person11,"Wenn es nach Russland gegangen wäre, wäre Deutschland ein Agrarland geworden, die hätten uns nie wieder nach oben kommen lassen.",<<Epistemische Strategien:Kontextwissen>>,<<Epistemische Strategien,Kontextwissen>>
person11,"Wenn es nach Russland gegangen wäre, wäre Deutschland ein Agrarland geworden, die hätten uns nie wieder nach oben kommen lassen.",<<Affektive Reaktionen:emotionale Ablehnung>>,<<Affektive Reaktionen,emotionale Ablehnung>>
person11,Die Versöhnung lag eher auf Seifen der Amerikaner und der Franzosen.,<<Epistemische Strategien:Kontextwissen>>,<<Epistemische Strategien,Kontextwissen>>
person11,Die Versöhnung lag eher auf Seifen der Amerikaner und der Franzosen.,<<Begründungsnarrative:Argument: gesellschaftlicher Kontext>>,<<Begründungsnarrative,Argument: gesellschaftlicher Kontext>>
person11,"Allein die Fakten auf einen Einwohner pro Woche, es sollten 500 Gramm Fleisch, drei Kilo Brot, 350 Gramm Kaffee, Kartoffeln und Getreide kommen und die Kinder noch Milch dazu, ist absoluter Blödsinn.",<<Begründungsnarrative:Argument: Inhalt vs. Quelle>>,<<Begründungsnarrative,Argument: Inhalt vs. Quelle>>
person11,"Allein die Fakten auf einen Einwohner pro Woche, es sollten 500 Gramm Fleisch, drei Kilo Brot, 350 Gramm Kaffee, Kartoffeln und Getreide kommen und die Kinder noch Milch dazu, ist absoluter Blödsinn.",<<Affektive Reaktionen:emotionale Ablehnung>>,<<Affektive Reaktionen,emotionale Ablehnung>>
person11,"Weil das damals überhaupt nirgendwo vorhanden war, weder in Russland noch in Europa sonst irgendwo, dass jeder Einwohner pro Woche so viel bekommen hätte können.",<<Epistemische Strategien:logische Argumentation>>,<<Epistemische Strategien,logische Argumentation>>
person11,"Weil das damals überhaupt nirgendwo vorhanden war, weder in Russland noch in Europa sonst irgendwo, dass jeder Einwohner pro Woche so viel bekommen hätte können.",<<Begründungsnarrative:Argument: gesellschaftlicher Kontext>>,<<Begründungsnarrative,Argument: gesellschaftlicher Kontext>>
person11,"Es ist nett, dass man uns vor dem Hunger tot bewahrte.",<<Affektive Reaktionen:Ironie / Sarkasmus>>,<<Affektive Reaktionen,Ironie / Sarkasmus>>
person11,"Es ist nett, dass man uns vor dem Hunger tot bewahrte.",<<Textinterne Begründungen>>,<<Textinterne Begründungen>>,
person11,Der ganze Text kommt als reine russische Propaganda daher.,<<Begründungsnarrative:Argument: Inhalt vs. Quelle>>,<<Begründungsnarrative,Argument: Inhalt vs. Quelle>>
person11,Der ganze Text kommt als reine russische Propaganda daher.,<<Vertrauen in Inhalt/System:generelles Misstrauen gegenüber Medieninhalten>>,<<Vertrauen in Inhalt/System,generelles Misstrauen gegenüber Medieninhalten>>
person11,"Informationsgehalt und Faktendichte haben mich in der Weise sehr beeinflusst, denn es gab keine Informationen, zumindest keine korrekten Informationen.",<<Begründungsnarrative:Argument: Inhalt vs. Quelle>>,<<Begründungsnarrative,Argument: Inhalt vs. Quelle>>
person11,"Informationsgehalt und Faktendichte haben mich in der Weise sehr beeinflusst, denn es gab keine Informationen, zumindest keine korrekten Informationen.",<<Epistemische Strategien:Faktenprüfung>>,<<Epistemische Strategien,Faktenprüfung>>
person11,"Struktur und Logik der Argumentation, das war keine Argumentation, das ist Propaganda.",<<Begründungsnarrative:Argument: vermeintliche Objektivität>>,<<Begründungsnarrative,Argument: vermeintliche Objektivität>>
person11,"Struktur und Logik der Argumentation, das war keine Argumentation, das ist Propaganda.",<<Heuristische Bewertung:Sprache/Stil>>,<<Heuristische Bewertung,Sprache/Stil>>
person11,"Das hat mich auch sehr beeinflusst. Mein Vorwissen zu diesem Thema ist schon vorhanden, würde ich sagen.",<<Begründungsnarrative:Argument: persönliche Erfahrung>>,<<Begründungsnarrative,Argument: persönliche Erfahrung>>
person11,"Das hat mich auch sehr beeinflusst. Mein Vorwissen zu diesem Thema ist schon vorhanden, würde ich sagen.",<<Metakognitive Reflexion>>,<<Metakognitive Reflexion>>,
person11,Ich habe mich damit sehr beschäftigt.,<<Begründungsnarrative:Argument: persönliche Erfahrung>>,<<Begründungsnarrative,Argument: persönliche Erfahrung>>
person11,Ich habe mich damit sehr beschäftigt.,<<Epistemische Strategien:Kontextwissen>>,<<Epistemische Strategien,Kontextwissen>>
person11,"Plausibilität der Informationen, das Gleiche wieder, welche Informationen? Es gab keine, zumindest keine korrekten, bis auf das mit dem armenischen Volk.",<<Epistemische Strategien:Plausibilitätsabwägung>>,<<Epistemische Strategien,Plausibilitätsabwägung>>
person11,"Plausibilität der Informationen, das Gleiche wieder, welche Informationen? Es gab keine, zumindest keine korrekten, bis auf das mit dem armenischen Volk.",<<Begründungsnarrative:Argument: Inhalt vs. Quelle>>,<<Begründungsnarrative,Argument: Inhalt vs. Quelle>>
person11,Eindruck des Textes als journalistisch oder professionell? Sehr niedrig.,<<Heuristische Bewertung:Sprache/Stil>>,<<Heuristische Bewertung,Sprache/Stil>>
person11,Eindruck des Textes als journalistisch oder professionell? Sehr niedrig.,<<Vertrauen in Inhalt/System:generelles Misstrauen gegenüber Medieninhalten>>,<<Vertrauen in Inhalt/System,generelles Misstrauen gegenüber Medieninhalten>>
person11,"Bauchgefühl und Intuition haben mich da schon auch relativ beeinflusst, gebe ich zu.",<<Heuristische Bewertung:Bauchgefühl>>,<<Heuristische Bewertung,Bauchgefühl>>
person11,"Bauchgefühl und Intuition haben mich da schon auch relativ beeinflusst, gebe ich zu.",<<Begründungsnarrative:Argument: persönliche Erfahrung>>,<<Begründungsnarrative,Argument: persönliche Erfahrung>>
person11,"Europäische Eliten wollen jeden Gesetzentwurf unter, gegen Marine Le Pen.",<<Textinterne Begründungen>>,<<Textinterne Begründungen>>,
person11,"Europäische Eliten wollen jeden Gesetzentwurf unter, gegen Marine Le Pen.",<<Metakognitive Reflexion>>,<<Metakognitive Reflexion>>,
person11,"Bei diesem Artikel kann ich bis jetzt noch nicht einen Fakt für die Behauptungen feststellen, die hier gemacht werden, die Selbstbedienungslagen.",<<Begründungsnarrative:Argument: Inhalt vs. Quelle>>,<<Begründungsnarrative,Argument: Inhalt vs. Quelle>>
person11,"Bei diesem Artikel kann ich bis jetzt noch nicht einen Fakt für die Behauptungen feststellen, die hier gemacht werden, die Selbstbedienungslagen.",<<Epistemische Strategien:Faktenprüfung>>,<<Epistemische Strategien,Faktenprüfung>>
person11,Und man wird immer seine Parteifreunde irgendwie unterbringen.,<<Textinterne Begründungen>>,<<Textinterne Begründungen>>,
person11,Und man wird immer seine Parteifreunde irgendwie unterbringen.,<<Epistemische Strategien:Plausibilitätsabwägung>>,<<Epistemische Strategien,Plausibilitätsabwägung>>
person11,Es wird sich direkt anscheinend schon sehr auf die Grünen eingeschossen.,<<Begründungsnarrative:Argument: gesellschaftlicher Kontext>>,<<Begründungsnarrative,Argument: gesellschaftlicher Kontext>>
person11,Es wird sich direkt anscheinend schon sehr auf die Grünen eingeschossen.,<<Textinterne Begründungen>>,<<Textinterne Begründungen>>,
person11,Die Sprache ist sarkastisch.,<<Heuristische Bewertung:Sprache/Stil>>,<<Heuristische Bewertung,Sprache/Stil>>
person11,Die Sprache ist sarkastisch.,<<Affektive Reaktionen:Ironie / Sarkasmus>>,<<Affektive Reaktionen,Ironie / Sarkasmus>>
person11,"Es geht für jede Parteiausnahme umfangt. Ich bezweifle, dass es alles Parteifreunde sind.",<<Epistemische Strategien:Plausibilitätsabwägung>>,<<Epistemische Strategien,Plausibilitätsabwägung>>
person11,"Es geht für jede Parteiausnahme umfangt. Ich bezweifle, dass es alles Parteifreunde sind.",<<Kognitive Unsicherheit:explizite Unsicherheit>>,<<Kognitive Unsicherheit,explizite Unsicherheit>>
person11,"Denn es wird hier auch nicht faktisch unterlegt, dass es so ist, sondern es wird nur eine Behauptung erstellt.",<<Begründungsnarrative:Argument: Inhalt vs. Quelle>>,<<Begründungsnarrative,Argument: Inhalt vs. Quelle>>
person11,"Denn es wird hier auch nicht faktisch unterlegt, dass es so ist, sondern es wird nur eine Behauptung erstellt.",<<Begründungsnarrative:Argument: vermeintliche Objektivität>>,<<Begründungsnarrative,Argument: vermeintliche Objektivität>>
person11,"Es sind nämlich teilweise auch Beamten in der Regierung, die nicht unbedingt von Parteien ernannt werden können.",<<Epistemische Strategien:Kontextwissen>>,<<Epistemische Strategien,Kontextwissen>>
person11,"Es sind nämlich teilweise auch Beamten in der Regierung, die nicht unbedingt von Parteien ernannt werden können.",<<Begründungsnarrative:Argument: gesellschaftlicher Kontext>>,<<Begründungsnarrative,Argument: gesellschaftlicher Kontext>>
person11,"Deswegen, parteilose Experten und Fachkräne kommen eher selten zum Zuge. Politische Gegner mit Sicherheit gar nicht.",<<Textinterne Begründungen>>,<<Textinterne Begründungen>>,
person11,"Deswegen, parteilose Experten und Fachkräne kommen eher selten zum Zuge. Politische Gegner mit Sicherheit gar nicht.",<<Epistemische Strategien:Plausibilitätsabwägung>>,<<Epistemische Strategien,Plausibilitätsabwägung>>
person11,Letzteres wäre ja auch ganz ohne Ironie und Sinn verrückt.,<<Affektive Reaktionen:Ironie / Sarkasmus>>,<<Affektive Reaktionen,Ironie / Sarkasmus>>
person11,Letzteres wäre ja auch ganz ohne Ironie und Sinn verrückt.,<<Textinterne Begründungen>>,<<Textinterne Begründungen>>,
person11,"Warum spricht man dann so einen Satz aus, wenn man ihn schon selber als verrückt ansieht?",<<Epistemische Strategien:logische Argumentation>>,<<Epistemische Strategien,logische Argumentation>>
person11,"Warum spricht man dann so einen Satz aus, wenn man ihn schon selber als verrückt ansieht?",<<Kognitive Unsicherheit:Widersprüche erkannt>>,<<Kognitive Unsicherheit,Widersprüche erkannt>>
person11,Dieser Artikel unterstellt Korruption.,<<Begründungsnarrative:Argument: Inhalt vs. Quelle>>,<<Begründungsnarrative,Argument: Inhalt vs. Quelle>>
person11,Dieser Artikel unterstellt Korruption.,<<Textinterne Begründungen>>,<<Textinterne Begründungen>>,
person11,"Ich korrumpiere meine Mitarbeiter, wenn ich später mal innerparteilich ein Problem habe, indem ich sie dann dazu zwinge, indem ich ihnen eine Arbeit gegeben habe, total loyal zu mir zu sein.",<<Epistemische Strategien:logische Argumentation>>,<<Epistemische Strategien,logische Argumentation>>
person11,"Ich korrumpiere meine Mitarbeiter, wenn ich später mal innerparteilich ein Problem habe, indem ich sie dann dazu zwinge, indem ich ihnen eine Arbeit gegeben habe, total loyal zu mir zu sein.",<<Textinterne Begründungen>>,<<Textinterne Begründungen>>,
person11,"Ohne irgendein Fakt, ohne irgendein Beispiel. Einfach mal in den Raum geschmissen.",<<Begründungsnarrative:Argument: Inhalt vs. Quelle>>,<<Begründungsnarrative,Argument: Inhalt vs. Quelle>>
person11,"Ohne irgendein Fakt, ohne irgendein Beispiel. Einfach mal in den Raum geschmissen.",<<Affektive Reaktionen:emotionale Ablehnung>>,<<Affektive Reaktionen,emotionale Ablehnung>>
person11,Ein Treffen mit Parteifreunden ist nicht unbedingt auch immer ein Treffen mit Wählern.,<<Epistemische Strategien:logische Argumentation>>,<<Epistemische Strategien,logische Argumentation>>
person11,Ein Treffen mit Parteifreunden ist nicht unbedingt auch immer ein Treffen mit Wählern.,<<Textinterne Begründungen>>,<<Textinterne Begründungen>>,
person11,"Wenn die eh schon in meiner eigenen Partei sind, dann werden sie wahrscheinlich keine anderen wählen.",<<Epistemische Strategien:logische Argumentation>>,<<Epistemische Strategien,logische Argumentation>>
person11,"Wenn die eh schon in meiner eigenen Partei sind, dann werden sie wahrscheinlich keine anderen wählen.",<<Begründungsnarrative:Argument: gesellschaftlicher Kontext>>,<<Begründungsnarrative,Argument: gesellschaftlicher Kontext>>
person11,"Es gibt sicherlich Institutionen, die gewisse Arbeitsvorgehensweisen im deutschen Parlament überwachen.",<<Epistemische Strategien:Kontextwissen>>,<<Epistemische Strategien,Kontextwissen>>
person11,"Es gibt sicherlich Institutionen, die gewisse Arbeitsvorgehensweisen im deutschen Parlament überwachen.",<<Begründungsnarrative:Argument: gesellschaftlicher Kontext>>,<<Begründungsnarrative,Argument: gesellschaftlicher Kontext>>
person11,"Das ist alles so ganz ohne ist, glaube ich einfach nicht.",<<Epistemische Strategien:Plausibilitätsabwägung>>,<<Epistemische Strategien,Plausibilitätsabwägung>>
person11,"Das ist alles so ganz ohne ist, glaube ich einfach nicht.",<<Vertrauen in Inhalt/System:generelles Misstrauen gegenüber Medieninhalten>>,<<Vertrauen in Inhalt/System,generelles Misstrauen gegenüber Medieninhalten>>
person11,"Eine Sekretärin sollte ihre Chefin schon sehen oder ihren Chef, weil es gibt auch immer gerade bei denen was zu unterschreiben.",<<Epistemische Strategien:logische Argumentation>>,<<Epistemische Strategien,logische Argumentation>>
person11,"Eine Sekretärin sollte ihre Chefin schon sehen oder ihren Chef, weil es gibt auch immer gerade bei denen was zu unterschreiben.",<<Begründungsnarrative:Argument: persönliche Erfahrung>>,<<Begründungsnarrative,Argument: persönliche Erfahrung>>
person11,Manches muss einfach auch im Original vorliegen. Das ist Blödsinn.,<<Epistemische Strategien:Plausibilitätsabwägung>>,<<Epistemische Strategien,Plausibilitätsabwägung>>
person11,Manches muss einfach auch im Original vorliegen. Das ist Blödsinn.,<<Affektive Reaktionen:emotionale Ablehnung>>,<<Affektive Reaktionen,emotionale Ablehnung>>
person11,Sie sind ja auch nicht die persönlichen Assistenten von Elon Musk.,<<Textinterne Begründungen>>,<<Textinterne Begründungen>>,
person11,Sie sind ja auch nicht die persönlichen Assistenten von Elon Musk.,<<Affektive Reaktionen:Ironie / Sarkasmus>>,<<Affektive Reaktionen,Ironie / Sarkasmus>>
person11,"Ich denke mir, in einem demokratischen Land wie Frankreich kann die französische Justiz nicht in einen nichtjustizierbaren Bereich einvorstoßen.",<<Epistemische Strategien:logische Argumentation>>,<<Epistemische Strategien,logische Argumentation>>
person11,"Ich denke mir, in einem demokratischen Land wie Frankreich kann die französische Justiz nicht in einen nichtjustizierbaren Bereich einvorstoßen.",<<Begründungsnarrative:Argument: gesellschaftlicher Kontext>>,<<Begründungsnarrative,Argument: gesellschaftlicher Kontext>>
person11,"So, jetzt kommen wir mal. Als erstes werden wieder die Grünen und dann kommen direkt die Linken.",<<Textinterne Begründungen>>,<<Textinterne Begründungen>>,
person11,"So, jetzt kommen wir mal. Als erstes werden wieder die Grünen und dann kommen direkt die Linken.",<<Begründungsnarrative:Argument: gesellschaftlicher Kontext>>,<<Begründungsnarrative,Argument: gesellschaftlicher Kontext>>
person11,Sehr schön. Und dann erst die Liberalen und Systemkonservativen.,<<Affektive Reaktionen:Ironie / Sarkasmus>>,<<Affektive Reaktionen,Ironie / Sarkasmus>>
person11,Sehr schön. Und dann erst die Liberalen und Systemkonservativen.,<<Textinterne Begründungen>>,<<Textinterne Begründungen>>,
person11,"Also es hat schon wieder ein Geschmäckle, dass man sich da besonders auf Grün und Linke einschießt.",<<Begründungsnarrative:Argument: gesellschaftlicher Kontext>>,<<Begründungsnarrative,Argument: gesellschaftlicher Kontext>>
person11,"Also es hat schon wieder ein Geschmäckle, dass man sich da besonders auf Grün und Linke einschießt.",<<Heuristische Bewertung:Sprache/Stil>>,<<Heuristische Bewertung,Sprache/Stil>>
person11,"Und selbst wenn bei dem Urteil gegen Le Pen ein gewisser parteipolitisches oder machtaktisches Spiel ist, es ändert dann eventuell doch nichts an der Tatsache, dass die Justiz etwas gefunden hat.",<<Epistemische Strategien:logische Argumentation>>,<<Epistemische Strategien,logische Argumentation>>
person11,"Und selbst wenn bei dem Urteil gegen Le Pen ein gewisser parteipolitisches oder machtaktisches Spiel ist, es ändert dann eventuell doch nichts an der Tatsache, dass die Justiz etwas gefunden hat.",<<Begründungsnarrative:Argument: gesellschaftlicher Kontext>>,<<Begründungsnarrative,Argument: gesellschaftlicher Kontext>>
person11,"Die auch in Frankreich unabhängig ist, was wirklich gegen Geltungsrecht verstößt.",<<Epistemische Strategien:Kontextwissen>>,<<Epistemische Strategien,Kontextwissen>>
person11,"Die auch in Frankreich unabhängig ist, was wirklich gegen Geltungsrecht verstößt.",<<Begründungsnarrative:Argument: gesellschaftlicher Kontext>>,<<Begründungsnarrative,Argument: gesellschaftlicher Kontext>>
person11,Also man stellt auch die Unabhängigkeit der französischen Justiz hier infrage.,<<Begründungsnarrative:Argument: Inhalt vs. Quelle>>,<<Begründungsnarrative,Argument: Inhalt vs. Quelle>>
person11,Also man stellt auch die Unabhängigkeit der französischen Justiz hier infrage.,<<Textinterne Begründungen>>,<<Textinterne Begründungen>>,
person11,"Und natürlich steckt überall Emmanuel Macron, das ist ein sehr verschwörungsmäßiger und dessen Politiker, dann auch worttechnisch sehr eindeutig und Hintermänner.",<<Begründungsnarrative:Argument: Sprache/Stil>>,<<Begründungsnarrative,Argument: Sprache/Stil>>
person11,"Und natürlich steckt überall Emmanuel Macron, das ist ein sehr verschwörungsmäßiger und dessen Politiker, dann auch worttechnisch sehr eindeutig und Hintermänner.",<<Heuristische Bewertung:Sprache/Stil>>,<<Heuristische Bewertung,Sprache/Stil>>
person11,"Hört sich wirklich an, als ob sie da gegen eine kriminelle direkt sprechen, wenn sie über Macron und seine Partei reden.",<<Heuristische Bewertung:Sprache/Stil>>,<<Heuristische Bewertung,Sprache/Stil>>
person11,"Hört sich wirklich an, als ob sie da gegen eine kriminelle direkt sprechen, wenn sie über Macron und seine Partei reden.",<<Affektive Reaktionen:emotionale Ablehnung>>,<<Affektive Reaktionen,emotionale Ablehnung>>
person11,"Also alles, was ihnen nicht gefällt, jeder rechte Politiker in Europa, der von irgendeinem Gericht, das meistens doch noch demokratisch ist, wird alles infrage gestellt.",<<Epistemische Strategien:logische Argumentation>>,<<Epistemische Strategien,logische Argumentation>>
person11,"Also alles, was ihnen nicht gefällt, jeder rechte Politiker in Europa, der von irgendeinem Gericht, das meistens doch noch demokratisch ist, wird alles infrage gestellt.",<<Begründungsnarrative:Argument: gesellschaftlicher Kontext>>,<<Begründungsnarrative,Argument: gesellschaftlicher Kontext>>
person11,Und was denn für verfassungsrechtlich weit fragwürdige Entscheidungen des Bundesverfassungsberichts?,<<Textinterne Begründungen>>,<<Textinterne Begründungen>>,
person11,Und was denn für verfassungsrechtlich weit fragwürdige Entscheidungen des Bundesverfassungsberichts?,<<Kognitive Unsicherheit:explizite Unsicherheit>>,<<Kognitive Unsicherheit,explizite Unsicherheit>>
person11,"Die weit vorangeschrittenen Debatten um ein Verbot der AfD, wir sind ein demokratisches Land, da darf man auch darüber diskutieren.",<<Epistemische Strategien:Kontextwissen>>,<<Epistemische Strategien,Kontextwissen>>
person11,"Die weit vorangeschrittenen Debatten um ein Verbot der AfD, wir sind ein demokratisches Land, da darf man auch darüber diskutieren.",<<Begründungsnarrative:Argument: gesellschaftlicher Kontext>>,<<Begründungsnarrative,Argument: gesellschaftlicher Kontext>>
person11,"Das heißt nicht, dass die AfD verboten wird.",<<Epistemische Strategien:logische Argumentation>>,<<Epistemische Strategien,logische Argumentation>>
person11,"Das heißt nicht, dass die AfD verboten wird.",<<Begründungsnarrative:Argument: gesellschaftlicher Kontext>>,<<Begründungsnarrative,Argument: gesellschaftlicher Kontext>>
person11,"Es wird nur darüber diskutiert, dass sie eindeutig als rechtsextrem vom Verfassungsschutz eingeordnet ist.",<<Epistemische Strategien:Kontextwissen>>,<<Epistemische Strategien,Kontextwissen>>
person11,"Es wird nur darüber diskutiert, dass sie eindeutig als rechtsextrem vom Verfassungsschutz eingeordnet ist.",<<Begründungsnarrative:Argument: gesellschaftlicher Kontext>>,<<Begründungsnarrative,Argument: gesellschaftlicher Kontext>>
person11,"Dann reden wir wieder von den Eliten. Ja klar, auch da ist die Wortwahl sehr eindeutig.",<<Begründungsnarrative:Argument: Sprache/Stil>>,<<Begründungsnarrative,Argument: Sprache/Stil>>
person11,"Dann reden wir wieder von den Eliten. Ja klar, auch da ist die Wortwahl sehr eindeutig.",<<Heuristische Bewertung:Sprache/Stil>>,<<Heuristische Bewertung,Sprache/Stil>>
person11,"Fest eingeplanter Krieg, europäische Demokratie in Anführungsstrichen, europäische Werte in Anführungsstrichen.",<<Textinterne Begründungen>>,<<Textinterne Begründungen>>,
person11,"Fest eingeplanter Krieg, europäische Demokratie in Anführungsstrichen, europäische Werte in Anführungsstrichen.",<<Heuristische Bewertung:Sprache/Stil>>,<<Heuristische Bewertung,Sprache/Stil>>
person11,"Was muss ich jetzt hier machen? Hier starten, oder? Nein, das ist ein Notizbord.",<<Metakognitive Reflexion>>,<<Metakognitive Reflexion>>,
person11,"Was muss ich jetzt hier machen? Hier starten, oder? Nein, das ist ein Notizbord.",<<Kognitive Unsicherheit:explizite Unsicherheit>>,<<Kognitive Unsicherheit,explizite Unsicherheit>>
person11,Das ist nochmal der gleiche. Das sind die identischen Artikel.,<<Epistemische Strategien:logische Argumentation>>,<<Epistemische Strategien,logische Argumentation>>
person11,Das ist nochmal der gleiche. Das sind die identischen Artikel.,<<Metakognitive Reflexion>>,<<Metakognitive Reflexion>>,
person11,"Was muss ich da jetzt anschreiben? Die Nachrichtenartikel sollen jetzt mit einem Chatbot verifiziert werden, auf ihre Glaubwürdigkeit überprüft.",<<Verifikationsnutzung:aktive Prüfung mit Chatbot>>,<<Verifikationsnutzung,aktive Prüfung mit Chatbot>>
person11,"Was muss ich da jetzt anschreiben? Die Nachrichtenartikel sollen jetzt mit einem Chatbot verifiziert werden, auf ihre Glaubwürdigkeit überprüft.",<<Metakognitive Reflexion>>,<<Metakognitive Reflexion>>,
person11,"Ah, klar. Der Artikel steht dem ganz nicht zur Verfügung, sondern...",<<Verifikationsnutzung:kritisches Hinterfragen von KI-Antwort>>,<<Verifikationsnutzung,kritisches Hinterfragen von KI-Antwort>>
person11,"Ah, klar. Der Artikel steht dem ganz nicht zur Verfügung, sondern...",<<Kognitive Unsicherheit:explizite Unsicherheit>>,<<Kognitive Unsicherheit,explizite Unsicherheit>>
person11,"Ja, aber... Nein, das kann ich jetzt überhaupt nichts mit anschauen. Ich weiß jetzt nicht, was ich dem Bot schreiben soll.",<<Affektive Reaktionen:Unsicherheit>>,<<Affektive Reaktionen,Unsicherheit>>
person11,"Ja, aber... Nein, das kann ich jetzt überhaupt nichts mit anschauen. Ich weiß jetzt nicht, was ich dem Bot schreiben soll.",<<Metakognitive Reflexion>>,<<Metakognitive Reflexion>>,
person11,Hast du das genauso zu verwenden wie Chat-JPG? Das ist mir schon klar.,<<Begründungsnarrative:Argument: persönliche Erfahrung>>,<<Begründungsnarrative,Argument: persönliche Erfahrung>>
person11,Hast du das genauso zu verwenden wie Chat-JPG? Das ist mir schon klar.,<<Verifikationsnutzung:aktive Prüfung mit Chatbot>>,<<Verifikationsnutzung,aktive Prüfung mit Chatbot>>
person11,"Interessant, er findet also den Namen.",<<Verifikationsnutzung:aktive Prüfung mit Chatbot>>,<<Verifikationsnutzung,aktive Prüfung mit Chatbot>>
person11,"Interessant, er findet also den Namen.",<<Affektive Reaktionen:Überraschung>>,<<Affektive Reaktionen,Überraschung>>
person11,Hat er jetzt geantwortet? Mhm. Was soll das?,<<Kognitive Unsicherheit:explizite Unsicherheit>>,<<Kognitive Unsicherheit,explizite Unsicherheit>>
person11,Hat er jetzt geantwortet? Mhm. Was soll das?,<<Verifikationsnutzung:kritisches Hinterfragen von KI-Antwort>>,<<Verifikationsnutzung,kritisches Hinterfragen von KI-Antwort>>
person11,"Dann schauen wir mal, was er jetzt sagt. Ist das eine Umdauer? Nee, da ist halt die Anfassung.",<<Metakognitive Reflexion>>,<<Metakognitive Reflexion>>,
person11,"Dann schauen wir mal, was er jetzt sagt. Ist das eine Umdauer? Nee, da ist halt die Anfassung.",<<Verifikationsnutzung:passive Übernahme>>,<<Verifikationsnutzung,passive Übernahme>>
person11,Achso. Hier steht Telefongespräch mit der FAZ.,<<Textinterne Begründungen>>,<<Textinterne Begründungen>>,
person11,Achso. Hier steht Telefongespräch mit der FAZ.,<<Epistemische Strategien:Faktenprüfung>>,<<Epistemische Strategien,Faktenprüfung>>
person11,"Hätte ich jetzt erwartet, dass vielleicht da auch was in der FAZ erschienen wäre.",<<Epistemische Strategien:Faktenprüfung>>,<<Epistemische Strategien,Faktenprüfung>>
person11,"Hätte ich jetzt erwartet, dass vielleicht da auch was in der FAZ erschienen wäre.",<<Epistemische Strategien:logische Argumentation>>,<<Epistemische Strategien,logische Argumentation>>
person11,"Okay, weitere Fragen habe ich jetzt nicht dann dazu.",<<Metakognitive Reflexion>>,<<Metakognitive Reflexion>>,
person11,"Okay, weitere Fragen habe ich jetzt nicht dann dazu.",<<Verhaltensänderung:keine Veränderung / Fixierung>>,<<Verhaltensänderung,keine Veränderung / Fixierung>>
person11,Weil es gibt keine spezifischen Notifikationen zu diesem Text.,<<Verifikationsnutzung:passive Übernahme>>,<<Verifikationsnutzung,passive Übernahme>>
person11,Weil es gibt keine spezifischen Notifikationen zu diesem Text.,<<Vertrauen in Inhalt/System:Zweifel an Verifikation>>,<<Vertrauen in Inhalt/System,Zweifel an Verifikation>>
person11,"Ja, das war natürlich schon wieder eine ganz andere Ecke.",<<Metakognitive Reflexion>>,<<Metakognitive Reflexion>>,
person11,"Ja, das war natürlich schon wieder eine ganz andere Ecke.",<<Affektive Reaktionen:Unsicherheit>>,<<Affektive Reaktionen,Unsicherheit>>
person11,Natürlich wesentlich weniger Glauben hätte ich gelesen.,<<Verhaltensänderung:Urteilsänderung durch KI>>,<<Verhaltensänderung,Urteilsänderung durch KI>>
person11,Natürlich wesentlich weniger Glauben hätte ich gelesen.,<<Vertrauen in Inhalt/System:generelles Misstrauen gegenüber Medieninhalten>>,<<Vertrauen in Inhalt/System,generelles Misstrauen gegenüber Medieninhalten>>
person11,Sind Sie sich in Ihrer Einschätzung... Nein.,<<Kognitive Unsicherheit:explizite Unsicherheit>>,<<Kognitive Unsicherheit,explizite Unsicherheit>>
person11,Sind Sie sich in Ihrer Einschätzung... Nein.,<<Affektive Reaktionen:Unsicherheit>>,<<Affektive Reaktionen,Unsicherheit>>
person11,Das ist nicht so weniger glaubwürdig als zuvor.,<<Verhaltensänderung:Urteilsänderung durch KI>>,<<Verhaltensänderung,Urteilsänderung durch KI>>
person11,Das ist nicht so weniger glaubwürdig als zuvor.,<<Metakognitive Reflexion>>,<<Metakognitive Reflexion>>,
person11,Der Mann war auch nicht zuständig.,<<Verifikationsnutzung:kritisches Hinterfragen von KI-Antwort>>,<<Verifikationsnutzung,kritisches Hinterfragen von KI-Antwort>>
person11,Der Mann war auch nicht zuständig.,<<Vertrauen in Inhalt/System:Zweifel an Verifikation>>,<<Vertrauen in Inhalt/System,Zweifel an Verifikation>>
person11,Er hat keine Quellen angegeben.,<<Begründungsnarrative:Argument: Inhalt vs. Quelle>>,<<Begründungsnarrative,Argument: Inhalt vs. Quelle>>
person11,Er hat keine Quellen angegeben.,<<Vertrauen in Inhalt/System:Zweifel an Verifikation>>,<<Vertrauen in Inhalt/System,Zweifel an Verifikation>>
person11,Okay. Weil ich habe die überhaupt nicht verstanden.,<<Kognitive Unsicherheit:explizite Unsicherheit>>,<<Kognitive Unsicherheit,explizite Unsicherheit>>
person11,Okay. Weil ich habe die überhaupt nicht verstanden.,<<Metakognitive Reflexion>>,<<Metakognitive Reflexion>>,
person11,Er hat nämlich keine Quellen gemacht.,<<Begründungsnarrative:Argument: Inhalt vs. Quelle>>,<<Begründungsnarrative,Argument: Inhalt vs. Quelle>>
person11,Er hat nämlich keine Quellen gemacht.,<<Vertrauen in Inhalt/System:Zweifel an Verifikation>>,<<Vertrauen in Inhalt/System,Zweifel an Verifikation>>
person11,Das ist in der Planung.,<<Verifikationsnutzung:aktive Prüfung mit Chatbot>>,<<Verifikationsnutzung,aktive Prüfung mit Chatbot>>
person11,Das ist in der Planung.,<<Epistemische Strategien:Faktenprüfung>>,<<Epistemische Strategien,Faktenprüfung>>
person11,Das ist durchaus Überlegungen und Quellen.,<<Verifikationsnutzung:passive Übernahme>>,<<Verifikationsnutzung,passive Übernahme>>
person11,Das ist durchaus Überlegungen und Quellen.,<<Begründungsnarrative:Argument: Inhalt vs. Quelle>>,<<Begründungsnarrative,Argument: Inhalt vs. Quelle>>
person11,"Überlegungen gibt es in verschiedenen Foren, dass das gemacht wird.",<<Verifikationsnutzung:passive Übernahme>>,<<Verifikationsnutzung,passive Übernahme>>
person11,"Überlegungen gibt es in verschiedenen Foren, dass das gemacht wird.",<<Begründungsnarrative:Argument: gesellschaftlicher Kontext>>,<<Begründungsnarrative,Argument: gesellschaftlicher Kontext>>
person11,Aber noch eine konkrete Umsetzung nicht gegeben ist.,<<Verifikationsnutzung:passive Übernahme>>,<<Verifikationsnutzung,passive Übernahme>>
person11,Aber noch eine konkrete Umsetzung nicht gegeben ist.,<<Epistemische Strategien:Plausibilitätsabwägung>>,<<Epistemische Strategien,Plausibilitätsabwägung>>
person11,"Ja, kann ich weiter? Dann muss ich verlassen, ne?",<<Metakognitive Reflexion>>,<<Metakognitive Reflexion>>,
person11,"Ja, kann ich weiter? Dann muss ich verlassen, ne?",<<Affektive Reaktionen:Unsicherheit>>,<<Affektive Reaktionen,Unsicherheit>>
person11,"So, dann schauen wir mal, was da hier zu prüfen am besten geeignet ist.",<<Verifikationsnutzung:aktive Prüfung mit Chatbot>>,<<Verifikationsnutzung,aktive Prüfung mit Chatbot>>
person11,"So, dann schauen wir mal, was da hier zu prüfen am besten geeignet ist.",<<Metakognitive Reflexion>>,<<Metakognitive Reflexion>>,
person11,"Also, ich habe jetzt gefragt, ob es in Deutschland für Parlamentarier und ihre Mitarbeiter für ihre parlamentarische Arbeit im Bundestag und für den Bundestag Überwachungsinstitutionen oder Überwachungsstellen gibt.",<<Verifikationsnutzung:aktive Prüfung mit Chatbot>>,<<Verifikationsnutzung,aktive Prüfung mit Chatbot>>
person11,"Also, ich habe jetzt gefragt, ob es in Deutschland für Parlamentarier und ihre Mitarbeiter für ihre parlamentarische Arbeit im Bundestag und für den Bundestag Überwachungsinstitutionen oder Überwachungsstellen gibt.",<<Epistemische Strategien:Faktenprüfung>>,<<Epistemische Strategien,Faktenprüfung>>
person11,Und da hat der Chatbot eindeutig geantwortet.,<<Verifikationsnutzung:passive Übernahme>>,<<Verifikationsnutzung,passive Übernahme>>
person11,Und da hat der Chatbot eindeutig geantwortet.,<<Vertrauen in Inhalt/System:Vertrauen in Chatbot/KI>>,<<Vertrauen in Inhalt/System,Vertrauen in Chatbot/KI>>
person11,"Dann habe ich auch gefragt, ob es das Gleiche in Frankreich gibt.",<<Verifikationsnutzung:aktive Prüfung mit Chatbot>>,<<Verifikationsnutzung,aktive Prüfung mit Chatbot>>
person11,"Dann habe ich auch gefragt, ob es das Gleiche in Frankreich gibt.",<<Epistemische Strategien:Faktenprüfung>>,<<Epistemische Strategien,Faktenprüfung>>
person11,"Auch hier gibt es diverse parlamentarische Ausschüsse, Verfassungsrat, Ethikrat, die die Arbeit und das Verhalten der Parlamentarier der gewählten demokratischen überprüft.",<<Verifikationsnutzung:passive Übernahme>>,<<Verifikationsnutzung,passive Übernahme>>
person11,"Auch hier gibt es diverse parlamentarische Ausschüsse, Verfassungsrat, Ethikrat, die die Arbeit und das Verhalten der Parlamentarier der gewählten demokratischen überprüft.",<<Vertrauen in Inhalt/System:Vertrauen in Chatbot/KI>>,<<Vertrauen in Inhalt/System,Vertrauen in Chatbot/KI>>
person11,"Und damit, um das, was in diesem Artikel steht, zu verifizieren.",<<Metakognitive Reflexion>>,<<Metakognitive Reflexion>>,
person11,"Und damit, um das, was in diesem Artikel steht, zu verifizieren.",<<Epistemische Strategien:logische Argumentation>>,<<Epistemische Strategien,logische Argumentation>>
person11,"Es ist also nicht so, dass jeder machen kann, was er möchte.",<<Begründungsnarrative:Argument: gesellschaftlicher Kontext>>,<<Begründungsnarrative,Argument: gesellschaftlicher Kontext>>
person11,"Es ist also nicht so, dass jeder machen kann, was er möchte.",<<Epistemische Strategien:logische Argumentation>>,<<Epistemische Strategien,logische Argumentation>>
person11,Und frei ist von allem. Und nur seine Freunde und Buddys da reinbringen kann in die Institutionen.,<<Textinterne Begründungen>>,<<Textinterne Begründungen>>,
person11,Und frei ist von allem. Und nur seine Freunde und Buddys da reinbringen kann in die Institutionen.,<<Affektive Reaktionen:emotionale Ablehnung>>,<<Affektive Reaktionen,emotionale Ablehnung>>
person11,Und man sich da bereichert.,<<Textinterne Begründungen>>,<<Textinterne Begründungen>>,
person11,Und man sich da bereichert.,<<Affektive Reaktionen:emotionale Ablehnung>>,<<Affektive Reaktionen,emotionale Ablehnung>>
person11,Sondern da gibt es dann auch wirklich Vorgaben.,<<Begründungsnarrative:Argument: gesellschaftlicher Kontext>>,<<Begründungsnarrative,Argument: gesellschaftlicher Kontext>>
person11,Sondern da gibt es dann auch wirklich Vorgaben.,<<Verifikationsnutzung:passive Übernahme>>,<<Verifikationsnutzung,passive Übernahme>>
person11,"Also denke ich mir, dass Marine Le Pen wirklich dagegen verstoßen hat.",<<Epistemische Strategien:logische Argumentation>>,<<Epistemische Strategien,logische Argumentation>>
person11,"Also denke ich mir, dass Marine Le Pen wirklich dagegen verstoßen hat.",<<Verhaltensänderung:Bestätigung bestehender Meinung>>,<<Verhaltensänderung,Bestätigung bestehender Meinung>>
person11,"Und es ist wirklich eine Begründung gab, dass sie verurteilt worden ist für das, was sie da getan hat mit ihren Angestellten.",<<Epistemische Strategien:logische Argumentation>>,<<Epistemische Strategien,logische Argumentation>>
person11,"Und es ist wirklich eine Begründung gab, dass sie verurteilt worden ist für das, was sie da getan hat mit ihren Angestellten.",<<Begründungsnarrative:Argument: Inhalt vs. Quelle>>,<<Begründungsnarrative,Argument: Inhalt vs. Quelle>>
person11,Dadurch wurde eigentlich mein vorheriges Einschätzen dieses Artikels bestätigt.,<<Verhaltensänderung:Bestätigung bestehender Meinung>>,<<Verhaltensänderung,Bestätigung bestehender Meinung>>
person11,Dadurch wurde eigentlich mein vorheriges Einschätzen dieses Artikels bestätigt.,<<Metakognitive Reflexion>>,<<Metakognitive Reflexion>>,
person11,Kommt da jetzt noch was?,<<Metakognitive Reflexion>>,<<Metakognitive Reflexion>>,
person11,Kommt da jetzt noch was?,<<Affektive Reaktionen:Unsicherheit>>,<<Affektive Reaktionen,Unsicherheit>>
person11,"Ja, jetzt kommt der Abschlussfragebogen noch über medienlose und KI-Geschützsysteme.",<<Metakognitive Reflexion>>,<<Metakognitive Reflexion>>,
person11,"Wirtschaftsforschung? Nein, das muss gut sein. Und Empfängerung habe ich auch.",<<Kognitive Unsicherheit:explizite Unsicherheit>>,<<Kognitive Unsicherheit,explizite Unsicherheit>>
person11,"Wirtschaftsforschung? Nein, das muss gut sein. Und Empfängerung habe ich auch.",<<Metakognitive Reflexion>>,<<Metakognitive Reflexion>>,
person11,Da gehe ich jetzt auf weiter. Vielen Dank. Fertig.,<<Affektive Reaktionen:Zustimmung / Zustimmungssignale>>,<<Affektive Reaktionen,Zustimmung / Zustimmungssignale>>
person11,Da gehe ich jetzt auf weiter. Vielen Dank. Fertig.,<<Metakognitive Reflexion>>,<<Metakognitive Reflexion>>,
person11,"Perfekt, herzlichen Dank. Wir machen jetzt kurz alles fertig. Und gehen ins Debriefing.",<<Metakognitive Reflexion>>,<<Metakognitive Reflexion>>,
person11,Wunderbar.,<<Affektive Reaktionen:Zustimmung / Zustimmungssignale>>,<<Affektive Reaktionen,Zustimmung / Zustimmungssignale>>
