person_id,text_segment,annotation,category,memo
person15,"Okay. Ist er genau durchlesen, oder was?",<<Metakognitive Reflexion>>,<<Metakognitive Reflexion>>,
person15,"Okay. Ist er genau durchlesen, oder was?",<<Affektive Reaktionen:Unsicherheit>>,<<Affektive Reaktionen,Unsicherheit>>
person15,"Okay, okay, okay. Ich glaube, das ist ein Durbel. Und es ist egal, wie lange er sich dafür braucht, oder?",<<Metakognitive Reflexion>>,<<Metakognitive Reflexion>>,
person15,"Okay, okay, okay. Ich glaube, das ist ein Durbel. Und es ist egal, wie lange er sich dafür braucht, oder?",<<Affektive Reaktionen:Unsicherheit>>,<<Affektive Reaktionen,Unsicherheit>>
person15,"Okay, also ich muss einfach nur den Artikel lesen, um zu überprüfen, warum der komisch ist. Nicht wundern, wenn ich vorher nichts sage. Im Moment denke ich an gar nichts.",<<Metakognitive Reflexion>>,<<Metakognitive Reflexion>>,
person15,"Okay, also ich muss einfach nur den Artikel lesen, um zu überprüfen, warum der komisch ist. Nicht wundern, wenn ich vorher nichts sage. Im Moment denke ich an gar nichts.",<<Begründungsnarrative:Argument: persönliche Erfahrung>>,<<Begründungsnarrative,Argument: persönliche Erfahrung>>
person15,"Was ich auf alle Fälle merke, ist, dass es sehr hohe Sprachen sind. Es sind sehr viele Wörter drin, wo keiner professionell wirken würde. Aber es sind zu viele, das muss ich ganz ehrlich sagen.",<<Begründungsnarrative:Argument: Sprache/Stil>>,<<Begründungsnarrative,Argument: Sprache/Stil>>
person15,"Was ich auf alle Fälle merke, ist, dass es sehr hohe Sprachen sind. Es sind sehr viele Wörter drin, wo keiner professionell wirken würde. Aber es sind zu viele, das muss ich ganz ehrlich sagen.",<<Heuristische Bewertung:Sprache/Stil>>,<<Heuristische Bewertung,Sprache/Stil>>
person15,"Man bemerkt auf alle Fälle, dass der Artikel relativ die westliche Seite ergreift. Wo es nicht wirklich etwas an der Glaubwürdigkeit ändert.",<<Begründungsnarrative:Argument: vermeintliche Objektivität>>,<<Begründungsnarrative,Argument: vermeintliche Objektivität>>
person15,"Man bemerkt auf alle Fälle, dass der Artikel relativ die westliche Seite ergreift. Wo es nicht wirklich etwas an der Glaubwürdigkeit ändert.",<<Epistemische Strategien:Kontextwissen>>,<<Epistemische Strategien,Kontextwissen>>
person15,"Weil es ein gewissen Maße eine objektive Realität ist, dass Ruschl nicht mehr der Vorgreifer ist.",<<Epistemische Strategien:Kontextwissen>>,<<Epistemische Strategien,Kontextwissen>>
person15,"Weil es ein gewissen Maße eine objektive Realität ist, dass Ruschl nicht mehr der Vorgreifer ist.",<<Begründungsnarrative:Argument: gesellschaftlicher Kontext>>,<<Begründungsnarrative,Argument: gesellschaftlicher Kontext>>
person15,"Dadurch, dass die jetzt die Seite für Dresden ergreifen, wirkt es bei mir nicht auf die Glaubwürdigkeit aus.",<<Epistemische Strategien:Plausibilitätsabwägung>>,<<Epistemische Strategien,Plausibilitätsabwägung>>
person15,"Dadurch, dass die jetzt die Seite für Dresden ergreifen, wirkt es bei mir nicht auf die Glaubwürdigkeit aus.",<<Metakognitive Reflexion>>,<<Metakognitive Reflexion>>,
person15,"Ich würde den Artikel als relativ glaubwürdig einstufen, weil die Sprache sehr professionell geholt ist. Es sind sehr viele Fachbegriffe, die verwendet werden. Es ist nicht von Meinungen geprägt.",<<Begründungsnarrative:Argument: Sprache/Stil>>,<<Begründungsnarrative,Argument: Sprache/Stil>>
person15,"Ich würde den Artikel als relativ glaubwürdig einstufen, weil die Sprache sehr professionell geholt ist. Es sind sehr viele Fachbegriffe, die verwendet werden. Es ist nicht von Meinungen geprägt.",<<Vertrauen in Inhalt/System:generelles Vertrauen in Medien>>,<<Vertrauen in Inhalt/System,generelles Vertrauen in Medien>>
person15,"Der ganze Artikel stellt sich auf die Seite der Ukraine. Aber da es nur die objektive Realität ist, kann man das alles so lassen.",<<Begründungsnarrative:Argument: gesellschaftlicher Kontext>>,<<Begründungsnarrative,Argument: gesellschaftlicher Kontext>>
person15,"Der ganze Artikel stellt sich auf die Seite der Ukraine. Aber da es nur die objektive Realität ist, kann man das alles so lassen.",<<Epistemische Strategien:Kontextwissen>>,<<Epistemische Strategien,Kontextwissen>>
person15,"Ich würde den Artikel als glaubwürdig halten. Er ist ein bisschen unangenehm zum Lesen. Es sind sehr viele Fachbegriffe, wenn man nicht so in der Materie drin ist.",<<Begründungsnarrative:Argument: persönliche Erfahrung>>,<<Begründungsnarrative,Argument: persönliche Erfahrung>>
person15,"Ich würde den Artikel als glaubwürdig halten. Er ist ein bisschen unangenehm zum Lesen. Es sind sehr viele Fachbegriffe, wenn man nicht so in der Materie drin ist.",<<Heuristische Bewertung:Sprache/Stil>>,<<Heuristische Bewertung,Sprache/Stil>>
person15,Das war es zu dem Artikel eigentlich.,<<Metakognitive Reflexion>>,<<Metakognitive Reflexion>>,
person15,"Das erste, was mich aufregt, ist das fette Polster. Das gefällt mir gar nicht. Das hat irgendwie so einen unsachlichen Vibe.",<<Begründungsnarrative:Argument: Sprache/Stil>>,<<Begründungsnarrative,Argument: Sprache/Stil>>
person15,"Das erste, was mich aufregt, ist das fette Polster. Das gefällt mir gar nicht. Das hat irgendwie so einen unsachlichen Vibe.",<<Affektive Reaktionen:Wut / Empörung>>,<<Affektive Reaktionen,Wut / Empörung>>
person15,Die deutsche Politik war schon immer ein großes Empfehlungslad. Das ist meiner Meinung nach nicht wirklich sachlich.,<<Textinterne Begründungen>>,<<Textinterne Begründungen>>,
person15,Die deutsche Politik war schon immer ein großes Empfehlungslad. Das ist meiner Meinung nach nicht wirklich sachlich.,<<Begründungsnarrative:Argument: Sprache/Stil>>,<<Begründungsnarrative,Argument: Sprache/Stil>>
person15,Das wird auch nicht begründet.,<<Begründungsnarrative:Argument: Inhalt vs. Quelle>>,<<Begründungsnarrative,Argument: Inhalt vs. Quelle>>
person15,Das wird auch nicht begründet.,<<Epistemische Strategien:Faktenprüfung>>,<<Epistemische Strategien,Faktenprüfung>>
person15,"Das hört sich ein bisschen sketchy an. Das ist maximal sachlich, von eigenen Erfahrungen zu schreiben, die auch nicht wirklich beweisbar sind.",<<Begründungsnarrative:Argument: Inhalt vs. Quelle>>,<<Begründungsnarrative,Argument: Inhalt vs. Quelle>>
person15,"Das hört sich ein bisschen sketchy an. Das ist maximal sachlich, von eigenen Erfahrungen zu schreiben, die auch nicht wirklich beweisbar sind.",<<Heuristische Bewertung:Sprache/Stil>>,<<Heuristische Bewertung,Sprache/Stil>>
person15,Es ist einfach nur eine Anreihung von ganz feinen Aussagen.,<<Begründungsnarrative:Argument: Struktur und Logik>>,<<Begründungsnarrative,Argument: Struktur und Logik>>
person15,Es ist einfach nur eine Anreihung von ganz feinen Aussagen.,<<Textinterne Begründungen>>,<<Textinterne Begründungen>>,
person15,"Die muss ich ein bisschen unterräumen, ein bisschen stützen. Ich sehe da keine Begründung für nichts. Das ist alles eine persönliche Meinung.",<<Begründungsnarrative:Argument: Inhalt vs. Quelle>>,<<Begründungsnarrative,Argument: Inhalt vs. Quelle>>
person15,"Die muss ich ein bisschen unterräumen, ein bisschen stützen. Ich sehe da keine Begründung für nichts. Das ist alles eine persönliche Meinung.",<<Epistemische Strategien:Faktenprüfung>>,<<Epistemische Strategien,Faktenprüfung>>
person15,"Was ich aber wieder positiv sehe, ist, dass beide Seiten der Argumente ein bisschen anschauen.",<<Begründungsnarrative:Argument: vermeintliche Objektivität>>,<<Begründungsnarrative,Argument: vermeintliche Objektivität>>
person15,"Was ich aber wieder positiv sehe, ist, dass beide Seiten der Argumente ein bisschen anschauen.",<<Heuristische Bewertung:Struktur/Logik>>,<<Heuristische Bewertung,Struktur/Logik>>
person15,"Ja, die behaupten, sie hätten ihren Chef noch nie getroffen, aber wer sieht schon seinen Chef? Das ist ganz nett, dass beide Seiten vom Argument ein bisschen anschauen.",<<Textinterne Begründungen>>,<<Textinterne Begründungen>>,
person15,"Ja, die behaupten, sie hätten ihren Chef noch nie getroffen, aber wer sieht schon seinen Chef? Das ist ganz nett, dass beide Seiten vom Argument ein bisschen anschauen.",<<Epistemische Strategien:logische Argumentation>>,<<Epistemische Strategien,logische Argumentation>>
person15,"Es dreht sich ab, es ist noch einmal ein wilder Trick, dass der Vollgas-Verschwörungstheoretiker mit den Eliten, die irgendwie so strikt sind, mit so einem Scheiß ist.",<<Affektive Reaktionen:Wut / Empörung>>,<<Affektive Reaktionen,Wut / Empörung>>
person15,"Es dreht sich ab, es ist noch einmal ein wilder Trick, dass der Vollgas-Verschwörungstheoretiker mit den Eliten, die irgendwie so strikt sind, mit so einem Scheiß ist.",<<Begründungsnarrative:Argument: gesellschaftlicher Kontext>>,<<Begründungsnarrative,Argument: gesellschaftlicher Kontext>>
person15,Das ist ein wahrer WTF vom Festgeplanten Krieg. Was ist denn das?,<<Affektive Reaktionen:Wut / Empörung>>,<<Affektive Reaktionen,Wut / Empörung>>
person15,Das ist ein wahrer WTF vom Festgeplanten Krieg. Was ist denn das?,<<Textinterne Begründungen>>,<<Textinterne Begründungen>>,
person15,"Ich habe mir schon am Anfang gedacht, wie er schon ungefähr fünfmal von den Grünen geschmerzt hat. Dass es schon seltsam ist.",<<Begründungsnarrative:Argument: gesellschaftlicher Kontext>>,<<Begründungsnarrative,Argument: gesellschaftlicher Kontext>>
person15,"Ich habe mir schon am Anfang gedacht, wie er schon ungefähr fünfmal von den Grünen geschmerzt hat. Dass es schon seltsam ist.",<<Textinterne Begründungen>>,<<Textinterne Begründungen>>,
person15,"Wenn es schon russische Propaganda heißt, weiß man ganz genau, was für eine Meinung der Artikel so hat.",<<Heuristische Bewertung:Sprache/Stil>>,<<Heuristische Bewertung,Sprache/Stil>>
person15,"Wenn es schon russische Propaganda heißt, weiß man ganz genau, was für eine Meinung der Artikel so hat.",<<Begründungsnarrative:Argument: Sprache/Stil>>,<<Begründungsnarrative,Argument: Sprache/Stil>>
person15,"Ich fände es irgendwie seltsam, weil es ist nicht irgendwie falsches Englisch.",<<Kognitive Unsicherheit:explizite Unsicherheit>>,<<Kognitive Unsicherheit,explizite Unsicherheit>>
person15,"Ich fände es irgendwie seltsam, weil es ist nicht irgendwie falsches Englisch.",<<Metakognitive Reflexion>>,<<Metakognitive Reflexion>>,
person15,"Ja, ich denke auch gar nichts. Ich bin momentan zum Planverstehen.",<<Metakognitive Reflexion>>,<<Metakognitive Reflexion>>,
person15,"Ja, ich denke auch gar nichts. Ich bin momentan zum Planverstehen.",<<Affektive Reaktionen:Unsicherheit>>,<<Affektive Reaktionen,Unsicherheit>>
person15,"Momentan ist der Artikel, mir fällt jetzt nichts Besonderes auf.",<<Metakognitive Reflexion>>,<<Metakognitive Reflexion>>,
person15,"Momentan ist der Artikel, mir fällt jetzt nichts Besonderes auf.",<<Heuristische Bewertung:Bauchgefühl>>,<<Heuristische Bewertung,Bauchgefühl>>
person15,"Ich finde, der Artikel an sich hat eine relativ neutrale Natur. Es beschreibt einfach nur so zwei Menschen und ihre Meinungen.",<<Begründungsnarrative:Argument: vermeintliche Objektivität>>,<<Begründungsnarrative,Argument: vermeintliche Objektivität>>
person15,"Ich finde, der Artikel an sich hat eine relativ neutrale Natur. Es beschreibt einfach nur so zwei Menschen und ihre Meinungen.",<<Heuristische Bewertung:Sprache/Stil>>,<<Heuristische Bewertung,Sprache/Stil>>
person15,"Die verschiedenen Menschen und ihre Meinungen, aber nicht selber in die richtige Stellung.",<<Textinterne Begründungen>>,<<Textinterne Begründungen>>,
person15,"Die verschiedenen Menschen und ihre Meinungen, aber nicht selber in die richtige Stellung.",<<Begründungsnarrative:Argument: vermeintliche Objektivität>>,<<Begründungsnarrative,Argument: vermeintliche Objektivität>>
person15,"Es behandelt eigentlich nur die Meinungen von den beschriebenen Leuten. Es ist ein Artikel, wo tausend Zitate von verschiedensten Leuten mit verschiedensten Meinungen vor die Füße wirft.",<<Begründungsnarrative:Argument: Inhalt vs. Quelle>>,<<Begründungsnarrative,Argument: Inhalt vs. Quelle>>
person15,"Es behandelt eigentlich nur die Meinungen von den beschriebenen Leuten. Es ist ein Artikel, wo tausend Zitate von verschiedensten Leuten mit verschiedensten Meinungen vor die Füße wirft.",<<Textinterne Begründungen>>,<<Textinterne Begründungen>>,
person15,Es ist einfach ganz viele Meinungen von ganz vielen Leuten.,<<Begründungsnarrative:Argument: Inhalt vs. Quelle>>,<<Begründungsnarrative,Argument: Inhalt vs. Quelle>>
person15,Es ist einfach ganz viele Meinungen von ganz vielen Leuten.,<<Metakognitive Reflexion>>,<<Metakognitive Reflexion>>,
person15,"Daher kommt es mir relativ valide vor. Wenn es nur andere Leute zitieren und es ist eine eigene Meinung oder so, kommt es mir wirklich gar nicht vor.",<<Epistemische Strategien:Plausibilitätsabwägung>>,<<Epistemische Strategien,Plausibilitätsabwägung>>
person15,"Daher kommt es mir relativ valide vor. Wenn es nur andere Leute zitieren und es ist eine eigene Meinung oder so, kommt es mir wirklich gar nicht vor.",<<Vertrauen in Inhalt/System:generelles Vertrauen in Medien>>,<<Vertrauen in Inhalt/System,generelles Vertrauen in Medien>>
person15,"Natürlich, die Überschriften, aber die Überschriften haben auch nur Zitate mit den größten Teilen von irgendwelchen Leuten.",<<Textinterne Begründungen>>,<<Textinterne Begründungen>>,
person15,"Natürlich, die Überschriften, aber die Überschriften haben auch nur Zitate mit den größten Teilen von irgendwelchen Leuten.",<<Begründungsnarrative:Argument: Sprache/Stil>>,<<Begründungsnarrative,Argument: Sprache/Stil>>
person15,Daher kommt es mir doch sehr neutral vor. Dann bin ich damit wieder fertig und feiere jetzt mit Nummer 4.,<<Vertrauen in Inhalt/System:generelles Vertrauen in Medien>>,<<Vertrauen in Inhalt/System,generelles Vertrauen in Medien>>
person15,Daher kommt es mir doch sehr neutral vor. Dann bin ich damit wieder fertig und feiere jetzt mit Nummer 4.,<<Metakognitive Reflexion>>,<<Metakognitive Reflexion>>,
person15,"What the fuck? Da sind doch 4 Wörter schon vor. Alter, leck mich am Arsch, was ist denn jetzt das?",<<Affektive Reaktionen:Wut / Empörung>>,<<Affektive Reaktionen,Wut / Empörung>>
person15,"What the fuck? Da sind doch 4 Wörter schon vor. Alter, leck mich am Arsch, was ist denn jetzt das?",<<Heuristische Bewertung:Sprache/Stil>>,<<Heuristische Bewertung,Sprache/Stil>>
person15,"Ich kann spähen. Ich kann doch nur spähen. Alter, was?",<<Affektive Reaktionen:Wut / Empörung>>,<<Affektive Reaktionen,Wut / Empörung>>
person15,"Ich kann spähen. Ich kann doch nur spähen. Alter, was?",<<Kognitive Unsicherheit:explizite Unsicherheit>>,<<Kognitive Unsicherheit,explizite Unsicherheit>>
person15,"Es ist einfach nur wild, wie der Autor die randomste Scheiße mit dem armenischen Genozid oder wie man das genannt hat, was?",<<Affektive Reaktionen:Wut / Empörung>>,<<Affektive Reaktionen,Wut / Empörung>>
person15,"Es ist einfach nur wild, wie der Autor die randomste Scheiße mit dem armenischen Genozid oder wie man das genannt hat, was?",<<Begründungsnarrative:Argument: Inhalt vs. Quelle>>,<<Begründungsnarrative,Argument: Inhalt vs. Quelle>>
person15,"Was ist das für eine Propaganda-Schrift? Alter, was?",<<Begründungsnarrative:Argument: vermeintliche Objektivität>>,<<Begründungsnarrative,Argument: vermeintliche Objektivität>>
person15,"Was ist das für eine Propaganda-Schrift? Alter, was?",<<Affektive Reaktionen:Wut / Empörung>>,<<Affektive Reaktionen,Wut / Empörung>>
person15,"Was? Okay, okay, ich finde jeden Satz wilder in dem ganzen Text.",<<Affektive Reaktionen:emotionale Ablehnung>>,<<Affektive Reaktionen,emotionale Ablehnung>>
person15,"Was? Okay, okay, ich finde jeden Satz wilder in dem ganzen Text.",<<Metakognitive Reflexion>>,<<Metakognitive Reflexion>>,
person15,"Das mit Armenien war schon fucking weird, warum die Russen die guten sind, weil es hat nix miteinander zu tun und dann diesen 2.",<<Begründungsnarrative:Argument: Inhalt vs. Quelle>>,<<Begründungsnarrative,Argument: Inhalt vs. Quelle>>
person15,"Das mit Armenien war schon fucking weird, warum die Russen die guten sind, weil es hat nix miteinander zu tun und dann diesen 2.",<<Affektive Reaktionen:Wut / Empörung>>,<<Affektive Reaktionen,Wut / Empörung>>
person15,"Es ist halt echt ein absolut wilder Move, dass die Haltung gegenüber Zivilisten und Kriegsgefangenen geändert werden sollte.",<<Textinterne Begründungen>>,<<Textinterne Begründungen>>,
person15,"Es ist halt echt ein absolut wilder Move, dass die Haltung gegenüber Zivilisten und Kriegsgefangenen geändert werden sollte.",<<Affektive Reaktionen:Wut / Empörung>>,<<Affektive Reaktionen,Wut / Empörung>>
person15,"Hä? Ach ja, sie haben Beteiligung am Hungertag bewahrt, aber damals in der Ukraine sind Millionen von Menschen gestorben. Das ist behinderlich.",<<Affektive Reaktionen:Wut / Empörung>>,<<Affektive Reaktionen,Wut / Empörung>>
person15,"Hä? Ach ja, sie haben Beteiligung am Hungertag bewahrt, aber damals in der Ukraine sind Millionen von Menschen gestorben. Das ist behinderlich.",<<Epistemische Strategien:Kontextwissen>>,<<Epistemische Strategien,Kontextwissen>>
person15,"Ja, soll ich noch mehr kommentieren oder kann ich gleich erspähen?",<<Metakognitive Reflexion>>,<<Metakognitive Reflexion>>,
person15,"Ja, soll ich noch mehr kommentieren oder kann ich gleich erspähen?",<<Affektive Reaktionen:Unsicherheit>>,<<Affektive Reaktionen,Unsicherheit>>
person15,"Ja, ich hab das noch nicht zusammengefasst, es ist keine Propaganda, keine Ahnung, die müssen nur noch totalen Krieg fordern und dann ist alles beieinander.",<<Affektive Reaktionen:Ironie / Sarkasmus>>,<<Affektive Reaktionen,Ironie / Sarkasmus>>
person15,"Ja, ich hab das noch nicht zusammengefasst, es ist keine Propaganda, keine Ahnung, die müssen nur noch totalen Krieg fordern und dann ist alles beieinander.",<<Begründungsnarrative:Argument: vermeintliche Objektivität>>,<<Begründungsnarrative,Argument: vermeintliche Objektivität>>
person15,"Es wird ungefähr jede Scheiße vertraut, vor allem das mit Armenien, das hat nix mit den Russen zu tun, aber wirklich gar nix.",<<Begründungsnarrative:Argument: Inhalt vs. Quelle>>,<<Begründungsnarrative,Argument: Inhalt vs. Quelle>>
person15,"Es wird ungefähr jede Scheiße vertraut, vor allem das mit Armenien, das hat nix mit den Russen zu tun, aber wirklich gar nix.",<<Epistemische Strategien:logische Argumentation>>,<<Epistemische Strategien,logische Argumentation>>
person15,"Und dann ist es trotzdem so, dass die Russen die Besten sind.",<<Textinterne Begründungen>>,<<Textinterne Begründungen>>,
person15,"Und dann ist es trotzdem so, dass die Russen die Besten sind.",<<Affektive Reaktionen:Ironie / Sarkasmus>>,<<Affektive Reaktionen,Ironie / Sarkasmus>>
person15,"Und am Schluss, da wird das Argument gebracht, dass sie so Arschschaden ernährt haben und was die Russen damals an der Ostbrat angekriegt haben, das macht es nicht besser.",<<Textinterne Begründungen>>,<<Textinterne Begründungen>>,
person15,"Und am Schluss, da wird das Argument gebracht, dass sie so Arschschaden ernährt haben und was die Russen damals an der Ostbrat angekriegt haben, das macht es nicht besser.",<<Epistemische Strategien:logische Argumentation>>,<<Epistemische Strategien,logische Argumentation>>
person15,"Es ist furchtbar, es ist gottlos und es ist eine Beleidigung für alle Menschen, die hier draußen stürmen. Genau, das war es zum Schluss.",<<Affektive Reaktionen:emotionale Ablehnung>>,<<Affektive Reaktionen,emotionale Ablehnung>>
person15,"Es ist furchtbar, es ist gottlos und es ist eine Beleidigung für alle Menschen, die hier draußen stürmen. Genau, das war es zum Schluss.",<<Begründungsnarrative:Argument: gesellschaftlicher Kontext>>,<<Begründungsnarrative,Argument: gesellschaftlicher Kontext>>
person15,"Okay, okay, okay. Ich habe hier nochmal schnell was zu trinken.",<<Metakognitive Reflexion>>,<<Metakognitive Reflexion>>,
person15,"Ja. Okay, jetzt bin ich gespannt. Ich kann dir jetzt einfach irgendwelche Fragen stellen, oder wie?",<<Verifikationsnutzung:aktive Prüfung mit Chatbot>>,<<Verifikationsnutzung,aktive Prüfung mit Chatbot>>
person15,"Ja. Okay, jetzt bin ich gespannt. Ich kann dir jetzt einfach irgendwelche Fragen stellen, oder wie?",<<Affektive Reaktionen:Neugier / Interesse>>,<<Affektive Reaktionen,Neugier / Interesse>>
person15,Es ist einfach nur Chativity. Es ist einfach nur ein Chatbot.,<<Metakognitive Reflexion>>,<<Metakognitive Reflexion>>,
person15,Es ist einfach nur Chativity. Es ist einfach nur ein Chatbot.,<<Vertrauen in Inhalt/System:Vertrauen in Chatbot/KI>>,<<Vertrauen in Inhalt/System,Vertrauen in Chatbot/KI>>
person15,"Okay, okay. Muss ich da auch wieder laut denken?",<<Metakognitive Reflexion>>,<<Metakognitive Reflexion>>,
person15,"Okay, okay. Muss ich da auch wieder laut denken?",<<Affektive Reaktionen:Unsicherheit>>,<<Affektive Reaktionen,Unsicherheit>>
person15,"Okay, ich bin verwirrt, was mir jetzt so genau Chativity bringen soll.",<<Verifikationsnutzung:kritisches Hinterfragen von KI-Antwort>>,<<Verifikationsnutzung,kritisches Hinterfragen von KI-Antwort>>
person15,"Okay, ich bin verwirrt, was mir jetzt so genau Chativity bringen soll.",<<Affektive Reaktionen:Unsicherheit>>,<<Affektive Reaktionen,Unsicherheit>>
person15,"Ich denke jetzt einmal laut, aber was fixe ich jetzt genau damit? Ich weiß gar nicht, was mir jetzt Chativity bringen soll.",<<Metakognitive Reflexion>>,<<Metakognitive Reflexion>>,
person15,"Ich denke jetzt einmal laut, aber was fixe ich jetzt genau damit? Ich weiß gar nicht, was mir jetzt Chativity bringen soll.",<<Kognitive Unsicherheit:explizite Unsicherheit>>,<<Kognitive Unsicherheit,explizite Unsicherheit>>
person15,"Soll ich Chativity fragen, worauf man einen guten Artikel erkennt, oder was?",<<Verifikationsnutzung:aktive Prüfung mit Chatbot>>,<<Verifikationsnutzung,aktive Prüfung mit Chatbot>>
person15,"Soll ich Chativity fragen, worauf man einen guten Artikel erkennt, oder was?",<<Epistemische Strategien:Faktenprüfung>>,<<Epistemische Strategien,Faktenprüfung>>
person15,Okay.,<<Metakognitive Reflexion>>,<<Metakognitive Reflexion>>,
person15,"Ich sehe schon, der Antwort ist nicht beendet. Ja, gut.",<<Verifikationsnutzung:passive Übernahme>>,<<Verifikationsnutzung,passive Übernahme>>
person15,"Ich sehe schon, der Antwort ist nicht beendet. Ja, gut.",<<Metakognitive Reflexion>>,<<Metakognitive Reflexion>>,
person15,"Ich denke jetzt einmal laut, ich muss das in Chatbot eingeben, das schaut jetzt ganz gut aus.",<<Verifikationsnutzung:aktive Prüfung mit Chatbot>>,<<Verifikationsnutzung,aktive Prüfung mit Chatbot>>
person15,"Ich denke jetzt einmal laut, ich muss das in Chatbot eingeben, das schaut jetzt ganz gut aus.",<<Metakognitive Reflexion>>,<<Metakognitive Reflexion>>,
person15,"Okay, gut, dann das war's dann eh schon wieder. Dann machen wir weiter.",<<Verhaltensänderung:keine Veränderung / Fixierung>>,<<Verhaltensänderung,keine Veränderung / Fixierung>>
person15,"Okay, gut, dann das war's dann eh schon wieder. Dann machen wir weiter.",<<Metakognitive Reflexion>>,<<Metakognitive Reflexion>>,
person15,"Wenn es mich noch fragt, ob die Änderungen nicht gespeichert werden, ist es wurscht, oder?",<<Metakognitive Reflexion>>,<<Metakognitive Reflexion>>,
person15,"Wenn es mich noch fragt, ob die Änderungen nicht gespeichert werden, ist es wurscht, oder?",<<Affektive Reaktionen:Unsicherheit>>,<<Affektive Reaktionen,Unsicherheit>>
person15,"Ich denke gerade laut, du hättest vielleicht da noch einen Punkt hinzufügen müssen, dass es nicht beachtet wird.",<<Metakognitive Reflexion>>,<<Metakognitive Reflexion>>,
person15,"Ich denke gerade laut, du hättest vielleicht da noch einen Punkt hinzufügen müssen, dass es nicht beachtet wird.",<<Verifikationsnutzung:kritisches Hinterfragen von KI-Antwort>>,<<Verifikationsnutzung,kritisches Hinterfragen von KI-Antwort>>
person15,"Wir haben uns wieder Quellen angeschaut, wir haben uns da keine Quellen angeschaut, das ist jetzt keine Kacke.",<<Begründungsnarrative:Argument: Inhalt vs. Quelle>>,<<Begründungsnarrative,Argument: Inhalt vs. Quelle>>
person15,"Wir haben uns wieder Quellen angeschaut, wir haben uns da keine Quellen angeschaut, das ist jetzt keine Kacke.",<<Vertrauen in Inhalt/System:Zweifel an Verifikation>>,<<Vertrauen in Inhalt/System,Zweifel an Verifikation>>
person15,"Also es ist nicht wirklich der Fall, weil ich meine Entscheidung vorher schon getroffen habe, das war vorher schon fertig, aber es ist...",<<Verhaltensänderung:keine Veränderung / Fixierung>>,<<Verhaltensänderung,keine Veränderung / Fixierung>>
person15,"Also es ist nicht wirklich der Fall, weil ich meine Entscheidung vorher schon getroffen habe, das war vorher schon fertig, aber es ist...",<<Metakognitive Reflexion>>,<<Metakognitive Reflexion>>,
person15,"Das finde ich schon eine gute Antwort von Chatbot, die meiner eigenen Einschätzung vorher schon gleich entspricht.",<<Verhaltensänderung:Bestätigung bestehender Meinung>>,<<Verhaltensänderung,Bestätigung bestehender Meinung>>
person15,"Das finde ich schon eine gute Antwort von Chatbot, die meiner eigenen Einschätzung vorher schon gleich entspricht.",<<Vertrauen in Inhalt/System:Vertrauen in Chatbot/KI>>,<<Vertrauen in Inhalt/System,Vertrauen in Chatbot/KI>>
person15,"Ja, weil der Chatbot eigentlich genau das gleiche sagt wie ich, brauche eigentlich nicht irgendeine weitere Bestätigung vom Chatbot.",<<Verhaltensänderung:Bestätigung bestehender Meinung>>,<<Verhaltensänderung,Bestätigung bestehender Meinung>>
person15,"Ja, weil der Chatbot eigentlich genau das gleiche sagt wie ich, brauche eigentlich nicht irgendeine weitere Bestätigung vom Chatbot.",<<Metakognitive Reflexion>>,<<Metakognitive Reflexion>>,
person15,Weil das bestätigt einfach nur meine eigene Meinung.,<<Verhaltensänderung:Bestätigung bestehender Meinung>>,<<Verhaltensänderung,Bestätigung bestehender Meinung>>
person15,Weil das bestätigt einfach nur meine eigene Meinung.,<<Epistemische Strategien:Plausibilitätsabwägung>>,<<Epistemische Strategien,Plausibilitätsabwägung>>
person15,"Also ich bin mir auf alle Fälle sicherer geworden, dass das weniger glaubwürdig ist.",<<Verhaltensänderung:Bestätigung bestehender Meinung>>,<<Verhaltensänderung,Bestätigung bestehender Meinung>>
person15,"Also ich bin mir auf alle Fälle sicherer geworden, dass das weniger glaubwürdig ist.",<<Vertrauen in Inhalt/System:generelles Misstrauen gegenüber Medieninhalten>>,<<Vertrauen in Inhalt/System,generelles Misstrauen gegenüber Medieninhalten>>
person15,"Und weiter geht's. Ja, es ist auch wieder genau das gleiche, die verschiedenen Perspektiven auf das Thema.",<<Verhaltensänderung:Bestätigung bestehender Meinung>>,<<Verhaltensänderung,Bestätigung bestehender Meinung>>
person15,"Und weiter geht's. Ja, es ist auch wieder genau das gleiche, die verschiedenen Perspektiven auf das Thema.",<<Metakognitive Reflexion>>,<<Metakognitive Reflexion>>,
person15,"Ja, genau, jetzt werden die drei Personen zitiert.",<<Verifikationsnutzung:passive Übernahme>>,<<Verifikationsnutzung,passive Übernahme>>
person15,"Ja, genau, jetzt werden die drei Personen zitiert.",<<Textinterne Begründungen>>,<<Textinterne Begründungen>>,
person15,"Ja, die Dirk und Katja haben einen tollen...",<<Metakognitive Reflexion>>,<<Metakognitive Reflexion>>,
person15,"Ja, die Dirk und Katja haben einen tollen...",<<Affektive Reaktionen:Unsicherheit>>,<<Affektive Reaktionen,Unsicherheit>>
person15,"Das mit der klaren Position, das ist ja die übliche, objektiv, meiner Meinung nach objektiv richtige Position, dass ein Russland ein Aggressor ist.",<<Begründungsnarrative:Argument: vermeintliche Objektivität>>,<<Begründungsnarrative,Argument: vermeintliche Objektivität>>
person15,"Das mit der klaren Position, das ist ja die übliche, objektiv, meiner Meinung nach objektiv richtige Position, dass ein Russland ein Aggressor ist.",<<Epistemische Strategien:Kontextwissen>>,<<Epistemische Strategien,Kontextwissen>>
person15,Daher hätte ich das eigentlich wirklich so als klare Position bezeichnet. Ja.,<<Epistemische Strategien:logische Argumentation>>,<<Epistemische Strategien,logische Argumentation>>
person15,Daher hätte ich das eigentlich wirklich so als klare Position bezeichnet. Ja.,<<Verhaltensänderung:Bestätigung bestehender Meinung>>,<<Verhaltensänderung,Bestätigung bestehender Meinung>>
person15,Jetzt bin ich gespannt.,<<Affektive Reaktionen:Neugier / Interesse>>,<<Affektive Reaktionen,Neugier / Interesse>>
person15,Jetzt bin ich gespannt.,<<Metakognitive Reflexion>>,<<Metakognitive Reflexion>>,
person15,"Okay, was ich ganz nett finde, ist, dass Katja wirklich doch sehr distanziert ist.",<<Verifikationsnutzung:passive Übernahme>>,<<Verifikationsnutzung,passive Übernahme>>
person15,"Okay, was ich ganz nett finde, ist, dass Katja wirklich doch sehr distanziert ist.",<<Affektive Reaktionen:Zustimmung / Zustimmungssignale>>,<<Affektive Reaktionen,Zustimmung / Zustimmungssignale>>
person15,"Gut, was ich aber gleichzeitig wieder schlecht finde, ist, dass Katja wirklich sehr vorsichtig da ist.",<<Verifikationsnutzung:kritisches Hinterfragen von KI-Antwort>>,<<Verifikationsnutzung,kritisches Hinterfragen von KI-Antwort>>
person15,"Gut, was ich aber gleichzeitig wieder schlecht finde, ist, dass Katja wirklich sehr vorsichtig da ist.",<<Affektive Reaktionen:emotionale Ablehnung>>,<<Affektive Reaktionen,emotionale Ablehnung>>
person15,"Weil da sagt sie, während Russland eine bestimmte Rolle als Beschützer oder Friedensschütze gespielt hat, mag und so weiter, ist das wichtig.",<<Verifikationsnutzung:passive Übernahme>>,<<Verifikationsnutzung,passive Übernahme>>
person15,"Weil da sagt sie, während Russland eine bestimmte Rolle als Beschützer oder Friedensschütze gespielt hat, mag und so weiter, ist das wichtig.",<<Textinterne Begründungen>>,<<Textinterne Begründungen>>,
person15,"Die sind eigentlich so ganz vorsichtig, so langsam, es kann auch falsch sein und so. Ich finde, das ist da viel zu wenig direkt.",<<Verifikationsnutzung:kritisches Hinterfragen von KI-Antwort>>,<<Verifikationsnutzung,kritisches Hinterfragen von KI-Antwort>>
person15,"Die sind eigentlich so ganz vorsichtig, so langsam, es kann auch falsch sein und so. Ich finde, das ist da viel zu wenig direkt.",<<Begründungsnarrative:Argument: Sprache/Stil>>,<<Begründungsnarrative,Argument: Sprache/Stil>>
person15,"Aber der Artikel scheint eine sehr einseitige Perspektive zu vertreten. Der Vertritt einfach gerade eine einseitige Perspektive. Das scheint nicht nur so, das ist einfach der Fall.",<<Begründungsnarrative:Argument: Inhalt vs. Quelle>>,<<Begründungsnarrative,Argument: Inhalt vs. Quelle>>
person15,"Aber der Artikel scheint eine sehr einseitige Perspektive zu vertreten. Der Vertritt einfach gerade eine einseitige Perspektive. Das scheint nicht nur so, das ist einfach der Fall.",<<Epistemische Strategien:Faktenprüfung>>,<<Epistemische Strategien,Faktenprüfung>>
person15,"Meinungsmäßig sind meine Meinungen ganz okay. Aber das vertraut einfach Fakten ohne Ende. Dass Fakten vertraut werden, ist halt ein Fakt.",<<Epistemische Strategien:logische Argumentation>>,<<Epistemische Strategien,logische Argumentation>>
person15,"Meinungsmäßig sind meine Meinungen ganz okay. Aber das vertraut einfach Fakten ohne Ende. Dass Fakten vertraut werden, ist halt ein Fakt.",<<Kognitive Unsicherheit:Widersprüche erkannt>>,<<Kognitive Unsicherheit,Widersprüche erkannt>>
person15,Da braucht man nicht so vorsichtig behaupten.,<<Verifikationsnutzung:kritisches Hinterfragen von KI-Antwort>>,<<Verifikationsnutzung,kritisches Hinterfragen von KI-Antwort>>
person15,Da braucht man nicht so vorsichtig behaupten.,<<Affektive Reaktionen:emotionale Ablehnung>>,<<Affektive Reaktionen,emotionale Ablehnung>>
person15,Das finde ich ganz gut mit der aktuellen politischen Situation.,<<Verifikationsnutzung:passive Übernahme>>,<<Verifikationsnutzung,passive Übernahme>>
person15,Das finde ich ganz gut mit der aktuellen politischen Situation.,<<Epistemische Strategien:Kontextwissen>>,<<Epistemische Strategien,Kontextwissen>>
person15,"Und es zeigt relativ sachlich auf, dass das einfach nicht der Fall ist.",<<Verifikationsnutzung:passive Übernahme>>,<<Verifikationsnutzung,passive Übernahme>>
person15,"Und es zeigt relativ sachlich auf, dass das einfach nicht der Fall ist.",<<Epistemische Strategien:logische Argumentation>>,<<Epistemische Strategien,logische Argumentation>>
person15,"Und es zeigt auch relativ gut, dass der Chatbot nicht die Meinung hat, sondern die internationale Gemeinschaft und so weiter.",<<Vertrauen in Inhalt/System:Vertrauen in Chatbot/KI>>,<<Vertrauen in Inhalt/System,Vertrauen in Chatbot/KI>>
person15,"Und es zeigt auch relativ gut, dass der Chatbot nicht die Meinung hat, sondern die internationale Gemeinschaft und so weiter.",<<Epistemische Strategien:Kontextwissen>>,<<Epistemische Strategien,Kontextwissen>>
person15,Ich gebe jetzt auf den Chatbot ein bisschen mehr der Wort.,<<Vertrauen in Inhalt/System:Vertrauen in Chatbot/KI>>,<<Vertrauen in Inhalt/System,Vertrauen in Chatbot/KI>>
person15,Ich gebe jetzt auf den Chatbot ein bisschen mehr der Wort.,<<Metakognitive Reflexion>>,<<Metakognitive Reflexion>>,
person15,Dass es wirklich ein bisschen kritischer ist.,<<Verifikationsnutzung:kritisches Hinterfragen von KI-Antwort>>,<<Verifikationsnutzung,kritisches Hinterfragen von KI-Antwort>>
person15,Dass es wirklich ein bisschen kritischer ist.,<<Begründungsnarrative:Argument: Sprache/Stil>>,<<Begründungsnarrative,Argument: Sprache/Stil>>
person15,"Und ich glaube, wenn man so ein Chatbot als Bestätigungsding hernehmen würde, da wäre vor allem die Schlusszusammenfassung, da müsste es wesentlich fester sein.",<<Verifikationsnutzung:kritisches Hinterfragen von KI-Antwort>>,<<Verifikationsnutzung,kritisches Hinterfragen von KI-Antwort>>
person15,"Und ich glaube, wenn man so ein Chatbot als Bestätigungsding hernehmen würde, da wäre vor allem die Schlusszusammenfassung, da müsste es wesentlich fester sein.",<<Epistemische Strategien:logische Argumentation>>,<<Epistemische Strategien,logische Argumentation>>
person15,"Was mir zum Beispiel auch gar nicht vorgekommen ist, dass es sehr emotional geschrieben ist.",<<Begründungsnarrative:Argument: persönliche Erfahrung>>,<<Begründungsnarrative,Argument: persönliche Erfahrung>>
person15,"Was mir zum Beispiel auch gar nicht vorgekommen ist, dass es sehr emotional geschrieben ist.",<<Metakognitive Reflexion>>,<<Metakognitive Reflexion>>,
person15,"Das, was mir brutal aufgefallen ist, war, ich zeige jetzt mal meinen Bildschirm auf, auf alle Fälle, da waren es zwei, drei, vier, im fünften Absatz hat es die Beschreibung, da würden Soldaten sich heftig küssen und so einen Scheiß.",<<Textinterne Begründungen>>,<<Textinterne Begründungen>>,
person15,"Das, was mir brutal aufgefallen ist, war, ich zeige jetzt mal meinen Bildschirm auf, auf alle Fälle, da waren es zwei, drei, vier, im fünften Absatz hat es die Beschreibung, da würden Soldaten sich heftig küssen und so einen Scheiß.",<<Begründungsnarrative:Argument: Sprache/Stil>>,<<Begründungsnarrative,Argument: Sprache/Stil>>
person15,"Dass sie gewollt haben, weil sie die hundert, hunderten armenischen Kinder beschützt haben, und so einen Scheiß, das ist halt am Chatbot gar nicht auffallen.",<<Verifikationsnutzung:kritisches Hinterfragen von KI-Antwort>>,<<Verifikationsnutzung,kritisches Hinterfragen von KI-Antwort>>
person15,"Dass sie gewollt haben, weil sie die hundert, hunderten armenischen Kinder beschützt haben, und so einen Scheiß, das ist halt am Chatbot gar nicht auffallen.",<<Begründungsnarrative:Argument: persönliche Erfahrung>>,<<Begründungsnarrative,Argument: persönliche Erfahrung>>
person15,"Der Chatbot hat wirklich nur aus der politischen Perspektive, aus der literarischen, Grammatik, Schreibmäßigen Seite.",<<Verifikationsnutzung:kritisches Hinterfragen von KI-Antwort>>,<<Verifikationsnutzung,kritisches Hinterfragen von KI-Antwort>>
person15,"Der Chatbot hat wirklich nur aus der politischen Perspektive, aus der literarischen, Grammatik, Schreibmäßigen Seite.",<<Epistemische Strategien:Plausibilitätsabwägung>>,<<Epistemische Strategien,Plausibilitätsabwägung>>
person15,"Das hat er in den letzten Sachen immer angemerkt, dass es relativ sachlich geschrieben ist, und das sagt er eigentlich so, man kann es ihm gar nicht sagen, leider.",<<Verifikationsnutzung:kritisches Hinterfragen von KI-Antwort>>,<<Verifikationsnutzung,kritisches Hinterfragen von KI-Antwort>>
person15,"Das hat er in den letzten Sachen immer angemerkt, dass es relativ sachlich geschrieben ist, und das sagt er eigentlich so, man kann es ihm gar nicht sagen, leider.",<<Begründungsnarrative:Argument: persönliche Erfahrung>>,<<Begründungsnarrative,Argument: persönliche Erfahrung>>
person15,Dann sind wir jetzt beim letzten Fragebogen.,<<Metakognitive Reflexion>>,<<Metakognitive Reflexion>>,
person15,"Die erste Frage, da bin ich auch kein Fan davon, weil inhaltlich hilfreich ist die Frage, ob es mir wirklich geholfen hat.",<<Metakognitive Reflexion>>,<<Metakognitive Reflexion>>,
person15,"Die erste Frage, da bin ich auch kein Fan davon, weil inhaltlich hilfreich ist die Frage, ob es mir wirklich geholfen hat.",<<Affektive Reaktionen:emotionale Ablehnung>>,<<Affektive Reaktionen,emotionale Ablehnung>>
person15,"Auf meinen Weg zu meiner Entscheidung, oder ob ich es einfach nur hilfreich gefunden habe, dass es im Kontext einfach passt.",<<Metakognitive Reflexion>>,<<Metakognitive Reflexion>>,
person15,"Auf meinen Weg zu meiner Entscheidung, oder ob ich es einfach nur hilfreich gefunden habe, dass es im Kontext einfach passt.",<<Kognitive Unsicherheit:explizite Unsicherheit>>,<<Kognitive Unsicherheit,explizite Unsicherheit>>
person15,"Das ist ja wieder mein Likerts-Garten in der Scheiße irgendwie. Ja, passt.",<<Affektive Reaktionen:emotionale Ablehnung>>,<<Affektive Reaktionen,emotionale Ablehnung>>
person15,"Das ist ja wieder mein Likerts-Garten in der Scheiße irgendwie. Ja, passt.",<<Metakognitive Reflexion>>,<<Metakognitive Reflexion>>,
person15,"Yay! Aufschluss, nochmal ein Fragebogen, geil!",<<Affektive Reaktionen:Ironie / Sarkasmus>>,<<Affektive Reaktionen,Ironie / Sarkasmus>>
person15,"Yay! Aufschluss, nochmal ein Fragebogen, geil!",<<Metakognitive Reflexion>>,<<Metakognitive Reflexion>>,
person15,"Shit, warum steht da der Name? Ist es immer schon da gestanden?",<<Affektive Reaktionen:Überraschung>>,<<Affektive Reaktionen,Überraschung>>
person15,"Shit, warum steht da der Name? Ist es immer schon da gestanden?",<<Kognitive Unsicherheit:explizite Unsicherheit>>,<<Kognitive Unsicherheit,explizite Unsicherheit>>
person15,"Ich meine, da ist genau die Beschreibung für die T15-Leistung immer schon da gewesen. Ich habe sie noch nie gelesen.",<<Metakognitive Reflexion>>,<<Metakognitive Reflexion>>,
person15,"Ich meine, da ist genau die Beschreibung für die T15-Leistung immer schon da gewesen. Ich habe sie noch nie gelesen.",<<Affektive Reaktionen:Überraschung>>,<<Affektive Reaktionen,Überraschung>>
person15,"Haben sich... Zu der Frage Nr. 5, oder?",<<Metakognitive Reflexion>>,<<Metakognitive Reflexion>>,
person15,"Haben sich... Zu der Frage Nr. 5, oder?",<<Affektive Reaktionen:Unsicherheit>>,<<Affektive Reaktionen,Unsicherheit>>
person15,Ist bei Alltag auch z.B. das Schreiben von Papier für die Uni gemeint? Weil in dem Fall würde ich sie auch hernehmen.,<<Vertrauen in Inhalt/System:Zweifel an Verifikation>>,<<Vertrauen in Inhalt/System,Zweifel an Verifikation>>
person15,Ist bei Alltag auch z.B. das Schreiben von Papier für die Uni gemeint? Weil in dem Fall würde ich sie auch hernehmen.,<<Metakognitive Reflexion>>,<<Metakognitive Reflexion>>,
person15,"Aber im Alltag, um meine eigenen Nachrichten zu überprüfen, würde ich sie gar nicht hernehmen.",<<Vertrauen in Inhalt/System:Zweifel an Verifikation>>,<<Vertrauen in Inhalt/System,Zweifel an Verifikation>>
person15,"Aber im Alltag, um meine eigenen Nachrichten zu überprüfen, würde ich sie gar nicht hernehmen.",<<Begründungsnarrative:Argument: persönliche Erfahrung>>,<<Begründungsnarrative,Argument: persönliche Erfahrung>>
person15,Juhu. Gott sei Dank. So viele Dinge.,<<Affektive Reaktionen:Ironie / Sarkasmus>>,<<Affektive Reaktionen,Ironie / Sarkasmus>>
person15,Juhu. Gott sei Dank. So viele Dinge.,<<Metakognitive Reflexion>>,<<Metakognitive Reflexion>>,
