﻿person_id,text_segment,annotation,category,memo
8,"Okay, also ich bewerte jetzt einfach das, was ich mir überdenke. Ich tue mich ein bisschen schwer, das so nachzuvollziehen, weil mir das nicht bekannt ist, was der World Press Photo erwartet.",Kognitive Unsicherheit:explizite Unsicherheit,Kognitive Unsicherheit,ARTIKEL 4 - PHASE 1: Erste Bewertung; T8
8,"Okay, also ich bewerte jetzt einfach das, was ich mir überdenke. Ich tue mich ein bisschen schwer, das so nachzuvollziehen, weil mir das nicht bekannt ist, was der World Press Photo erwartet.",Begründungsnarrative:Argument: persönliche Erfahrung,Begründungsnarrative,ARTIKEL 4 - PHASE 1: Erste Bewertung; T8
8,"Ich finde allerdings, dass der Artikel relativ gut geschrieben ist, was jetzt für mich schon ein anderer Punkt ist, dass es glaubwürdiger ist.",Heuristische Bewertung:Sprache/Stil,Heuristische Bewertung,ARTIKEL 4 - PHASE 1: Erste Bewertung; T8
8,"Ich finde allerdings, dass der Artikel relativ gut geschrieben ist, was jetzt für mich schon ein anderer Punkt ist, dass es glaubwürdiger ist.",Begründungsnarrative:Argument: Sprache/Stil,Begründungsnarrative,ARTIKEL 4 - PHASE 1: Erste Bewertung; T8
8,"Ich finde allerdings, dass es ein bisschen, also ich finde den Verlauf des Textes ein bisschen verwirrend. Also die Zusammenhänge kann ich nicht so ganz nachvollziehen.",Begründungsnarrative:Argument: Struktur und Logik,Begründungsnarrative,ARTIKEL 4 - PHASE 1: Erste Bewertung; T8
8,"Ich finde allerdings, dass es ein bisschen, also ich finde den Verlauf des Textes ein bisschen verwirrend. Also die Zusammenhänge kann ich nicht so ganz nachvollziehen.",Kognitive Unsicherheit:Widersprüche erkannt,Kognitive Unsicherheit,ARTIKEL 4 - PHASE 1: Erste Bewertung; T8
8,"Ich tue mich schwer, weil ich finde, dass da oben keine gescheite Einleitung war.",Begründungsnarrative:Argument: Struktur und Logik,Begründungsnarrative,ARTIKEL 4 - PHASE 1: Erste Bewertung; T8
8,"Ich tue mich schwer, weil ich finde, dass da oben keine gescheite Einleitung war.",Textinterne Begründungen,Textinterne Begründungen,ARTIKEL 4 - PHASE 1: Erste Bewertung; T8
8,"Ich finde es auch ein bisschen kritisch, dass so viele Zitate drin sind.",Textinterne Begründungen,Textinterne Begründungen,ARTIKEL 4 - PHASE 1: Erste Bewertung; T8
8,"Ich finde es auch ein bisschen kritisch, dass so viele Zitate drin sind.",Begründungsnarrative:Argument: Inhalt vs. Quelle,Begründungsnarrative,ARTIKEL 4 - PHASE 1: Erste Bewertung; T8
8,Insgesamt hat mich der Text ein bisschen verwirrt.,Affektive Reaktionen:Unsicherheit,Affektive Reaktionen,ARTIKEL 4 - PHASE 1: Erste Bewertung; T8
8,Insgesamt hat mich der Text ein bisschen verwirrt.,Metakognitive Reflexion,Metakognitive Reflexion,ARTIKEL 4 - PHASE 1: Erste Bewertung; T8
8,"Da finde ich von Anfang an die Einführung schon viel besser, als vergleichsweise zum ersten Text.",Begründungsnarrative:Argument: Struktur und Logik,Begründungsnarrative,ARTIKEL 3 - PHASE 1: Erste Bewertung; T8
8,"Da finde ich von Anfang an die Einführung schon viel besser, als vergleichsweise zum ersten Text.",Heuristische Bewertung:Sprache/Stil,Heuristische Bewertung,ARTIKEL 3 - PHASE 1: Erste Bewertung; T8
8,"Hier ist relativ schnell klar, um was es geht.",Begründungsnarrative:Argument: Struktur und Logik,Begründungsnarrative,ARTIKEL 3 - PHASE 1: Erste Bewertung; T8
8,"Hier ist relativ schnell klar, um was es geht.",Affektive Reaktionen:Zustimmung / Zustimmungssignale,Affektive Reaktionen,ARTIKEL 3 - PHASE 1: Erste Bewertung; T8
8,"Ich finde die Struktur viel besser tatsächlich, weil es nicht so zusammengewürfelt ist, sondern wie eine Linie ist, die auch strukturiert ist mit Überschriften.",Begründungsnarrative:Argument: Struktur und Logik,Begründungsnarrative,ARTIKEL 3 - PHASE 1: Erste Bewertung; T8
8,"Ich finde die Struktur viel besser tatsächlich, weil es nicht so zusammengewürfelt ist, sondern wie eine Linie ist, die auch strukturiert ist mit Überschriften.",Textinterne Begründungen,Textinterne Begründungen,ARTIKEL 3 - PHASE 1: Erste Bewertung; T8
8,"Es ist ein bisschen unterteilt, einfach in verschiedene Abschnitte. Das finde ich super.",Affektive Reaktionen:Zustimmung / Zustimmungssignale,Affektive Reaktionen,ARTIKEL 3 - PHASE 1: Erste Bewertung; T8
8,"Es ist ein bisschen unterteilt, einfach in verschiedene Abschnitte. Das finde ich super.",Heuristische Bewertung:Sprache/Stil,Heuristische Bewertung,ARTIKEL 3 - PHASE 1: Erste Bewertung; T8
8,"Ich fand ihn verhältnismäßig glaubwürdiger als den ersten, weil einfach die Struktur besser war und der logische rote Faden viel nachvollziehbarer.",Vertrauen in Inhalt/System:generelles Vertrauen in Medien,Vertrauen in Inhalt/System,ARTIKEL 3 - PHASE 1: Erste Bewertung; T8
8,"Ich fand ihn verhältnismäßig glaubwürdiger als den ersten, weil einfach die Struktur besser war und der logische rote Faden viel nachvollziehbarer.",Begründungsnarrative:Argument: Struktur und Logik,Begründungsnarrative,ARTIKEL 3 - PHASE 1: Erste Bewertung; T8
8,Also deshalb fand ich ihn sehr glaubwürdig.,Vertrauen in Inhalt/System:generelles Vertrauen in Medien,Vertrauen in Inhalt/System,ARTIKEL 3 - PHASE 1: Erste Bewertung; T8; Fragebogen Artikel 3:
8,"Die Logik war definitiv hier viel, viel besser.",Begründungsnarrative:Argument: Struktur und Logik,Begründungsnarrative,ARTIKEL 3 - PHASE 1: Erste Bewertung; T8; Fragebogen Artikel 3:
8,"Ich finde, es gab eine wahnsinnige Faktendichte, aber der Informationsgehalt war für mich sehr prägnant.",Begründungsnarrative:Argument: Inhalt vs. Quelle,Begründungsnarrative,ARTIKEL 3 - PHASE 1: Erste Bewertung; T8; Fragebogen Artikel 3:
8,"Ich finde, es gab eine wahnsinnige Faktendichte, aber der Informationsgehalt war für mich sehr prägnant.",Affektive Reaktionen:Zustimmung / Zustimmungssignale,Affektive Reaktionen,ARTIKEL 3 - PHASE 1: Erste Bewertung; T8; Fragebogen Artikel 3:
8,Die Plausibilität der Informationen hat sich alles sehr logisch angehört.,Epistemische Strategien:Plausibilitätsabwägung,Epistemische Strategien,ARTIKEL 3 - PHASE 1: Erste Bewertung; T8; Fragebogen Artikel 3:
8,Die Plausibilität der Informationen hat sich alles sehr logisch angehört.,Begründungsnarrative:Argument: Struktur und Logik,Begründungsnarrative,ARTIKEL 3 - PHASE 1: Erste Bewertung; T8; Fragebogen Artikel 3:
8,Ich empfand es als professionellen Artikel auf jeden Fall und meine Intuition über den auch ziemlich gut.,Vertrauen in Inhalt/System:generelles Vertrauen in Medien,Vertrauen in Inhalt/System,ARTIKEL 3 - PHASE 1: Erste Bewertung; T8; Fragebogen Artikel 3:
8,Ich empfand es als professionellen Artikel auf jeden Fall und meine Intuition über den auch ziemlich gut.,Heuristische Bewertung:Bauchgefühl,Heuristische Bewertung,ARTIKEL 3 - PHASE 1: Erste Bewertung; T8; Fragebogen Artikel 3:
8,"Da war ich tatsächlich von Anfang an ein bisschen verwirrt, nach dem, was aktuell läuft. Mich hat der erste Satz schon sehr irritiert.",Affektive Reaktionen:Unsicherheit,Affektive Reaktionen,ARTIKEL 2 - PHASE 1: Erste Bewertung; T8
8,"Da war ich tatsächlich von Anfang an ein bisschen verwirrt, nach dem, was aktuell läuft. Mich hat der erste Satz schon sehr irritiert.",Kognitive Unsicherheit:Widersprüche erkannt,Kognitive Unsicherheit,ARTIKEL 2 - PHASE 1: Erste Bewertung; T8
8,"War Russland ein Land der Friedenstifter, ein Land der Retter? Aktuell hat man da eher ein anderes Bild, also ich zumindest persönlich.",Begründungsnarrative:Argument: gesellschaftlicher Kontext,Begründungsnarrative,ARTIKEL 2 - PHASE 1: Erste Bewertung; T8
8,"War Russland ein Land der Friedenstifter, ein Land der Retter? Aktuell hat man da eher ein anderes Bild, also ich zumindest persönlich.",Epistemische Strategien:Kontextwissen,Epistemische Strategien,ARTIKEL 2 - PHASE 1: Erste Bewertung; T8
8,"Ich finde, es ist sehr überspitzt dargestellt.",Heuristische Bewertung:Sprache/Stil,Heuristische Bewertung,ARTIKEL 2 - PHASE 1: Erste Bewertung; T8
8,"Ich finde, es ist sehr überspitzt dargestellt.",Begründungsnarrative:Argument: Sprache/Stil,Begründungsnarrative,ARTIKEL 2 - PHASE 1: Erste Bewertung; T8
8,"Ich habe schon das Gefühl, dass in den Texten Emotionen sind.",Heuristische Bewertung:Sprache/Stil,Heuristische Bewertung,ARTIKEL 2 - PHASE 1: Erste Bewertung; T8
8,"Ich habe schon das Gefühl, dass in den Texten Emotionen sind.",Begründungsnarrative:Argument: Sprache/Stil,Begründungsnarrative,ARTIKEL 2 - PHASE 1: Erste Bewertung; T8
8,Von meinem Gefühl her hätte es etwas sachlicher alles formuliert gehört.,Begründungsnarrative:Argument: vermeintliche Objektivität,Begründungsnarrative,ARTIKEL 2 - PHASE 1: Erste Bewertung; T8
8,Von meinem Gefühl her hätte es etwas sachlicher alles formuliert gehört.,Affektive Reaktionen:emotionale Ablehnung,Affektive Reaktionen,ARTIKEL 2 - PHASE 1: Erste Bewertung; T8
8,Ich habe ein bisschen Gänsehaut bei dem Text.,Affektive Reaktionen:Erschrecken / Überraschung,Affektive Reaktionen,ARTIKEL 2 - PHASE 1: Erste Bewertung; T8
8,"Ich würde damit jetzt nicht absprechen, ob da nicht teilweise Wahrheit dran ist, aber für mich ist der Artikel relativ emotional geschrieben bzw. sehr überspitzt dargestellt.",Epistemische Strategien:Plausibilitätsabwägung,Epistemische Strategien,ARTIKEL 2 - PHASE 1: Erste Bewertung; T8
8,"Ich würde damit jetzt nicht absprechen, ob da nicht teilweise Wahrheit dran ist, aber für mich ist der Artikel relativ emotional geschrieben bzw. sehr überspitzt dargestellt.",Begründungsnarrative:Argument: Sprache/Stil,Begründungsnarrative,ARTIKEL 2 - PHASE 1: Erste Bewertung; T8
8,"Ich denke, es handelt sich mehr um eine persönliche Meinung bei dem Artikel.",Begründungsnarrative:Argument: vermeintliche Objektivität,Begründungsnarrative,ARTIKEL 2 - PHASE 1: Erste Bewertung; T8; Fragebogen Artikel 2:
8,"Ich wäre bei drei, weil ich trotzdem nicht glaube, dass da nicht Wahrheiten drin sind.",Epistemische Strategien:Plausibilitätsabwägung,Epistemische Strategien,ARTIKEL 2 - PHASE 1: Erste Bewertung; T8; Fragebogen Artikel 2:
8,"Ich wäre bei drei, weil ich trotzdem nicht glaube, dass da nicht Wahrheiten drin sind.",Vertrauen in Inhalt/System:generelles Vertrauen in Medien,Vertrauen in Inhalt/System,ARTIKEL 2 - PHASE 1: Erste Bewertung; T8; Fragebogen Artikel 2:
8,Der Sprachstil war sehr emotional. Das hat mich schon sehr beeinflusst.,Begründungsnarrative:Argument: Sprache/Stil,Begründungsnarrative,ARTIKEL 2 - PHASE 1: Erste Bewertung; T8; Fragebogen Artikel 2:
8,Der Sprachstil war sehr emotional. Das hat mich schon sehr beeinflusst.,Affektive Reaktionen:emotionale Ablehnung,Affektive Reaktionen,ARTIKEL 2 - PHASE 1: Erste Bewertung; T8; Fragebogen Artikel 2:
8,Meines Erachtens ist in dem Artikel die Meinung des Verfassers viel zu vordergründig.,Begründungsnarrative:Argument: vermeintliche Objektivität,Begründungsnarrative,ARTIKEL 2 - PHASE 1: Erste Bewertung; T8; Fragebogen Artikel 2:
8,Es fehlt an Sachlichkeit und ebenso am Einbeziehen gegenläufiger Informationen.,Begründungsnarrative:Argument: Inhalt vs. Quelle,Begründungsnarrative,ARTIKEL 2 - PHASE 1: Erste Bewertung; T8; Fragebogen Artikel 2:
8,Es fehlt an Sachlichkeit und ebenso am Einbeziehen gegenläufiger Informationen.,Begründungsnarrative:Argument: vermeintliche Objektivität,Begründungsnarrative,ARTIKEL 2 - PHASE 1: Erste Bewertung; T8; Fragebogen Artikel 2:
8,"Okay, da finde ich schon die Überschrift top. Das ist so ein Eyecatcher.",Heuristische Bewertung:Sprache/Stil,Heuristische Bewertung,ARTIKEL 1 - PHASE 1: Erste Bewertung; T8
8,"Okay, da finde ich schon die Überschrift top. Das ist so ein Eyecatcher.",Textinterne Begründungen,Textinterne Begründungen,ARTIKEL 1 - PHASE 1: Erste Bewertung; T8
8,"Die Einführung finde ich super. Sehr kurz, sehr begleitend. Man weiß sofort, worum es geht.",Begründungsnarrative:Argument: Struktur und Logik,Begründungsnarrative,ARTIKEL 1 - PHASE 1: Erste Bewertung; T8
8,"Die Einführung finde ich super. Sehr kurz, sehr begleitend. Man weiß sofort, worum es geht.",Affektive Reaktionen:Zustimmung / Zustimmungssignale,Affektive Reaktionen,ARTIKEL 1 - PHASE 1: Erste Bewertung; T8
8,"Okay, hier finde ich das viel zu emotional. Wo ich im zweiten Absatz bin, finde ich das sehr provokant geschrieben, was ich nicht so gerne mag.",Begründungsnarrative:Argument: Sprache/Stil,Begründungsnarrative,ARTIKEL 1 - PHASE 1: Erste Bewertung; T8
8,"Okay, hier finde ich das viel zu emotional. Wo ich im zweiten Absatz bin, finde ich das sehr provokant geschrieben, was ich nicht so gerne mag.",Affektive Reaktionen:Wut / Empörung,Affektive Reaktionen,ARTIKEL 1 - PHASE 1: Erste Bewertung; T8
8,Das müsste für mich faktenbasiert und viel sachlicher geschrieben werden.,Begründungsnarrative:Argument: vermeintliche Objektivität,Begründungsnarrative,ARTIKEL 1 - PHASE 1: Erste Bewertung; T8
8,Das müsste für mich faktenbasiert und viel sachlicher geschrieben werden.,Begründungsnarrative:Argument: Inhalt vs. Quelle,Begründungsnarrative,ARTIKEL 1 - PHASE 1: Erste Bewertung; T8
8,"Ich finde das sehr grenzwertig für einen Artikel, der seriös sein soll.",Begründungsnarrative:Argument: Sprache/Stil,Begründungsnarrative,ARTIKEL 1 - PHASE 1: Erste Bewertung; T8
8,"Ich finde das sehr grenzwertig für einen Artikel, der seriös sein soll.",Vertrauen in Inhalt/System:generelles Misstrauen gegenüber Medieninhalten,Vertrauen in Inhalt/System,ARTIKEL 1 - PHASE 1: Erste Bewertung; T8
8,"Ich bin sicher, weil ich finde, dass der Text viel aus eigener Meinung besteht.",Begründungsnarrative:Argument: vermeintliche Objektivität,Begründungsnarrative,ARTIKEL 1 - PHASE 1: Erste Bewertung; T8; Fragebogen Artikel 1:
8,"Ich bin sicher, weil ich finde, dass der Text viel aus eigener Meinung besteht.",Epistemische Strategien:Plausibilitätsabwägung,Epistemische Strategien,ARTIKEL 1 - PHASE 1: Erste Bewertung; T8; Fragebogen Artikel 1:
8,Den Sprachstil fand ich katastrophal.,Affektive Reaktionen:Wut / Empörung,Affektive Reaktionen,ARTIKEL 1 - PHASE 1: Erste Bewertung; T8; Fragebogen Artikel 1:
8,Den Sprachstil fand ich katastrophal.,Begründungsnarrative:Argument: Sprache/Stil,Begründungsnarrative,ARTIKEL 1 - PHASE 1: Erste Bewertung; T8; Fragebogen Artikel 1:
8,Die Argumentation war auf der Logik des Verfassers aufgebaut und nicht irgendwie auf einer sachlichen Logik.,Begründungsnarrative:Argument: Struktur und Logik,Begründungsnarrative,ARTIKEL 1 - PHASE 1: Erste Bewertung; T8; Fragebogen Artikel 1:
8,Die Argumentation war auf der Logik des Verfassers aufgebaut und nicht irgendwie auf einer sachlichen Logik.,Begründungsnarrative:Argument: vermeintliche Objektivität,Begründungsnarrative,ARTIKEL 1 - PHASE 1: Erste Bewertung; T8; Fragebogen Artikel 1:
8,"Der Eindruck des Textes hat mich sehr beeinflusst, weil ich es überhaupt nicht professionell fand.",Begründungsnarrative:Argument: Sprache/Stil,Begründungsnarrative,ARTIKEL 1 - PHASE 1: Erste Bewertung; T8; Fragebogen Artikel 1:
8,"Der Eindruck des Textes hat mich sehr beeinflusst, weil ich es überhaupt nicht professionell fand.",Heuristische Bewertung:Sprache/Stil,Heuristische Bewertung,ARTIKEL 1 - PHASE 1: Erste Bewertung; T8; Fragebogen Artikel 1:
8,Bauchgefühl und Intuition war hier auch eher ungut.,Heuristische Bewertung:Bauchgefühl,Heuristische Bewertung,ARTIKEL 1 - PHASE 1: Erste Bewertung; T8; Fragebogen Artikel 1:
8,Bauchgefühl und Intuition war hier auch eher ungut.,Affektive Reaktionen:Unsicherheit,Affektive Reaktionen,ARTIKEL 1 - PHASE 1: Erste Bewertung; T8; Fragebogen Artikel 1:
8,Bauchgefühl und Intuition war hier auch eher ungut.,,,ARTIKEL 1 - PHASE 1: Erste Bewertung; T8; Fragebogen Artikel 1:
8,Muss ich ihm da eine Überschrift geben?,Verifikationsnutzung:aktive Prüfung mit Chatbot,Verifikationsnutzung,ARTIKEL 4 - PHASE 2; T8
8,Muss ich ihm da eine Überschrift geben?,Kognitive Unsicherheit:explizite Unsicherheit,Kognitive Unsicherheit,ARTIKEL 4 - PHASE 2; T8
8,Chatbot antwortet auch sehr kritisch.,Verifikationsnutzung:kritisches Hinterfragen von KI-Antwort,Verifikationsnutzung,ARTIKEL 4 - PHASE 2; T8
8,Chatbot antwortet auch sehr kritisch.,Metakognitive Reflexion,Metakognitive Reflexion,ARTIKEL 4 - PHASE 2; T8
8,Der Chatbot macht das wohl sehr detailliert und nimmt den Artikel ziemlich auseinander.,Vertrauen in Inhalt/System:Vertrauen in Chatbot/KI,Vertrauen in Inhalt/System,ARTIKEL 4 - PHASE 2; T8
8,Der Chatbot macht das wohl sehr detailliert und nimmt den Artikel ziemlich auseinander.,Verifikationsnutzung:passive Übernahme,Verifikationsnutzung,ARTIKEL 4 - PHASE 2; T8
8,"Ja, nach der Analyse von dem Chatbot wäre ich jetzt bei 2 von der Glaubwürdigkeit.",Verhaltensänderung:Urteilsänderung durch KI,Verhaltensänderung,ARTIKEL 4 - PHASE 2; T8; Fragebogen nach Verifikation:
8,"Ich bin mir jetzt eigentlich nicht sicher mit der Einschätzung, glaube ich.",Kognitive Unsicherheit:explizite Unsicherheit,Kognitive Unsicherheit,ARTIKEL 4 - PHASE 2; T8; Fragebogen nach Verifikation:
8,"Ich bin mir jetzt eigentlich nicht sicher mit der Einschätzung, glaube ich.",Metakognitive Reflexion,Metakognitive Reflexion,ARTIKEL 4 - PHASE 2; T8; Fragebogen nach Verifikation:
8,"Aber ich glaube tatsächlich, dass es ein bisschen weniger glaubwürdig ist als vorher, weil der Chatbot ja doch sehr analytisch vorgegangen ist.",Verhaltensänderung:Urteilsänderung durch KI,Verhaltensänderung,ARTIKEL 4 - PHASE 2; T8; Fragebogen nach Verifikation:
8,"Aber ich glaube tatsächlich, dass es ein bisschen weniger glaubwürdig ist als vorher, weil der Chatbot ja doch sehr analytisch vorgegangen ist.",Begründungsnarrative:Argument: persönliche Erfahrung,Begründungsnarrative,ARTIKEL 4 - PHASE 2; T8; Fragebogen nach Verifikation:
8,"Was ich ja persönlich nicht machen würde, wenn ich einen Artikel durchlese.",Begründungsnarrative:Argument: persönliche Erfahrung,Begründungsnarrative,ARTIKEL 4 - PHASE 2; T8; Fragebogen nach Verifikation:
8,"Was ich ja persönlich nicht machen würde, wenn ich einen Artikel durchlese.",Metakognitive Reflexion,Metakognitive Reflexion,ARTIKEL 4 - PHASE 2; T8; Fragebogen nach Verifikation:
8,"Ich formuliere nett, weil ich habe mal gehört, dass man nett formulieren soll. Ich glaube, da macht der Chatbot sich mehr Mühe.",Begründungsnarrative:Argument: persönliche Erfahrung,Begründungsnarrative,ARTIKEL 3 - PHASE 2; T8
8,"Ich formuliere nett, weil ich habe mal gehört, dass man nett formulieren soll. Ich glaube, da macht der Chatbot sich mehr Mühe.",Verifikationsnutzung:aktive Prüfung mit Chatbot,Verifikationsnutzung,ARTIKEL 3 - PHASE 2; T8
8,"Perfekt. Okay, finde ich jetzt total spannend, dass er am Anfang darauf eingeht, dass er da keine spezifischen Nachrichten gefunden hat.",Epistemische Strategien:Faktenprüfung,Epistemische Strategien,ARTIKEL 3 - PHASE 2; T8
8,"Perfekt. Okay, finde ich jetzt total spannend, dass er am Anfang darauf eingeht, dass er da keine spezifischen Nachrichten gefunden hat.",Verifikationsnutzung:kritisches Hinterfragen von KI-Antwort,Verifikationsnutzung,ARTIKEL 3 - PHASE 2; T8
8,"Das finde ich super. Die Antwort finde ich total super, weil er zwar sagt, er hat jetzt da keine direkten Bezugsquellen dazu.",Vertrauen in Inhalt/System:Vertrauen in Chatbot/KI,Vertrauen in Inhalt/System,ARTIKEL 3 - PHASE 2; T8
8,"Das finde ich super. Die Antwort finde ich total super, weil er zwar sagt, er hat jetzt da keine direkten Bezugsquellen dazu.",Affektive Reaktionen:Zustimmung / Zustimmungssignale,Affektive Reaktionen,ARTIKEL 3 - PHASE 2; T8
8,Mit der Einschätzung fühle ich mich tatsächlich jetzt gerade sehr sicher.,Verhaltensänderung:Urteilsänderung durch KI,Verhaltensänderung,ARTIKEL 3 - PHASE 2; T8
8,Mit der Einschätzung fühle ich mich tatsächlich jetzt gerade sehr sicher.,Vertrauen in Inhalt/System:Vertrauen in Chatbot/KI,Vertrauen in Inhalt/System,ARTIKEL 3 - PHASE 2; T8
8,Ich finde es sehr glaubwürdig gerade.,Vertrauen in Inhalt/System:generelles Vertrauen in Medien,Vertrauen in Inhalt/System,ARTIKEL 3 - PHASE 2; T8; Fragebogen nach Verifikation:
8,Ich finde es sehr glaubwürdig gerade.,Verhaltensänderung:Urteilsänderung durch KI,Verhaltensänderung,ARTIKEL 3 - PHASE 2; T8; Fragebogen nach Verifikation:
8,"Mit der Einschätzung bin ich schon sehr sicher, weil ich die Analyse vom Chatbot super fand.",Vertrauen in Inhalt/System:Vertrauen in Chatbot/KI,Vertrauen in Inhalt/System,ARTIKEL 3 - PHASE 2; T8; Fragebogen nach Verifikation:
8,"Mit der Einschätzung bin ich schon sehr sicher, weil ich die Analyse vom Chatbot super fand.",Affektive Reaktionen:Zustimmung / Zustimmungssignale,Affektive Reaktionen,ARTIKEL 3 - PHASE 2; T8; Fragebogen nach Verifikation:
8,"Ich versuche tatsächlich, noch einmal netter zu schreiben und im gleichen Zuge in ein bisschen einzuschränken, seriöse Quellen zu suchen.",Begründungsnarrative:Argument: persönliche Erfahrung,Begründungsnarrative,ARTIKEL 2 - PHASE 2; T8
8,"Ich versuche tatsächlich, noch einmal netter zu schreiben und im gleichen Zuge in ein bisschen einzuschränken, seriöse Quellen zu suchen.",Verifikationsnutzung:aktive Prüfung mit Chatbot,Verifikationsnutzung,ARTIKEL 2 - PHASE 2; T8
8,"Ich finde die Antwort super interessant, weil ich das Gefühl habe, dass er sich mit seinem eigenen Gefühl deckt.",Vertrauen in Inhalt/System:Vertrauen in Chatbot/KI,Vertrauen in Inhalt/System,ARTIKEL 2 - PHASE 2; T8
8,"Ich finde die Antwort super interessant, weil ich das Gefühl habe, dass er sich mit seinem eigenen Gefühl deckt.",Verhaltensänderung:Bestätigung bestehender Meinung,Verhaltensänderung,ARTIKEL 2 - PHASE 2; T8
8,"Es hat sich viel bestätigt, würde ich behaupten, vom eigenen Gefühl her.",Verhaltensänderung:Bestätigung bestehender Meinung,Verhaltensänderung,ARTIKEL 2 - PHASE 2; T8
8,"Es hat sich viel bestätigt, würde ich behaupten, vom eigenen Gefühl her.",Metakognitive Reflexion,Metakognitive Reflexion,ARTIKEL 2 - PHASE 2; T8
8,"Also würde ich sagen, nein, meine Einschätzung ist gleich geblieben.",Verhaltensänderung:keine Veränderung / Fixierung,Verhaltensänderung,ARTIKEL 2 - PHASE 2; T8; Fragebogen nach Verifikation:
8,In diesem Fall ist die Analyse des Chatbots beziehungsweise das Ergebnis ähnlich zu meinem eigenen Empfinden nach dem Lesen des Textes.,Verhaltensänderung:Bestätigung bestehender Meinung,Verhaltensänderung,ARTIKEL 2 - PHASE 2; T8; Fragebogen nach Verifikation:
8,In diesem Fall ist die Analyse des Chatbots beziehungsweise das Ergebnis ähnlich zu meinem eigenen Empfinden nach dem Lesen des Textes.,Metakognitive Reflexion,Metakognitive Reflexion,ARTIKEL 2 - PHASE 2; T8; Fragebogen nach Verifikation:
8,Der Chatbot hat endlich meinen eigenen Empfinden gesehen.,Verhaltensänderung:Bestätigung bestehender Meinung,Verhaltensänderung,ARTIKEL 2 - PHASE 2; T8; Fragebogen nach Verifikation:
8,Der Chatbot hat endlich meinen eigenen Empfinden gesehen.,Vertrauen in Inhalt/System:Vertrauen in Chatbot/KI,Vertrauen in Inhalt/System,ARTIKEL 2 - PHASE 2; T8; Fragebogen nach Verifikation:
8,"Ich merke selber schon, wie emotional ich jetzt mittlerweile mit dem Chatbot schreibe. Ich habe mittlerweile das Gefühl, dass mir ein Mensch gegenüber sitzt.",Vertrauen in Inhalt/System:Vertrauen in Chatbot/KI,Vertrauen in Inhalt/System,ARTIKEL 1 - PHASE 2; T8
8,"Ich merke selber schon, wie emotional ich jetzt mittlerweile mit dem Chatbot schreibe. Ich habe mittlerweile das Gefühl, dass mir ein Mensch gegenüber sitzt.",Metakognitive Reflexion,Metakognitive Reflexion,ARTIKEL 1 - PHASE 2; T8
8,Da bin ich tatsächlich am Ende nicht ganz so zufrieden mit der Antwort.,Vertrauen in Inhalt/System:Zweifel an Verifikation,Vertrauen in Inhalt/System,ARTIKEL 1 - PHASE 2; T8
8,Da bin ich tatsächlich am Ende nicht ganz so zufrieden mit der Antwort.,Verifikationsnutzung:kritisches Hinterfragen von KI-Antwort,Verifikationsnutzung,ARTIKEL 1 - PHASE 2; T8
8,"Also, wenn ich jetzt wirklich die Verifikation davon haben wollte, dann reicht mir das jetzt natürlich in dem Fall nicht aus.",Vertrauen in Inhalt/System:Zweifel an Verifikation,Vertrauen in Inhalt/System,ARTIKEL 1 - PHASE 2; T8
8,"Also, wenn ich jetzt wirklich die Verifikation davon haben wollte, dann reicht mir das jetzt natürlich in dem Fall nicht aus.",Epistemische Strategien:Plausibilitätsabwägung,Epistemische Strategien,ARTIKEL 1 - PHASE 2; T8
8,"Da muss ich gut finden, dass es mir am Ende noch eine Empfehlung gibt, wie ich den vorgehen könnte, um es zu verifizieren.",Vertrauen in Inhalt/System:Vertrauen in Chatbot/KI,Vertrauen in Inhalt/System,ARTIKEL 1 - PHASE 2; T8
8,"Da muss ich gut finden, dass es mir am Ende noch eine Empfehlung gibt, wie ich den vorgehen könnte, um es zu verifizieren.",Affektive Reaktionen:Zustimmung / Zustimmungssignale,Affektive Reaktionen,ARTIKEL 1 - PHASE 2; T8
8,"Aber nachdem die KI gar nichts dazu gefunden hat, würde ich sagen, tatsächlich weniger glaubwürdig.",Verhaltensänderung:Urteilsänderung durch KI,Verhaltensänderung,ARTIKEL 1 - PHASE 2; T8; Fragebogen nach Verifikation:
8,"Aber nachdem die KI gar nichts dazu gefunden hat, würde ich sagen, tatsächlich weniger glaubwürdig.",Vertrauen in Inhalt/System:Zweifel an Verifikation,Vertrauen in Inhalt/System,ARTIKEL 1 - PHASE 2; T8; Fragebogen nach Verifikation:
8,"Ja, also ich habe zwar jetzt keine Einschätzung, so wie ich es gerne hätte, aber es ist ja trotzdem eine Einschätzung.",Metakognitive Reflexion,Metakognitive Reflexion,ARTIKEL 1 - PHASE 2; T8; Fragebogen nach Verifikation:
8,"Ja, also ich habe zwar jetzt keine Einschätzung, so wie ich es gerne hätte, aber es ist ja trotzdem eine Einschätzung.",Kognitive Unsicherheit:explizite Unsicherheit,Kognitive Unsicherheit,ARTIKEL 1 - PHASE 2; T8; Fragebogen nach Verifikation:
8,"Ja, also ich habe zwar jetzt keine Einschätzung, so wie ich es gerne hätte, aber es ist ja trotzdem eine Einschätzung.",,,ARTIKEL 1 - PHASE 2; T8; Fragebogen nach Verifikation:
8,"Das Gefühl, glaube ich, war schon immer relativ ähnlich.",Metakognitive Reflexion,Metakognitive Reflexion,ARTIKEL 1 - PHASE 2; T8; Fragebogen nach Verifikation:
8,"Das Gefühl, glaube ich, war schon immer relativ ähnlich.",Verhaltensänderung:Bestätigung bestehender Meinung,Verhaltensänderung,ARTIKEL 1 - PHASE 2; T8; Fragebogen nach Verifikation:
8,"In welcher Richtung ging es überwiegend? Ich glaube, weniger glaubwürdig, wenn ich es richtig erinnere.",Verhaltensänderung:Urteilsänderung durch KI,Verhaltensänderung,ARTIKEL 1 - PHASE 2; T8; Fragebogen nach Verifikation:
8,"In welcher Richtung ging es überwiegend? Ich glaube, weniger glaubwürdig, wenn ich es richtig erinnere.",Metakognitive Reflexion,Metakognitive Reflexion,ARTIKEL 1 - PHASE 2; T8; Fragebogen nach Verifikation:
8,"Ich glaube, Sie sind insgesamt vertraut. Ja.",Vertrauen in Inhalt/System:Vertrauen in Chatbot/KI,Vertrauen in Inhalt/System,ARTIKEL 1 - PHASE 2; T8; Fragebogen nach Verifikation:
8,Hat mich mal bestärkt. Ja.,Verhaltensänderung:Bestätigung bestehender Meinung,Verhaltensänderung,ARTIKEL 1 - PHASE 2; T8; Fragebogen nach Verifikation:
8,Haben wir den Zustand sicherer als zuvor? Ja.,Vertrauen in Inhalt/System:Vertrauen in Chatbot/KI,Vertrauen in Inhalt/System,ARTIKEL 1 - PHASE 2; T8; Fragebogen nach Verifikation:
8,Haben wir den Zustand sicherer als zuvor? Ja.,Affektive Reaktionen:Zustimmung / Zustimmungssignale,Affektive Reaktionen,ARTIKEL 1 - PHASE 2; T8; Fragebogen nach Verifikation:
8,"Ich konnte nachvollziehen, wie die Qualität hinaus angekommen ist. Ja, konnte ich. Also auf Nachfrage, aber ja, konnte ich.",Vertrauen in Inhalt/System:Vertrauen in Chatbot/KI,Vertrauen in Inhalt/System,ARTIKEL 1 - PHASE 2; T8; Fragebogen nach Verifikation:
8,"Ich konnte nachvollziehen, wie die Qualität hinaus angekommen ist. Ja, konnte ich. Also auf Nachfrage, aber ja, konnte ich.",Metakognitive Reflexion,Metakognitive Reflexion,ARTIKEL 1 - PHASE 2; T8; Fragebogen nach Verifikation:
8,"Ich lese zu viele Nachrichten, also eher unwahrscheinlich.",Begründungsnarrative:Argument: persönliche Erfahrung,Begründungsnarrative,ARTIKEL 1 - PHASE 2; T8; Fragebogen nach Verifikation:
8,"Ich lese zu viele Nachrichten, also eher unwahrscheinlich.",Vertrauen in Inhalt/System:Zweifel an Verifikation,Vertrauen in Inhalt/System,ARTIKEL 1 - PHASE 2; T8; Fragebogen nach Verifikation:
8,"Also, solche Artikel würde ich nicht lesen, aber wenn ich die nicht lese, die ich lesen würde, dann, glaube ich, bin ich mir sicher.",Metakognitive Reflexion,Metakognitive Reflexion,ARTIKEL 1 - PHASE 2; T8; Fragebogen nach Verifikation:
8,"Also, solche Artikel würde ich nicht lesen, aber wenn ich die nicht lese, die ich lesen würde, dann, glaube ich, bin ich mir sicher.",Begründungsnarrative:Argument: persönliche Erfahrung,Begründungsnarrative,ARTIKEL 1 - PHASE 2; T8; Fragebogen nach Verifikation:
8,Ich fühle mich sicher im Umgang mit KI-Systemen. Ja.,Vertrauen in Inhalt/System:Vertrauen in Chatbot/KI,Vertrauen in Inhalt/System,ARTIKEL 1 - PHASE 2; T8; Fragebogen nach Verifikation:
8,Ich fühle mich sicher im Umgang mit KI-Systemen. Ja.,Begründungsnarrative:Argument: persönliche Erfahrung,Begründungsnarrative,ARTIKEL 1 - PHASE 2; T8; Fragebogen nach Verifikation:
8,Ich fühle mich sicher im Umgang mit KI-Systemen. Ja.,,,ARTIKEL 1 - PHASE 2; T8; Fragebogen nach Verifikation:
