﻿person_id,text_segment,annotation,category,memo
5,"Gut, beim Einstieg, also hier in diesem Bereich, denke ich mir, von der Dame habe ich schon mal was gehört, aber nichts Genaues, deswegen freue ich mich darauf, was mich der Artikel lehren kann.",Heuristische Bewertung:Bekanntheit des Themas,Heuristische Bewertung,ARTIKEL 1 - PHASE 1: Erste Bewertung; T5
5,"Gut, beim Einstieg, also hier in diesem Bereich, denke ich mir, von der Dame habe ich schon mal was gehört, aber nichts Genaues, deswegen freue ich mich darauf, was mich der Artikel lehren kann.",Epistemische Strategien:Plausibilitätsabwägung,Epistemische Strategien,ARTIKEL 1 - PHASE 1: Erste Bewertung; T5
5,"Gut, hier frage ich mich ein bisschen, ob das tatsächlich so derbe ist, wie es formuliert ist und ziemlich missbilligend, denke ich mir.",Begründungsnarrative:Argument: Sprache/Stil,Begründungsnarrative,ARTIKEL 1 - PHASE 1: Erste Bewertung; T5
5,"Gut, hier frage ich mich ein bisschen, ob das tatsächlich so derbe ist, wie es formuliert ist und ziemlich missbilligend, denke ich mir.",Affektive Reaktionen:emotionale Ablehnung,Affektive Reaktionen,ARTIKEL 1 - PHASE 1: Erste Bewertung; T5
5,"Dem hier muss ich bedingt zustimmen, aber ich finde auch die Formulierung relativ derbe und eher, ich weiß nicht mal, wie ich es richtig ausdrücken soll, aber eher unneutral, sagen wir es so.",Begründungsnarrative:Argument: Sprache/Stil,Begründungsnarrative,ARTIKEL 1 - PHASE 1: Erste Bewertung; T5
5,"Dem hier muss ich bedingt zustimmen, aber ich finde auch die Formulierung relativ derbe und eher, ich weiß nicht mal, wie ich es richtig ausdrücken soll, aber eher unneutral, sagen wir es so.",Begründungsnarrative:Argument: vermeintliche Objektivität,Begründungsnarrative,ARTIKEL 1 - PHASE 1: Erste Bewertung; T5
5,"Naja, hier auch wieder ein bisschen missbilligend. Lässt darauf schließen, dass der Autor denkt, die Parteiarbeit würde grundsätzlich nicht in ihrer Freizeit oder ehrenamtlich passieren, sondern eher performativ nach außen.",Begründungsnarrative:Argument: vermeintliche Objektivität,Begründungsnarrative,ARTIKEL 1 - PHASE 1: Erste Bewertung; T5
5,"Naja, hier auch wieder ein bisschen missbilligend. Lässt darauf schließen, dass der Autor denkt, die Parteiarbeit würde grundsätzlich nicht in ihrer Freizeit oder ehrenamtlich passieren, sondern eher performativ nach außen.",Epistemische Strategien:Plausibilitätsabwägung,Epistemische Strategien,ARTIKEL 1 - PHASE 1: Erste Bewertung; T5
5,"Hier wundert es mich nicht, dass etwas, was vor doch längerer Zeit passiert ist, noch thematisiert wird.",Epistemische Strategien:Kontextwissen,Epistemische Strategien,ARTIKEL 1 - PHASE 1: Erste Bewertung; T5
5,"Hier wundert es mich nicht, dass etwas, was vor doch längerer Zeit passiert ist, noch thematisiert wird.",Begründungsnarrative:Argument: gesellschaftlicher Kontext,Begründungsnarrative,ARTIKEL 1 - PHASE 1: Erste Bewertung; T5
5,"Ich weiß jetzt nicht, ob das Teil der Studie ist, dass hier quasi keine Quellen angegeben sind. Aber grundsätzlich würde ich mir in dem Fall schon konkrete Quellen wünschen.",Begründungsnarrative:Argument: Inhalt vs. Quelle,Begründungsnarrative,ARTIKEL 1 - PHASE 1: Erste Bewertung; T5
5,"Ich weiß jetzt nicht, ob das Teil der Studie ist, dass hier quasi keine Quellen angegeben sind. Aber grundsätzlich würde ich mir in dem Fall schon konkrete Quellen wünschen.",Vertrauen in Inhalt/System:generelles Misstrauen gegenüber Medieninhalten,Vertrauen in Inhalt/System,ARTIKEL 1 - PHASE 1: Erste Bewertung; T5
5,"Hier auch wieder ziemlich missbildigende Formulierung bezüglich Politikern. Dieses, die werden von einer Veranstaltung zur anderen kutschiert, wirkt schon eher so herablassend.",Begründungsnarrative:Argument: Sprache/Stil,Begründungsnarrative,ARTIKEL 1 - PHASE 1: Erste Bewertung; T5
5,"Hier auch wieder ziemlich missbildigende Formulierung bezüglich Politikern. Dieses, die werden von einer Veranstaltung zur anderen kutschiert, wirkt schon eher so herablassend.",Affektive Reaktionen:emotionale Ablehnung,Affektive Reaktionen,ARTIKEL 1 - PHASE 1: Erste Bewertung; T5
5,"Hier erkennt man, finde ich, eine deutliche Abwertung bezüglich der Justiz.",Begründungsnarrative:Argument: vermeintliche Objektivität,Begründungsnarrative,ARTIKEL 1 - PHASE 1: Erste Bewertung; T5
5,"Hier erkennt man, finde ich, eine deutliche Abwertung bezüglich der Justiz.",Textinterne Begründungen,Textinterne Begründungen,ARTIKEL 1 - PHASE 1: Erste Bewertung; T5
5,"Auch hier dadurch, dass die europäische Demokratie und die europäischen Werte in Anführungszeichen gesetzt sind, denke ich, dass die Person, die das geschrieben hat, grundsätzlich denkt, dass es halt diese Systeme nicht wirklich gibt.",Textinterne Begründungen,Textinterne Begründungen,ARTIKEL 1 - PHASE 1: Erste Bewertung; T5
5,"Auch hier dadurch, dass die europäische Demokratie und die europäischen Werte in Anführungszeichen gesetzt sind, denke ich, dass die Person, die das geschrieben hat, grundsätzlich denkt, dass es halt diese Systeme nicht wirklich gibt.",Epistemische Strategien:logische Argumentation,Epistemische Strategien,ARTIKEL 1 - PHASE 1: Erste Bewertung; T5
5,"Und allgemein muss ich sagen, hat eher eine unneutrale Sprache, finde ich, der Artikel.",Begründungsnarrative:Argument: Sprache/Stil,Begründungsnarrative,ARTIKEL 1 - PHASE 1: Erste Bewertung; T5
5,"Und allgemein muss ich sagen, hat eher eine unneutrale Sprache, finde ich, der Artikel.",Heuristische Bewertung:Sprache/Stil,Heuristische Bewertung,ARTIKEL 1 - PHASE 1: Erste Bewertung; T5
5,"Ich würde den relativ mittig platzieren, einfach weil ich mir vorstellen kann, dass sowas passiert.",Epistemische Strategien:Plausibilitätsabwägung,Epistemische Strategien,ARTIKEL 1 - PHASE 1: Erste Bewertung; T5; Fragebogen Artikel 1:
5,"Ich würde den relativ mittig platzieren, einfach weil ich mir vorstellen kann, dass sowas passiert.",Vertrauen in Inhalt/System:generelles Vertrauen in Medien,Vertrauen in Inhalt/System,ARTIKEL 1 - PHASE 1: Erste Bewertung; T5; Fragebogen Artikel 1:
5,"Glaubwürdig, ich kann nicht sagen, es ist nicht glaubwürdig oder vollkommen glaubwürdig. Ich bin halt einfach für eine politische Berichterstattung ein bisschen zu unneutral formuliert.",Begründungsnarrative:Argument: vermeintliche Objektivität,Begründungsnarrative,ARTIKEL 1 - PHASE 1: Erste Bewertung; T5; Fragebogen Artikel 1:
5,"Glaubwürdig, ich kann nicht sagen, es ist nicht glaubwürdig oder vollkommen glaubwürdig. Ich bin halt einfach für eine politische Berichterstattung ein bisschen zu unneutral formuliert.",Kognitive Unsicherheit:explizite Unsicherheit,Kognitive Unsicherheit,ARTIKEL 1 - PHASE 1: Erste Bewertung; T5; Fragebogen Artikel 1:
5,"Sprachlich emotional versus sachlich finde ich schon relativ hoch. Ich glaube, es geht noch stärker. Aber würde ich schon sagen, allgemein sehr emotional, nicht unbedingt sachlich.",Begründungsnarrative:Argument: Sprache/Stil,Begründungsnarrative,ARTIKEL 1 - PHASE 1: Erste Bewertung; T5; Fragebogen Artikel 1:
5,"Sprachlich emotional versus sachlich finde ich schon relativ hoch. Ich glaube, es geht noch stärker. Aber würde ich schon sagen, allgemein sehr emotional, nicht unbedingt sachlich.",Heuristische Bewertung:Sprache/Stil,Heuristische Bewertung,ARTIKEL 1 - PHASE 1: Erste Bewertung; T5; Fragebogen Artikel 1:
5,"Informationsgehalt und Faktendichte finde ich sehr niedrig. Eben auch dadurch, dass man keine Quellen bekommen hat für Problematiken.",Begründungsnarrative:Argument: Inhalt vs. Quelle,Begründungsnarrative,ARTIKEL 1 - PHASE 1: Erste Bewertung; T5; Fragebogen Artikel 1:
5,Eindruck des Textes als professionell-journalistisch finde ich relativ gering.,Begründungsnarrative:Argument: Sprache/Stil,Begründungsnarrative,ARTIKEL 1 - PHASE 1: Erste Bewertung; T5; Fragebogen Artikel 1:
5,Eindruck des Textes als professionell-journalistisch finde ich relativ gering.,Heuristische Bewertung:Sprache/Stil,Heuristische Bewertung,ARTIKEL 1 - PHASE 1: Erste Bewertung; T5; Fragebogen Artikel 1:
5,"Allgemein eher emotionalere Sprache, Begriffe, die abwertend gelesen werden können. Allgemein der Ton des Artikels, wenn man versteht, was ich damit meine.",Begründungsnarrative:Argument: Sprache/Stil,Begründungsnarrative,ARTIKEL 1 - PHASE 1: Erste Bewertung; T5; Fragebogen Artikel 1:
5,"Allgemein eher emotionalere Sprache, Begriffe, die abwertend gelesen werden können. Allgemein der Ton des Artikels, wenn man versteht, was ich damit meine.",Affektive Reaktionen:emotionale Ablehnung,Affektive Reaktionen,ARTIKEL 1 - PHASE 1: Erste Bewertung; T5; Fragebogen Artikel 1:
5,"Ich finde die Überschrift tatsächlich ein bisschen geladen, ausgehend von unserem aktuellen politischen Klima, beziehungsweise ein bisschen gewagt, zu behaupten, dass Russland ein Friedensstifter ist.",Begründungsnarrative:Argument: gesellschaftlicher Kontext,Begründungsnarrative,ARTIKEL 2 - PHASE 1: Erste Bewertung; T5
5,"Ich finde die Überschrift tatsächlich ein bisschen geladen, ausgehend von unserem aktuellen politischen Klima, beziehungsweise ein bisschen gewagt, zu behaupten, dass Russland ein Friedensstifter ist.",Affektive Reaktionen:emotionale Ablehnung,Affektive Reaktionen,ARTIKEL 2 - PHASE 1: Erste Bewertung; T5
5,"Aber im ersten Absatz geht es ja damit los, dass beschrieben wird, im Laufe seiner Geschichte war Russland ein Land der Friedensstifter.",Textinterne Begründungen,Textinterne Begründungen,ARTIKEL 2 - PHASE 1: Erste Bewertung; T5
5,"Aber im ersten Absatz geht es ja damit los, dass beschrieben wird, im Laufe seiner Geschichte war Russland ein Land der Friedensstifter.",Epistemische Strategien:Plausibilitätsabwägung,Epistemische Strategien,ARTIKEL 2 - PHASE 1: Erste Bewertung; T5
5,"Hier steht in unserem DNA-Code, ich gehe jetzt mal davon aus, dass hier Russland als Friedensstifter und ein Land, der beim Herzlichkeit, Mitgefühl und Empathie bezeichnet wird, die Person, die sich damit mit Unserem bezeichnen möchte, eine russische Person ist.",Textinterne Begründungen,Textinterne Begründungen,ARTIKEL 2 - PHASE 1: Erste Bewertung; T5
5,"Hier steht in unserem DNA-Code, ich gehe jetzt mal davon aus, dass hier Russland als Friedensstifter und ein Land, der beim Herzlichkeit, Mitgefühl und Empathie bezeichnet wird, die Person, die sich damit mit Unserem bezeichnen möchte, eine russische Person ist.",Epistemische Strategien:logische Argumentation,Epistemische Strategien,ARTIKEL 2 - PHASE 1: Erste Bewertung; T5
5,"Hier muss ich mir denken, schwierig, nur weil man in einem bestimmten Land geboren wurde oder lebt, heißt das nicht, dass man automatisch gleich mit einem bestimmten Set an Charakterzügen geboren wird.",Epistemische Strategien:logische Argumentation,Epistemische Strategien,ARTIKEL 2 - PHASE 1: Erste Bewertung; T5
5,"Hier muss ich mir denken, schwierig, nur weil man in einem bestimmten Land geboren wurde oder lebt, heißt das nicht, dass man automatisch gleich mit einem bestimmten Set an Charakterzügen geboren wird.",Begründungsnarrative:Argument: vermeintliche Objektivität,Begründungsnarrative,ARTIKEL 2 - PHASE 1: Erste Bewertung; T5
5,"Ich gehe jetzt mal hier davon aus, dass auf den Holocaust angespielt werden möchte.",Epistemische Strategien:Plausibilitätsabwägung,Epistemische Strategien,ARTIKEL 2 - PHASE 1: Erste Bewertung; T5
5,"Ich gehe jetzt mal hier davon aus, dass auf den Holocaust angespielt werden möchte.",Textinterne Begründungen,Textinterne Begründungen,ARTIKEL 2 - PHASE 1: Erste Bewertung; T5
5,"Hier würde ich mir auch wünschen, dass ein bisschen genauer ausgeführt wird, beziehungsweise Quellen angegeben werden.",Begründungsnarrative:Argument: Inhalt vs. Quelle,Begründungsnarrative,ARTIKEL 2 - PHASE 1: Erste Bewertung; T5
5,"Hier würde ich mir auch wünschen, dass ein bisschen genauer ausgeführt wird, beziehungsweise Quellen angegeben werden.",Vertrauen in Inhalt/System:generelles Misstrauen gegenüber Medieninhalten,Vertrauen in Inhalt/System,ARTIKEL 2 - PHASE 1: Erste Bewertung; T5
5,"Hier wird quasi ein Symbol der Großherzigkeit und Barmherzigkeit des russischen Soldaten übertragen auf die komplette russische Armee gestellt werden. Finde ich persönlich schwierig, das so zu bezeichnen.",Begründungsnarrative:Argument: vermeintliche Objektivität,Begründungsnarrative,ARTIKEL 2 - PHASE 1: Erste Bewertung; T5
5,"Hier wird quasi ein Symbol der Großherzigkeit und Barmherzigkeit des russischen Soldaten übertragen auf die komplette russische Armee gestellt werden. Finde ich persönlich schwierig, das so zu bezeichnen.",Epistemische Strategien:logische Argumentation,Epistemische Strategien,ARTIKEL 2 - PHASE 1: Erste Bewertung; T5
5,"Ich meine, eine Armee kann großherzig und barmherzig sein, ja, aber grundsätzlich ist eine Armee immer noch ein Werkzeug des Kriegs.",Epistemische Strategien:logische Argumentation,Epistemische Strategien,ARTIKEL 2 - PHASE 1: Erste Bewertung; T5
5,"Ich meine, eine Armee kann großherzig und barmherzig sein, ja, aber grundsätzlich ist eine Armee immer noch ein Werkzeug des Kriegs.",Begründungsnarrative:Argument: gesellschaftlicher Kontext,Begründungsnarrative,ARTIKEL 2 - PHASE 1: Erste Bewertung; T5
5,"Kann ich mir vorstellen, dass so eine Art Glorifizierung der russischen Armee passieren soll.",Begründungsnarrative:Argument: vermeintliche Objektivität,Begründungsnarrative,ARTIKEL 2 - PHASE 1: Erste Bewertung; T5
5,"Kann ich mir vorstellen, dass so eine Art Glorifizierung der russischen Armee passieren soll.",Epistemische Strategien:Plausibilitätsabwägung,Epistemische Strategien,ARTIKEL 2 - PHASE 1: Erste Bewertung; T5
5,"Wenn das eine freigegebene Bescheinigung des Staatsarchivs ist, hätte ich mir gewünscht, dass da vielleicht auch noch eine genauere Quelle angegeben wird.",Begründungsnarrative:Argument: Inhalt vs. Quelle,Begründungsnarrative,ARTIKEL 2 - PHASE 1: Erste Bewertung; T5
5,"Wenn das eine freigegebene Bescheinigung des Staatsarchivs ist, hätte ich mir gewünscht, dass da vielleicht auch noch eine genauere Quelle angegeben wird.",Vertrauen in Inhalt/System:generelles Misstrauen gegenüber Medieninhalten,Vertrauen in Inhalt/System,ARTIKEL 2 - PHASE 1: Erste Bewertung; T5
5,"Ich finde die Aussage falsch, selbst wenn man bedenkt, dass Russland damals Hilfspakete nach Deutschland geschickt hat.",Epistemische Strategien:Faktenprüfung,Epistemische Strategien,ARTIKEL 2 - PHASE 1: Erste Bewertung; T5
5,"Ich finde die Aussage falsch, selbst wenn man bedenkt, dass Russland damals Hilfspakete nach Deutschland geschickt hat.",Begründungsnarrative:Argument: persönliche Erfahrung,Begründungsnarrative,ARTIKEL 2 - PHASE 1: Erste Bewertung; T5
5,"Es war nicht nur Russland alleine, es ging immer um die alliierten Kräfte.",Epistemische Strategien:Faktenprüfung,Epistemische Strategien,ARTIKEL 2 - PHASE 1: Erste Bewertung; T5
5,"Es war nicht nur Russland alleine, es ging immer um die alliierten Kräfte.",Begründungsnarrative:Argument: gesellschaftlicher Kontext,Begründungsnarrative,ARTIKEL 2 - PHASE 1: Erste Bewertung; T5
5,"Die Lügen und Unterstellungen westlicher korrupter Figuren, grundsätzlich lasse ich die Möglichkeit schon zu, dass Lügen und Unterstellungen bezeichnet werden.",Epistemische Strategien:Plausibilitätsabwägung,Epistemische Strategien,ARTIKEL 2 - PHASE 1: Erste Bewertung; T5
5,"Die Lügen und Unterstellungen westlicher korrupter Figuren, grundsätzlich lasse ich die Möglichkeit schon zu, dass Lügen und Unterstellungen bezeichnet werden.",Textinterne Begründungen,Textinterne Begründungen,ARTIKEL 2 - PHASE 1: Erste Bewertung; T5
5,"Grundsätzlich aber mal alle entgegengesetzten Behauptungen oder gegenteiligen Aussagen zu dem, was Russland gerade macht oder sagt, als Lügen und Unterstellungen zu bezeichnen, finde ich schwierig.",Begründungsnarrative:Argument: vermeintliche Objektivität,Begründungsnarrative,ARTIKEL 2 - PHASE 1: Erste Bewertung; T5
5,"Grundsätzlich aber mal alle entgegengesetzten Behauptungen oder gegenteiligen Aussagen zu dem, was Russland gerade macht oder sagt, als Lügen und Unterstellungen zu bezeichnen, finde ich schwierig.",Epistemische Strategien:logische Argumentation,Epistemische Strategien,ARTIKEL 2 - PHASE 1: Erste Bewertung; T5
5,"Ich finde allgemein, der Artikel ist sehr pro-Russland geschrieben.",Begründungsnarrative:Argument: vermeintliche Objektivität,Begründungsnarrative,ARTIKEL 2 - PHASE 1: Erste Bewertung; T5
5,"Ich finde allgemein, der Artikel ist sehr pro-Russland geschrieben.",Heuristische Bewertung:Sprache/Stil,Heuristische Bewertung,ARTIKEL 2 - PHASE 1: Erste Bewertung; T5
5,"Grundsätzlich würde ich sagen, der Artikel ist auch relativ glaubwürdig. Ich persönlich habe nicht genug historisches Wissen, um das so zu verifizieren.",Vertrauen in Inhalt/System:generelles Vertrauen in Medien,Vertrauen in Inhalt/System,ARTIKEL 2 - PHASE 1: Erste Bewertung; T5; Fragebogen Artikel 2:
5,"Grundsätzlich würde ich sagen, der Artikel ist auch relativ glaubwürdig. Ich persönlich habe nicht genug historisches Wissen, um das so zu verifizieren.",Begründungsnarrative:Argument: persönliche Erfahrung,Begründungsnarrative,ARTIKEL 2 - PHASE 1: Erste Bewertung; T5; Fragebogen Artikel 2:
5,"Grundsätzlich würde ich wahrscheinlich aber tatsächlich eher dazu tendieren, dass es vielleicht ein bisschen aufgebauscht ist.",Epistemische Strategien:Plausibilitätsabwägung,Epistemische Strategien,ARTIKEL 2 - PHASE 1: Erste Bewertung; T5; Fragebogen Artikel 2:
5,"Grundsätzlich würde ich wahrscheinlich aber tatsächlich eher dazu tendieren, dass es vielleicht ein bisschen aufgebauscht ist.",Kognitive Unsicherheit:explizite Unsicherheit,Kognitive Unsicherheit,ARTIKEL 2 - PHASE 1: Erste Bewertung; T5; Fragebogen Artikel 2:
5,"Sprachstil finde ich auch wieder sehr emotional, eben auch, dass Sachen mit eingebracht wurden, wie unser Präsident hat gesagt.",Begründungsnarrative:Argument: Sprache/Stil,Begründungsnarrative,ARTIKEL 2 - PHASE 1: Erste Bewertung; T5; Fragebogen Artikel 2:
5,"Sprachstil finde ich auch wieder sehr emotional, eben auch, dass Sachen mit eingebracht wurden, wie unser Präsident hat gesagt.",Heuristische Bewertung:Sprache/Stil,Heuristische Bewertung,ARTIKEL 2 - PHASE 1: Erste Bewertung; T5; Fragebogen Artikel 2:
5,"Das ist schon relativ emotional in dem Sinne von, ja man möchte vielleicht ein Gefühl schaffen von Zusammengehörigkeit.",Begründungsnarrative:Argument: vermeintliche Objektivität,Begründungsnarrative,ARTIKEL 2 - PHASE 1: Erste Bewertung; T5; Fragebogen Artikel 2:
5,"Das ist schon relativ emotional in dem Sinne von, ja man möchte vielleicht ein Gefühl schaffen von Zusammengehörigkeit.",Epistemische Strategien:Plausibilitätsabwägung,Epistemische Strategien,ARTIKEL 2 - PHASE 1: Erste Bewertung; T5; Fragebogen Artikel 2:
5,"Eindruck des Textes als professionell-journalistisch würde ich hier relativ gering gehen, einfach weil es allgemein so ein bisschen motivierenden Unterton hat. Fast schon ein bisschen wie Propaganda.",Begründungsnarrative:Argument: vermeintliche Objektivität,Begründungsnarrative,ARTIKEL 2 - PHASE 1: Erste Bewertung; T5; Fragebogen Artikel 2:
5,"Eindruck des Textes als professionell-journalistisch würde ich hier relativ gering gehen, einfach weil es allgemein so ein bisschen motivierenden Unterton hat. Fast schon ein bisschen wie Propaganda.",Heuristische Bewertung:Sprache/Stil,Heuristische Bewertung,ARTIKEL 2 - PHASE 1: Erste Bewertung; T5; Fragebogen Artikel 2:
5,"Personen, die dem selbst russisch zu sein. Ich weiß nicht, wie ich das ausdrücken soll, aber natürlich möchte ein russischer Mensch, der von seinem Präsidenten überzeugt ist und der von seinem Land überzeugt ist, natürlich auch sich positiv schildern.",Begründungsnarrative:Argument: gesellschaftlicher Kontext,Begründungsnarrative,ARTIKEL 2 - PHASE 1: Erste Bewertung; T5; Fragebogen Artikel 2:
5,"Personen, die dem selbst russisch zu sein. Ich weiß nicht, wie ich das ausdrücken soll, aber natürlich möchte ein russischer Mensch, der von seinem Präsidenten überzeugt ist und der von seinem Land überzeugt ist, natürlich auch sich positiv schildern.",Epistemische Strategien:Plausibilitätsabwägung,Epistemische Strategien,ARTIKEL 2 - PHASE 1: Erste Bewertung; T5; Fragebogen Artikel 2:
5,"Hier gefällt mir, dass eine Person genannt wird und auch gleich erklärt wird, wer das ist und welche Position eben diese Person hat.",Begründungsnarrative:Argument: Inhalt vs. Quelle,Begründungsnarrative,ARTIKEL 3 - PHASE 1: Erste Bewertung; T5
5,"Hier gefällt mir, dass eine Person genannt wird und auch gleich erklärt wird, wer das ist und welche Position eben diese Person hat.",Affektive Reaktionen:Zustimmung / Zustimmungssignale,Affektive Reaktionen,ARTIKEL 3 - PHASE 1: Erste Bewertung; T5
5,"Es ist leichter, genauer nachzuvollziehen, was für eine Bedeutung das hat, was eine Person sagt.",Epistemische Strategien:Plausibilitätsabwägung,Epistemische Strategien,ARTIKEL 3 - PHASE 1: Erste Bewertung; T5
5,"Es ist leichter, genauer nachzuvollziehen, was für eine Bedeutung das hat, was eine Person sagt.",Begründungsnarrative:Argument: Inhalt vs. Quelle,Begründungsnarrative,ARTIKEL 3 - PHASE 1: Erste Bewertung; T5
5,"Hier hätte ich mir gerne noch mehr Ausführungen gewünscht, inwiefern konnte da kein Ansatzpunkt gefunden werden, aus welchen Gründen.",Begründungsnarrative:Argument: Inhalt vs. Quelle,Begründungsnarrative,ARTIKEL 3 - PHASE 1: Erste Bewertung; T5
5,"Hier hätte ich mir gerne noch mehr Ausführungen gewünscht, inwiefern konnte da kein Ansatzpunkt gefunden werden, aus welchen Gründen.",Kognitive Unsicherheit:explizite Unsicherheit,Kognitive Unsicherheit,ARTIKEL 3 - PHASE 1: Erste Bewertung; T5
5,"Hier finde ich auch schön, dass da internal des Strafgerichtshofs erklärt wird, dass der für Kriegsverbrechen und Verbrechen gegen die Menschlichkeit zuständig ist.",Begründungsnarrative:Argument: Inhalt vs. Quelle,Begründungsnarrative,ARTIKEL 3 - PHASE 1: Erste Bewertung; T5
5,"Hier finde ich auch schön, dass da internal des Strafgerichtshofs erklärt wird, dass der für Kriegsverbrechen und Verbrechen gegen die Menschlichkeit zuständig ist.",Affektive Reaktionen:Zustimmung / Zustimmungssignale,Affektive Reaktionen,ARTIKEL 3 - PHASE 1: Erste Bewertung; T5
5,"Ich finde auch schön, dass hier erklärt wird, dass die Strafbarkeitslücke, wie sie es bezeichnen, besteht und deswegen dieses Sondertribunal gegründet wurde.",Begründungsnarrative:Argument: Struktur und Logik,Begründungsnarrative,ARTIKEL 3 - PHASE 1: Erste Bewertung; T5
5,"Ich finde auch schön, dass hier erklärt wird, dass die Strafbarkeitslücke, wie sie es bezeichnen, besteht und deswegen dieses Sondertribunal gegründet wurde.",Affektive Reaktionen:Zustimmung / Zustimmungssignale,Affektive Reaktionen,ARTIKEL 3 - PHASE 1: Erste Bewertung; T5
5,"Hier finde ich auch schön, dass man Informationen bekommt, wie das umgesetzt werden soll.",Begründungsnarrative:Argument: Inhalt vs. Quelle,Begründungsnarrative,ARTIKEL 3 - PHASE 1: Erste Bewertung; T5
5,"Hier finde ich auch schön, dass man Informationen bekommt, wie das umgesetzt werden soll.",Affektive Reaktionen:Zustimmung / Zustimmungssignale,Affektive Reaktionen,ARTIKEL 3 - PHASE 1: Erste Bewertung; T5
5,"Hier würde mich noch interessieren, inwiefern sich diese Berechtigungen dieses Tribunals ergeben.",Kognitive Unsicherheit:explizite Unsicherheit,Kognitive Unsicherheit,ARTIKEL 3 - PHASE 1: Erste Bewertung; T5
5,"Hier würde mich noch interessieren, inwiefern sich diese Berechtigungen dieses Tribunals ergeben.",Epistemische Strategien:Faktenprüfung,Epistemische Strategien,ARTIKEL 3 - PHASE 1: Erste Bewertung; T5
5,"Ich finde grundsätzlich, dass der Artikel auch in Anführungszeichen relativ unneutral ist, aber grundsätzlich ist ja meiner Meinung nach das Klima eher so, dass die Ukraine unterstützt wird.",Begründungsnarrative:Argument: gesellschaftlicher Kontext,Begründungsnarrative,ARTIKEL 3 - PHASE 1: Erste Bewertung; T5
5,"Ich finde grundsätzlich, dass der Artikel auch in Anführungszeichen relativ unneutral ist, aber grundsätzlich ist ja meiner Meinung nach das Klima eher so, dass die Ukraine unterstützt wird.",Epistemische Strategien:Kontextwissen,Epistemische Strategien,ARTIKEL 3 - PHASE 1: Erste Bewertung; T5
5,"Deswegen finde ich den Ton von dem Artikel hier eingeordnet in die jetzige zeitliche Situation, sage ich jetzt mal, soweit nicht extrem unneutral.",Begründungsnarrative:Argument: gesellschaftlicher Kontext,Begründungsnarrative,ARTIKEL 3 - PHASE 1: Erste Bewertung; T5
5,"Deswegen finde ich den Ton von dem Artikel hier eingeordnet in die jetzige zeitliche Situation, sage ich jetzt mal, soweit nicht extrem unneutral.",Epistemische Strategien:Plausibilitätsabwägung,Epistemische Strategien,ARTIKEL 3 - PHASE 1: Erste Bewertung; T5
5,"Aber grundsätzlich finde ich, werden hier nur Fakten berichtet, im Sinne von, das ist passiert, das wird passieren oder das soll passieren.",Begründungsnarrative:Argument: Inhalt vs. Quelle,Begründungsnarrative,ARTIKEL 3 - PHASE 1: Erste Bewertung; T5
5,"Aber grundsätzlich finde ich, werden hier nur Fakten berichtet, im Sinne von, das ist passiert, das wird passieren oder das soll passieren.",Epistemische Strategien:Faktenprüfung,Epistemische Strategien,ARTIKEL 3 - PHASE 1: Erste Bewertung; T5
5,Ich würde den auch auf die Nummer 6 einordnen.,Vertrauen in Inhalt/System:generelles Vertrauen in Medien,Vertrauen in Inhalt/System,ARTIKEL 3 - PHASE 1: Erste Bewertung; T5; Fragebogen Artikel 3:
5,"Vollkommen glaubwürdig finde ich persönlich schwierig, Artikel einzuordnen, vor allen Dingen welche, die keine Quellen angeben.",Begründungsnarrative:Argument: Inhalt vs. Quelle,Begründungsnarrative,ARTIKEL 3 - PHASE 1: Erste Bewertung; T5; Fragebogen Artikel 3:
5,"Vollkommen glaubwürdig finde ich persönlich schwierig, Artikel einzuordnen, vor allen Dingen welche, die keine Quellen angeben.",Vertrauen in Inhalt/System:generelles Misstrauen gegenüber Medieninhalten,Vertrauen in Inhalt/System,ARTIKEL 3 - PHASE 1: Erste Bewertung; T5; Fragebogen Artikel 3:
5,"Sprachstil fand ich hier deutlich neutraler, aber trotzdem nicht komplett neutral.",Begründungsnarrative:Argument: Sprache/Stil,Begründungsnarrative,ARTIKEL 3 - PHASE 1: Erste Bewertung; T5; Fragebogen Artikel 3:
5,"Sprachstil fand ich hier deutlich neutraler, aber trotzdem nicht komplett neutral.",Heuristische Bewertung:Sprache/Stil,Heuristische Bewertung,ARTIKEL 3 - PHASE 1: Erste Bewertung; T5; Fragebogen Artikel 3:
5,Informationsgehalt und Faktendichte fand ich dafür ziemlich gut. Würde ich sogar die 7 vergeben.,Begründungsnarrative:Argument: Inhalt vs. Quelle,Begründungsnarrative,ARTIKEL 3 - PHASE 1: Erste Bewertung; T5; Fragebogen Artikel 3:
5,Informationsgehalt und Faktendichte fand ich dafür ziemlich gut. Würde ich sogar die 7 vergeben.,Affektive Reaktionen:Zustimmung / Zustimmungssignale,Affektive Reaktionen,ARTIKEL 3 - PHASE 1: Erste Bewertung; T5; Fragebogen Artikel 3:
5,"Logik der Argumentation finde ich insbesondere gut, dass Personen und Begriffe erklärt wurden.",Begründungsnarrative:Argument: Struktur und Logik,Begründungsnarrative,ARTIKEL 3 - PHASE 1: Erste Bewertung; T5; Fragebogen Artikel 3:
5,"Logik der Argumentation finde ich insbesondere gut, dass Personen und Begriffe erklärt wurden.",Affektive Reaktionen:Zustimmung / Zustimmungssignale,Affektive Reaktionen,ARTIKEL 3 - PHASE 1: Erste Bewertung; T5; Fragebogen Artikel 3:
5,Eindruck des Textes als professionell journalistisch würde ich relativ hoch einstufen.,Heuristische Bewertung:Sprache/Stil,Heuristische Bewertung,ARTIKEL 3 - PHASE 1: Erste Bewertung; T5; Fragebogen Artikel 3:
5,Eindruck des Textes als professionell journalistisch würde ich relativ hoch einstufen.,Begründungsnarrative:Argument: Sprache/Stil,Begründungsnarrative,ARTIKEL 3 - PHASE 1: Erste Bewertung; T5; Fragebogen Artikel 3:
5,Was der Aggressor anrichtet. Okay. Hier wird deutlich schon mal Position bezogen.,Textinterne Begründungen,Textinterne Begründungen,ARTIKEL 4 - PHASE 1: Erste Bewertung; T5
5,Was der Aggressor anrichtet. Okay. Hier wird deutlich schon mal Position bezogen.,Begründungsnarrative:Argument: vermeintliche Objektivität,Begründungsnarrative,ARTIKEL 4 - PHASE 1: Erste Bewertung; T5
5,"Weiß ich nicht. Könnte passiert sein, könnte nicht passiert sein. Woher weiß man?",Kognitive Unsicherheit:explizite Unsicherheit,Kognitive Unsicherheit,ARTIKEL 4 - PHASE 1: Erste Bewertung; T5
5,"Weiß ich nicht. Könnte passiert sein, könnte nicht passiert sein. Woher weiß man?",Epistemische Strategien:Plausibilitätsabwägung,Epistemische Strategien,ARTIKEL 4 - PHASE 1: Erste Bewertung; T5
5,Also hat die Frau Radchenko das mitgeteilt. Gibt es irgendwie ein Artikel oder ähnliches dazu?,Begründungsnarrative:Argument: Inhalt vs. Quelle,Begründungsnarrative,ARTIKEL 4 - PHASE 1: Erste Bewertung; T5
5,Also hat die Frau Radchenko das mitgeteilt. Gibt es irgendwie ein Artikel oder ähnliches dazu?,Epistemische Strategien:Faktenprüfung,Epistemische Strategien,ARTIKEL 4 - PHASE 1: Erste Bewertung; T5
5,"Auch hier finde ich schön, dass wieder beschrieben wird, welche Personen bezeichnet werden. Auch die Vorgeschichte.",Begründungsnarrative:Argument: Inhalt vs. Quelle,Begründungsnarrative,ARTIKEL 4 - PHASE 1: Erste Bewertung; T5
5,"Auch hier finde ich schön, dass wieder beschrieben wird, welche Personen bezeichnet werden. Auch die Vorgeschichte.",Affektive Reaktionen:Zustimmung / Zustimmungssignale,Affektive Reaktionen,ARTIKEL 4 - PHASE 1: Erste Bewertung; T5
5,"Jetzt in diesem Fall mit dem World Press Photo Award finde ich gut, dass mitgeteilt wird, dass die Person, um die es hier geht, selbst Jurymitglied war.",Begründungsnarrative:Argument: Inhalt vs. Quelle,Begründungsnarrative,ARTIKEL 4 - PHASE 1: Erste Bewertung; T5
5,"Jetzt in diesem Fall mit dem World Press Photo Award finde ich gut, dass mitgeteilt wird, dass die Person, um die es hier geht, selbst Jurymitglied war.",Affektive Reaktionen:Zustimmung / Zustimmungssignale,Affektive Reaktionen,ARTIKEL 4 - PHASE 1: Erste Bewertung; T5
5,"Ich finde es auch schön, dass hier direkte Zitate genannt werden.",Begründungsnarrative:Argument: Inhalt vs. Quelle,Begründungsnarrative,ARTIKEL 4 - PHASE 1: Erste Bewertung; T5
5,"Ich finde es auch schön, dass hier direkte Zitate genannt werden.",Affektive Reaktionen:Zustimmung / Zustimmungssignale,Affektive Reaktionen,ARTIKEL 4 - PHASE 1: Erste Bewertung; T5
5,"Hätte ich mir noch einen kleinen Faktencheck dazu gewünscht, dass vielleicht mitgeteilt wird, ja aber tatsächlich war es vielleicht so oder so.",Begründungsnarrative:Argument: Inhalt vs. Quelle,Begründungsnarrative,ARTIKEL 4 - PHASE 1: Erste Bewertung; T5
5,"Hätte ich mir noch einen kleinen Faktencheck dazu gewünscht, dass vielleicht mitgeteilt wird, ja aber tatsächlich war es vielleicht so oder so.",Epistemische Strategien:Faktenprüfung,Epistemische Strategien,ARTIKEL 4 - PHASE 1: Erste Bewertung; T5
5,"Hier hätte ich mir auch noch gewünscht, dass noch ein bisschen genauer dabei steht, inwiefern zum Beispiel bei dieser Person hier, was damals passiert ist.",Begründungsnarrative:Argument: Inhalt vs. Quelle,Begründungsnarrative,ARTIKEL 4 - PHASE 1: Erste Bewertung; T5
5,"Hier hätte ich mir auch noch gewünscht, dass noch ein bisschen genauer dabei steht, inwiefern zum Beispiel bei dieser Person hier, was damals passiert ist.",Kognitive Unsicherheit:explizite Unsicherheit,Kognitive Unsicherheit,ARTIKEL 4 - PHASE 1: Erste Bewertung; T5
5,"Hier finde ich auch schön, dass angegeben wird, dass die Person sich in einem Facebook-Beitrag geäußert hat.",Begründungsnarrative:Argument: Inhalt vs. Quelle,Begründungsnarrative,ARTIKEL 4 - PHASE 1: Erste Bewertung; T5
5,"Hier finde ich auch schön, dass angegeben wird, dass die Person sich in einem Facebook-Beitrag geäußert hat.",Affektive Reaktionen:Zustimmung / Zustimmungssignale,Affektive Reaktionen,ARTIKEL 4 - PHASE 1: Erste Bewertung; T5
5,"Ich finde auch schön, dass mit eingegliedert wird, wie World Press Photo reagiert hat.",Begründungsnarrative:Argument: Inhalt vs. Quelle,Begründungsnarrative,ARTIKEL 4 - PHASE 1: Erste Bewertung; T5
5,"Ich finde auch schön, dass mit eingegliedert wird, wie World Press Photo reagiert hat.",Affektive Reaktionen:Zustimmung / Zustimmungssignale,Affektive Reaktionen,ARTIKEL 4 - PHASE 1: Erste Bewertung; T5
5,Also hier muss ich die Glaubwürdigkeit sehr hoch einordnen. Tatsächlich würde ich aber trotzdem nur bei der Sex bleiben.,Vertrauen in Inhalt/System:generelles Vertrauen in Medien,Vertrauen in Inhalt/System,ARTIKEL 4 - PHASE 1: Erste Bewertung; T5; Fragebogen Artikel 4:
5,Also hier muss ich die Glaubwürdigkeit sehr hoch einordnen. Tatsächlich würde ich aber trotzdem nur bei der Sex bleiben.,Kognitive Unsicherheit:explizite Unsicherheit,Kognitive Unsicherheit,ARTIKEL 4 - PHASE 1: Erste Bewertung; T5; Fragebogen Artikel 4:
5,"Ich finde es aber schon sehr bezeichnend, dass genaue Zitate verwendet wurden.",Begründungsnarrative:Argument: Inhalt vs. Quelle,Begründungsnarrative,ARTIKEL 4 - PHASE 1: Erste Bewertung; T5; Fragebogen Artikel 4:
5,"Ich finde es aber schon sehr bezeichnend, dass genaue Zitate verwendet wurden.",Vertrauen in Inhalt/System:generelles Vertrauen in Medien,Vertrauen in Inhalt/System,ARTIKEL 4 - PHASE 1: Erste Bewertung; T5; Fragebogen Artikel 4:
5,"Es ist halt eher so meine eigene Einstellung, sag ich jetzt mal, zu politischen Artikeln, dass man das alles erstmal grundsätzlich immer mindestens ein bisschen suspekt ist.",Vertrauen in Inhalt/System:generelles Misstrauen gegenüber Medieninhalten,Vertrauen in Inhalt/System,ARTIKEL 4 - PHASE 1: Erste Bewertung; T5; Fragebogen Artikel 4:
5,"Es ist halt eher so meine eigene Einstellung, sag ich jetzt mal, zu politischen Artikeln, dass man das alles erstmal grundsätzlich immer mindestens ein bisschen suspekt ist.",Begründungsnarrative:Argument: persönliche Erfahrung,Begründungsnarrative,ARTIKEL 4 - PHASE 1: Erste Bewertung; T5; Fragebogen Artikel 4:
5,"Der Artikel ist emotional, hat emotionale Themen, wurde aber selber nicht direkt emotional geschrieben, sondern eher die Zitate, die verwendet wurden, sind emotional.",Begründungsnarrative:Argument: Sprache/Stil,Begründungsnarrative,ARTIKEL 4 - PHASE 1: Erste Bewertung; T5; Fragebogen Artikel 4:
5,"Der Artikel ist emotional, hat emotionale Themen, wurde aber selber nicht direkt emotional geschrieben, sondern eher die Zitate, die verwendet wurden, sind emotional.",Heuristische Bewertung:Sprache/Stil,Heuristische Bewertung,ARTIKEL 4 - PHASE 1: Erste Bewertung; T5; Fragebogen Artikel 4:
5,"Informationsgrad und Faktendichte finde ich hier sehr gut, es waren sehr viele Informationen.",Begründungsnarrative:Argument: Inhalt vs. Quelle,Begründungsnarrative,ARTIKEL 4 - PHASE 1: Erste Bewertung; T5; Fragebogen Artikel 4:
5,"Informationsgrad und Faktendichte finde ich hier sehr gut, es waren sehr viele Informationen.",Affektive Reaktionen:Zustimmung / Zustimmungssignale,Affektive Reaktionen,ARTIKEL 4 - PHASE 1: Erste Bewertung; T5; Fragebogen Artikel 4:
5,Allgemein der neutrale Schreibstil. Wenig persönliche Meinung wurde vom Autor mit eingebracht.,Begründungsnarrative:Argument: vermeintliche Objektivität,Begründungsnarrative,ARTIKEL 4 - PHASE 1: Erste Bewertung; T5; Fragebogen Artikel 4:
5,Allgemein der neutrale Schreibstil. Wenig persönliche Meinung wurde vom Autor mit eingebracht.,Heuristische Bewertung:Sprache/Stil,Heuristische Bewertung,ARTIKEL 4 - PHASE 1: Erste Bewertung; T5; Fragebogen Artikel 4:
5,Allgemein der neutrale Schreibstil. Wenig persönliche Meinung wurde vom Autor mit eingebracht.,,,ARTIKEL 4 - PHASE 1: Erste Bewertung; T5; Fragebogen Artikel 4:
5,"Das ist nämlich ein Punkt, der mich sehr gestört hat. Viele waren nicht in der Lage, ihren Arbeitsalltag zu beschreiben und so weiter. Welche Quellen gibt es hierfür?",Verifikationsnutzung:aktive Prüfung mit Chatbot,Verifikationsnutzung,ARTIKEL 1 - PHASE 2; T5
5,"Das ist nämlich ein Punkt, der mich sehr gestört hat. Viele waren nicht in der Lage, ihren Arbeitsalltag zu beschreiben und so weiter. Welche Quellen gibt es hierfür?",Epistemische Strategien:Faktenprüfung,Epistemische Strategien,ARTIKEL 1 - PHASE 2; T5
5,"Also hier finde ich schon mal spannend, dass er sagt, es gibt gar kein Urteil zu der Person.",Verifikationsnutzung:passive Übernahme,Verifikationsnutzung,ARTIKEL 1 - PHASE 2; T5
5,"Also hier finde ich schon mal spannend, dass er sagt, es gibt gar kein Urteil zu der Person.",Verhaltensänderung:Urteilsänderung durch KI,Verhaltensänderung,ARTIKEL 1 - PHASE 2; T5
5,"Kann natürlich sein, dass es jetzt tatsächlich so ist, dass es kein Urteil zu der Person gibt.",Kognitive Unsicherheit:explizite Unsicherheit,Kognitive Unsicherheit,ARTIKEL 1 - PHASE 2; T5
5,"Kann natürlich sein, dass es jetzt tatsächlich so ist, dass es kein Urteil zu der Person gibt.",Vertrauen in Inhalt/System:Vertrauen in Chatbot/KI,Vertrauen in Inhalt/System,ARTIKEL 1 - PHASE 2; T5
5,Erscheint natürlich dann widersprüchlich gegenüber diesen Artikel.,Kognitive Unsicherheit:Widersprüche erkannt,Kognitive Unsicherheit,ARTIKEL 1 - PHASE 2; T5
5,Erscheint natürlich dann widersprüchlich gegenüber diesen Artikel.,Verhaltensänderung:Urteilsänderung durch KI,Verhaltensänderung,ARTIKEL 1 - PHASE 2; T5
5,"Ich finde es auch spannend, dass die Frau Vorsitzende einer rechtsextremen Partei ist. Für mich war das nämlich nicht erschließbar.",Verifikationsnutzung:passive Übernahme,Verifikationsnutzung,ARTIKEL 1 - PHASE 2; T5
5,"Ich finde es auch spannend, dass die Frau Vorsitzende einer rechtsextremen Partei ist. Für mich war das nämlich nicht erschließbar.",Verhaltensänderung:Urteilsänderung durch KI,Verhaltensänderung,ARTIKEL 1 - PHASE 2; T5
5,"Aber für mich macht es dann persönlich auch relativ viel Sinn, dass dieser Artikel so kritisch war und vor allem politisch eher missbilligend angehaucht war.",Epistemische Strategien:logische Argumentation,Epistemische Strategien,ARTIKEL 1 - PHASE 2; T5
5,"Aber für mich macht es dann persönlich auch relativ viel Sinn, dass dieser Artikel so kritisch war und vor allem politisch eher missbilligend angehaucht war.",Verhaltensänderung:Bestätigung bestehender Meinung,Verhaltensänderung,ARTIKEL 1 - PHASE 2; T5
5,"Aber ich finde es sehr spannend, dass die KI gesagt hat, es gibt gar keine Person, also es gibt schon eine Person, aber es gibt kein Urteil gegen sie. Das bestätigt für mich ein bisschen, dass sich das als eher unglaubwürdig eingeschätzt hat.",Verhaltensänderung:Urteilsänderung durch KI,Verhaltensänderung,ARTIKEL 1 - PHASE 2; T5
5,"Aber ich finde es sehr spannend, dass die KI gesagt hat, es gibt gar keine Person, also es gibt schon eine Person, aber es gibt kein Urteil gegen sie. Das bestätigt für mich ein bisschen, dass sich das als eher unglaubwürdig eingeschätzt hat.",Vertrauen in Inhalt/System:Vertrauen in Chatbot/KI,Vertrauen in Inhalt/System,ARTIKEL 1 - PHASE 2; T5
5,"Ich würde sagen, zwei.",Verhaltensänderung:Urteilsänderung durch KI,Verhaltensänderung,ARTIKEL 1 - PHASE 2; T5; Fragebogen nach Verifikation:
5,"Also vielleicht gab es eine Situation, die so ähnlich war, wie das, was genannt wurde. Aber das wurde im Artikel hochgebauscht.",Epistemische Strategien:Plausibilitätsabwägung,Epistemische Strategien,ARTIKEL 1 - PHASE 2; T5; Fragebogen nach Verifikation:
5,"Also vielleicht gab es eine Situation, die so ähnlich war, wie das, was genannt wurde. Aber das wurde im Artikel hochgebauscht.",Kognitive Unsicherheit:explizite Unsicherheit,Kognitive Unsicherheit,ARTIKEL 1 - PHASE 2; T5; Fragebogen nach Verifikation:
5,Ich halte den Artikel für weniger glaubwürdig als zuvor.,Verhaltensänderung:Urteilsänderung durch KI,Verhaltensänderung,ARTIKEL 1 - PHASE 2; T5; Fragebogen nach Verifikation:
5,"Die Antwort der KI war inhaltlich hilfreich, finde ich sehr.",Vertrauen in Inhalt/System:Vertrauen in Chatbot/KI,Vertrauen in Inhalt/System,ARTIKEL 1 - PHASE 2; T5; Fragebogen nach Verifikation:
5,"Für mich ist es ein großer Punkt, dass die KI gesagt hat, ja okay, so ein Urteil gibt es gar nicht.",Verhaltensänderung:Urteilsänderung durch KI,Verhaltensänderung,ARTIKEL 1 - PHASE 2; T5; Fragebogen nach Verifikation:
5,"Für mich ist es ein großer Punkt, dass die KI gesagt hat, ja okay, so ein Urteil gibt es gar nicht.",Vertrauen in Inhalt/System:Vertrauen in Chatbot/KI,Vertrauen in Inhalt/System,ARTIKEL 1 - PHASE 2; T5; Fragebogen nach Verifikation:
5,"Die KI hat mir gesagt, dass es kein entsprechendes Urteil gegen die genannte Politikerin war.",Verhaltensänderung:Urteilsänderung durch KI,Verhaltensänderung,ARTIKEL 1 - PHASE 2; T5; Fragebogen nach Verifikation:
5,"Die KI hat mir gesagt, dass es kein entsprechendes Urteil gegen die genannte Politikerin war.",Verifikationsnutzung:passive Übernahme,Verifikationsnutzung,ARTIKEL 1 - PHASE 2; T5; Fragebogen nach Verifikation:
5,"Ich frage jetzt da nach, dass er mir bitte einschätzen soll, inwiefern die hier bezeichneten Jungtürken das armenische Volk beeinflusst haben.",Verifikationsnutzung:aktive Prüfung mit Chatbot,Verifikationsnutzung,ARTIKEL 2 - PHASE 2; T5
5,"Ich frage jetzt da nach, dass er mir bitte einschätzen soll, inwiefern die hier bezeichneten Jungtürken das armenische Volk beeinflusst haben.",Epistemische Strategien:Faktenprüfung,Epistemische Strategien,ARTIKEL 2 - PHASE 2; T5
5,"Ich überfliege das jetzt nur so grundsätzlich, ob das mit dem übereinstimmt, was im Artikel genannt wurde.",Verifikationsnutzung:passive Übernahme,Verifikationsnutzung,ARTIKEL 2 - PHASE 2; T5
5,"Ich überfliege das jetzt nur so grundsätzlich, ob das mit dem übereinstimmt, was im Artikel genannt wurde.",Epistemische Strategien:logische Argumentation,Epistemische Strategien,ARTIKEL 2 - PHASE 2; T5
5,"Enteignungen, Vertreibungen, Massaker, Errichtung von Konzentrationslagern. Finde ich geht ziemlich gleich mit Umsiedlung und direkter Ausrottung.",Verhaltensänderung:Bestätigung bestehender Meinung,Verhaltensänderung,ARTIKEL 2 - PHASE 2; T5
5,"Enteignungen, Vertreibungen, Massaker, Errichtung von Konzentrationslagern. Finde ich geht ziemlich gleich mit Umsiedlung und direkter Ausrottung.",Epistemische Strategien:logische Argumentation,Epistemische Strategien,ARTIKEL 2 - PHASE 2; T5
5,"Ich finde nämlich, das wäre wichtig zu wissen, inwiefern Russland tatsächlich die Türkei besiegt hat.",Epistemische Strategien:Faktenprüfung,Epistemische Strategien,ARTIKEL 2 - PHASE 2; T5
5,"Ich finde nämlich, das wäre wichtig zu wissen, inwiefern Russland tatsächlich die Türkei besiegt hat.",Verifikationsnutzung:aktive Prüfung mit Chatbot,Verifikationsnutzung,ARTIKEL 2 - PHASE 2; T5
5,"Hier wird aber auch mit aufgeführt, dass das Osmanische Reich danach noch Erfolge gegen Russland erzielen konnte und der Krieg tatsächlich mit einem Waffenstillstand beendet wurde.",Verifikationsnutzung:passive Übernahme,Verifikationsnutzung,ARTIKEL 2 - PHASE 2; T5
5,"Hier wird aber auch mit aufgeführt, dass das Osmanische Reich danach noch Erfolge gegen Russland erzielen konnte und der Krieg tatsächlich mit einem Waffenstillstand beendet wurde.",Kognitive Unsicherheit:Widersprüche erkannt,Kognitive Unsicherheit,ARTIKEL 2 - PHASE 2; T5
5,"Spannend finde ich, dass Armenien von sowjetischen Truppen besetzt wurde und hier heißt es ja, den armenischen Leuten wurden die Grenzen geöffnet.",Kognitive Unsicherheit:Widersprüche erkannt,Kognitive Unsicherheit,ARTIKEL 2 - PHASE 2; T5
5,"Spannend finde ich, dass Armenien von sowjetischen Truppen besetzt wurde und hier heißt es ja, den armenischen Leuten wurden die Grenzen geöffnet.",Verhaltensänderung:Urteilsänderung durch KI,Verhaltensänderung,ARTIKEL 2 - PHASE 2; T5
5,"Hier finde ich aber, ist es eher die gegenteilige Darstellung, so nach dem Motto, Russland hat sich dann gleich nochmal mit auf das eh schon zerrüttete und leidende Land geschmissen.",Verhaltensänderung:Urteilsänderung durch KI,Verhaltensänderung,ARTIKEL 2 - PHASE 2; T5
5,"Hier finde ich aber, ist es eher die gegenteilige Darstellung, so nach dem Motto, Russland hat sich dann gleich nochmal mit auf das eh schon zerrüttete und leidende Land geschmissen.",Epistemische Strategien:logische Argumentation,Epistemische Strategien,ARTIKEL 2 - PHASE 2; T5
5,"Hier steht aber, die sowjetische Besatzungsmacht in Deutschland konzentrierte sich vorrangig darauf, Reparationen zu sichern.",Verifikationsnutzung:passive Übernahme,Verifikationsnutzung,ARTIKEL 2 - PHASE 2; T5
5,"Hier steht aber, die sowjetische Besatzungsmacht in Deutschland konzentrierte sich vorrangig darauf, Reparationen zu sichern.",Kognitive Unsicherheit:Widersprüche erkannt,Kognitive Unsicherheit,ARTIKEL 2 - PHASE 2; T5
5,"Also im Sinne des Gegenteils davon, was der Artikel sagt.",Verhaltensänderung:Urteilsänderung durch KI,Verhaltensänderung,ARTIKEL 2 - PHASE 2; T5
5,"Also im Sinne des Gegenteils davon, was der Artikel sagt.",Kognitive Unsicherheit:Widersprüche erkannt,Kognitive Unsicherheit,ARTIKEL 2 - PHASE 2; T5
5,"Hier sagt die KI auch nochmal, es gibt keine nennenswerte direkte Versorgung Deutschlands mit Lebensmitteln durch die Sowjetunion.",Verhaltensänderung:Urteilsänderung durch KI,Verhaltensänderung,ARTIKEL 2 - PHASE 2; T5
5,"Hier sagt die KI auch nochmal, es gibt keine nennenswerte direkte Versorgung Deutschlands mit Lebensmitteln durch die Sowjetunion.",Verifikationsnutzung:passive Übernahme,Verifikationsnutzung,ARTIKEL 2 - PHASE 2; T5
5,"Hier würde ich sogar schon fast sagen, überhaupt nicht leiderwürdig, weil die zwei größten Punkte, die ich hatte, an denen ich gezweifelt habe, wurden auch ein bisschen bestätigt.",Verhaltensänderung:Urteilsänderung durch KI,Verhaltensänderung,ARTIKEL 2 - PHASE 2; T5; Fragebogen nach Verifikation:
5,"Hier würde ich sogar schon fast sagen, überhaupt nicht leiderwürdig, weil die zwei größten Punkte, die ich hatte, an denen ich gezweifelt habe, wurden auch ein bisschen bestätigt.",Vertrauen in Inhalt/System:generelles Misstrauen gegenüber Medieninhalten,Vertrauen in Inhalt/System,ARTIKEL 2 - PHASE 2; T5; Fragebogen nach Verifikation:
5,Meine Zweifel wurden bestätigt.,Verhaltensänderung:Bestätigung bestehender Meinung,Verhaltensänderung,ARTIKEL 2 - PHASE 2; T5; Fragebogen nach Verifikation:
5,Meine Zweifel wurden bestätigt.,Affektive Reaktionen:Zustimmung / Zustimmungssignale,Affektive Reaktionen,ARTIKEL 2 - PHASE 2; T5; Fragebogen nach Verifikation:
5,"Ja, ich hatte den Artikel für weniger glaubwürdiger als zuvor.",Verhaltensänderung:Urteilsänderung durch KI,Verhaltensänderung,ARTIKEL 2 - PHASE 2; T5; Fragebogen nach Verifikation:
5,Die Antwort der KI war inhaltlich hilfreich.,Vertrauen in Inhalt/System:Vertrauen in Chatbot/KI,Vertrauen in Inhalt/System,ARTIKEL 2 - PHASE 2; T5; Fragebogen nach Verifikation:
5,"Die KI hat mir Informationen geliefert, die ich vorher nicht hatte, speziell bezüglich dem Osmanischen Reich.",Verifikationsnutzung:passive Übernahme,Verifikationsnutzung,ARTIKEL 2 - PHASE 2; T5; Fragebogen nach Verifikation:
5,"Die KI hat mir Informationen geliefert, die ich vorher nicht hatte, speziell bezüglich dem Osmanischen Reich.",Vertrauen in Inhalt/System:Vertrauen in Chatbot/KI,Vertrauen in Inhalt/System,ARTIKEL 2 - PHASE 2; T5; Fragebogen nach Verifikation:
5,"Würde mich mal interessieren, ob es das jetzt mittlerweile gibt.",Epistemische Strategien:Faktenprüfung,Epistemische Strategien,ARTIKEL 3 - PHASE 2; T5
5,"Würde mich mal interessieren, ob es das jetzt mittlerweile gibt.",Verifikationsnutzung:aktive Prüfung mit Chatbot,Verifikationsnutzung,ARTIKEL 3 - PHASE 2; T5
5,Gab es bereits konkrete Pläne ein solches Tribunal einzurichten?,Verifikationsnutzung:aktive Prüfung mit Chatbot,Verifikationsnutzung,ARTIKEL 3 - PHASE 2; T5
5,Gab es bereits konkrete Pläne ein solches Tribunal einzurichten?,Epistemische Strategien:Faktenprüfung,Epistemische Strategien,ARTIKEL 3 - PHASE 2; T5
5,"Okay, im Endeffekt sagt er mir jetzt noch mal das gleiche, dass es zwar Überlegungen, beziehungsweise auch Diskussionen schon gab, aber jetzt noch kein konkretes Tribunal eingerichtet ist.",Verifikationsnutzung:passive Übernahme,Verifikationsnutzung,ARTIKEL 3 - PHASE 2; T5
5,"Okay, im Endeffekt sagt er mir jetzt noch mal das gleiche, dass es zwar Überlegungen, beziehungsweise auch Diskussionen schon gab, aber jetzt noch kein konkretes Tribunal eingerichtet ist.",Verhaltensänderung:keine Veränderung / Fixierung,Verhaltensänderung,ARTIKEL 3 - PHASE 2; T5
5,"Ich finde, das macht auch Sinn. Es dauert eine Zeit, bis es sowas gibt.",Epistemische Strategien:Plausibilitätsabwägung,Epistemische Strategien,ARTIKEL 3 - PHASE 2; T5
5,"Ich finde, das macht auch Sinn. Es dauert eine Zeit, bis es sowas gibt.",Verhaltensänderung:Bestätigung bestehender Meinung,Verhaltensänderung,ARTIKEL 3 - PHASE 2; T5
5,"Ich finde es ein bisschen schade, dass es nichts aktuelleres gibt.",Vertrauen in Inhalt/System:Zweifel an Verifikation,Vertrauen in Inhalt/System,ARTIKEL 3 - PHASE 2; T5
5,"Ich finde es ein bisschen schade, dass es nichts aktuelleres gibt.",Verifikationsnutzung:kritisches Hinterfragen von KI-Antwort,Verifikationsnutzung,ARTIKEL 3 - PHASE 2; T5
5,"Aber ich finde, der Artikel wirkt für mich jetzt nicht glaubhafter oder weniger glaubhafter durch.",Verhaltensänderung:keine Veränderung / Fixierung,Verhaltensänderung,ARTIKEL 3 - PHASE 2; T5
5,Ich schreibe es ihm trotzdem als noch sehr glaubwürdig ein.,Verhaltensänderung:keine Veränderung / Fixierung,Verhaltensänderung,ARTIKEL 3 - PHASE 2; T5; Fragebogen nach Verifikation:
5,Ich schreibe es ihm trotzdem als noch sehr glaubwürdig ein.,Vertrauen in Inhalt/System:generelles Vertrauen in Medien,Vertrauen in Inhalt/System,ARTIKEL 3 - PHASE 2; T5; Fragebogen nach Verifikation:
5,"Ich würde sagen, meine Einschätzung ist gleich geblieben.",Verhaltensänderung:keine Veränderung / Fixierung,Verhaltensänderung,ARTIKEL 3 - PHASE 2; T5; Fragebogen nach Verifikation:
5,"Die Antwort der KI war inhaltlich hilfreich, finde ich schon.",Vertrauen in Inhalt/System:Vertrauen in Chatbot/KI,Vertrauen in Inhalt/System,ARTIKEL 3 - PHASE 2; T5; Fragebogen nach Verifikation:
5,"Meine Einschätzung hat sich nicht besonderlich geändert. Die KI, würde ich sagen, hat mich bekräftigt in meiner Einschätzung.",Verhaltensänderung:Bestätigung bestehender Meinung,Verhaltensänderung,ARTIKEL 3 - PHASE 2; T5; Fragebogen nach Verifikation:
5,"Hier tue ich mich sehr schwer, damit zu fragen. Weil ich das selber grundsätzlich als sehr glaubwürdig eingeschätzt habe.",Metakognitive Reflexion,Metakognitive Reflexion,ARTIKEL 4 - PHASE 2; T5
5,"Hier tue ich mich sehr schwer, damit zu fragen. Weil ich das selber grundsätzlich als sehr glaubwürdig eingeschätzt habe.",Verhaltensänderung:keine Veränderung / Fixierung,Verhaltensänderung,ARTIKEL 4 - PHASE 2; T5
5,"Ich glaube, es wird einmal eine Bilderstrecke benannt. Die würde ich gerne googeln.",Verifikationsnutzung:Einschränkung externer Recherchequellen,Verifikationsnutzung,ARTIKEL 4 - PHASE 2; T5
5,"Ich glaube, es wird einmal eine Bilderstrecke benannt. Die würde ich gerne googeln.",Epistemische Strategien:Faktenprüfung,Epistemische Strategien,ARTIKEL 4 - PHASE 2; T5
5,"Mit der Aufsage weiß ich leider nicht, was ich anfangen soll.",Vertrauen in Inhalt/System:Zweifel an Verifikation,Vertrauen in Inhalt/System,ARTIKEL 4 - PHASE 2; T5
5,"Mit der Aufsage weiß ich leider nicht, was ich anfangen soll.",Verifikationsnutzung:kritisches Hinterfragen von KI-Antwort,Verifikationsnutzung,ARTIKEL 4 - PHASE 2; T5
5,"Hier sagt aber auf jeden Fall, es gibt wohl keine Kritik dazu.",Verifikationsnutzung:passive Übernahme,Verifikationsnutzung,ARTIKEL 4 - PHASE 2; T5
5,"Hier sagt aber auf jeden Fall, es gibt wohl keine Kritik dazu.",Kognitive Unsicherheit:Widersprüche erkannt,Kognitive Unsicherheit,ARTIKEL 4 - PHASE 2; T5
5,"Ich finde es halt in dem Fall sehr unwahrscheinlich, dass der Artikel so extrem falsch ist.",Epistemische Strategien:Plausibilitätsabwägung,Epistemische Strategien,ARTIKEL 4 - PHASE 2; T5
5,"Ich finde es halt in dem Fall sehr unwahrscheinlich, dass der Artikel so extrem falsch ist.",Verhaltensänderung:keine Veränderung / Fixierung,Verhaltensänderung,ARTIKEL 4 - PHASE 2; T5
5,"Diese Person kennt er, teilt auch mit, dass es eine ukrainische Kulturmanagerin, Kuratorin und Fotografin ist.",Verifikationsnutzung:passive Übernahme,Verifikationsnutzung,ARTIKEL 4 - PHASE 2; T5
5,"Diese Person kennt er, teilt auch mit, dass es eine ukrainische Kulturmanagerin, Kuratorin und Fotografin ist.",Verhaltensänderung:Bestätigung bestehender Meinung,Verhaltensänderung,ARTIKEL 4 - PHASE 2; T5
5,"Ich würde immer noch sagen, ziemlich glaubwürdig.",Verhaltensänderung:keine Veränderung / Fixierung,Verhaltensänderung,ARTIKEL 4 - PHASE 2; T5; Fragebogen nach Verifikation:
5,"Ich würde immer noch sagen, ziemlich glaubwürdig.",Vertrauen in Inhalt/System:generelles Vertrauen in Medien,Vertrauen in Inhalt/System,ARTIKEL 4 - PHASE 2; T5; Fragebogen nach Verifikation:
5,"Ich bin mir ein bisschen verunsichert, ob ich nicht doch vielleicht geprankt wurde, aber wer weiß.",Kognitive Unsicherheit:explizite Unsicherheit,Kognitive Unsicherheit,ARTIKEL 4 - PHASE 2; T5; Fragebogen nach Verifikation:
5,"Ich bin mir ein bisschen verunsichert, ob ich nicht doch vielleicht geprankt wurde, aber wer weiß.",Affektive Reaktionen:Unsicherheit,Affektive Reaktionen,ARTIKEL 4 - PHASE 2; T5; Fragebogen nach Verifikation:
5,"Meine Einschätzung ist gleich geblieben, würde ich aber grundsätzlich sagen.",Verhaltensänderung:keine Veränderung / Fixierung,Verhaltensänderung,ARTIKEL 4 - PHASE 2; T5; Fragebogen nach Verifikation:
5,Die KI hat meine Meinung nicht wirklich geändert.,Verhaltensänderung:keine Veränderung / Fixierung,Verhaltensänderung,ARTIKEL 4 - PHASE 2; T5; Fragebogen nach Verifikation:
5,Die KI hat meine Meinung nicht wirklich geändert.,Metakognitive Reflexion,Metakognitive Reflexion,ARTIKEL 4 - PHASE 2; T5; Fragebogen nach Verifikation:
5,Die KI hat meine Meinung nicht wirklich geändert.,,,ARTIKEL 4 - PHASE 2; T5; Fragebogen nach Verifikation:
5,"Haben sich Ihre Einschätzungen zur Glaubwürdigkeit der Artikel durch die Nutzung des KI-Tools insgesamt verändert? Ich würde sagen, nein.",Verhaltensänderung:keine Veränderung / Fixierung,Verhaltensänderung,ARTIKEL 4 - PHASE 2; T5; Fragebogen nach Verifikation:
5,"Haben sich Ihre Einschätzungen zur Glaubwürdigkeit der Artikel durch die Nutzung des KI-Tools insgesamt verändert? Ich würde sagen, nein.",Metakognitive Reflexion,Metakognitive Reflexion,ARTIKEL 4 - PHASE 2; T5; Fragebogen nach Verifikation:
5,Meine Einschätzungen sind alle relativ gleich geblieben.,Verhaltensänderung:keine Veränderung / Fixierung,Verhaltensänderung,ARTIKEL 4 - PHASE 2; T5; Fragebogen nach Verifikation:
5,"Der eine Artikel schien mir danach weniger glaubwürdig, aber ich habe ihn von Anfang an schon ziemlich unglaubwürdig gehalten.",Verhaltensänderung:Urteilsänderung durch KI,Verhaltensänderung,ARTIKEL 4 - PHASE 2; T5; Fragebogen nach Verifikation:
5,"Der eine Artikel schien mir danach weniger glaubwürdig, aber ich habe ihn von Anfang an schon ziemlich unglaubwürdig gehalten.",Metakognitive Reflexion,Metakognitive Reflexion,ARTIKEL 4 - PHASE 2; T5; Fragebogen nach Verifikation:
5,Ich habe dem KI-System insgesamt vertraut. Würde ich mittig einschätzen?,Vertrauen in Inhalt/System:Vertrauen in Chatbot/KI,Vertrauen in Inhalt/System,ARTIKEL 4 - PHASE 2; T5; Fragebogen nach Verifikation:
5,Ich habe dem KI-System insgesamt vertraut. Würde ich mittig einschätzen?,Kognitive Unsicherheit:explizite Unsicherheit,Kognitive Unsicherheit,ARTIKEL 4 - PHASE 2; T5; Fragebogen nach Verifikation:
5,"Bei manchen Fragen kann es mir helfen, bei anderen nicht. Grundsätzlich traue ich KI jetzt nicht unbedingt so dolle.",Vertrauen in Inhalt/System:Zweifel an Verifikation,Vertrauen in Inhalt/System,ARTIKEL 4 - PHASE 2; T5; Fragebogen nach Verifikation:
5,"Bei manchen Fragen kann es mir helfen, bei anderen nicht. Grundsätzlich traue ich KI jetzt nicht unbedingt so dolle.",Begründungsnarrative:Argument: persönliche Erfahrung,Begründungsnarrative,ARTIKEL 4 - PHASE 2; T5; Fragebogen nach Verifikation:
5,"Die KI hat mich in meinen Einschätzungen bestärkt. Würde ich auch mittig gehen, weil manche Einschätzungen auf jeden Fall, bei anderen hat es mich ein bisschen unsicherer gemacht.",Verhaltensänderung:Bestätigung bestehender Meinung,Verhaltensänderung,ARTIKEL 4 - PHASE 2; T5; Fragebogen nach Verifikation:
5,"Die KI hat mich in meinen Einschätzungen bestärkt. Würde ich auch mittig gehen, weil manche Einschätzungen auf jeden Fall, bei anderen hat es mich ein bisschen unsicherer gemacht.",Kognitive Unsicherheit:explizite Unsicherheit,Kognitive Unsicherheit,ARTIKEL 4 - PHASE 2; T5; Fragebogen nach Verifikation:
5,"Wie wahrscheinlich ist es, dass sie ein solches System auch im Alltag einsetzen würden, um Nachrichten zu überprüfen? Schwierig.",Vertrauen in Inhalt/System:Zweifel an Verifikation,Vertrauen in Inhalt/System,ARTIKEL 4 - PHASE 2; T5; Fragebogen nach Verifikation:
5,"Nachrichten überprüfen, ob sie so stimmen, eher unwahrscheinlich.",Vertrauen in Inhalt/System:Zweifel an Verifikation,Vertrauen in Inhalt/System,ARTIKEL 4 - PHASE 2; T5; Fragebogen nach Verifikation:
5,Aber mir zum Beispiel Einschätzungen geben lassen oder weitere Infos zu irgendeinem benannten Fall würde ich mir auf jeden Fall geben lassen.,Vertrauen in Inhalt/System:Vertrauen in Chatbot/KI,Vertrauen in Inhalt/System,ARTIKEL 4 - PHASE 2; T5; Fragebogen nach Verifikation:
5,Aber mir zum Beispiel Einschätzungen geben lassen oder weitere Infos zu irgendeinem benannten Fall würde ich mir auf jeden Fall geben lassen.,Metakognitive Reflexion,Metakognitive Reflexion,ARTIKEL 4 - PHASE 2; T5; Fragebogen nach Verifikation:
5,"Aber ich würde es auch nicht überprüfen lassen, im Sinne von okay, das was die KI danach sagt, das stimmt auf jeden Fall.",Vertrauen in Inhalt/System:Zweifel an Verifikation,Vertrauen in Inhalt/System,ARTIKEL 4 - PHASE 2; T5; Fragebogen nach Verifikation:
5,"Aber ich würde es auch nicht überprüfen lassen, im Sinne von okay, das was die KI danach sagt, das stimmt auf jeden Fall.",Metakognitive Reflexion,Metakognitive Reflexion,ARTIKEL 4 - PHASE 2; T5; Fragebogen nach Verifikation:
5,"Als die KI die zwei im zweiten Artikel geschildert hat. Also eben bezogen auf die Situation, dass sie den armenischen Personen und dem deutschen Volk damals so tolle geholfen haben.",Verhaltensänderung:Urteilsänderung durch KI,Verhaltensänderung,ARTIKEL 4 - PHASE 2; T5; Fragebogen nach Verifikation:
5,"Als die KI die zwei im zweiten Artikel geschildert hat. Also eben bezogen auf die Situation, dass sie den armenischen Personen und dem deutschen Volk damals so tolle geholfen haben.",Metakognitive Reflexion,Metakognitive Reflexion,ARTIKEL 4 - PHASE 2; T5; Fragebogen nach Verifikation:
5,"Wie würden Sie sich politisch einordnen? Schon sehr links, muss ich schon zugeben.",Begründungsnarrative:Argument: gesellschaftlicher Kontext,Begründungsnarrative,ARTIKEL 4 - PHASE 2; T5; Fragebogen nach Verifikation:
5,"Ich weiß, wie ich Fakten aus Nachrichtenbeiträgen überprüfen kann. Grundsätzlich schon.",Epistemische Strategien:Faktenprüfung,Epistemische Strategien,ARTIKEL 4 - PHASE 2; T5; Fragebogen nach Verifikation:
5,"Ich weiß, wie ich Fakten aus Nachrichtenbeiträgen überprüfen kann. Grundsätzlich schon.",Begründungsnarrative:Argument: persönliche Erfahrung,Begründungsnarrative,ARTIKEL 4 - PHASE 2; T5; Fragebogen nach Verifikation:
5,"Ich fühle mich sicher im Umgang mit KI-Systemen. Schwierig zu beantworten, weil ich glaube es erstmal alles grundsätzlich nicht.",Vertrauen in Inhalt/System:Zweifel an Verifikation,Vertrauen in Inhalt/System,ARTIKEL 4 - PHASE 2; T5; Fragebogen nach Verifikation:
5,"Ich fühle mich sicher im Umgang mit KI-Systemen. Schwierig zu beantworten, weil ich glaube es erstmal alles grundsätzlich nicht.",Begründungsnarrative:Argument: persönliche Erfahrung,Begründungsnarrative,ARTIKEL 4 - PHASE 2; T5; Fragebogen nach Verifikation:
5,"Ich fühle mich sicher im Umgang mit KI-Systemen. Schwierig zu beantworten, weil ich glaube es erstmal alles grundsätzlich nicht.",,,ARTIKEL 4 - PHASE 2; T5; Fragebogen nach Verifikation:
