﻿person_id,text_segment,annotation,category,memo
7,Okay. Europäische 'Eliten' wollen jeden Dissens zerquetschen – Zum Urteil gegen Marine Le Pen.,Textinterne Begründungen,Textinterne Begründungen,ARTIKEL 1 - PHASE 1: Erste Bewertung; T7
7,"Ich kenne sie nicht, aber ich habe keine Ahnung davon.",Kognitive Unsicherheit:explizite Unsicherheit,Kognitive Unsicherheit,ARTIKEL 1 - PHASE 1: Erste Bewertung; T7
7,"Ich kenne sie nicht, aber ich habe keine Ahnung davon.",Begründungsnarrative:Argument: persönliche Erfahrung,Begründungsnarrative,ARTIKEL 1 - PHASE 1: Erste Bewertung; T7
7,"Das klingt doch alles, als würde Frankreich jetzt schon die Demokratie verlieren, oder dass die Demokratie ausgehöhlt wird.",Epistemische Strategien:Plausibilitätsabwägung,Epistemische Strategien,ARTIKEL 1 - PHASE 1: Erste Bewertung; T7
7,"Das klingt doch alles, als würde Frankreich jetzt schon die Demokratie verlieren, oder dass die Demokratie ausgehöhlt wird.",Begründungsnarrative:Argument: gesellschaftlicher Kontext,Begründungsnarrative,ARTIKEL 1 - PHASE 1: Erste Bewertung; T7
7,Hier haben wir schon wieder die Schreiner Beschäftigung oder noch viel mehr Scheinbeschäftigung. Auch ein bisschen reißerisch.,Begründungsnarrative:Argument: Sprache/Stil,Begründungsnarrative,ARTIKEL 1 - PHASE 1: Erste Bewertung; T7
7,Hier haben wir schon wieder die Schreiner Beschäftigung oder noch viel mehr Scheinbeschäftigung. Auch ein bisschen reißerisch.,Heuristische Bewertung:Sprache/Stil,Heuristische Bewertung,ARTIKEL 1 - PHASE 1: Erste Bewertung; T7
7,"Das klingt schon so ein bisschen wie eine Verschwörungstheorie, oder?",Epistemische Strategien:Plausibilitätsabwägung,Epistemische Strategien,ARTIKEL 1 - PHASE 1: Erste Bewertung; T7
7,"Das klingt schon so ein bisschen wie eine Verschwörungstheorie, oder?",Affektive Reaktionen:Unsicherheit,Affektive Reaktionen,ARTIKEL 1 - PHASE 1: Erste Bewertung; T7
7,"Also ich finde das klingt alles nicht gut, was hier steht. Das klingt alles sehr negativ.",Affektive Reaktionen:emotionale Ablehnung,Affektive Reaktionen,ARTIKEL 1 - PHASE 1: Erste Bewertung; T7
7,"Also ich finde das klingt alles nicht gut, was hier steht. Das klingt alles sehr negativ.",Heuristische Bewertung:Sprache/Stil,Heuristische Bewertung,ARTIKEL 1 - PHASE 1: Erste Bewertung; T7
7,"Ich weiß nicht, ob das stimmt. Ich kann es nicht beurteilen.",Kognitive Unsicherheit:explizite Unsicherheit,Kognitive Unsicherheit,ARTIKEL 1 - PHASE 1: Erste Bewertung; T7
7,"Ich weiß nicht, ob das stimmt. Ich kann es nicht beurteilen.",Begründungsnarrative:Argument: persönliche Erfahrung,Begründungsnarrative,ARTIKEL 1 - PHASE 1: Erste Bewertung; T7
7,"Okay, das ist ein bisschen reißerisch, aber ich weiß nicht, ob das stimmt. Ich kenne mich nicht aus.",Begründungsnarrative:Argument: Sprache/Stil,Begründungsnarrative,ARTIKEL 1 - PHASE 1: Erste Bewertung; T7
7,"Okay, das ist ein bisschen reißerisch, aber ich weiß nicht, ob das stimmt. Ich kenne mich nicht aus.",Kognitive Unsicherheit:explizite Unsicherheit,Kognitive Unsicherheit,ARTIKEL 1 - PHASE 1: Erste Bewertung; T7
7,Weder noch. Ich kann es nicht beurteilen.,Kognitive Unsicherheit:explizite Unsicherheit,Kognitive Unsicherheit,ARTIKEL 1 - PHASE 1: Erste Bewertung; T7; Fragebogen Artikel 1:
7,Weder noch. Ich kann es nicht beurteilen.,Verhaltensänderung:keine Veränderung / Fixierung,Verhaltensänderung,ARTIKEL 1 - PHASE 1: Erste Bewertung; T7; Fragebogen Artikel 1:
7,"Ich hab keine Ahnung, ob das stimmt, was da steht. Also ist das glaubwürdig?",Kognitive Unsicherheit:explizite Unsicherheit,Kognitive Unsicherheit,ARTIKEL 1 - PHASE 1: Erste Bewertung; T7; Fragebogen Artikel 1:
7,"Ich hab keine Ahnung, ob das stimmt, was da steht. Also ist das glaubwürdig?",Epistemische Strategien:Plausibilitätsabwägung,Epistemische Strategien,ARTIKEL 1 - PHASE 1: Erste Bewertung; T7; Fragebogen Artikel 1:
7,"Sprachstil, emotional versus sachlich. Ich würde sagen 3, emotional.",Begründungsnarrative:Argument: Sprache/Stil,Begründungsnarrative,ARTIKEL 1 - PHASE 1: Erste Bewertung; T7; Fragebogen Artikel 1:
7,"Sprachstil, emotional versus sachlich. Ich würde sagen 3, emotional.",Heuristische Bewertung:Sprache/Stil,Heuristische Bewertung,ARTIKEL 1 - PHASE 1: Erste Bewertung; T7; Fragebogen Artikel 1:
7,Es klingt nicht sehr sachlich. Es klingt sehr kritisch.,Begründungsnarrative:Argument: vermeintliche Objektivität,Begründungsnarrative,ARTIKEL 1 - PHASE 1: Erste Bewertung; T7; Fragebogen Artikel 1:
7,Es klingt nicht sehr sachlich. Es klingt sehr kritisch.,Heuristische Bewertung:Sprache/Stil,Heuristische Bewertung,ARTIKEL 1 - PHASE 1: Erste Bewertung; T7; Fragebogen Artikel 1:
7,Ich habe kein Vorwissen davon.,Begründungsnarrative:Argument: persönliche Erfahrung,Begründungsnarrative,ARTIKEL 1 - PHASE 1: Erste Bewertung; T7; Fragebogen Artikel 1:
7,Ich habe kein Vorwissen davon.,Kognitive Unsicherheit:explizite Unsicherheit,Kognitive Unsicherheit,ARTIKEL 1 - PHASE 1: Erste Bewertung; T7; Fragebogen Artikel 1:
7,Reißerischer Stil.,Begründungsnarrative:Argument: Sprache/Stil,Begründungsnarrative,ARTIKEL 1 - PHASE 1: Erste Bewertung; T7; Fragebogen Artikel 1:
7,Reißerischer Stil.,Heuristische Bewertung:Sprache/Stil,Heuristische Bewertung,ARTIKEL 1 - PHASE 1: Erste Bewertung; T7; Fragebogen Artikel 1:
7,"Russland ist ein Friedensstifter. Von Armenien, über Berlin bis zur Ukraine. Huh.",Textinterne Begründungen,Textinterne Begründungen,ARTIKEL 2 - PHASE 1: Erste Bewertung; T7
7,"Russland ist ein Friedensstifter. Von Armenien, über Berlin bis zur Ukraine. Huh.",Affektive Reaktionen:Unsicherheit,Affektive Reaktionen,ARTIKEL 2 - PHASE 1: Erste Bewertung; T7
7,"Das klingt ein bisschen wie Propaganda, oder?",Begründungsnarrative:Argument: vermeintliche Objektivität,Begründungsnarrative,ARTIKEL 2 - PHASE 1: Erste Bewertung; T7
7,"Das klingt ein bisschen wie Propaganda, oder?",Epistemische Strategien:Plausibilitätsabwägung,Epistemische Strategien,ARTIKEL 2 - PHASE 1: Erste Bewertung; T7
7,Im Laufe der Geschichte war es ein Land der Friedensstifter? Ich weiß nicht.,Kognitive Unsicherheit:explizite Unsicherheit,Kognitive Unsicherheit,ARTIKEL 2 - PHASE 1: Erste Bewertung; T7
7,Im Laufe der Geschichte war es ein Land der Friedensstifter? Ich weiß nicht.,Epistemische Strategien:Faktenprüfung,Epistemische Strategien,ARTIKEL 2 - PHASE 1: Erste Bewertung; T7
7,Wie in unserem DNA-Code verankert? Das klingt schon bisschen...,Begründungsnarrative:Argument: Sprache/Stil,Begründungsnarrative,ARTIKEL 2 - PHASE 1: Erste Bewertung; T7
7,Wie in unserem DNA-Code verankert? Das klingt schon bisschen...,Affektive Reaktionen:Ironie / Sarkasmus,Affektive Reaktionen,ARTIKEL 2 - PHASE 1: Erste Bewertung; T7
7,Der russische Soldat ist ein Symbol der Großherzigkeit und Barmherzigkeit.,Textinterne Begründungen,Textinterne Begründungen,ARTIKEL 2 - PHASE 1: Erste Bewertung; T7
7,Der russische Soldat ist ein Symbol der Großherzigkeit und Barmherzigkeit.,Begründungsnarrative:Argument: vermeintliche Objektivität,Begründungsnarrative,ARTIKEL 2 - PHASE 1: Erste Bewertung; T7
7,Das klingt schon sehr einseitig.,Begründungsnarrative:Argument: vermeintliche Objektivität,Begründungsnarrative,ARTIKEL 2 - PHASE 1: Erste Bewertung; T7
7,Das klingt schon sehr einseitig.,Heuristische Bewertung:Sprache/Stil,Heuristische Bewertung,ARTIKEL 2 - PHASE 1: Erste Bewertung; T7
7,"Ja klar haben sie Russland, Sowjetunion und Deutschland, haben ja zusammen Polen angegriffen, zum Beispiel.",Epistemische Strategien:Faktenprüfung,Epistemische Strategien,ARTIKEL 2 - PHASE 1: Erste Bewertung; T7
7,"Ja klar haben sie Russland, Sowjetunion und Deutschland, haben ja zusammen Polen angegriffen, zum Beispiel.",Begründungsnarrative:Argument: persönliche Erfahrung,Begründungsnarrative,ARTIKEL 2 - PHASE 1: Erste Bewertung; T7
7,"Also, das ist schon ein bisschen, da wird schon einiges verklärt, würde ich sagen.",Begründungsnarrative:Argument: vermeintliche Objektivität,Begründungsnarrative,ARTIKEL 2 - PHASE 1: Erste Bewertung; T7
7,"Also, das ist schon ein bisschen, da wird schon einiges verklärt, würde ich sagen.",Epistemische Strategien:Plausibilitätsabwägung,Epistemische Strategien,ARTIKEL 2 - PHASE 1: Erste Bewertung; T7
7,Das klingt schon sehr propagandistisch.,Begründungsnarrative:Argument: vermeintliche Objektivität,Begründungsnarrative,ARTIKEL 2 - PHASE 1: Erste Bewertung; T7
7,Das klingt schon sehr propagandistisch.,Heuristische Bewertung:Sprache/Stil,Heuristische Bewertung,ARTIKEL 2 - PHASE 1: Erste Bewertung; T7
7,"Also ich finde es nicht sehr glaubwürdig, dass Russland nur ein Friedensstifter ist.",Vertrauen in Inhalt/System:generelles Misstrauen gegenüber Medieninhalten,Vertrauen in Inhalt/System,ARTIKEL 2 - PHASE 1: Erste Bewertung; T7; Fragebogen Artikel 2:
7,"Also ich finde es nicht sehr glaubwürdig, dass Russland nur ein Friedensstifter ist.",Epistemische Strategien:Faktenprüfung,Epistemische Strategien,ARTIKEL 2 - PHASE 1: Erste Bewertung; T7; Fragebogen Artikel 2:
7,Es klingt sehr propagandistisch.,Begründungsnarrative:Argument: vermeintliche Objektivität,Begründungsnarrative,ARTIKEL 2 - PHASE 1: Erste Bewertung; T7; Fragebogen Artikel 2:
7,Es klingt sehr propagandistisch.,Heuristische Bewertung:Sprache/Stil,Heuristische Bewertung,ARTIKEL 2 - PHASE 1: Erste Bewertung; T7; Fragebogen Artikel 2:
7,"Sprachstil. Ich finde es auch sehr emotional, sehr emotional. Würde ich sagen 2.",Begründungsnarrative:Argument: Sprache/Stil,Begründungsnarrative,ARTIKEL 2 - PHASE 1: Erste Bewertung; T7; Fragebogen Artikel 2:
7,"Sprachstil. Ich finde es auch sehr emotional, sehr emotional. Würde ich sagen 2.",Heuristische Bewertung:Sprache/Stil,Heuristische Bewertung,ARTIKEL 2 - PHASE 1: Erste Bewertung; T7; Fragebogen Artikel 2:
7,"Informationsgehalt. Naja, also die zitierten Sachen, keine Ahnung, ob die stimmen.",Kognitive Unsicherheit:explizite Unsicherheit,Kognitive Unsicherheit,ARTIKEL 2 - PHASE 1: Erste Bewertung; T7; Fragebogen Artikel 2:
7,"Informationsgehalt. Naja, also die zitierten Sachen, keine Ahnung, ob die stimmen.",Begründungsnarrative:Argument: Inhalt vs. Quelle,Begründungsnarrative,ARTIKEL 2 - PHASE 1: Erste Bewertung; T7; Fragebogen Artikel 2:
7,Es war ein bisschen Vorwissen. Auch aus der Geschichte halt.,Begründungsnarrative:Argument: persönliche Erfahrung,Begründungsnarrative,ARTIKEL 2 - PHASE 1: Erste Bewertung; T7; Fragebogen Artikel 2:
7,Es war ein bisschen Vorwissen. Auch aus der Geschichte halt.,Epistemische Strategien:Kontextwissen,Epistemische Strategien,ARTIKEL 2 - PHASE 1: Erste Bewertung; T7; Fragebogen Artikel 2:
7,"Propagandistischer Stil, sehr einseitig.",Begründungsnarrative:Argument: vermeintliche Objektivität,Begründungsnarrative,ARTIKEL 2 - PHASE 1: Erste Bewertung; T7; Fragebogen Artikel 2:
7,"Propagandistischer Stil, sehr einseitig.",Heuristische Bewertung:Sprache/Stil,Heuristische Bewertung,ARTIKEL 2 - PHASE 1: Erste Bewertung; T7; Fragebogen Artikel 2:
7,Ein Tribunal gegen den Aggressor.,Textinterne Begründungen,Textinterne Begründungen,ARTIKEL 3 - PHASE 1: Erste Bewertung; T7
7,Okay. Das ist jetzt über die Ukraine.,Epistemische Strategien:Kontextwissen,Epistemische Strategien,ARTIKEL 3 - PHASE 1: Erste Bewertung; T7
7,Okay. Das ist jetzt über die Ukraine.,Textinterne Begründungen,Textinterne Begründungen,ARTIKEL 3 - PHASE 1: Erste Bewertung; T7
7,Das klingt sachlicher.,Begründungsnarrative:Argument: Sprache/Stil,Begründungsnarrative,ARTIKEL 3 - PHASE 1: Erste Bewertung; T7
7,Das klingt sachlicher.,Heuristische Bewertung:Sprache/Stil,Heuristische Bewertung,ARTIKEL 3 - PHASE 1: Erste Bewertung; T7
7,"Hmm. Ja, das wusste ich nicht, das mit der Immunität.",Kognitive Unsicherheit:explizite Unsicherheit,Kognitive Unsicherheit,ARTIKEL 3 - PHASE 1: Erste Bewertung; T7
7,"Hmm. Ja, das wusste ich nicht, das mit der Immunität.",Begründungsnarrative:Argument: persönliche Erfahrung,Begründungsnarrative,ARTIKEL 3 - PHASE 1: Erste Bewertung; T7
7,"Das klingt soweit sachlich, weiß aber auch nicht ob das stimmt.",Begründungsnarrative:Argument: Sprache/Stil,Begründungsnarrative,ARTIKEL 3 - PHASE 1: Erste Bewertung; T7
7,"Das klingt soweit sachlich, weiß aber auch nicht ob das stimmt.",Kognitive Unsicherheit:explizite Unsicherheit,Kognitive Unsicherheit,ARTIKEL 3 - PHASE 1: Erste Bewertung; T7
7,"Ich würde sagen, ja, das klingt schon plausibel.",Epistemische Strategien:Plausibilitätsabwägung,Epistemische Strategien,ARTIKEL 3 - PHASE 1: Erste Bewertung; T7
7,"Ich würde sagen, ja, das klingt schon plausibel.",Vertrauen in Inhalt/System:generelles Vertrauen in Medien,Vertrauen in Inhalt/System,ARTIKEL 3 - PHASE 1: Erste Bewertung; T7
7,Das klang soweit glaubwürdig.,Vertrauen in Inhalt/System:generelles Vertrauen in Medien,Vertrauen in Inhalt/System,ARTIKEL 3 - PHASE 1: Erste Bewertung; T7; Fragebogen Artikel 3:
7,Das klang soweit glaubwürdig.,Verhaltensänderung:keine Veränderung / Fixierung,Verhaltensänderung,ARTIKEL 3 - PHASE 1: Erste Bewertung; T7; Fragebogen Artikel 3:
7,"Sprachstil war sachlich. 6, würde ich sagen.",Begründungsnarrative:Argument: Sprache/Stil,Begründungsnarrative,ARTIKEL 3 - PHASE 1: Erste Bewertung; T7; Fragebogen Artikel 3:
7,"Sprachstil war sachlich. 6, würde ich sagen.",Heuristische Bewertung:Sprache/Stil,Heuristische Bewertung,ARTIKEL 3 - PHASE 1: Erste Bewertung; T7; Fragebogen Artikel 3:
7,"Informationsgehalt. Naja, es war schon sehr detailliert.",Begründungsnarrative:Argument: Inhalt vs. Quelle,Begründungsnarrative,ARTIKEL 3 - PHASE 1: Erste Bewertung; T7; Fragebogen Artikel 3:
7,"Informationsgehalt. Naja, es war schon sehr detailliert.",Affektive Reaktionen:Zustimmung / Zustimmungssignale,Affektive Reaktionen,ARTIKEL 3 - PHASE 1: Erste Bewertung; T7; Fragebogen Artikel 3:
7,Struktur und Logik der Argumentation. Das schien mir schon strukturiert und logisch.,Begründungsnarrative:Argument: Struktur und Logik,Begründungsnarrative,ARTIKEL 3 - PHASE 1: Erste Bewertung; T7; Fragebogen Artikel 3:
7,Struktur und Logik der Argumentation. Das schien mir schon strukturiert und logisch.,Affektive Reaktionen:Zustimmung / Zustimmungssignale,Affektive Reaktionen,ARTIKEL 3 - PHASE 1: Erste Bewertung; T7; Fragebogen Artikel 3:
7,Professionell und journalistisch.,Heuristische Bewertung:Sprache/Stil,Heuristische Bewertung,ARTIKEL 3 - PHASE 1: Erste Bewertung; T7; Fragebogen Artikel 3:
7,Professionell und journalistisch.,Begründungsnarrative:Argument: Sprache/Stil,Begründungsnarrative,ARTIKEL 3 - PHASE 1: Erste Bewertung; T7; Fragebogen Artikel 3:
7,"Sachlicher Stil, viele Informationen.",Begründungsnarrative:Argument: Sprache/Stil,Begründungsnarrative,ARTIKEL 3 - PHASE 1: Erste Bewertung; T7; Fragebogen Artikel 3:
7,"Sachlicher Stil, viele Informationen.",Begründungsnarrative:Argument: Inhalt vs. Quelle,Begründungsnarrative,ARTIKEL 3 - PHASE 1: Erste Bewertung; T7; Fragebogen Artikel 3:
7,Was der Aggressor anrichtet.,Textinterne Begründungen,Textinterne Begründungen,ARTIKEL 4 - PHASE 1: Erste Bewertung; T7
7,Okay. Eine Fotografin aus Russland für RT.,Textinterne Begründungen,Textinterne Begründungen,ARTIKEL 4 - PHASE 1: Erste Bewertung; T7
7,Okay. Eine Fotografin aus Russland für RT.,Epistemische Strategien:Kontextwissen,Epistemische Strategien,ARTIKEL 4 - PHASE 1: Erste Bewertung; T7
7,"Okay. Sie sagt, dass es kein Propaganda-Foto ist. Hmm.",Textinterne Begründungen,Textinterne Begründungen,ARTIKEL 4 - PHASE 1: Erste Bewertung; T7
7,"Okay. Sie sagt, dass es kein Propaganda-Foto ist. Hmm.",Kognitive Unsicherheit:explizite Unsicherheit,Kognitive Unsicherheit,ARTIKEL 4 - PHASE 1: Erste Bewertung; T7
7,"Das kann ich halt auch nicht wirklich beurteilen, ne? Also es ist halt von ihr die Aussage.",Kognitive Unsicherheit:explizite Unsicherheit,Kognitive Unsicherheit,ARTIKEL 4 - PHASE 1: Erste Bewertung; T7
7,"Das kann ich halt auch nicht wirklich beurteilen, ne? Also es ist halt von ihr die Aussage.",Begründungsnarrative:Argument: persönliche Erfahrung,Begründungsnarrative,ARTIKEL 4 - PHASE 1: Erste Bewertung; T7
7,"Diese eine Frau, die dagegen war, so viele Zitate. Das klingt mir schon ein bisschen einseitig.",Begründungsnarrative:Argument: vermeintliche Objektivität,Begründungsnarrative,ARTIKEL 4 - PHASE 1: Erste Bewertung; T7
7,"Diese eine Frau, die dagegen war, so viele Zitate. Das klingt mir schon ein bisschen einseitig.",Heuristische Bewertung:Sprache/Stil,Heuristische Bewertung,ARTIKEL 4 - PHASE 1: Erste Bewertung; T7
7,Es wird halt nur ihre Sicht dargestellt.,Begründungsnarrative:Argument: vermeintliche Objektivität,Begründungsnarrative,ARTIKEL 4 - PHASE 1: Erste Bewertung; T7
7,Es wird halt nur ihre Sicht dargestellt.,Textinterne Begründungen,Textinterne Begründungen,ARTIKEL 4 - PHASE 1: Erste Bewertung; T7
7,"Ja, kann durchaus sein. Ich weiß aber nicht.",Kognitive Unsicherheit:explizite Unsicherheit,Kognitive Unsicherheit,ARTIKEL 4 - PHASE 1: Erste Bewertung; T7; Fragebogen Artikel 4:
7,"Ja, kann durchaus sein. Ich weiß aber nicht.",Epistemische Strategien:Plausibilitätsabwägung,Epistemische Strategien,ARTIKEL 4 - PHASE 1: Erste Bewertung; T7; Fragebogen Artikel 4:
7,Die Darstellung finde ich wieder ein bisschen einseitig.,Begründungsnarrative:Argument: vermeintliche Objektivität,Begründungsnarrative,ARTIKEL 4 - PHASE 1: Erste Bewertung; T7; Fragebogen Artikel 4:
7,Die Darstellung finde ich wieder ein bisschen einseitig.,Heuristische Bewertung:Sprache/Stil,Heuristische Bewertung,ARTIKEL 4 - PHASE 1: Erste Bewertung; T7; Fragebogen Artikel 4:
7,"Es kommen zwar Zitate, aber nur von einer Person.",Begründungsnarrative:Argument: Inhalt vs. Quelle,Begründungsnarrative,ARTIKEL 4 - PHASE 1: Erste Bewertung; T7; Fragebogen Artikel 4:
7,"Es kommen zwar Zitate, aber nur von einer Person.",Textinterne Begründungen,Textinterne Begründungen,ARTIKEL 4 - PHASE 1: Erste Bewertung; T7; Fragebogen Artikel 4:
7,"Einseitige Darstellung, nur Kritiker werden zitiert.",Begründungsnarrative:Argument: vermeintliche Objektivität,Begründungsnarrative,ARTIKEL 4 - PHASE 1: Erste Bewertung; T7; Fragebogen Artikel 4:
7,"Einseitige Darstellung, nur Kritiker werden zitiert.",Heuristische Bewertung:Sprache/Stil,Heuristische Bewertung,ARTIKEL 4 - PHASE 1: Erste Bewertung; T7; Fragebogen Artikel 4:
7,"Einseitige Darstellung, nur Kritiker werden zitiert.",,,ARTIKEL 4 - PHASE 1: Erste Bewertung; T7; Fragebogen Artikel 4:
7,Okay. Ich werde den Bot mal dazu befragen. 'Kannst du mir Informationen zum Fall Marine Le Pen geben?',Verifikationsnutzung:aktive Prüfung mit Chatbot,Verifikationsnutzung,ARTIKEL 1 - PHASE 2; T7
7,Okay. Ich werde den Bot mal dazu befragen. 'Kannst du mir Informationen zum Fall Marine Le Pen geben?',Epistemische Strategien:Faktenprüfung,Epistemische Strategien,ARTIKEL 1 - PHASE 2; T7
7,Ah okay. Also sie ist tatsächlich wegen Veruntreuung verurteilt worden.,Verifikationsnutzung:passive Übernahme,Verifikationsnutzung,ARTIKEL 1 - PHASE 2; T7
7,Ah okay. Also sie ist tatsächlich wegen Veruntreuung verurteilt worden.,Verhaltensänderung:Urteilsänderung durch KI,Verhaltensänderung,ARTIKEL 1 - PHASE 2; T7
7,"Sie ist zu 5 Jahren Haft verurteilt, drei davon auf Bewährung.",Verifikationsnutzung:passive Übernahme,Verifikationsnutzung,ARTIKEL 1 - PHASE 2; T7
7,"Sie ist zu 5 Jahren Haft verurteilt, drei davon auf Bewährung.",Epistemische Strategien:Faktenprüfung,Epistemische Strategien,ARTIKEL 1 - PHASE 2; T7
7,"Okay, also das war tatsächlich so. Also das stimmt, dass sie verurteilt wurde.",Verhaltensänderung:Urteilsänderung durch KI,Verhaltensänderung,ARTIKEL 1 - PHASE 2; T7
7,"Okay, also das war tatsächlich so. Also das stimmt, dass sie verurteilt wurde.",Vertrauen in Inhalt/System:Vertrauen in Chatbot/KI,Vertrauen in Inhalt/System,ARTIKEL 1 - PHASE 2; T7
7,"Der Artikel klingt zwar sehr reißerisch, aber es stimmt, dass sie verurteilt wurde.",Begründungsnarrative:Argument: Sprache/Stil,Begründungsnarrative,ARTIKEL 1 - PHASE 2; T7
7,"Der Artikel klingt zwar sehr reißerisch, aber es stimmt, dass sie verurteilt wurde.",Verhaltensänderung:Bestätigung bestehender Meinung,Verhaltensänderung,ARTIKEL 1 - PHASE 2; T7
7,"Nachdem die KI mir bestätigt hat, dass es stimmt, würde ich sagen ziemlich glaubwürdig.",Verhaltensänderung:Urteilsänderung durch KI,Verhaltensänderung,ARTIKEL 1 - PHASE 2; T7; Fragebogen nach Verifikation:
7,"Nachdem die KI mir bestätigt hat, dass es stimmt, würde ich sagen ziemlich glaubwürdig.",Vertrauen in Inhalt/System:Vertrauen in Chatbot/KI,Vertrauen in Inhalt/System,ARTIKEL 1 - PHASE 2; T7; Fragebogen nach Verifikation:
7,Die Antwort der KI war inhaltlich hilfreich. Sehr.,Vertrauen in Inhalt/System:Vertrauen in Chatbot/KI,Vertrauen in Inhalt/System,ARTIKEL 1 - PHASE 2; T7; Fragebogen nach Verifikation:
7,Die Antwort der KI war inhaltlich hilfreich. Sehr.,Affektive Reaktionen:Zustimmung / Zustimmungssignale,Affektive Reaktionen,ARTIKEL 1 - PHASE 2; T7; Fragebogen nach Verifikation:
7,"Die KI hat mir Informationen geliefert, die ich vorher nicht kannte. Auf jeden Fall.",Verifikationsnutzung:passive Übernahme,Verifikationsnutzung,ARTIKEL 1 - PHASE 2; T7; Fragebogen nach Verifikation:
7,"Die KI hat mir Informationen geliefert, die ich vorher nicht kannte. Auf jeden Fall.",Vertrauen in Inhalt/System:Vertrauen in Chatbot/KI,Vertrauen in Inhalt/System,ARTIKEL 1 - PHASE 2; T7; Fragebogen nach Verifikation:
7,"Die KI hat bestätigt, dass Marine Le Pen tatsächlich verurteilt wurde.",Verhaltensänderung:Urteilsänderung durch KI,Verhaltensänderung,ARTIKEL 1 - PHASE 2; T7; Fragebogen nach Verifikation:
7,"Die KI hat bestätigt, dass Marine Le Pen tatsächlich verurteilt wurde.",Vertrauen in Inhalt/System:Vertrauen in Chatbot/KI,Vertrauen in Inhalt/System,ARTIKEL 1 - PHASE 2; T7; Fragebogen nach Verifikation:
7,'Kannst du mir Informationen zur Rolle Russlands im armenischen Völkermord geben?',Verifikationsnutzung:aktive Prüfung mit Chatbot,Verifikationsnutzung,ARTIKEL 2 - PHASE 2; T7
7,'Kannst du mir Informationen zur Rolle Russlands im armenischen Völkermord geben?',Epistemische Strategien:Faktenprüfung,Epistemische Strategien,ARTIKEL 2 - PHASE 2; T7
7,Russland hat während des Völkermords eine komplexe Rolle gespielt.,Verifikationsnutzung:passive Übernahme,Verifikationsnutzung,ARTIKEL 2 - PHASE 2; T7
7,Russland hat während des Völkermords eine komplexe Rolle gespielt.,Kognitive Unsicherheit:Widersprüche erkannt,Kognitive Unsicherheit,ARTIKEL 2 - PHASE 2; T7
7,"Es gab geopolitische Interessen. Okay, das klingt schon anders als im Artikel.",Kognitive Unsicherheit:Widersprüche erkannt,Kognitive Unsicherheit,ARTIKEL 2 - PHASE 2; T7
7,"Es gab geopolitische Interessen. Okay, das klingt schon anders als im Artikel.",Verhaltensänderung:Urteilsänderung durch KI,Verhaltensänderung,ARTIKEL 2 - PHASE 2; T7
7,'Wie war die Rolle der Sowjetunion nach dem Zweiten Weltkrieg in Berlin?',Verifikationsnutzung:aktive Prüfung mit Chatbot,Verifikationsnutzung,ARTIKEL 2 - PHASE 2; T7
7,'Wie war die Rolle der Sowjetunion nach dem Zweiten Weltkrieg in Berlin?',Epistemische Strategien:Faktenprüfung,Epistemische Strategien,ARTIKEL 2 - PHASE 2; T7
7,Berlin-Blockade 1948-1949. Das war eher keine friedensstiftende Maßnahme.,Verifikationsnutzung:passive Übernahme,Verifikationsnutzung,ARTIKEL 2 - PHASE 2; T7
7,Berlin-Blockade 1948-1949. Das war eher keine friedensstiftende Maßnahme.,Verhaltensänderung:Urteilsänderung durch KI,Verhaltensänderung,ARTIKEL 2 - PHASE 2; T7
7,"Die KI zeigt mir, dass die Darstellung im Artikel sehr einseitig ist.",Verhaltensänderung:Urteilsänderung durch KI,Verhaltensänderung,ARTIKEL 2 - PHASE 2; T7
7,"Die KI zeigt mir, dass die Darstellung im Artikel sehr einseitig ist.",Vertrauen in Inhalt/System:Vertrauen in Chatbot/KI,Vertrauen in Inhalt/System,ARTIKEL 2 - PHASE 2; T7
7,"Überhaupt nicht glaubwürdig. Die KI hat mir gezeigt, dass vieles fehlt oder verdreht ist.",Verhaltensänderung:Urteilsänderung durch KI,Verhaltensänderung,ARTIKEL 2 - PHASE 2; T7; Fragebogen nach Verifikation:
7,"Überhaupt nicht glaubwürdig. Die KI hat mir gezeigt, dass vieles fehlt oder verdreht ist.",Vertrauen in Inhalt/System:generelles Misstrauen gegenüber Medieninhalten,Vertrauen in Inhalt/System,ARTIKEL 2 - PHASE 2; T7; Fragebogen nach Verifikation:
7,Ich halte den Artikel für weniger glaubwürdig als zuvor.,Verhaltensänderung:Urteilsänderung durch KI,Verhaltensänderung,ARTIKEL 2 - PHASE 2; T7; Fragebogen nach Verifikation:
7,"Die KI hat wichtige Kontextinformationen geliefert, die im Artikel fehlen.",Verhaltensänderung:Urteilsänderung durch KI,Verhaltensänderung,ARTIKEL 2 - PHASE 2; T7; Fragebogen nach Verifikation:
7,"Die KI hat wichtige Kontextinformationen geliefert, die im Artikel fehlen.",Vertrauen in Inhalt/System:Vertrauen in Chatbot/KI,Vertrauen in Inhalt/System,ARTIKEL 2 - PHASE 2; T7; Fragebogen nach Verifikation:
7,'Gibt es tatsächlich Pläne für ein Tribunal gegen russische Führung?',Verifikationsnutzung:aktive Prüfung mit Chatbot,Verifikationsnutzung,ARTIKEL 3 - PHASE 2; T7
7,'Gibt es tatsächlich Pläne für ein Tribunal gegen russische Führung?',Epistemische Strategien:Faktenprüfung,Epistemische Strategien,ARTIKEL 3 - PHASE 2; T7
7,Es gibt tatsächlich Diskussionen über die Einrichtung eines Sondertribunals.,Verifikationsnutzung:passive Übernahme,Verifikationsnutzung,ARTIKEL 3 - PHASE 2; T7
7,Es gibt tatsächlich Diskussionen über die Einrichtung eines Sondertribunals.,Verhaltensänderung:Bestätigung bestehender Meinung,Verhaltensänderung,ARTIKEL 3 - PHASE 2; T7
7,"Die rechtlichen Hintergründe stimmen mit dem überein, was im Artikel steht.",Verhaltensänderung:Bestätigung bestehender Meinung,Verhaltensänderung,ARTIKEL 3 - PHASE 2; T7
7,"Die rechtlichen Hintergründe stimmen mit dem überein, was im Artikel steht.",Vertrauen in Inhalt/System:Vertrauen in Chatbot/KI,Vertrauen in Inhalt/System,ARTIKEL 3 - PHASE 2; T7
7,Sehr glaubwürdig. Die KI hat die Informationen bestätigt.,Verhaltensänderung:Bestätigung bestehender Meinung,Verhaltensänderung,ARTIKEL 3 - PHASE 2; T7; Fragebogen nach Verifikation:
7,Sehr glaubwürdig. Die KI hat die Informationen bestätigt.,Vertrauen in Inhalt/System:Vertrauen in Chatbot/KI,Vertrauen in Inhalt/System,ARTIKEL 3 - PHASE 2; T7; Fragebogen nach Verifikation:
7,"Meine Einschätzung ist gleich geblieben, sie wurde bestätigt.",Verhaltensänderung:Bestätigung bestehender Meinung,Verhaltensänderung,ARTIKEL 3 - PHASE 2; T7; Fragebogen nach Verifikation:
7,Die KI hat die sachlichen Informationen des Artikels bestätigt.,Verhaltensänderung:Bestätigung bestehender Meinung,Verhaltensänderung,ARTIKEL 3 - PHASE 2; T7; Fragebogen nach Verifikation:
7,Die KI hat die sachlichen Informationen des Artikels bestätigt.,Vertrauen in Inhalt/System:Vertrauen in Chatbot/KI,Vertrauen in Inhalt/System,ARTIKEL 3 - PHASE 2; T7; Fragebogen nach Verifikation:
7,'Was ist der World Press Photo Award und gab es Kontroversen 2023?',Verifikationsnutzung:aktive Prüfung mit Chatbot,Verifikationsnutzung,ARTIKEL 4 - PHASE 2; T7
7,'Was ist der World Press Photo Award und gab es Kontroversen 2023?',Epistemische Strategien:Faktenprüfung,Epistemische Strategien,ARTIKEL 4 - PHASE 2; T7
7,Der World Press Photo Award ist einer der prestigeträchtigsten Fotojournalismus-Preise.,Verifikationsnutzung:passive Übernahme,Verifikationsnutzung,ARTIKEL 4 - PHASE 2; T7
7,Der World Press Photo Award ist einer der prestigeträchtigsten Fotojournalismus-Preise.,Epistemische Strategien:Kontextwissen,Epistemische Strategien,ARTIKEL 4 - PHASE 2; T7
7,Ich kann keine spezifischen Informationen zu Kontroversen 2023 finden.,Vertrauen in Inhalt/System:Zweifel an Verifikation,Vertrauen in Inhalt/System,ARTIKEL 4 - PHASE 2; T7
7,Ich kann keine spezifischen Informationen zu Kontroversen 2023 finden.,Verifikationsnutzung:kritisches Hinterfragen von KI-Antwort,Verifikationsnutzung,ARTIKEL 4 - PHASE 2; T7
7,Die KI kennt die spezifische Kontroverse nicht.,Vertrauen in Inhalt/System:Zweifel an Verifikation,Vertrauen in Inhalt/System,ARTIKEL 4 - PHASE 2; T7
7,Die KI kennt die spezifische Kontroverse nicht.,Metakognitive Reflexion,Metakognitive Reflexion,ARTIKEL 4 - PHASE 2; T7
7,Kann ich nicht wirklich beurteilen. Die KI hatte keine Informationen dazu.,Verhaltensänderung:keine Veränderung / Fixierung,Verhaltensänderung,ARTIKEL 4 - PHASE 2; T7; Fragebogen nach Verifikation:
7,Kann ich nicht wirklich beurteilen. Die KI hatte keine Informationen dazu.,Kognitive Unsicherheit:explizite Unsicherheit,Kognitive Unsicherheit,ARTIKEL 4 - PHASE 2; T7; Fragebogen nach Verifikation:
7,Die KI konnte mir zu diesem spezifischen Fall keine Informationen geben.,Vertrauen in Inhalt/System:Zweifel an Verifikation,Vertrauen in Inhalt/System,ARTIKEL 4 - PHASE 2; T7; Fragebogen nach Verifikation:
7,Die KI konnte mir zu diesem spezifischen Fall keine Informationen geben.,Verhaltensänderung:keine Veränderung / Fixierung,Verhaltensänderung,ARTIKEL 4 - PHASE 2; T7; Fragebogen nach Verifikation:
7,Die KI konnte mir zu diesem spezifischen Fall keine Informationen geben.,,,ARTIKEL 4 - PHASE 2; T7; Fragebogen nach Verifikation:
7,"Haben sich Ihre Einschätzungen zur Glaubwürdigkeit der Artikel durch die Nutzung des KI-Tools insgesamt verändert? Ja, auf jeden Fall.",Verhaltensänderung:Urteilsänderung durch KI,Verhaltensänderung,ARTIKEL 4 - PHASE 2; T7; Fragebogen nach Verifikation:
7,"Haben sich Ihre Einschätzungen zur Glaubwürdigkeit der Artikel durch die Nutzung des KI-Tools insgesamt verändert? Ja, auf jeden Fall.",Metakognitive Reflexion,Metakognitive Reflexion,ARTIKEL 4 - PHASE 2; T7; Fragebogen nach Verifikation:
7,"Bei zwei Artikeln konnte ich besser einschätzen, ob sie glaubwürdig sind.",Verhaltensänderung:Urteilsänderung durch KI,Verhaltensänderung,ARTIKEL 4 - PHASE 2; T7; Fragebogen nach Verifikation:
7,"Bei zwei Artikeln konnte ich besser einschätzen, ob sie glaubwürdig sind.",Vertrauen in Inhalt/System:Vertrauen in Chatbot/KI,Vertrauen in Inhalt/System,ARTIKEL 4 - PHASE 2; T7; Fragebogen nach Verifikation:
7,Die KI hat mich in meinen Einschätzungen bestärkt. Teilweise ja.,Verhaltensänderung:Bestätigung bestehender Meinung,Verhaltensänderung,ARTIKEL 4 - PHASE 2; T7; Fragebogen nach Verifikation:
7,"Die KI hat mir geholfen, Fehleinschätzungen zu erkennen. Ja, beim Russland-Artikel besonders.",Verhaltensänderung:Urteilsänderung durch KI,Verhaltensänderung,ARTIKEL 4 - PHASE 2; T7; Fragebogen nach Verifikation:
7,"Die KI hat mir geholfen, Fehleinschätzungen zu erkennen. Ja, beim Russland-Artikel besonders.",Metakognitive Reflexion,Metakognitive Reflexion,ARTIKEL 4 - PHASE 2; T7; Fragebogen nach Verifikation:
7,Ich war bei den Bewertungen nach der Verifikation sicherer als zuvor.,Vertrauen in Inhalt/System:Vertrauen in Chatbot/KI,Vertrauen in Inhalt/System,ARTIKEL 4 - PHASE 2; T7; Fragebogen nach Verifikation:
7,Ich war bei den Bewertungen nach der Verifikation sicherer als zuvor.,Affektive Reaktionen:Zustimmung / Zustimmungssignale,Affektive Reaktionen,ARTIKEL 4 - PHASE 2; T7; Fragebogen nach Verifikation:
7,"Wie wahrscheinlich ist es, dass Sie ein solches System auch im Alltag einsetzen würden? Sehr wahrscheinlich.",Vertrauen in Inhalt/System:Vertrauen in Chatbot/KI,Vertrauen in Inhalt/System,ARTIKEL 4 - PHASE 2; T7; Fragebogen nach Verifikation:
7,"Wie wahrscheinlich ist es, dass Sie ein solches System auch im Alltag einsetzen würden? Sehr wahrscheinlich.",Metakognitive Reflexion,Metakognitive Reflexion,ARTIKEL 4 - PHASE 2; T7; Fragebogen nach Verifikation:
7,"Die KI hat mir bei den ersten beiden Artikeln sehr geholfen, die Glaubwürdigkeit einzuschätzen.",Verhaltensänderung:Urteilsänderung durch KI,Verhaltensänderung,ARTIKEL 4 - PHASE 2; T7; Fragebogen nach Verifikation:
7,"Die KI hat mir bei den ersten beiden Artikeln sehr geholfen, die Glaubwürdigkeit einzuschätzen.",Vertrauen in Inhalt/System:Vertrauen in Chatbot/KI,Vertrauen in Inhalt/System,ARTIKEL 4 - PHASE 2; T7; Fragebogen nach Verifikation:
7,"Die KI hat mir bei den ersten beiden Artikeln sehr geholfen, die Glaubwürdigkeit einzuschätzen.",,,ARTIKEL 4 - PHASE 2; T7; Fragebogen nach Verifikation:
