﻿person_id,text_segment,annotation,category,memo
6,"Alles klar. Perfekt. Eliten, okay, das Wort verwirrt mich schon.",Affektive Reaktionen:Unsicherheit,Affektive Reaktionen,ARTIKEL 1 - PHASE 1: Erste Bewertung; T6
6,"Alles klar. Perfekt. Eliten, okay, das Wort verwirrt mich schon.",Heuristische Bewertung:Sprache/Stil,Heuristische Bewertung,ARTIKEL 1 - PHASE 1: Erste Bewertung; T6
6,"Bei jedem Dissens zerquetschen. Okay, Scheinbeschäftigung. Was ist eine Scheinbeschäftigung?",Kognitive Unsicherheit:explizite Unsicherheit,Kognitive Unsicherheit,ARTIKEL 1 - PHASE 1: Erste Bewertung; T6
6,"Bei jedem Dissens zerquetschen. Okay, Scheinbeschäftigung. Was ist eine Scheinbeschäftigung?",Epistemische Strategien:Kontextwissen,Epistemische Strategien,ARTIKEL 1 - PHASE 1: Erste Bewertung; T6
6,"Ach da, mit Fußfesseln.",Textinterne Begründungen,Textinterne Begründungen,ARTIKEL 1 - PHASE 1: Erste Bewertung; T6
6,"Ja, deutsche Politik war wirklich schon immer groß bei der Selbstbedienung.",Begründungsnarrative:Argument: gesellschaftlicher Kontext,Begründungsnarrative,ARTIKEL 1 - PHASE 1: Erste Bewertung; T6
6,"Ja, deutsche Politik war wirklich schon immer groß bei der Selbstbedienung.",Affektive Reaktionen:Ironie / Sarkasmus,Affektive Reaktionen,ARTIKEL 1 - PHASE 1: Erste Bewertung; T6
6,"Das Problem ist, ich weiß nicht, wie es in Frankreich ist.",Kognitive Unsicherheit:explizite Unsicherheit,Kognitive Unsicherheit,ARTIKEL 1 - PHASE 1: Erste Bewertung; T6
6,"Das Problem ist, ich weiß nicht, wie es in Frankreich ist.",Begründungsnarrative:Argument: persönliche Erfahrung,Begründungsnarrative,ARTIKEL 1 - PHASE 1: Erste Bewertung; T6
6,Ich finde auch die Wortwahl für die Artikel ganz lustig. Es ist halt wirklich so teils lebendig geschrieben mit halt so kreativ und fetten Polster einfach.,Heuristische Bewertung:Sprache/Stil,Heuristische Bewertung,ARTIKEL 1 - PHASE 1: Erste Bewertung; T6
6,Ich finde auch die Wortwahl für die Artikel ganz lustig. Es ist halt wirklich so teils lebendig geschrieben mit halt so kreativ und fetten Polster einfach.,Affektive Reaktionen:Belustigung,Affektive Reaktionen,ARTIKEL 1 - PHASE 1: Erste Bewertung; T6
6,Also es ist bis jetzt ziemlich offen geschrieben.,Heuristische Bewertung:Sprache/Stil,Heuristische Bewertung,ARTIKEL 1 - PHASE 1: Erste Bewertung; T6
6,"Aber ich finde halt so, sonst kommt es auch wieder schon zu typischen Artikeln von der Schriftart.",Heuristische Bewertung:Sprache/Stil,Heuristische Bewertung,ARTIKEL 1 - PHASE 1: Erste Bewertung; T6
6,"Aber ich finde halt so, sonst kommt es auch wieder schon zu typischen Artikeln von der Schriftart.",Vergleichende Bewertung,Vergleichende Bewertung,ARTIKEL 1 - PHASE 1: Erste Bewertung; T6
6,"Was ein bisschen unglaubwürdiger macht, ist parteiloser Experten und Fachkräfte. Werden die noch genannt?",Textinterne Begründungen,Textinterne Begründungen,ARTIKEL 1 - PHASE 1: Erste Bewertung; T6
6,"Was ein bisschen unglaubwürdiger macht, ist parteiloser Experten und Fachkräfte. Werden die noch genannt?",Vertrauen in Inhalt/System:Zweifel an Verifikation,Vertrauen in Inhalt/System,ARTIKEL 1 - PHASE 1: Erste Bewertung; T6
6,"Was ein bisschen unglaubwürdiger macht, ist parteiloser Experten und Fachkräfte. Werden die noch genannt?",Kognitive Unsicherheit:Widersprüche erkannt,Kognitive Unsicherheit,ARTIKEL 1 - PHASE 1: Erste Bewertung; T6
6,"Falls die nicht genannt werden, ist dann so, okay, kann ich verstehen, aber wenigstens ein Beispiel ist dann auch schon wieder so, nee, gibt keine Quellenangabe, okay.",Begründungsnarrative:Argument: Inhalt vs. Quelle,Begründungsnarrative,ARTIKEL 1 - PHASE 1: Erste Bewertung; T6
6,"Falls die nicht genannt werden, ist dann so, okay, kann ich verstehen, aber wenigstens ein Beispiel ist dann auch schon wieder so, nee, gibt keine Quellenangabe, okay.",Vertrauen in Inhalt/System:generelles Misstrauen gegenüber Medieninhalten,Vertrauen in Inhalt/System,ARTIKEL 1 - PHASE 1: Erste Bewertung; T6
6,"Weil das ist dann schon wieder, wenn es nur genannt wird, hey, es gibt parteiloser Experten oder Fachkräfte, ist dann die Frage, okay, kann ich die jetzt nachgoogeln?",Epistemische Strategien:Faktenprüfung,Epistemische Strategien,ARTIKEL 1 - PHASE 1: Erste Bewertung; T6
6,"Weil das ist dann schon wieder, wenn es nur genannt wird, hey, es gibt parteiloser Experten oder Fachkräfte, ist dann die Frage, okay, kann ich die jetzt nachgoogeln?",Begründungsnarrative:Argument: Inhalt vs. Quelle,Begründungsnarrative,ARTIKEL 1 - PHASE 1: Erste Bewertung; T6
6,"Würde halt, wenn da jetzt zum Beispiel einer steht, den ich nachgoogeln könnte, würde halt die Glaubhaftigkeit auf jeden Fall steigen.",Vertrauen in Inhalt/System:generelles Vertrauen in Medien,Vertrauen in Inhalt/System,ARTIKEL 1 - PHASE 1: Erste Bewertung; T6
6,"Würde halt, wenn da jetzt zum Beispiel einer steht, den ich nachgoogeln könnte, würde halt die Glaubhaftigkeit auf jeden Fall steigen.",Epistemische Strategien:Faktenprüfung,Epistemische Strategien,ARTIKEL 1 - PHASE 1: Erste Bewertung; T6
6,"Generell ist alles, dass die halt Sachen, also ich weiß nicht, ob du mit Absicht die Quellen ausgelassen hast.",Epistemische Strategien:Faktenprüfung,Epistemische Strategien,ARTIKEL 1 - PHASE 1: Erste Bewertung; T6
6,"Generell ist alles, dass die halt Sachen, also ich weiß nicht, ob du mit Absicht die Quellen ausgelassen hast.",Begründungsnarrative:Argument: Inhalt vs. Quelle,Begründungsnarrative,ARTIKEL 1 - PHASE 1: Erste Bewertung; T6
6,"Das ist dann schon wieder so, französische Justizfreundin war Le Pen und 24 weitere Personen. Das ist dann so zum Beispiel so, der Name steht dabei, ich glaube es eher.",Textinterne Begründungen,Textinterne Begründungen,ARTIKEL 1 - PHASE 1: Erste Bewertung; T6
6,"Das ist dann schon wieder so, französische Justizfreundin war Le Pen und 24 weitere Personen. Das ist dann so zum Beispiel so, der Name steht dabei, ich glaube es eher.",Vertrauen in Inhalt/System:generelles Vertrauen in Medien,Vertrauen in Inhalt/System,ARTIKEL 1 - PHASE 1: Erste Bewertung; T6
6,"Einfach so ist das die umfassende Verschärfung parlamentarischer Assistenz zwischen 2004 und 2016. Das macht es ein bisschen glaubwürdiger, würde ich sogar sagen. Das könnte ich halt jetzt wieder nachgoogeln.",Epistemische Strategien:Faktenprüfung,Epistemische Strategien,ARTIKEL 1 - PHASE 1: Erste Bewertung; T6
6,"Einfach so ist das die umfassende Verschärfung parlamentarischer Assistenz zwischen 2004 und 2016. Das macht es ein bisschen glaubwürdiger, würde ich sogar sagen. Das könnte ich halt jetzt wieder nachgoogeln.",Vertrauen in Inhalt/System:generelles Vertrauen in Medien,Vertrauen in Inhalt/System,ARTIKEL 1 - PHASE 1: Erste Bewertung; T6
6,"Was mich verwirrt, ist, dass gefühlt bleiben die nicht bei dem gleichen Schreibstil oder ich lese es ganz komisch.",Heuristische Bewertung:Sprache/Stil,Heuristische Bewertung,ARTIKEL 1 - PHASE 1: Erste Bewertung; T6
6,"Was mich verwirrt, ist, dass gefühlt bleiben die nicht bei dem gleichen Schreibstil oder ich lese es ganz komisch.",Kognitive Unsicherheit:explizite Unsicherheit,Kognitive Unsicherheit,ARTIKEL 1 - PHASE 1: Erste Bewertung; T6
6,"Das ist wieder cool, dass die halt wieder die Orte nennen. Das ist dann so, okay, ihr nennt ja die Orte, was mehr darauf eingeht.",Textinterne Begründungen,Textinterne Begründungen,ARTIKEL 1 - PHASE 1: Erste Bewertung; T6
6,"Das ist wieder cool, dass die halt wieder die Orte nennen. Das ist dann so, okay, ihr nennt ja die Orte, was mehr darauf eingeht.",Vertrauen in Inhalt/System:generelles Vertrauen in Medien,Vertrauen in Inhalt/System,ARTIKEL 1 - PHASE 1: Erste Bewertung; T6
6,"Oder zum Beispiel 99% der Angestellten von Twitter. Da wäre wieder gut, wenn es dazu eine Quelle gäbe.",Vertrauen in Inhalt/System:Zweifel an Verifikation,Vertrauen in Inhalt/System,ARTIKEL 1 - PHASE 1: Erste Bewertung; T6
6,"Oder zum Beispiel 99% der Angestellten von Twitter. Da wäre wieder gut, wenn es dazu eine Quelle gäbe.",Textinterne Begründungen,Textinterne Begründungen,ARTIKEL 1 - PHASE 1: Erste Bewertung; T6
6,"Ich habe durch die Uni gelernt, Quellen sind wichtig.",Begründungsnarrative:Argument: persönliche Erfahrung,Begründungsnarrative,ARTIKEL 1 - PHASE 1: Erste Bewertung; T6
6,"Ich habe durch die Uni gelernt, Quellen sind wichtig.",Epistemische Strategien:Faktenprüfung,Epistemische Strategien,ARTIKEL 1 - PHASE 1: Erste Bewertung; T6
6,"Aber so Wörter wie machtaktisch, das ist schon wieder typisch Artikel, wo man halt weiß, hey, du hast die Gedanken darüber gemacht.",Heuristische Bewertung:Sprache/Stil,Heuristische Bewertung,ARTIKEL 1 - PHASE 1: Erste Bewertung; T6
6,"Aber so Wörter wie machtaktisch, das ist schon wieder typisch Artikel, wo man halt weiß, hey, du hast die Gedanken darüber gemacht.",Begründungsnarrative:Argument: Sprache/Stil,Begründungsnarrative,ARTIKEL 1 - PHASE 1: Erste Bewertung; T6
6,"Zum Beispiel auch wieder das Wort konsolidieren, ist halt auch wieder so ein Wort.",Heuristische Bewertung:Sprache/Stil,Heuristische Bewertung,ARTIKEL 1 - PHASE 1: Erste Bewertung; T6
6,"Zum Beispiel auch wieder das Wort konsolidieren, ist halt auch wieder so ein Wort.",Textinterne Begründungen,Textinterne Begründungen,ARTIKEL 1 - PHASE 1: Erste Bewertung; T6
6,Das Problem ist die Schriftweise. Jetzt so eine 5.,Begründungsnarrative:Argument: Sprache/Stil,Begründungsnarrative,ARTIKEL 1 - PHASE 1: Erste Bewertung; T6; Fragebogen Artikel 1:
6,Wie sicher bin ich mir? Ich bin mir nicht sicher bei irgendwas.,Kognitive Unsicherheit:explizite Unsicherheit,Kognitive Unsicherheit,ARTIKEL 1 - PHASE 1: Erste Bewertung; T6; Fragebogen Artikel 1:
6,"Boah, die Länge ist halt so egal manchmal.",Heuristische Bewertung:visuelle Einschätzung,Heuristische Bewertung,ARTIKEL 1 - PHASE 1: Erste Bewertung; T6; Fragebogen Artikel 1:
6,"Das ist das Problem. Ich habe auch das Gefühl, es ist meistens so 50-50.",Heuristische Bewertung:Sprache/Stil,Heuristische Bewertung,ARTIKEL 1 - PHASE 1: Erste Bewertung; T6; Fragebogen Artikel 1:
6,"Das ist das Problem. Ich habe auch das Gefühl, es ist meistens so 50-50.",Kognitive Unsicherheit:explizite Unsicherheit,Kognitive Unsicherheit,ARTIKEL 1 - PHASE 1: Erste Bewertung; T6; Fragebogen Artikel 1:
6,"So, Russland ist ein Friedenstifter, von Armenien über Berlin bis zur Ukraine. Ich freue mich auf den Artikel.",Affektive Reaktionen:Ironie / Sarkasmus,Affektive Reaktionen,ARTIKEL 2 - PHASE 1: Erste Bewertung; T6
6,"So, Russland ist ein Friedenstifter, von Armenien über Berlin bis zur Ukraine. Ich freue mich auf den Artikel.",Affektive Reaktionen:Belustigung,Affektive Reaktionen,ARTIKEL 2 - PHASE 1: Erste Bewertung; T6
6,"Die Glaubwürdigkeit geht ein bisschen runter, wenn mein Vorwissen anders ist.",Epistemische Strategien:Kontextwissen,Epistemische Strategien,ARTIKEL 2 - PHASE 1: Erste Bewertung; T6
6,"Die Glaubwürdigkeit geht ein bisschen runter, wenn mein Vorwissen anders ist.",Begründungsnarrative:Argument: persönliche Erfahrung,Begründungsnarrative,ARTIKEL 2 - PHASE 1: Erste Bewertung; T6
6,"Wenn ich zum Beispiel ein anderes Vorwissen habe, aber das in den Artikeln mein Vorwissen halt nicht was anderes sagt, also das kollidiert sozusagen.",Epistemische Strategien:Kontextwissen,Epistemische Strategien,ARTIKEL 2 - PHASE 1: Erste Bewertung; T6
6,"Wenn ich zum Beispiel ein anderes Vorwissen habe, aber das in den Artikeln mein Vorwissen halt nicht was anderes sagt, also das kollidiert sozusagen.",Kognitive Unsicherheit:Widersprüche erkannt,Kognitive Unsicherheit,ARTIKEL 2 - PHASE 1: Erste Bewertung; T6
6,"Einfach nur, solche Sätze zum Beispiel sind in unserer DNA-Code verankert. Okay, so ein Satz finde ich generell auch an sich blöd.",Heuristische Bewertung:Sprache/Stil,Heuristische Bewertung,ARTIKEL 2 - PHASE 1: Erste Bewertung; T6
6,"Einfach nur, solche Sätze zum Beispiel sind in unserer DNA-Code verankert. Okay, so ein Satz finde ich generell auch an sich blöd.",Vertrauen in Inhalt/System:generelles Misstrauen gegenüber Medieninhalten,Vertrauen in Inhalt/System,ARTIKEL 2 - PHASE 1: Erste Bewertung; T6
6,"Einfach nur, solche Sätze zum Beispiel sind in unserer DNA-Code verankert. Okay, so ein Satz finde ich generell auch an sich blöd.",Textinterne Begründungen,Textinterne Begründungen,ARTIKEL 2 - PHASE 1: Erste Bewertung; T6
6,"Das ist wieder cool, dass sie direkte Beispiele reinbringen. Das steigt natürlich die Glaubwürdigkeit.",Textinterne Begründungen,Textinterne Begründungen,ARTIKEL 2 - PHASE 1: Erste Bewertung; T6
6,"Das ist wieder cool, dass sie direkte Beispiele reinbringen. Das steigt natürlich die Glaubwürdigkeit.",Vertrauen in Inhalt/System:generelles Vertrauen in Medien,Vertrauen in Inhalt/System,ARTIKEL 2 - PHASE 1: Erste Bewertung; T6
6,"Aber wieder diese Klammern. Die Wortwahl für dieses Erinnern sie sich an. Das ist schon wieder so, okay, weiß ich jetzt nicht.",Heuristische Bewertung:Sprache/Stil,Heuristische Bewertung,ARTIKEL 2 - PHASE 1: Erste Bewertung; T6
6,"Aber wieder diese Klammern. Die Wortwahl für dieses Erinnern sie sich an. Das ist schon wieder so, okay, weiß ich jetzt nicht.",Kognitive Unsicherheit:explizite Unsicherheit,Kognitive Unsicherheit,ARTIKEL 2 - PHASE 1: Erste Bewertung; T6
6,"Macht schon wieder so einiges kaputt. Gefühlt, dass sie versuchen, Sympathie oder beziehungsweise auf den Menschen direkt zu sprechen.",Begründungsnarrative:Argument: Sprache/Stil,Begründungsnarrative,ARTIKEL 2 - PHASE 1: Erste Bewertung; T6
6,"Macht schon wieder so einiges kaputt. Gefühlt, dass sie versuchen, Sympathie oder beziehungsweise auf den Menschen direkt zu sprechen.",Vertrauen in Inhalt/System:generelles Misstrauen gegenüber Medieninhalten,Vertrauen in Inhalt/System,ARTIKEL 2 - PHASE 1: Erste Bewertung; T6
6,"So als hätten die gelogen und so, hey, bist du dir sicher? Erinnere dich mal. So, okay, nee.",Begründungsnarrative:Argument: Sprache/Stil,Begründungsnarrative,ARTIKEL 2 - PHASE 1: Erste Bewertung; T6
6,"So als hätten die gelogen und so, hey, bist du dir sicher? Erinnere dich mal. So, okay, nee.",Affektive Reaktionen:emotionale Ablehnung,Affektive Reaktionen,ARTIKEL 2 - PHASE 1: Erste Bewertung; T6
6,"Das finde ich, weil die das Beispiel direkt weiter ausschreiben, das macht es halt sehr viel besser.",Textinterne Begründungen,Textinterne Begründungen,ARTIKEL 2 - PHASE 1: Erste Bewertung; T6
6,"Das finde ich, weil die das Beispiel direkt weiter ausschreiben, das macht es halt sehr viel besser.",Vertrauen in Inhalt/System:generelles Vertrauen in Medien,Vertrauen in Inhalt/System,ARTIKEL 2 - PHASE 1: Erste Bewertung; T6
6,"Es gibt wieder einen Pluspunkt für die Glaubwürdigkeit, dass die es so brutal auch darstellen. Also nicht darstellen, wirklich, aber halt sagen, hey, nicht irgendwie so nett schreiben, sondern hey, Mädchen wurden vergewaltigt. Fertig.",Vertrauen in Inhalt/System:generelles Vertrauen in Medien,Vertrauen in Inhalt/System,ARTIKEL 2 - PHASE 1: Erste Bewertung; T6
6,"Es gibt wieder einen Pluspunkt für die Glaubwürdigkeit, dass die es so brutal auch darstellen. Also nicht darstellen, wirklich, aber halt sagen, hey, nicht irgendwie so nett schreiben, sondern hey, Mädchen wurden vergewaltigt. Fertig.",Begründungsnarrative:Argument: Sprache/Stil,Begründungsnarrative,ARTIKEL 2 - PHASE 1: Erste Bewertung; T6
6,"Ah ja, da schreiben sie auch wieder Nikolaus II. Einfach der Name ist so, hey, die geben mir mehr Informationen.",Textinterne Begründungen,Textinterne Begründungen,ARTIKEL 2 - PHASE 1: Erste Bewertung; T6
6,"Ah ja, da schreiben sie auch wieder Nikolaus II. Einfach der Name ist so, hey, die geben mir mehr Informationen.",Epistemische Strategien:Faktenprüfung,Epistemische Strategien,ARTIKEL 2 - PHASE 1: Erste Bewertung; T6
6,"Ah ja, da schreiben sie auch wieder Nikolaus II. Einfach der Name ist so, hey, die geben mir mehr Informationen.",Vertrauen in Inhalt/System:generelles Vertrauen in Medien,Vertrauen in Inhalt/System,ARTIKEL 2 - PHASE 1: Erste Bewertung; T6
6,"Der Trend der Dankbarkeit stand auf den Gesichtern der Leidenden. Okay, versuchst du mir gerade wieder eine Geschichte zu erzählen oder bei den Fakten zu bleiben?",Kognitive Unsicherheit:Widersprüche erkannt,Kognitive Unsicherheit,ARTIKEL 2 - PHASE 1: Erste Bewertung; T6
6,"Der Trend der Dankbarkeit stand auf den Gesichtern der Leidenden. Okay, versuchst du mir gerade wieder eine Geschichte zu erzählen oder bei den Fakten zu bleiben?",Vertrauen in Inhalt/System:generelles Misstrauen gegenüber Medieninhalten,Vertrauen in Inhalt/System,ARTIKEL 2 - PHASE 1: Erste Bewertung; T6
6,"Der Trend der Dankbarkeit stand auf den Gesichtern der Leidenden. Okay, versuchst du mir gerade wieder eine Geschichte zu erzählen oder bei den Fakten zu bleiben?",Heuristische Bewertung:Sprache/Stil,Heuristische Bewertung,ARTIKEL 2 - PHASE 1: Erste Bewertung; T6
6,"Ist wieder cool, dass die, was die Glaubwürdigkeit eher steigen lässt, dass die persönliche Beispiel, halt jetzt Deutschland mit reinbringen.",Begründungsnarrative:Argument: gesellschaftlicher Kontext,Begründungsnarrative,ARTIKEL 2 - PHASE 1: Erste Bewertung; T6
6,"Ist wieder cool, dass die, was die Glaubwürdigkeit eher steigen lässt, dass die persönliche Beispiel, halt jetzt Deutschland mit reinbringen.",Epistemische Strategien:Kontextwissen,Epistemische Strategien,ARTIKEL 2 - PHASE 1: Erste Bewertung; T6
6,"Ist wieder cool, dass die, was die Glaubwürdigkeit eher steigen lässt, dass die persönliche Beispiel, halt jetzt Deutschland mit reinbringen.",Vertrauen in Inhalt/System:generelles Vertrauen in Medien,Vertrauen in Inhalt/System,ARTIKEL 2 - PHASE 1: Erste Bewertung; T6
6,"Was daran zweifeln lässt, ist einfach, die versuchen uns auf eine Seite zu bringen. Die versuchen es nicht sachlich, halt nicht Bias zu machen, sondern die versuchen uns ja von einer Seite wirklich zu überzeugen.",Begründungsnarrative:Argument: gesellschaftlicher Kontext,Begründungsnarrative,ARTIKEL 2 - PHASE 1: Erste Bewertung; T6
6,"Was daran zweifeln lässt, ist einfach, die versuchen uns auf eine Seite zu bringen. Die versuchen es nicht sachlich, halt nicht Bias zu machen, sondern die versuchen uns ja von einer Seite wirklich zu überzeugen.",Epistemische Strategien:Faktenprüfung,Epistemische Strategien,ARTIKEL 2 - PHASE 1: Erste Bewertung; T6
6,"Was daran zweifeln lässt, ist einfach, die versuchen uns auf eine Seite zu bringen. Die versuchen es nicht sachlich, halt nicht Bias zu machen, sondern die versuchen uns ja von einer Seite wirklich zu überzeugen.",Kognitive Unsicherheit:Widersprüche erkannt,Kognitive Unsicherheit,ARTIKEL 2 - PHASE 1: Erste Bewertung; T6
6,"Die Frage ist, wird hier, ja, hier ist schon ein gutes Mittelmaß, weil es gibt viele Sachen, die einfach so sind, so hey, ergibt schon Sinn.",Epistemische Strategien:Plausibilitätsabwägung,Epistemische Strategien,ARTIKEL 2 - PHASE 1: Erste Bewertung; T6; Fragebogen Artikel 2:
6,Wie sicher bin ich mir? Ich bin mir nicht sicher.,Kognitive Unsicherheit:explizite Unsicherheit,Kognitive Unsicherheit,ARTIKEL 2 - PHASE 1: Erste Bewertung; T6; Fragebogen Artikel 2:
6,"Der Titel ist schon wieder so, so, so, so, so emotional auch gestaltet.",Heuristische Bewertung:Sprache/Stil,Heuristische Bewertung,ARTIKEL 3 - PHASE 1: Erste Bewertung; T6
6,"Der Titel ist schon wieder so, so, so, so, so emotional auch gestaltet.",Affektive Reaktionen:emotionale Ablehnung,Affektive Reaktionen,ARTIKEL 3 - PHASE 1: Erste Bewertung; T6
6,"Ja, das ist wieder so schön, da ist halt wieder dieses Vorwissen, vor allem weil es auch sehr, sehr, sehr, sehr, ich weiß nicht, es ist gerade halt sehr stark.",Epistemische Strategien:Kontextwissen,Epistemische Strategien,ARTIKEL 3 - PHASE 1: Erste Bewertung; T6
6,"Ja, das ist wieder so schön, da ist halt wieder dieses Vorwissen, vor allem weil es auch sehr, sehr, sehr, sehr, ich weiß nicht, es ist gerade halt sehr stark.",Vertrauen in Inhalt/System:generelles Vertrauen in Medien,Vertrauen in Inhalt/System,ARTIKEL 3 - PHASE 1: Erste Bewertung; T6
6,"Das ist auch so schön, wieder im Gegensatz zu dem ersten Text, dass sie halt auch direkt die Namen nennen.",Textinterne Begründungen,Textinterne Begründungen,ARTIKEL 3 - PHASE 1: Erste Bewertung; T6
6,"Das ist auch so schön, wieder im Gegensatz zu dem ersten Text, dass sie halt auch direkt die Namen nennen.",Epistemische Strategien:Faktenprüfung,Epistemische Strategien,ARTIKEL 3 - PHASE 1: Erste Bewertung; T6
6,"Das ist auch so schön, wieder im Gegensatz zu dem ersten Text, dass sie halt auch direkt die Namen nennen.",Vertrauen in Inhalt/System:generelles Vertrauen in Medien,Vertrauen in Inhalt/System,ARTIKEL 3 - PHASE 1: Erste Bewertung; T6
6,"Dass man darauf halt die Glaubwürdigkeit mehr aufbauen kann, mit erstens man weiß die Namen, zweitens man kann es nachgoogeln.",Epistemische Strategien:Faktenprüfung,Epistemische Strategien,ARTIKEL 3 - PHASE 1: Erste Bewertung; T6
6,"Dass man darauf halt die Glaubwürdigkeit mehr aufbauen kann, mit erstens man weiß die Namen, zweitens man kann es nachgoogeln.",Vertrauen in Inhalt/System:generelles Vertrauen in Medien,Vertrauen in Inhalt/System,ARTIKEL 3 - PHASE 1: Erste Bewertung; T6
6,"Einfach weil es für diesen Schreibstil, beziehungsweise nicht Schreibstil, aber halt wie das Aussehen einfach so ist, so hey es hat sich jemand Mühe gemacht.",Heuristische Bewertung:Sprache/Stil,Heuristische Bewertung,ARTIKEL 3 - PHASE 1: Erste Bewertung; T6
6,"Einfach weil es für diesen Schreibstil, beziehungsweise nicht Schreibstil, aber halt wie das Aussehen einfach so ist, so hey es hat sich jemand Mühe gemacht.",Vertrauen in Inhalt/System:generelles Vertrauen in Medien,Vertrauen in Inhalt/System,ARTIKEL 3 - PHASE 1: Erste Bewertung; T6
6,"Es ist wieder schön, dass sie halt viel genauer auf das Ganze eingehen.",Textinterne Begründungen,Textinterne Begründungen,ARTIKEL 3 - PHASE 1: Erste Bewertung; T6
6,"Es ist wieder schön, dass sie halt viel genauer auf das Ganze eingehen.",Vertrauen in Inhalt/System:generelles Vertrauen in Medien,Vertrauen in Inhalt/System,ARTIKEL 3 - PHASE 1: Erste Bewertung; T6
6,"Das macht halt wieder einfach dieser Schreibstil, das schon wieder so professionell ist und so erklären.",Heuristische Bewertung:Sprache/Stil,Heuristische Bewertung,ARTIKEL 3 - PHASE 1: Erste Bewertung; T6
6,"Das macht halt wieder einfach dieser Schreibstil, das schon wieder so professionell ist und so erklären.",Vertrauen in Inhalt/System:generelles Vertrauen in Medien,Vertrauen in Inhalt/System,ARTIKEL 3 - PHASE 1: Erste Bewertung; T6
6,"Was mir halt genau dabei wieder einfällt, weil am Anfang war es wieder so, hey, gibt es da Quellen, gibt es da irgendwie eine Erklärung?",Epistemische Strategien:Faktenprüfung,Epistemische Strategien,ARTIKEL 3 - PHASE 1: Erste Bewertung; T6
6,"Was mir halt genau dabei wieder einfällt, weil am Anfang war es wieder so, hey, gibt es da Quellen, gibt es da irgendwie eine Erklärung?",Vertrauen in Inhalt/System:Zweifel an Verifikation,Vertrauen in Inhalt/System,ARTIKEL 3 - PHASE 1: Erste Bewertung; T6
6,"Und hier wäre mir das letztendlich aufgefallen, hey, kannst du mir Quellen oder so dazu sagen, weil ich könnte jetzt einfach, genau solche Sachen könnte ich jetzt nachgoogeln.",Epistemische Strategien:Faktenprüfung,Epistemische Strategien,ARTIKEL 3 - PHASE 1: Erste Bewertung; T6
6,"Und hier wäre mir das letztendlich aufgefallen, hey, kannst du mir Quellen oder so dazu sagen, weil ich könnte jetzt einfach, genau solche Sachen könnte ich jetzt nachgoogeln.",Textinterne Begründungen,Textinterne Begründungen,ARTIKEL 3 - PHASE 1: Erste Bewertung; T6
6,"Was für mich halt einfach dieser Punkt wäre, dass die Chance sehr viel kleiner ist, dass die jetzt lügen würden.",Epistemische Strategien:Plausibilitätsabwägung,Epistemische Strategien,ARTIKEL 3 - PHASE 1: Erste Bewertung; T6
6,"Was für mich halt einfach dieser Punkt wäre, dass die Chance sehr viel kleiner ist, dass die jetzt lügen würden.",Vertrauen in Inhalt/System:generelles Vertrauen in Medien,Vertrauen in Inhalt/System,ARTIKEL 3 - PHASE 1: Erste Bewertung; T6
6,"Es ist auch so schön, dass die halt, wie gesagt, die ganze Zeit sehr sachlich bleiben und einfach nicht auf die emotionale Ebene gehen.",Heuristische Bewertung:Sprache/Stil,Heuristische Bewertung,ARTIKEL 3 - PHASE 1: Erste Bewertung; T6
6,"Es ist auch so schön, dass die halt, wie gesagt, die ganze Zeit sehr sachlich bleiben und einfach nicht auf die emotionale Ebene gehen.",Vertrauen in Inhalt/System:generelles Vertrauen in Medien,Vertrauen in Inhalt/System,ARTIKEL 3 - PHASE 1: Erste Bewertung; T6
6,"Also einfach, ich würde einfach von dem Schreibstil würde ich jetzt sagen, es ist mehr glaubwürdig.",Begründungsnarrative:Argument: Sprache/Stil,Begründungsnarrative,ARTIKEL 3 - PHASE 1: Erste Bewertung; T6; Fragebogen Artikel 3:
6,"Also einfach, ich würde einfach von dem Schreibstil würde ich jetzt sagen, es ist mehr glaubwürdig.",Vertrauen in Inhalt/System:generelles Vertrauen in Medien,Vertrauen in Inhalt/System,ARTIKEL 3 - PHASE 1: Erste Bewertung; T6; Fragebogen Artikel 3:
6,"Ich würde jetzt nicht selber sagen, ich glaube alles. Ich würde es, wenn noch, nochmal alles nachgoogeln.",Epistemische Strategien:Faktenprüfung,Epistemische Strategien,ARTIKEL 3 - PHASE 1: Erste Bewertung; T6; Fragebogen Artikel 3:
6,"Ich würde jetzt nicht selber sagen, ich glaube alles. Ich würde es, wenn noch, nochmal alles nachgoogeln.",Kognitive Unsicherheit:explizite Unsicherheit,Kognitive Unsicherheit,ARTIKEL 3 - PHASE 1: Erste Bewertung; T6; Fragebogen Artikel 3:
6,"Also er wirkt auf jeden Fall sehr glaubwürdig, der Artikel schon mal.",Vertrauen in Inhalt/System:generelles Vertrauen in Medien,Vertrauen in Inhalt/System,ARTIKEL 3 - PHASE 1: Erste Bewertung; T6; Fragebogen Artikel 3:
6,"Also er wirkt auf jeden Fall sehr glaubwürdig, der Artikel schon mal.",Heuristische Bewertung:Bauchgefühl,Heuristische Bewertung,ARTIKEL 3 - PHASE 1: Erste Bewertung; T6; Fragebogen Artikel 3:
6,"Ja, definitiv schon viel sicherer. Sehr sachlich. Es war halt keine emotionalen Punkte wirklich.",Kognitive Unsicherheit:explizite Unsicherheit,Kognitive Unsicherheit,ARTIKEL 3 - PHASE 1: Erste Bewertung; T6; Fragebogen Artikel 3:
6,"Ja, definitiv schon viel sicherer. Sehr sachlich. Es war halt keine emotionalen Punkte wirklich.",Heuristische Bewertung:Sprache/Stil,Heuristische Bewertung,ARTIKEL 3 - PHASE 1: Erste Bewertung; T6; Fragebogen Artikel 3:
6,"Das ist auch wieder das Schöne bei der Länge, einfach so mit den Überschriften.",Heuristische Bewertung:visuelle Einschätzung,Heuristische Bewertung,ARTIKEL 3 - PHASE 1: Erste Bewertung; T6; Fragebogen Artikel 3:
6,"Das ist auch wieder das Schöne bei der Länge, einfach so mit den Überschriften.",Begründungsnarrative:Argument: Struktur und Logik,Begründungsnarrative,ARTIKEL 3 - PHASE 1: Erste Bewertung; T6; Fragebogen Artikel 3:
6,Also sehr journalistisch.,Heuristische Bewertung:Sprache/Stil,Heuristische Bewertung,ARTIKEL 3 - PHASE 1: Erste Bewertung; T6; Fragebogen Artikel 3:
6,Also sehr journalistisch.,Begründungsnarrative:Argument: Sprache/Stil,Begründungsnarrative,ARTIKEL 3 - PHASE 1: Erste Bewertung; T6; Fragebogen Artikel 3:
6,"Das finde ich so schön, dass halt so eigenstehende Artikel, dass sie solche ähnlichen Wörter wie zum Beispiel einfach Aggressor oder so halt benutzen.",Heuristische Bewertung:Sprache/Stil,Heuristische Bewertung,ARTIKEL 4 - PHASE 1: Erste Bewertung; T6
6,"Das finde ich so schön, dass halt so eigenstehende Artikel, dass sie solche ähnlichen Wörter wie zum Beispiel einfach Aggressor oder so halt benutzen.",Begründungsnarrative:Argument: gesellschaftlicher Kontext,Begründungsnarrative,ARTIKEL 4 - PHASE 1: Erste Bewertung; T6
6,"Ich habe keinen Plan von den WPWRs, der halt wirklich jetzt absolut nur mit dem Lesen ...",Begründungsnarrative:Argument: persönliche Erfahrung,Begründungsnarrative,ARTIKEL 4 - PHASE 1: Erste Bewertung; T6
6,"Ich habe keinen Plan von den WPWRs, der halt wirklich jetzt absolut nur mit dem Lesen ...",Kognitive Unsicherheit:explizite Unsicherheit,Kognitive Unsicherheit,ARTIKEL 4 - PHASE 1: Erste Bewertung; T6
6,"Oh, oh mein Gott, ist das wie eine Geschichte geschrieben. Weiß ich jetzt nicht.",Heuristische Bewertung:Sprache/Stil,Heuristische Bewertung,ARTIKEL 4 - PHASE 1: Erste Bewertung; T6
6,"Oh, oh mein Gott, ist das wie eine Geschichte geschrieben. Weiß ich jetzt nicht.",Affektive Reaktionen:emotionale Ablehnung,Affektive Reaktionen,ARTIKEL 4 - PHASE 1: Erste Bewertung; T6
6,Ich mag den Schreibstil nicht.,Heuristische Bewertung:Sprache/Stil,Heuristische Bewertung,ARTIKEL 4 - PHASE 1: Erste Bewertung; T6
6,Ich mag den Schreibstil nicht.,Affektive Reaktionen:emotionale Ablehnung,Affektive Reaktionen,ARTIKEL 4 - PHASE 1: Erste Bewertung; T6
6,"Das ist so, okay, ich lese jetzt einfach irgendwie eine Geschichte oder so.",Heuristische Bewertung:Sprache/Stil,Heuristische Bewertung,ARTIKEL 4 - PHASE 1: Erste Bewertung; T6
6,"Das ist so, okay, ich lese jetzt einfach irgendwie eine Geschichte oder so.",Vertrauen in Inhalt/System:Zweifel an Verifikation,Vertrauen in Inhalt/System,ARTIKEL 4 - PHASE 1: Erste Bewertung; T6
6,So wurde so im Deutschunterricht wurde dir so eine Story davon einfach aufgeschrieben und du musst sie jetzt analysieren.,Begründungsnarrative:Argument: persönliche Erfahrung,Begründungsnarrative,ARTIKEL 4 - PHASE 1: Erste Bewertung; T6
6,So wurde so im Deutschunterricht wurde dir so eine Story davon einfach aufgeschrieben und du musst sie jetzt analysieren.,Heuristische Bewertung:Sprache/Stil,Heuristische Bewertung,ARTIKEL 4 - PHASE 1: Erste Bewertung; T6
6,"Das sind mir zu viele Gänsefüßchen, sage ich jetzt.",Heuristische Bewertung:Sprache/Stil,Heuristische Bewertung,ARTIKEL 4 - PHASE 1: Erste Bewertung; T6
6,"Das sind mir zu viele Gänsefüßchen, sage ich jetzt.",Textinterne Begründungen,Textinterne Begründungen,ARTIKEL 4 - PHASE 1: Erste Bewertung; T6
6,"Es ist wieder schön, dass sie halt die ganzen Namen nennen und halt auch Zeiten.",Textinterne Begründungen,Textinterne Begründungen,ARTIKEL 4 - PHASE 1: Erste Bewertung; T6
6,"Es ist wieder schön, dass sie halt die ganzen Namen nennen und halt auch Zeiten.",Epistemische Strategien:Faktenprüfung,Epistemische Strategien,ARTIKEL 4 - PHASE 1: Erste Bewertung; T6
6,"Es ist wieder schön, dass sie halt die ganzen Namen nennen und halt auch Zeiten.",Vertrauen in Inhalt/System:generelles Vertrauen in Medien,Vertrauen in Inhalt/System,ARTIKEL 4 - PHASE 1: Erste Bewertung; T6
6,"Das halt so, okay, würde ich schon eher glauben, würde ich dann auch definitiv nochmal nachgoogeln.",Epistemische Strategien:Faktenprüfung,Epistemische Strategien,ARTIKEL 4 - PHASE 1: Erste Bewertung; T6
6,"Das halt so, okay, würde ich schon eher glauben, würde ich dann auch definitiv nochmal nachgoogeln.",Vertrauen in Inhalt/System:generelles Vertrauen in Medien,Vertrauen in Inhalt/System,ARTIKEL 4 - PHASE 1: Erste Bewertung; T6
6,"Es ist wirklich so extrem stark, wie viel dieser Schreibstil einfach beeinflusst.",Heuristische Bewertung:Sprache/Stil,Heuristische Bewertung,ARTIKEL 4 - PHASE 1: Erste Bewertung; T6
6,"Es ist wirklich so extrem stark, wie viel dieser Schreibstil einfach beeinflusst.",Metakognitive Reflexion,Metakognitive Reflexion,ARTIKEL 4 - PHASE 1: Erste Bewertung; T6
6,"Es ist aber wieder schön, dass die auch zum Beispiel Zitate nehmen und halt auch dazu schreiben, wo sie das gesagt hat.",Textinterne Begründungen,Textinterne Begründungen,ARTIKEL 4 - PHASE 1: Erste Bewertung; T6
6,"Es ist aber wieder schön, dass die auch zum Beispiel Zitate nehmen und halt auch dazu schreiben, wo sie das gesagt hat.",Vertrauen in Inhalt/System:generelles Vertrauen in Medien,Vertrauen in Inhalt/System,ARTIKEL 4 - PHASE 1: Erste Bewertung; T6
6,"Es ist aber wieder schön, dass die auch zum Beispiel Zitate nehmen und halt auch dazu schreiben, wo sie das gesagt hat.",Begründungsnarrative:Argument: Inhalt vs. Quelle,Begründungsnarrative,ARTIKEL 4 - PHASE 1: Erste Bewertung; T6
6,"Das ist empörend, sage ich, im telefonischen Gespräch mit der FAZ, gibt wieder der Glaubwürdigkeit ein paar Punkte.",Textinterne Begründungen,Textinterne Begründungen,ARTIKEL 4 - PHASE 1: Erste Bewertung; T6
6,"Das ist empörend, sage ich, im telefonischen Gespräch mit der FAZ, gibt wieder der Glaubwürdigkeit ein paar Punkte.",Vertrauen in Inhalt/System:generelles Vertrauen in Medien,Vertrauen in Inhalt/System,ARTIKEL 4 - PHASE 1: Erste Bewertung; T6
6,"Bei dem Artikel ist es alles so viel, wenig Information auf einmal, wo ich so weiß, wollen die das einfach kurz erwähnen, dass man jetzt mit denen irgendwie mitfühlt?",Heuristische Bewertung:Sprache/Stil,Heuristische Bewertung,ARTIKEL 4 - PHASE 1: Erste Bewertung; T6
6,"Bei dem Artikel ist es alles so viel, wenig Information auf einmal, wo ich so weiß, wollen die das einfach kurz erwähnen, dass man jetzt mit denen irgendwie mitfühlt?",Vertrauen in Inhalt/System:Zweifel an Verifikation,Vertrauen in Inhalt/System,ARTIKEL 4 - PHASE 1: Erste Bewertung; T6
6,"Okay, dann wäre es wieder cool, die Bilder zu sehen. Bilder, finde ich, machen auch eine Menge aus für die Glaubwürdigkeit.",Heuristische Bewertung:visuelle Einschätzung,Heuristische Bewertung,ARTIKEL 4 - PHASE 1: Erste Bewertung; T6
6,"Okay, dann wäre es wieder cool, die Bilder zu sehen. Bilder, finde ich, machen auch eine Menge aus für die Glaubwürdigkeit.",Vertrauen in Inhalt/System:generelles Vertrauen in Medien,Vertrauen in Inhalt/System,ARTIKEL 4 - PHASE 1: Erste Bewertung; T6
6,"Generell, finde ich, machen Zitate wieder eine Menge glaubwürdig.",Textinterne Begründungen,Textinterne Begründungen,ARTIKEL 4 - PHASE 1: Erste Bewertung; T6
6,"Generell, finde ich, machen Zitate wieder eine Menge glaubwürdig.",Vertrauen in Inhalt/System:generelles Vertrauen in Medien,Vertrauen in Inhalt/System,ARTIKEL 4 - PHASE 1: Erste Bewertung; T6
6,Aber zu viele Zitate nehmen dann wieder schon von diesem Aspekt einfach weg.,Textinterne Begründungen,Textinterne Begründungen,ARTIKEL 4 - PHASE 1: Erste Bewertung; T6
6,Aber zu viele Zitate nehmen dann wieder schon von diesem Aspekt einfach weg.,Vertrauen in Inhalt/System:Zweifel an Verifikation,Vertrauen in Inhalt/System,ARTIKEL 4 - PHASE 1: Erste Bewertung; T6
6,"Schon wieder so lebendig geschrieben, die ganze Zeit. Weiß ich nicht.",Heuristische Bewertung:Sprache/Stil,Heuristische Bewertung,ARTIKEL 4 - PHASE 1: Erste Bewertung; T6
6,"Schon wieder so lebendig geschrieben, die ganze Zeit. Weiß ich nicht.",Kognitive Unsicherheit:explizite Unsicherheit,Kognitive Unsicherheit,ARTIKEL 4 - PHASE 1: Erste Bewertung; T6
6,"Es ist schon wieder so ein Großteil, dass die das so bildlich schreiben.",Heuristische Bewertung:Sprache/Stil,Heuristische Bewertung,ARTIKEL 4 - PHASE 1: Erste Bewertung; T6
6,"Es ist schon wieder so ein Großteil, dass die das so bildlich schreiben.",Vertrauen in Inhalt/System:Zweifel an Verifikation,Vertrauen in Inhalt/System,ARTIKEL 4 - PHASE 1: Erste Bewertung; T6
6,Fühlt sich gar nicht glaubwürdig an.,Vertrauen in Inhalt/System:Zweifel an Verifikation,Vertrauen in Inhalt/System,ARTIKEL 4 - PHASE 1: Erste Bewertung; T6
6,Fühlt sich gar nicht glaubwürdig an.,Heuristische Bewertung:Bauchgefühl,Heuristische Bewertung,ARTIKEL 4 - PHASE 1: Erste Bewertung; T6
6,Aber das Ende macht es ein bisschen glaubwürdig her.,Vertrauen in Inhalt/System:generelles Vertrauen in Medien,Vertrauen in Inhalt/System,ARTIKEL 4 - PHASE 1: Erste Bewertung; T6
6,Aber das Ende macht es ein bisschen glaubwürdig her.,Textinterne Begründungen,Textinterne Begründungen,ARTIKEL 4 - PHASE 1: Erste Bewertung; T6
6,"Frage ist ... Ja, na ja. Sagen wir mal, na ja.",Kognitive Unsicherheit:explizite Unsicherheit,Kognitive Unsicherheit,ARTIKEL 4 - PHASE 1: Erste Bewertung; T6; Fragebogen Artikel 4:
6,"Ich bin nicht sehr unsicher, bin ich ehrlich. Ja, doch, schon sehr unsicher.",Kognitive Unsicherheit:explizite Unsicherheit,Kognitive Unsicherheit,ARTIKEL 4 - PHASE 1: Erste Bewertung; T6; Fragebogen Artikel 4:
6,Es war schon sehr emotional.,Affektive Reaktionen:emotionale Ablehnung,Affektive Reaktionen,ARTIKEL 4 - PHASE 1: Erste Bewertung; T6; Fragebogen Artikel 4:
6,Es war schon sehr emotional.,Heuristische Bewertung:Sprache/Stil,Heuristische Bewertung,ARTIKEL 4 - PHASE 1: Erste Bewertung; T6; Fragebogen Artikel 4:
6,Es war schon sehr emotional.,,,ARTIKEL 4 - PHASE 1: Erste Bewertung; T6; Fragebogen Artikel 4:
6,"Ich kann jetzt nicht den ganzen Text gucken und fragen, ist das real oder?",Verifikationsnutzung:aktive Prüfung mit Chatbot,Verifikationsnutzung,ARTIKEL 4 - PHASE 1: Erste Bewertung; T6; Fragebogen Artikel 4:
6,"Ich kann jetzt nicht den ganzen Text gucken und fragen, ist das real oder?",Kognitive Unsicherheit:explizite Unsicherheit,Kognitive Unsicherheit,ARTIKEL 4 - PHASE 1: Erste Bewertung; T6; Fragebogen Artikel 4:
6,"Ja, weil ich weiß, ChatGPT hat manchmal eine Maximalanzahl an Wörtern und so.",Begründungsnarrative:Argument: persönliche Erfahrung,Begründungsnarrative,ARTIKEL 4 - PHASE 1: Erste Bewertung; T6; Fragebogen Artikel 4:
6,"Ja, weil ich weiß, ChatGPT hat manchmal eine Maximalanzahl an Wörtern und so.",Vertrauen in Inhalt/System:Zweifel an Verifikation,Vertrauen in Inhalt/System,ARTIKEL 4 - PHASE 1: Erste Bewertung; T6; Fragebogen Artikel 4:
6,"Ah, okay. Mehr würde ich eigentlich den Chatbot nicht fragen.",Verifikationsnutzung:passive Übernahme,Verifikationsnutzung,ARTIKEL 4 - PHASE 1: Erste Bewertung; T6; Fragebogen Artikel 4:
6,"Ah, okay. Mehr würde ich eigentlich den Chatbot nicht fragen.",Metakognitive Reflexion,Metakognitive Reflexion,ARTIKEL 4 - PHASE 1: Erste Bewertung; T6; Fragebogen Artikel 4:
6,"Wenn ich keine Quellen angegeben hatte, dann einfach hier drücken, oder?",Epistemische Strategien:Faktenprüfung,Epistemische Strategien,ARTIKEL 4 - PHASE 1: Erste Bewertung; T6; Fragebogen Artikel 4:
6,"Wenn ich keine Quellen angegeben hatte, dann einfach hier drücken, oder?",Kognitive Unsicherheit:explizite Unsicherheit,Kognitive Unsicherheit,ARTIKEL 4 - PHASE 1: Erste Bewertung; T6; Fragebogen Artikel 4:
6,"Wenn ich keine Quellen angegeben hatte, dann einfach hier drücken, oder?",,,ARTIKEL 4 - PHASE 1: Erste Bewertung; T6; Fragebogen Artikel 4:
6,"Halt immer die Anfangsfrage erst mal fragen, ob alles klar ist.",Verifikationsnutzung:aktive Prüfung mit Chatbot,Verifikationsnutzung,ARTIKEL 4 - PHASE 1: Erste Bewertung; T6; Fragebogen Artikel 4:
6,"Halt immer die Anfangsfrage erst mal fragen, ob alles klar ist.",Metakognitive Reflexion,Metakognitive Reflexion,ARTIKEL 4 - PHASE 1: Erste Bewertung; T6; Fragebogen Artikel 4:
6,"Wenn ich mir jetzt wieder sage, es gibt nichts, dann wird nachgedacht.",Verifikationsnutzung:kritisches Hinterfragen von KI-Antwort,Verifikationsnutzung,ARTIKEL 4 - PHASE 1: Erste Bewertung; T6; Fragebogen Artikel 4:
6,"Wenn ich mir jetzt wieder sage, es gibt nichts, dann wird nachgedacht.",Kognitive Unsicherheit:explizite Unsicherheit,Kognitive Unsicherheit,ARTIKEL 4 - PHASE 1: Erste Bewertung; T6; Fragebogen Artikel 4:
6,Ich habe mir jetzt nicht wirklich was gebraucht.,Verifikationsnutzung:kritisches Hinterfragen von KI-Antwort,Verifikationsnutzung,ARTIKEL 4 - PHASE 1: Erste Bewertung; T6; Fragebogen Artikel 4:
6,Ich habe mir jetzt nicht wirklich was gebraucht.,Vertrauen in Inhalt/System:Zweifel an Verifikation,Vertrauen in Inhalt/System,ARTIKEL 4 - PHASE 1: Erste Bewertung; T6; Fragebogen Artikel 4:
6,Nicht wirklich hilfreich.,Vertrauen in Inhalt/System:Zweifel an Verifikation,Vertrauen in Inhalt/System,ARTIKEL 4 - PHASE 1: Erste Bewertung; T6; Fragebogen Artikel 4:
6,Nicht wirklich hilfreich.,Verifikationsnutzung:kritisches Hinterfragen von KI-Antwort,Verifikationsnutzung,ARTIKEL 4 - PHASE 1: Erste Bewertung; T6; Fragebogen Artikel 4:
6,Nicht wirklich hilfreich.,,,ARTIKEL 4 - PHASE 1: Erste Bewertung; T6; Fragebogen Artikel 4:
6,Hätte ich jetzt auch nicht gefunden.,Epistemische Strategien:Faktenprüfung,Epistemische Strategien,ARTIKEL 4 - PHASE 1: Erste Bewertung; T6; Fragebogen Artikel 4:
6,Hätte ich jetzt auch nicht gefunden.,Vertrauen in Inhalt/System:Zweifel an Verifikation,Vertrauen in Inhalt/System,ARTIKEL 4 - PHASE 1: Erste Bewertung; T6; Fragebogen Artikel 4:
6,Ich habe keine Quellen bekommen.,Epistemische Strategien:Faktenprüfung,Epistemische Strategien,ARTIKEL 4 - PHASE 1: Erste Bewertung; T6; Fragebogen Artikel 4:
6,Ich habe keine Quellen bekommen.,Vertrauen in Inhalt/System:Zweifel an Verifikation,Vertrauen in Inhalt/System,ARTIKEL 4 - PHASE 1: Erste Bewertung; T6; Fragebogen Artikel 4:
6,Ich habe ja keine bekommen. Wirklich.,Vertrauen in Inhalt/System:Zweifel an Verifikation,Vertrauen in Inhalt/System,ARTIKEL 4 - PHASE 1: Erste Bewertung; T6; Fragebogen Artikel 4:
6,Ich habe ja keine bekommen. Wirklich.,Affektive Reaktionen:emotionale Ablehnung,Affektive Reaktionen,ARTIKEL 4 - PHASE 1: Erste Bewertung; T6; Fragebogen Artikel 4:
6,Ich habe ja keine bekommen. Wirklich.,,,ARTIKEL 4 - PHASE 1: Erste Bewertung; T6; Fragebogen Artikel 4:
6,Weil ich muss dann sogar so langsam dann wieder weg.,Begründungsnarrative:Argument: persönliche Erfahrung,Begründungsnarrative,ARTIKEL 4 - PHASE 1: Erste Bewertung; T6; Fragebogen Artikel 4:
6,"Dann würde ich die ganze Zeit eh über Quellen fragen. Aber wenn du mir keine liefert, schlecht, ganz schlecht.",Vertrauen in Inhalt/System:Zweifel an Verifikation,Vertrauen in Inhalt/System,ARTIKEL 4 - PHASE 1: Erste Bewertung; T6; Fragebogen Artikel 4:
6,"Dann würde ich die ganze Zeit eh über Quellen fragen. Aber wenn du mir keine liefert, schlecht, ganz schlecht.",Verifikationsnutzung:kritisches Hinterfragen von KI-Antwort,Verifikationsnutzung,ARTIKEL 4 - PHASE 1: Erste Bewertung; T6; Fragebogen Artikel 4:
6,So hilfreich war die jetzt auch nicht.,Vertrauen in Inhalt/System:Zweifel an Verifikation,Vertrauen in Inhalt/System,ARTIKEL 4 - PHASE 1: Erste Bewertung; T6; Fragebogen Artikel 4:
6,So hilfreich war die jetzt auch nicht.,Verifikationsnutzung:kritisches Hinterfragen von KI-Antwort,Verifikationsnutzung,ARTIKEL 4 - PHASE 1: Erste Bewertung; T6; Fragebogen Artikel 4:
6,"Ich erinnere mich, dass du mir jetzt beziehungsweise ein bisschen beantwortest.",Verifikationsnutzung:passive Übernahme,Verifikationsnutzung,ARTIKEL 4 - PHASE 1: Erste Bewertung; T6; Fragebogen Artikel 4:
6,"Ich erinnere mich, dass du mir jetzt beziehungsweise ein bisschen beantwortest.",Kognitive Unsicherheit:explizite Unsicherheit,Kognitive Unsicherheit,ARTIKEL 4 - PHASE 1: Erste Bewertung; T6; Fragebogen Artikel 4:
6,"Nein, das würde ich jetzt nicht sagen.",Verifikationsnutzung:kritisches Hinterfragen von KI-Antwort,Verifikationsnutzung,ARTIKEL 4 - PHASE 1: Erste Bewertung; T6; Fragebogen Artikel 4:
6,"Nein, das würde ich jetzt nicht sagen.",Verhaltensänderung:keine Veränderung / Fixierung,Verhaltensänderung,ARTIKEL 4 - PHASE 1: Erste Bewertung; T6; Fragebogen Artikel 4:
6,"Nein, das würde ich jetzt nicht sagen.",,,ARTIKEL 4 - PHASE 1: Erste Bewertung; T6; Fragebogen Artikel 4:
6,Ich habe immer noch keine Quellen bekommen.,Vertrauen in Inhalt/System:Zweifel an Verifikation,Vertrauen in Inhalt/System,ARTIKEL 4 - PHASE 1: Erste Bewertung; T6; Fragebogen Artikel 4:
6,Ich habe immer noch keine Quellen bekommen.,Epistemische Strategien:Faktenprüfung,Epistemische Strategien,ARTIKEL 4 - PHASE 1: Erste Bewertung; T6; Fragebogen Artikel 4:
6,"Ja, eigentlich schon nicht ganz weit. Naja, bis auf die letzten.",Metakognitive Reflexion,Metakognitive Reflexion,ARTIKEL 4 - PHASE 1: Erste Bewertung; T6; Fragebogen Artikel 4:
6,"Ja, eigentlich schon nicht ganz weit. Naja, bis auf die letzten.",Kognitive Unsicherheit:explizite Unsicherheit,Kognitive Unsicherheit,ARTIKEL 4 - PHASE 1: Erste Bewertung; T6; Fragebogen Artikel 4:
6,Insgesamt vertraut ja.,Vertrauen in Inhalt/System:Vertrauen in Chatbot/KI,Vertrauen in Inhalt/System,ARTIKEL 4 - PHASE 1: Erste Bewertung; T6; Fragebogen Artikel 4:
6,Nicht unbedingt. Nö.,Verhaltensänderung:keine Veränderung / Fixierung,Verhaltensänderung,ARTIKEL 4 - PHASE 1: Erste Bewertung; T6; Fragebogen Artikel 4:
6,Absolut unwahrscheinlich. Wenn es keine Quellen gab.,Vertrauen in Inhalt/System:Zweifel an Verifikation,Vertrauen in Inhalt/System,ARTIKEL 4 - PHASE 1: Erste Bewertung; T6; Fragebogen Artikel 4:
6,Absolut unwahrscheinlich. Wenn es keine Quellen gab.,Begründungsnarrative:Argument: Inhalt vs. Quelle,Begründungsnarrative,ARTIKEL 4 - PHASE 1: Erste Bewertung; T6; Fragebogen Artikel 4:
6,"Ja, ich bin nicht so alt. Was bin ich? Ich hab noch halbe Tür.",Begründungsnarrative:Argument: persönliche Erfahrung,Begründungsnarrative,ARTIKEL 4 - PHASE 1: Erste Bewertung; T6; Fragebogen Artikel 4:
6,"Ja, ich bin nicht so alt. Was bin ich? Ich hab noch halbe Tür.",Affektive Reaktionen:Belustigung,Affektive Reaktionen,ARTIKEL 4 - PHASE 1: Erste Bewertung; T6; Fragebogen Artikel 4:
6,"Ja, eher so. Ich würde an sich fünf sagen. Kommt darauf an, bei welchen Themen.",Kognitive Unsicherheit:explizite Unsicherheit,Kognitive Unsicherheit,ARTIKEL 4 - PHASE 1: Erste Bewertung; T6; Fragebogen Artikel 4:
6,"Ja, eher so. Ich würde an sich fünf sagen. Kommt darauf an, bei welchen Themen.",Metakognitive Reflexion,Metakognitive Reflexion,ARTIKEL 4 - PHASE 1: Erste Bewertung; T6; Fragebogen Artikel 4:
6,Ja. Absolut. Perfekt.,Affektive Reaktionen:Zustimmung / Zustimmungssignale,Affektive Reaktionen,ARTIKEL 4 - PHASE 1: Erste Bewertung; T6; Fragebogen Artikel 4:
6,Ja. Absolut. Perfekt.,,,ARTIKEL 4 - PHASE 1: Erste Bewertung; T6; Fragebogen Artikel 4:
