person_id,text_segment,annotation,category,memo
person13,"Einmal kurz durchlesen. Es geht eben in dieser Phase darum, dass du die vier Nachrichtenartikel durchläst.",<<Metakognitive Reflexion>>,<<Metakognitive Reflexion>>,
person13,"Jo. Ja, kann ich auch. Hatte ich.",<<Affektive Reaktionen:Zustimmung / Zustimmungssignale>>,<<Affektive Reaktionen,Zustimmung / Zustimmungssignale>>
person13,"Bisher kommt es mir ein bisschen suspekt vor, muss ich sagen.",<<Heuristische Bewertung:Bauchgefühl>>,<<Heuristische Bewertung,Bauchgefühl>>
person13,"Bisher kommt es mir ein bisschen suspekt vor, muss ich sagen.",<<Affektive Reaktionen:Unsicherheit>>,<<Affektive Reaktionen,Unsicherheit>>
person13,"Ich muss sagen, dass ich nicht komplett up-to-date bin, was Ukraine und Russlandkrieg betrifft.",<<Begründungsnarrative:Argument: persönliche Erfahrung>>,<<Begründungsnarrative,Argument: persönliche Erfahrung>>
person13,"Ich muss sagen, dass ich nicht komplett up-to-date bin, was Ukraine und Russlandkrieg betrifft.",<<Heuristische Bewertung:Bekanntheit des Themas>>,<<Heuristische Bewertung,Bekanntheit des Themas>>
person13,Und ich finde es irgendwie ein bisschen komisch geschrieben.,<<Heuristische Bewertung:Sprache/Stil>>,<<Heuristische Bewertung,Sprache/Stil>>
person13,Und ich finde es irgendwie ein bisschen komisch geschrieben.,<<Begründungsnarrative:Argument: Sprache/Stil>>,<<Begründungsnarrative,Argument: Sprache/Stil>>
person13,"Mhm. Irgendwie meine ich, das mit diesem Haftbefehl gegen Putin mitbekommen zu haben.",<<Begründungsnarrative:Argument: persönliche Erfahrung>>,<<Begründungsnarrative,Argument: persönliche Erfahrung>>
person13,"Mhm. Irgendwie meine ich, das mit diesem Haftbefehl gegen Putin mitbekommen zu haben.",<<Epistemische Strategien:Kontextwissen>>,<<Epistemische Strategien,Kontextwissen>>
person13,"Das mit diesem halb ukrainisch, halb international kommt mir irgendwie ein bisschen merkwürdig vor.",<<Begründungsnarrative:Argument: gesellschaftlicher Kontext>>,<<Begründungsnarrative,Argument: gesellschaftlicher Kontext>>
person13,"Das mit diesem halb ukrainisch, halb international kommt mir irgendwie ein bisschen merkwürdig vor.",<<Kognitive Unsicherheit:Widersprüche erkannt>>,<<Kognitive Unsicherheit,Widersprüche erkannt>>
person13,"Also ich bin irgendwie... Ich finde den Artikel sehr suspekt, irgendwie. Mhm.",<<Heuristische Bewertung:Bauchgefühl>>,<<Heuristische Bewertung,Bauchgefühl>>
person13,"Also ich bin irgendwie... Ich finde den Artikel sehr suspekt, irgendwie. Mhm.",<<Affektive Reaktionen:Unsicherheit>>,<<Affektive Reaktionen,Unsicherheit>>
person13,Mir sind irgendwie zu wenig komplett konkrete Informationen drin.,<<Begründungsnarrative:Argument: Inhalt vs. Quelle>>,<<Begründungsnarrative,Argument: Inhalt vs. Quelle>>
person13,Mir sind irgendwie zu wenig komplett konkrete Informationen drin.,<<Textinterne Begründungen>>,<<Textinterne Begründungen>>,
person13,"Ich glaube zwar, dass ein paar einzelne Sachen wahr sind. Mhm.",<<Epistemische Strategien:Plausibilitätsabwägung>>,<<Epistemische Strategien,Plausibilitätsabwägung>>
person13,"Ich glaube zwar, dass ein paar einzelne Sachen wahr sind. Mhm.",<<Kognitive Unsicherheit:explizite Unsicherheit>>,<<Kognitive Unsicherheit,explizite Unsicherheit>>
person13,Aber so im Allgemeinen wirkt es mir irgendwie fake.,<<Begründungsnarrative:Argument: Inhalt vs. Quelle>>,<<Begründungsnarrative,Argument: Inhalt vs. Quelle>>
person13,Aber so im Allgemeinen wirkt es mir irgendwie fake.,<<Vertrauen in Inhalt/System:generelles Misstrauen gegenüber Medieninhalten>>,<<Vertrauen in Inhalt/System,generelles Misstrauen gegenüber Medieninhalten>>
person13,"Hier bei viertens soll ich einfach bloß sagen, wie stark mich das beeinflusst hat.",<<Metakognitive Reflexion>>,<<Metakognitive Reflexion>>,
person13,Also quasi eins ist wenig beeinflusst und sieben ist sehr beeinflusst.,<<Metakognitive Reflexion>>,<<Metakognitive Reflexion>>,
person13,Das mit der Le Pen habe ich mitbekommen.,<<Begründungsnarrative:Argument: persönliche Erfahrung>>,<<Begründungsnarrative,Argument: persönliche Erfahrung>>
person13,Das mit der Le Pen habe ich mitbekommen.,<<Epistemische Strategien:Kontextwissen>>,<<Epistemische Strategien,Kontextwissen>>
person13,Also bisher wirkt es nicht fake. Mhm.,<<Heuristische Bewertung:Bauchgefühl>>,<<Heuristische Bewertung,Bauchgefühl>>
person13,Also bisher wirkt es nicht fake. Mhm.,<<Vertrauen in Inhalt/System:generelles Vertrauen in Medien>>,<<Vertrauen in Inhalt/System,generelles Vertrauen in Medien>>
person13,"Ich glaube zwar, dass dieser Absatz hier im Kern stimmt, aber ich finde die Ausdrucksweise ein bisschen merkwürdig.",<<Epistemische Strategien:Plausibilitätsabwägung>>,<<Epistemische Strategien,Plausibilitätsabwägung>>
person13,"Ich glaube zwar, dass dieser Absatz hier im Kern stimmt, aber ich finde die Ausdrucksweise ein bisschen merkwürdig.",<<Begründungsnarrative:Argument: Sprache/Stil>>,<<Begründungsnarrative,Argument: Sprache/Stil>>
person13,Mit dem großen Selbstbedienungsladen oder dem fetten Polster. Das kommt mir eher unsachlich vor.,<<Textinterne Begründungen>>,<<Textinterne Begründungen>>,
person13,Mit dem großen Selbstbedienungsladen oder dem fetten Polster. Das kommt mir eher unsachlich vor.,<<Heuristische Bewertung:Sprache/Stil>>,<<Heuristische Bewertung,Sprache/Stil>>
person13,"Ja. Sehr unsachlich wirkt mir auch, dass hier Ich vorkommt.",<<Begründungsnarrative:Argument: Sprache/Stil>>,<<Begründungsnarrative,Argument: Sprache/Stil>>
person13,"Ja. Sehr unsachlich wirkt mir auch, dass hier Ich vorkommt.",<<Heuristische Bewertung:Sprache/Stil>>,<<Heuristische Bewertung,Sprache/Stil>>
person13,Dass sich der Autor selbst nannt.,<<Textinterne Begründungen>>,<<Textinterne Begründungen>>,
person13,Dass sich der Autor selbst nannt.,<<Begründungsnarrative:Argument: vermeintliche Objektivität>>,<<Begründungsnarrative,Argument: vermeintliche Objektivität>>
person13,Mhm. Der Absatz wirkt mir wieder ein bisschen sachlicher.,<<Heuristische Bewertung:Sprache/Stil>>,<<Heuristische Bewertung,Sprache/Stil>>
person13,Mhm. Der Absatz wirkt mir wieder ein bisschen sachlicher.,<<Metakognitive Reflexion>>,<<Metakognitive Reflexion>>,
person13,"Aktuell kann ich mir vorstellen, dass der Artikel schon so existiert.",<<Epistemische Strategien:Plausibilitätsabwägung>>,<<Epistemische Strategien,Plausibilitätsabwägung>>
person13,"Aktuell kann ich mir vorstellen, dass der Artikel schon so existiert.",<<Vertrauen in Inhalt/System:generelles Vertrauen in Medien>>,<<Vertrauen in Inhalt/System,generelles Vertrauen in Medien>>
person13,"Ach so. Okay, aber...",<<Affektive Reaktionen:Überraschung>>,<<Affektive Reaktionen,Überraschung>>
person13,"Ach so. Okay, aber...",<<Metakognitive Reflexion>>,<<Metakognitive Reflexion>>,
person13,"Alles sind reale Artikel, nur mit unterschiedlicher Glaubwürdigkeit.",<<Metakognitive Reflexion>>,<<Metakognitive Reflexion>>,
person13,Okay. Ja. Also der kommt mir irgendwie glaubwürdiger vor als der andere.,<<Vergleichende Bewertung>>,<<Vergleichende Bewertung>>,
person13,Okay. Ja. Also der kommt mir irgendwie glaubwürdiger vor als der andere.,<<Heuristische Bewertung:Bauchgefühl>>,<<Heuristische Bewertung,Bauchgefühl>>
person13,Mhm. Aber definitiv viel unsachlicher.,<<Heuristische Bewertung:Sprache/Stil>>,<<Heuristische Bewertung,Sprache/Stil>>
person13,Mhm. Aber definitiv viel unsachlicher.,<<Vergleichende Bewertung>>,<<Vergleichende Bewertung>>,
person13,"Daran, dass ich es sehr glaubwürdig finde.",<<Vertrauen in Inhalt/System:generelles Vertrauen in Medien>>,<<Vertrauen in Inhalt/System,generelles Vertrauen in Medien>>
person13,"Daran, dass ich es sehr glaubwürdig finde.",<<Metakognitive Reflexion>>,<<Metakognitive Reflexion>>,
person13,"Weil da eben Sachen vorkommen, die ich auch mitbekommen habe.",<<Begründungsnarrative:Argument: persönliche Erfahrung>>,<<Begründungsnarrative,Argument: persönliche Erfahrung>>
person13,"Weil da eben Sachen vorkommen, die ich auch mitbekommen habe.",<<Epistemische Strategien:Kontextwissen>>,<<Epistemische Strategien,Kontextwissen>>
person13,Das mit dem rumänischen Beinahe-Wahlsieger. Das mit dem Verbot der AfD.,<<Textinterne Begründungen>>,<<Textinterne Begründungen>>,
person13,Das mit dem rumänischen Beinahe-Wahlsieger. Das mit dem Verbot der AfD.,<<Epistemische Strategien:Kontextwissen>>,<<Epistemische Strategien,Kontextwissen>>
person13,"Okay, also Gesamteindruck ist tendenziell glaubwürdig.",<<Vertrauen in Inhalt/System:generelles Vertrauen in Medien>>,<<Vertrauen in Inhalt/System,generelles Vertrauen in Medien>>
person13,"Okay, also Gesamteindruck ist tendenziell glaubwürdig.",<<Heuristische Bewertung:Bauchgefühl>>,<<Heuristische Bewertung,Bauchgefühl>>
person13,Mir ist irgendwie die Überschrift viel zu nichtssagend.,<<Begründungsnarrative:Argument: Sprache/Stil>>,<<Begründungsnarrative,Argument: Sprache/Stil>>
person13,Mir ist irgendwie die Überschrift viel zu nichtssagend.,<<Heuristische Bewertung:Sprache/Stil>>,<<Heuristische Bewertung,Sprache/Stil>>
person13,Das macht mich erst mal ein bisschen skeptisch. Mhm.,<<Affektive Reaktionen:Unsicherheit>>,<<Affektive Reaktionen,Unsicherheit>>
person13,Das macht mich erst mal ein bisschen skeptisch. Mhm.,<<Heuristische Bewertung:Bauchgefühl>>,<<Heuristische Bewertung,Bauchgefühl>>
person13,Ich höre dich die ganze Zeit. Ich muss nur kurz lächeln.,<<Affektive Reaktionen:Belustigung>>,<<Affektive Reaktionen,Belustigung>>
person13,Ich höre dich die ganze Zeit. Ich muss nur kurz lächeln.,<<Metakognitive Reflexion>>,<<Metakognitive Reflexion>>,
person13,"Der erste Teil, der kommt mir jetzt ein bisschen emotional vor.",<<Begründungsnarrative:Argument: Sprache/Stil>>,<<Begründungsnarrative,Argument: Sprache/Stil>>
person13,"Der erste Teil, der kommt mir jetzt ein bisschen emotional vor.",<<Heuristische Bewertung:Sprache/Stil>>,<<Heuristische Bewertung,Sprache/Stil>>
person13,Wo man explizit von dem schwachen Lächeln und dem enttäuschten Gefühl und so was erzählt.,<<Textinterne Begründungen>>,<<Textinterne Begründungen>>,
person13,Wo man explizit von dem schwachen Lächeln und dem enttäuschten Gefühl und so was erzählt.,<<Begründungsnarrative:Argument: Sprache/Stil>>,<<Begründungsnarrative,Argument: Sprache/Stil>>
person13,Mir kommt es schon tendenziell glaubwürdig vor.,<<Vertrauen in Inhalt/System:generelles Vertrauen in Medien>>,<<Vertrauen in Inhalt/System,generelles Vertrauen in Medien>>
person13,Mir kommt es schon tendenziell glaubwürdig vor.,<<Heuristische Bewertung:Bauchgefühl>>,<<Heuristische Bewertung,Bauchgefühl>>
person13,"Ich muss aber sagen, dass ich von dem World Press Photo Award nichts mitbekommen habe.",<<Begründungsnarrative:Argument: persönliche Erfahrung>>,<<Begründungsnarrative,Argument: persönliche Erfahrung>>
person13,"Ich muss aber sagen, dass ich von dem World Press Photo Award nichts mitbekommen habe.",<<Heuristische Bewertung:Bekanntheit des Themas>>,<<Heuristische Bewertung,Bekanntheit des Themas>>
person13,Ich kann es nicht mit Backgroundwissen begründen. Mhm.,<<Begründungsnarrative:Argument: persönliche Erfahrung>>,<<Begründungsnarrative,Argument: persönliche Erfahrung>>
person13,Ich kann es nicht mit Backgroundwissen begründen. Mhm.,<<Metakognitive Reflexion>>,<<Metakognitive Reflexion>>,
person13,Ich habe auch schon ein bisschen was von der russischen Propaganda mitbekommen.,<<Begründungsnarrative:Argument: gesellschaftlicher Kontext>>,<<Begründungsnarrative,Argument: gesellschaftlicher Kontext>>
person13,Ich habe auch schon ein bisschen was von der russischen Propaganda mitbekommen.,<<Epistemische Strategien:Kontextwissen>>,<<Epistemische Strategien,Kontextwissen>>
person13,"Mhm. Aber mir scheint es ein bisschen merkwürdig, dass russische Propaganda da ausgezeichnet worden ist.",<<Begründungsnarrative:Argument: Inhalt vs. Quelle>>,<<Begründungsnarrative,Argument: Inhalt vs. Quelle>>
person13,"Mhm. Aber mir scheint es ein bisschen merkwürdig, dass russische Propaganda da ausgezeichnet worden ist.",<<Kognitive Unsicherheit:Widersprüche erkannt>>,<<Kognitive Unsicherheit,Widersprüche erkannt>>
person13,"Was halt entgegen der Allgemeinmeinung ist, wenn man das so sagen kann. Mhm.",<<Begründungsnarrative:Argument: gesellschaftlicher Kontext>>,<<Begründungsnarrative,Argument: gesellschaftlicher Kontext>>
person13,"Was halt entgegen der Allgemeinmeinung ist, wenn man das so sagen kann. Mhm.",<<Epistemische Strategien:Plausibilitätsabwägung>>,<<Epistemische Strategien,Plausibilitätsabwägung>>
person13,"Also ich kann nicht beurteilen, ob das einfach was ist, wo man auf Emotionen von den Lesern gegangen ist.",<<Metakognitive Reflexion>>,<<Metakognitive Reflexion>>,
person13,"Also ich kann nicht beurteilen, ob das einfach was ist, wo man auf Emotionen von den Lesern gegangen ist.",<<Kognitive Unsicherheit:explizite Unsicherheit>>,<<Kognitive Unsicherheit,explizite Unsicherheit>>
person13,Und deswegen eher unglaubwürdig ist.,<<Epistemische Strategien:Plausibilitätsabwägung>>,<<Epistemische Strategien,Plausibilitätsabwägung>>
person13,Und deswegen eher unglaubwürdig ist.,<<Vertrauen in Inhalt/System:generelles Misstrauen gegenüber Medieninhalten>>,<<Vertrauen in Inhalt/System,generelles Misstrauen gegenüber Medieninhalten>>
person13,"Ich finde aber direkte Zitate und Namenennungen und so was, das trägt schon zur Glaubwürdigkeit bei.",<<Textinterne Begründungen>>,<<Textinterne Begründungen>>,
person13,"Ich finde aber direkte Zitate und Namenennungen und so was, das trägt schon zur Glaubwürdigkeit bei.",<<Begründungsnarrative:Argument: Inhalt vs. Quelle>>,<<Begründungsnarrative,Argument: Inhalt vs. Quelle>>
person13,"Ganz ein bisschen merkwürdig, dass jetzt erst zu spät erklärt wird, was man auf diesen Bildern sieht.",<<Begründungsnarrative:Argument: Struktur und Logik>>,<<Begründungsnarrative,Argument: Struktur und Logik>>
person13,"Ganz ein bisschen merkwürdig, dass jetzt erst zu spät erklärt wird, was man auf diesen Bildern sieht.",<<Kognitive Unsicherheit:Widersprüche erkannt>>,<<Kognitive Unsicherheit,Widersprüche erkannt>>
person13,"Und davor halt die ganze Zeit auf Emotionen gegangen ist und krass betont worden ist, dass das russische Propaganda ist. Mhm.",<<Begründungsnarrative:Argument: Sprache/Stil>>,<<Begründungsnarrative,Argument: Sprache/Stil>>
person13,"Und davor halt die ganze Zeit auf Emotionen gegangen ist und krass betont worden ist, dass das russische Propaganda ist. Mhm.",<<Textinterne Begründungen>>,<<Textinterne Begründungen>>,
person13,Aber ich finde den Text generell recht gut geschrieben.,<<Heuristische Bewertung:Sprache/Stil>>,<<Heuristische Bewertung,Sprache/Stil>>
person13,Aber ich finde den Text generell recht gut geschrieben.,<<Affektive Reaktionen:Zustimmung / Zustimmungssignale>>,<<Affektive Reaktionen,Zustimmung / Zustimmungssignale>>
person13,Also gut formuliert und so was. Das trägt schon zur Glaubwürdigkeit bei. Mhm.,<<Begründungsnarrative:Argument: Sprache/Stil>>,<<Begründungsnarrative,Argument: Sprache/Stil>>
person13,Also gut formuliert und so was. Das trägt schon zur Glaubwürdigkeit bei. Mhm.,<<Vertrauen in Inhalt/System:generelles Vertrauen in Medien>>,<<Vertrauen in Inhalt/System,generelles Vertrauen in Medien>>
person13,"Ob es jetzt komplett sachlich ist? Ich glaube, dass es doch ein bisschen emotional aufgeladen ist, der ganze Artikel.",<<Begründungsnarrative:Argument: Sprache/Stil>>,<<Begründungsnarrative,Argument: Sprache/Stil>>
person13,"Ob es jetzt komplett sachlich ist? Ich glaube, dass es doch ein bisschen emotional aufgeladen ist, der ganze Artikel.",<<Epistemische Strategien:Plausibilitätsabwägung>>,<<Epistemische Strategien,Plausibilitätsabwägung>>
person13,Und hier sind halt wieder ziemlich Emotionen drin.,<<Textinterne Begründungen>>,<<Textinterne Begründungen>>,
person13,Und hier sind halt wieder ziemlich Emotionen drin.,<<Heuristische Bewertung:Sprache/Stil>>,<<Heuristische Bewertung,Sprache/Stil>>
person13,"Dass man halt noch erklärt, dass er im sechsten Monat schwanger ist, als er geflohen wurde, äh, geflohen ist.",<<Textinterne Begründungen>>,<<Textinterne Begründungen>>,
person13,"Dass man halt noch erklärt, dass er im sechsten Monat schwanger ist, als er geflohen wurde, äh, geflohen ist.",<<Begründungsnarrative:Argument: Sprache/Stil>>,<<Begründungsnarrative,Argument: Sprache/Stil>>
person13,Aber so persönliche Beispiele tragen schon zur Glaubwürdigkeit bei. Mhm.,<<Begründungsnarrative:Argument: Inhalt vs. Quelle>>,<<Begründungsnarrative,Argument: Inhalt vs. Quelle>>
person13,Aber so persönliche Beispiele tragen schon zur Glaubwürdigkeit bei. Mhm.,<<Epistemische Strategien:Plausibilitätsabwägung>>,<<Epistemische Strategien,Plausibilitätsabwägung>>
person13,Also vor allem zum Schluss raus kommt es mir sehr gut geschrieben vor.,<<Heuristische Bewertung:Sprache/Stil>>,<<Heuristische Bewertung,Sprache/Stil>>
person13,Also vor allem zum Schluss raus kommt es mir sehr gut geschrieben vor.,<<Metakognitive Reflexion>>,<<Metakognitive Reflexion>>,
person13,Also tendenziell doch wieder sachlicher.,<<Heuristische Bewertung:Sprache/Stil>>,<<Heuristische Bewertung,Sprache/Stil>>
person13,Also tendenziell doch wieder sachlicher.,<<Vergleichende Bewertung>>,<<Vergleichende Bewertung>>,
person13,Also allgemein wirkt mir der Artikel sehr schlüssig und doch sehr glaubwürdig.,<<Begründungsnarrative:Argument: Struktur und Logik>>,<<Begründungsnarrative,Argument: Struktur und Logik>>
person13,Also allgemein wirkt mir der Artikel sehr schlüssig und doch sehr glaubwürdig.,<<Vertrauen in Inhalt/System:generelles Vertrauen in Medien>>,<<Vertrauen in Inhalt/System,generelles Vertrauen in Medien>>
person13,Also die Überschrift ist schon mal ein bisschen ausführlicher.,<<Heuristische Bewertung:visuelle Einschätzung>>,<<Heuristische Bewertung,visuelle Einschätzung>>
person13,Also die Überschrift ist schon mal ein bisschen ausführlicher.,<<Vergleichende Bewertung>>,<<Vergleichende Bewertung>>,
person13,Aber macht mich erst mal stutzig. Mhm.,<<Affektive Reaktionen:Unsicherheit>>,<<Affektive Reaktionen,Unsicherheit>>
person13,Aber macht mich erst mal stutzig. Mhm.,<<Heuristische Bewertung:Bauchgefühl>>,<<Heuristische Bewertung,Bauchgefühl>>
person13,"Okay, der erste Absatz macht es nicht besser.",<<Heuristische Bewertung:Sprache/Stil>>,<<Heuristische Bewertung,Sprache/Stil>>
person13,"Okay, der erste Absatz macht es nicht besser.",<<Affektive Reaktionen:emotionale Ablehnung>>,<<Affektive Reaktionen,emotionale Ablehnung>>
person13,"Ich bin sehr skeptisch, muss ich sagen.",<<Affektive Reaktionen:Unsicherheit>>,<<Affektive Reaktionen,Unsicherheit>>
person13,"Ich bin sehr skeptisch, muss ich sagen.",<<Heuristische Bewertung:Bauchgefühl>>,<<Heuristische Bewertung,Bauchgefühl>>
person13,"Aber ich glaube, dass das halt von einem Russen geschrieben worden ist, der versucht, quasi sein Volk zu verteidigen.",<<Begründungsnarrative:Argument: gesellschaftlicher Kontext>>,<<Begründungsnarrative,Argument: gesellschaftlicher Kontext>>
person13,"Aber ich glaube, dass das halt von einem Russen geschrieben worden ist, der versucht, quasi sein Volk zu verteidigen.",<<Epistemische Strategien:Plausibilitätsabwägung>>,<<Epistemische Strategien,Plausibilitätsabwägung>>
person13,Also es scheint mir schon emotional aufgeladen. Mhm.,<<Heuristische Bewertung:Sprache/Stil>>,<<Heuristische Bewertung,Sprache/Stil>>
person13,Also es scheint mir schon emotional aufgeladen. Mhm.,<<Begründungsnarrative:Argument: Sprache/Stil>>,<<Begründungsnarrative,Argument: Sprache/Stil>>
person13,Also hier kann ich jetzt nicht auf historisches Wissen zurückgreifen.,<<Begründungsnarrative:Argument: persönliche Erfahrung>>,<<Begründungsnarrative,Argument: persönliche Erfahrung>>
person13,Also hier kann ich jetzt nicht auf historisches Wissen zurückgreifen.,<<Heuristische Bewertung:Bekanntheit des Themas>>,<<Heuristische Bewertung,Bekanntheit des Themas>>
person13,Also das ist mir alles unbekannt. Mhm.,<<Epistemische Strategien:Kontextwissen>>,<<Epistemische Strategien,Kontextwissen>>
person13,Also das ist mir alles unbekannt. Mhm.,<<Kognitive Unsicherheit:explizite Unsicherheit>>,<<Kognitive Unsicherheit,explizite Unsicherheit>>
person13,"Das wirkt mir irgendwie zu übertrieben, zu emotional.",<<Begründungsnarrative:Argument: Sprache/Stil>>,<<Begründungsnarrative,Argument: Sprache/Stil>>
person13,"Das wirkt mir irgendwie zu übertrieben, zu emotional.",<<Heuristische Bewertung:Sprache/Stil>>,<<Heuristische Bewertung,Sprache/Stil>>
person13,"Das ist auch total übertrieben, finde ich. Mhm.",<<Affektive Reaktionen:emotionale Ablehnung>>,<<Affektive Reaktionen,emotionale Ablehnung>>
person13,"Das ist auch total übertrieben, finde ich. Mhm.",<<Heuristische Bewertung:Sprache/Stil>>,<<Heuristische Bewertung,Sprache/Stil>>
person13,Ich finde das hier auch ein bisschen einseitig berichtet.,<<Begründungsnarrative:Argument: vermeintliche Objektivität>>,<<Begründungsnarrative,Argument: vermeintliche Objektivität>>
person13,Ich finde das hier auch ein bisschen einseitig berichtet.,<<Heuristische Bewertung:Sprache/Stil>>,<<Heuristische Bewertung,Sprache/Stil>>
person13,"Quasi nach dem Zweiten Weltkrieg, was die UDSSR für Deutschland getan haben soll. Mhm.",<<Textinterne Begründungen>>,<<Textinterne Begründungen>>,
person13,"Quasi nach dem Zweiten Weltkrieg, was die UDSSR für Deutschland getan haben soll. Mhm.",<<Epistemische Strategien:Kontextwissen>>,<<Epistemische Strategien,Kontextwissen>>
person13,"Weil ich denke mir halt, Ostdeutschland hat es damals längst nicht so gut gehabt als Westdeutschland.",<<Begründungsnarrative:Argument: gesellschaftlicher Kontext>>,<<Begründungsnarrative,Argument: gesellschaftlicher Kontext>>
person13,"Weil ich denke mir halt, Ostdeutschland hat es damals längst nicht so gut gehabt als Westdeutschland.",<<Epistemische Strategien:Kontextwissen>>,<<Epistemische Strategien,Kontextwissen>>
person13,"Es wirkt mir sehr wie Meinungsmache, sehr wie Propaganda.",<<Begründungsnarrative:Argument: vermeintliche Objektivität>>,<<Begründungsnarrative,Argument: vermeintliche Objektivität>>
person13,"Es wirkt mir sehr wie Meinungsmache, sehr wie Propaganda.",<<Heuristische Bewertung:Sprache/Stil>>,<<Heuristische Bewertung,Sprache/Stil>>
person13,Kommt mir nicht glaubwürdig vor.,<<Vertrauen in Inhalt/System:generelles Misstrauen gegenüber Medieninhalten>>,<<Vertrauen in Inhalt/System,generelles Misstrauen gegenüber Medieninhalten>>
person13,Kommt mir nicht glaubwürdig vor.,<<Heuristische Bewertung:Bauchgefühl>>,<<Heuristische Bewertung,Bauchgefühl>>
person13,"Und wir sind in Studienphase zwei, yay.",<<Affektive Reaktionen:Belustigung>>,<<Affektive Reaktionen,Belustigung>>
person13,"Und wir sind in Studienphase zwei, yay.",<<Metakognitive Reflexion>>,<<Metakognitive Reflexion>>,
person13,"Also ich muss zugeben, der erste Artikel war der, wo ich mich am allerschwersten durchlesen getrauen habe. Mhm.",<<Metakognitive Reflexion>>,<<Metakognitive Reflexion>>,
person13,"Also ich muss zugeben, der erste Artikel war der, wo ich mich am allerschwersten durchlesen getrauen habe. Mhm.",<<Begründungsnarrative:Argument: Struktur und Logik>>,<<Begründungsnarrative,Argument: Struktur und Logik>>
person13,Da brauche ich da ein bisschen noch mal zum Reinkommen.,<<Metakognitive Reflexion>>,<<Metakognitive Reflexion>>,
person13,Da brauche ich da ein bisschen noch mal zum Reinkommen.,<<Affektive Reaktionen:Unsicherheit>>,<<Affektive Reaktionen,Unsicherheit>>
person13,Irgendwie kam der mir nicht so flüssig geschrieben vor.,<<Begründungsnarrative:Argument: Sprache/Stil>>,<<Begründungsnarrative,Argument: Sprache/Stil>>
person13,Irgendwie kam der mir nicht so flüssig geschrieben vor.,<<Heuristische Bewertung:Sprache/Stil>>,<<Heuristische Bewertung,Sprache/Stil>>
person13,"Ich möchte jetzt erst mal nachfragen, ob dann dieses Sondergericht überhaupt existiert.",<<Verifikationsnutzung:aktive Prüfung mit Chatbot>>,<<Verifikationsnutzung,aktive Prüfung mit Chatbot>>
person13,"Ich möchte jetzt erst mal nachfragen, ob dann dieses Sondergericht überhaupt existiert.",<<Epistemische Strategien:Faktenprüfung>>,<<Epistemische Strategien,Faktenprüfung>>
person13,Das dauert leider immer ein bisschen.,<<Metakognitive Reflexion>>,<<Metakognitive Reflexion>>,
person13,Das dauert leider immer ein bisschen.,<<Affektive Reaktionen:Unsicherheit>>,<<Affektive Reaktionen,Unsicherheit>>
person13,"Okay, also das bestätigt das, was ich fast gemeint habe, dass dieses Sondergericht nicht existiert. Mhm.",<<Verhaltensänderung:Bestätigung bestehender Meinung>>,<<Verhaltensänderung,Bestätigung bestehender Meinung>>
person13,"Okay, also das bestätigt das, was ich fast gemeint habe, dass dieses Sondergericht nicht existiert. Mhm.",<<Verifikationsnutzung:passive Übernahme>>,<<Verifikationsnutzung,passive Übernahme>>
person13,"Aber ich weiß auch nicht, ob der Assistent komplett up-to-date ist.",<<Vertrauen in Inhalt/System:Zweifel an Verifikation>>,<<Vertrauen in Inhalt/System,Zweifel an Verifikation>>
person13,"Aber ich weiß auch nicht, ob der Assistent komplett up-to-date ist.",<<Verifikationsnutzung:kritisches Hinterfragen von KI-Antwort>>,<<Verifikationsnutzung,kritisches Hinterfragen von KI-Antwort>>
person13,"Ich glaube, dass das immer ein bisschen dauert, bis die Informationen kriegen.",<<Epistemische Strategien:logische Argumentation>>,<<Epistemische Strategien,logische Argumentation>>
person13,"Ich glaube, dass das immer ein bisschen dauert, bis die Informationen kriegen.",<<Vertrauen in Inhalt/System:Zweifel an Verifikation>>,<<Vertrauen in Inhalt/System,Zweifel an Verifikation>>
person13,Ich möchte mal den Namen hier nachschauen. Ob das tatsächlich die Vizepräsidentin ist.,<<Verifikationsnutzung:aktive Prüfung mit Chatbot>>,<<Verifikationsnutzung,aktive Prüfung mit Chatbot>>
person13,Ich möchte mal den Namen hier nachschauen. Ob das tatsächlich die Vizepräsidentin ist.,<<Epistemische Strategien:Faktenprüfung>>,<<Epistemische Strategien,Faktenprüfung>>
person13,"Okay. Das kommt mir noch unglaubwürdiger vor, als anfangs vermutet.",<<Verhaltensänderung:Urteilsänderung durch KI>>,<<Verhaltensänderung,Urteilsänderung durch KI>>
person13,"Okay. Das kommt mir noch unglaubwürdiger vor, als anfangs vermutet.",<<Vertrauen in Inhalt/System:generelles Misstrauen gegenüber Medieninhalten>>,<<Vertrauen in Inhalt/System,generelles Misstrauen gegenüber Medieninhalten>>
person13,"Jetzt möchte ich das Datum hier mal nachprüfen, ob da wirklich ein russischer Überfall stattgefunden hat.",<<Verifikationsnutzung:aktive Prüfung mit Chatbot>>,<<Verifikationsnutzung,aktive Prüfung mit Chatbot>>
person13,"Jetzt möchte ich das Datum hier mal nachprüfen, ob da wirklich ein russischer Überfall stattgefunden hat.",<<Epistemische Strategien:Faktenprüfung>>,<<Epistemische Strategien,Faktenprüfung>>
person13,"Okay, also das scheint zumindest zu stimmen.",<<Verifikationsnutzung:passive Übernahme>>,<<Verifikationsnutzung,passive Übernahme>>
person13,"Okay, also das scheint zumindest zu stimmen.",<<Epistemische Strategien:Plausibilitätsabwägung>>,<<Epistemische Strategien,Plausibilitätsabwägung>>
person13,"Also dass der Internationale Strafgerichtshof in Den Haag ist, das meine ich zu wissen.",<<Begründungsnarrative:Argument: persönliche Erfahrung>>,<<Begründungsnarrative,Argument: persönliche Erfahrung>>
person13,"Also dass der Internationale Strafgerichtshof in Den Haag ist, das meine ich zu wissen.",<<Epistemische Strategien:Kontextwissen>>,<<Epistemische Strategien,Kontextwissen>>
person13,"Ich möchte jetzt wissen, ob die tatsächlich einen Haftbefehl gegen Putin erlassen haben.",<<Verifikationsnutzung:aktive Prüfung mit Chatbot>>,<<Verifikationsnutzung,aktive Prüfung mit Chatbot>>
person13,"Ich möchte jetzt wissen, ob die tatsächlich einen Haftbefehl gegen Putin erlassen haben.",<<Epistemische Strategien:Faktenprüfung>>,<<Epistemische Strategien,Faktenprüfung>>
person13,"Okay, also ich hatte gemeint, dass ich das mit dem Haftbefehl mitbekommen habe. Aber offenbar war das nicht richtig.",<<Epistemische Strategien:Faktenprüfung>>,<<Epistemische Strategien,Faktenprüfung>>
person13,"Okay, also ich hatte gemeint, dass ich das mit dem Haftbefehl mitbekommen habe. Aber offenbar war das nicht richtig.",<<Metakognitive Reflexion>>,<<Metakognitive Reflexion>>,
person13,"Ich glaube, ich würde den Artikelstand jetzt noch unglaubwürdiger einschätzen, als anfangs vermutet.",<<Verhaltensänderung:Urteilsänderung durch KI>>,<<Verhaltensänderung,Urteilsänderung durch KI>>
person13,"Ich glaube, ich würde den Artikelstand jetzt noch unglaubwürdiger einschätzen, als anfangs vermutet.",<<Vertrauen in Inhalt/System:generelles Misstrauen gegenüber Medieninhalten>>,<<Vertrauen in Inhalt/System,generelles Misstrauen gegenüber Medieninhalten>>
person13,"Ich möchte mal die nächste Zahl prüfen, aus wie vielen Staaten der Europarat besteht.",<<Verifikationsnutzung:aktive Prüfung mit Chatbot>>,<<Verifikationsnutzung,aktive Prüfung mit Chatbot>>
person13,"Ich möchte mal die nächste Zahl prüfen, aus wie vielen Staaten der Europarat besteht.",<<Epistemische Strategien:Faktenprüfung>>,<<Epistemische Strategien,Faktenprüfung>>
person13,"46 Staaten, das scheint zu stimmen.",<<Verifikationsnutzung:passive Übernahme>>,<<Verifikationsnutzung,passive Übernahme>>
person13,"46 Staaten, das scheint zu stimmen.",<<Epistemische Strategien:Plausibilitätsabwägung>>,<<Epistemische Strategien,Plausibilitätsabwägung>>
person13,"Okay, jetzt möchte ich gucken, ob Russland tatsächlich im März 2022 ausgeschlossen wurde aus dem Europarat.",<<Verifikationsnutzung:aktive Prüfung mit Chatbot>>,<<Verifikationsnutzung,aktive Prüfung mit Chatbot>>
person13,"Okay, jetzt möchte ich gucken, ob Russland tatsächlich im März 2022 ausgeschlossen wurde aus dem Europarat.",<<Epistemische Strategien:Faktenprüfung>>,<<Epistemische Strategien,Faktenprüfung>>
person13,"Mhm, das stimmt. Zumindest laut dem Assistenten.",<<Verifikationsnutzung:passive Übernahme>>,<<Verifikationsnutzung,passive Übernahme>>
person13,"Mhm, das stimmt. Zumindest laut dem Assistenten.",<<Vertrauen in Inhalt/System:Vertrauen in Chatbot/KI>>,<<Vertrauen in Inhalt/System,Vertrauen in Chatbot/KI>>
person13,"Das mit dem Sondertribunal wird wahrscheinlich alles nicht stimmen, wenn dieses Sondertribunal gar nicht existiert.",<<Epistemische Strategien:logische Argumentation>>,<<Epistemische Strategien,logische Argumentation>>
person13,"Das mit dem Sondertribunal wird wahrscheinlich alles nicht stimmen, wenn dieses Sondertribunal gar nicht existiert.",<<Verhaltensänderung:Urteilsänderung durch KI>>,<<Verhaltensänderung,Urteilsänderung durch KI>>
person13,"Hier ist jetzt erst mal nichts mehr, was ich nachschauen möchte.",<<Metakognitive Reflexion>>,<<Metakognitive Reflexion>>,
person13,"Hier ist jetzt erst mal nichts mehr, was ich nachschauen möchte.",<<Verhaltensänderung:keine Veränderung / Fixierung>>,<<Verhaltensänderung,keine Veränderung / Fixierung>>
person13,"Okay, das ist noch ein Name, den ich nachschauen möchte. Mhm.",<<Verifikationsnutzung:aktive Prüfung mit Chatbot>>,<<Verifikationsnutzung,aktive Prüfung mit Chatbot>>
person13,"Okay, das ist noch ein Name, den ich nachschauen möchte. Mhm.",<<Epistemische Strategien:Faktenprüfung>>,<<Epistemische Strategien,Faktenprüfung>>
person13,Ich will irgendwie vor allem so Zahlen und Namen nachschauen.,<<Metakognitive Reflexion>>,<<Metakognitive Reflexion>>,
person13,Ich will irgendwie vor allem so Zahlen und Namen nachschauen.,<<Epistemische Strategien:Faktenprüfung>>,<<Epistemische Strategien,Faktenprüfung>>
person13,Das kommt mir gut vor für Fact-Checking.,<<Epistemische Strategien:Faktenprüfung>>,<<Epistemische Strategien,Faktenprüfung>>
person13,Das kommt mir gut vor für Fact-Checking.,<<Metakognitive Reflexion>>,<<Metakognitive Reflexion>>,
person13,"Okay, der Name scheint nicht zu stimmen.",<<Verifikationsnutzung:passive Übernahme>>,<<Verifikationsnutzung,passive Übernahme>>
person13,"Okay, der Name scheint nicht zu stimmen.",<<Verhaltensänderung:Urteilsänderung durch KI>>,<<Verhaltensänderung,Urteilsänderung durch KI>>
person13,Das ist ein ganz anderer Name. Mhm.,<<Verifikationsnutzung:passive Übernahme>>,<<Verifikationsnutzung,passive Übernahme>>
person13,Das ist ein ganz anderer Name. Mhm.,<<Kognitive Unsicherheit:Widersprüche erkannt>>,<<Kognitive Unsicherheit,Widersprüche erkannt>>
person13,"Also jetzt denke ich mir irgendwie, das meiste stimmt nicht.",<<Verhaltensänderung:Urteilsänderung durch KI>>,<<Verhaltensänderung,Urteilsänderung durch KI>>
person13,"Also jetzt denke ich mir irgendwie, das meiste stimmt nicht.",<<Vertrauen in Inhalt/System:generelles Misstrauen gegenüber Medieninhalten>>,<<Vertrauen in Inhalt/System,generelles Misstrauen gegenüber Medieninhalten>>
person13,"Aber wie ich anfangs schon vermutet habe, sind so kleine Kerninformationen, also so Mini-Informationen eigentlich da, die schon stimmen. Mhm.",<<Epistemische Strategien:Plausibilitätsabwägung>>,<<Epistemische Strategien,Plausibilitätsabwägung>>
person13,"Aber wie ich anfangs schon vermutet habe, sind so kleine Kerninformationen, also so Mini-Informationen eigentlich da, die schon stimmen. Mhm.",<<Metakognitive Reflexion>>,<<Metakognitive Reflexion>>,
person13,"Oh, ich weiß gerade gar nicht, ob die KI überhaupt Quellen angegeben hat. Ich bin mal neutral. Mhm.",<<Vertrauen in Inhalt/System:Zweifel an Verifikation>>,<<Vertrauen in Inhalt/System,Zweifel an Verifikation>>
person13,"Oh, ich weiß gerade gar nicht, ob die KI überhaupt Quellen angegeben hat. Ich bin mal neutral. Mhm.",<<Metakognitive Reflexion>>,<<Metakognitive Reflexion>>,
person13,"Okay, beim Vertrauen in KI denke ich mir immer noch, aber ich weiß nicht, auf welchem Stand das die KI ist. Mhm.",<<Vertrauen in Inhalt/System:Zweifel an Verifikation>>,<<Vertrauen in Inhalt/System,Zweifel an Verifikation>>
person13,"Okay, beim Vertrauen in KI denke ich mir immer noch, aber ich weiß nicht, auf welchem Stand das die KI ist. Mhm.",<<Verifikationsnutzung:kritisches Hinterfragen von KI-Antwort>>,<<Verifikationsnutzung,kritisches Hinterfragen von KI-Antwort>>
person13,"Wait a second, da ist ein Fehler drin.",<<Metakognitive Reflexion>>,<<Metakognitive Reflexion>>,
person13,"Wait a second, da ist ein Fehler drin.",<<Affektive Reaktionen:Unsicherheit>>,<<Affektive Reaktionen,Unsicherheit>>
person13,"Ja, ich möchte zuerst mal diese Anfangsbehauptung prüfen. Mhm.",<<Verifikationsnutzung:aktive Prüfung mit Chatbot>>,<<Verifikationsnutzung,aktive Prüfung mit Chatbot>>
person13,"Ja, ich möchte zuerst mal diese Anfangsbehauptung prüfen. Mhm.",<<Epistemische Strategien:Faktenprüfung>>,<<Epistemische Strategien,Faktenprüfung>>
person13,Ob diese Verurteilung überhaupt stattgefunden hat.,<<Epistemische Strategien:Faktenprüfung>>,<<Epistemische Strategien,Faktenprüfung>>
person13,Ob diese Verurteilung überhaupt stattgefunden hat.,<<Verifikationsnutzung:aktive Prüfung mit Chatbot>>,<<Verifikationsnutzung,aktive Prüfung mit Chatbot>>
person13,"Okay, das ist eine sehr vage Antwort.",<<Verifikationsnutzung:kritisches Hinterfragen von KI-Antwort>>,<<Verifikationsnutzung,kritisches Hinterfragen von KI-Antwort>>
person13,"Okay, das ist eine sehr vage Antwort.",<<Vertrauen in Inhalt/System:Zweifel an Verifikation>>,<<Vertrauen in Inhalt/System,Zweifel an Verifikation>>
person13,"Ich frage mal generell nach einem Urteil, weil vielleicht ist Scheinbeschäftigung einfach so ein Ausdruck, den sich der Autor ausgedacht hat.",<<Verifikationsnutzung:kritisches Hinterfragen von KI-Antwort>>,<<Verifikationsnutzung,kritisches Hinterfragen von KI-Antwort>>
person13,"Ich frage mal generell nach einem Urteil, weil vielleicht ist Scheinbeschäftigung einfach so ein Ausdruck, den sich der Autor ausgedacht hat.",<<Begründungsnarrative:Argument: Sprache/Stil>>,<<Begründungsnarrative,Argument: Sprache/Stil>>
person13,"Okay, aber ich habe irgendwie mitbekommen, dass die Marine LePen ausgeschlossen wurde von der Wahl. Mhm.",<<Begründungsnarrative:Argument: persönliche Erfahrung>>,<<Begründungsnarrative,Argument: persönliche Erfahrung>>
person13,"Okay, aber ich habe irgendwie mitbekommen, dass die Marine LePen ausgeschlossen wurde von der Wahl. Mhm.",<<Epistemische Strategien:Kontextwissen>>,<<Epistemische Strategien,Kontextwissen>>
person13,"Also... Ich glaube einfach, dass der Assistent die Information darüber nicht hat.",<<Vertrauen in Inhalt/System:Zweifel an Verifikation>>,<<Vertrauen in Inhalt/System,Zweifel an Verifikation>>
person13,"Also... Ich glaube einfach, dass der Assistent die Information darüber nicht hat.",<<Verifikationsnutzung:kritisches Hinterfragen von KI-Antwort>>,<<Verifikationsnutzung,kritisches Hinterfragen von KI-Antwort>>
person13,"Ich möchte mal die Behauptung, ob die deutsche Politik ein Selbstbedienungsladen ist, überprüfen.",<<Verifikationsnutzung:aktive Prüfung mit Chatbot>>,<<Verifikationsnutzung,aktive Prüfung mit Chatbot>>
person13,"Ich möchte mal die Behauptung, ob die deutsche Politik ein Selbstbedienungsladen ist, überprüfen.",<<Epistemische Strategien:Faktenprüfung>>,<<Epistemische Strategien,Faktenprüfung>>
person13,Beziehungsweise ob man die als solchen bezeichnen kann.,<<Metakognitive Reflexion>>,<<Metakognitive Reflexion>>,
person13,Beziehungsweise ob man die als solchen bezeichnen kann.,<<Epistemische Strategien:Plausibilitätsabwägung>>,<<Epistemische Strategien,Plausibilitätsabwägung>>
person13,"Okay. Also, ich glaube, das kann man schon so sagen, aber es ist halt schon eine Meinung und nicht unbedingt ein Fakt.",<<Begründungsnarrative:Argument: vermeintliche Objektivität>>,<<Begründungsnarrative,Argument: vermeintliche Objektivität>>
person13,"Okay. Also, ich glaube, das kann man schon so sagen, aber es ist halt schon eine Meinung und nicht unbedingt ein Fakt.",<<Epistemische Strategien:Plausibilitätsabwägung>>,<<Epistemische Strategien,Plausibilitätsabwägung>>
person13,"Was mir jetzt im Nachhinein irgendwie auffällt, ist, dass hier sehr viel auf den Grünen rumgehackt wird. Mhm.",<<Textinterne Begründungen>>,<<Textinterne Begründungen>>,
person13,"Was mir jetzt im Nachhinein irgendwie auffällt, ist, dass hier sehr viel auf den Grünen rumgehackt wird. Mhm.",<<Begründungsnarrative:Argument: gesellschaftlicher Kontext>>,<<Begründungsnarrative,Argument: gesellschaftlicher Kontext>>
person13,"Also, wirkt nicht so ganz sachlich.",<<Begründungsnarrative:Argument: Sprache/Stil>>,<<Begründungsnarrative,Argument: Sprache/Stil>>
person13,"Also, wirkt nicht so ganz sachlich.",<<Heuristische Bewertung:Sprache/Stil>>,<<Heuristische Bewertung,Sprache/Stil>>
person13,"Okay, ich will mal gucken, was ChatGPT zu dieser... Also, der Assistent hier, meine ich, zu dieser Aussage sagt.",<<Verifikationsnutzung:aktive Prüfung mit Chatbot>>,<<Verifikationsnutzung,aktive Prüfung mit Chatbot>>
person13,"Okay, ich will mal gucken, was ChatGPT zu dieser... Also, der Assistent hier, meine ich, zu dieser Aussage sagt.",<<Metakognitive Reflexion>>,<<Metakognitive Reflexion>>,
person13,Weil der Autor sagt ja... macht ja irgendwie so allgemeingültige Aussagen.,<<Textinterne Begründungen>>,<<Textinterne Begründungen>>,
person13,Weil der Autor sagt ja... macht ja irgendwie so allgemeingültige Aussagen.,<<Begründungsnarrative:Argument: vermeintliche Objektivität>>,<<Begründungsnarrative,Argument: vermeintliche Objektivität>>
person13,"Also, wo er davon ausgeht, die sind allgemeingültig.",<<Begründungsnarrative:Argument: vermeintliche Objektivität>>,<<Begründungsnarrative,Argument: vermeintliche Objektivität>>
person13,"Also, wo er davon ausgeht, die sind allgemeingültig.",<<Epistemische Strategien:logische Argumentation>>,<<Epistemische Strategien,logische Argumentation>>
person13,"Er sagt nicht, dass die Aussage falsch ist.",<<Verifikationsnutzung:passive Übernahme>>,<<Verifikationsnutzung,passive Übernahme>>
person13,"Er sagt nicht, dass die Aussage falsch ist.",<<Metakognitive Reflexion>>,<<Metakognitive Reflexion>>,
person13,"Aber... Ich denke, er kennt auch, dass es mehr eine Meinung ist.",<<Epistemische Strategien:Plausibilitätsabwägung>>,<<Epistemische Strategien,Plausibilitätsabwägung>>
person13,"Aber... Ich denke, er kennt auch, dass es mehr eine Meinung ist.",<<Verifikationsnutzung:kritisches Hinterfragen von KI-Antwort>>,<<Verifikationsnutzung,kritisches Hinterfragen von KI-Antwort>>
person13,Und will dann quasi die andere Perspektive dazu geben.,<<Verifikationsnutzung:passive Übernahme>>,<<Verifikationsnutzung,passive Übernahme>>
person13,Und will dann quasi die andere Perspektive dazu geben.,<<Metakognitive Reflexion>>,<<Metakognitive Reflexion>>,
person13,"Also, ich glaube, es ist nicht komplett falsch, was er sagt, aber es ist halt Meinung und nicht Fakt basiert.",<<Begründungsnarrative:Argument: vermeintliche Objektivität>>,<<Begründungsnarrative,Argument: vermeintliche Objektivität>>
person13,"Also, ich glaube, es ist nicht komplett falsch, was er sagt, aber es ist halt Meinung und nicht Fakt basiert.",<<Epistemische Strategien:Plausibilitätsabwägung>>,<<Epistemische Strategien,Plausibilitätsabwägung>>
person13,"Deswegen ist es, glaube ich, schwierig, das jetzt hier mit dem Assistenten nachzuprüfen.",<<Vertrauen in Inhalt/System:Zweifel an Verifikation>>,<<Vertrauen in Inhalt/System,Zweifel an Verifikation>>
person13,"Deswegen ist es, glaube ich, schwierig, das jetzt hier mit dem Assistenten nachzuprüfen.",<<Metakognitive Reflexion>>,<<Metakognitive Reflexion>>,
person13,"Ich suche die ganze Zeit nach so Fakten, die ich irgendwie nachschauen könnte, aber es ist schwer.",<<Metakognitive Reflexion>>,<<Metakognitive Reflexion>>,
person13,"Ich suche die ganze Zeit nach so Fakten, die ich irgendwie nachschauen könnte, aber es ist schwer.",<<Epistemische Strategien:Faktenprüfung>>,<<Epistemische Strategien,Faktenprüfung>>
person13,"Ich denke mir irgendwie auch, die ganzen Absätze hier, das ist irgendwie total Abschweifen vom eigentlichen Thema.",<<Begründungsnarrative:Argument: Struktur und Logik>>,<<Begründungsnarrative,Argument: Struktur und Logik>>
person13,"Ich denke mir irgendwie auch, die ganzen Absätze hier, das ist irgendwie total Abschweifen vom eigentlichen Thema.",<<Textinterne Begründungen>>,<<Textinterne Begründungen>>,
person13,Weil jetzt erst kommt wieder LePen vor. Mhm.,<<Textinterne Begründungen>>,<<Textinterne Begründungen>>,
person13,Weil jetzt erst kommt wieder LePen vor. Mhm.,<<Begründungsnarrative:Argument: Struktur und Logik>>,<<Begründungsnarrative,Argument: Struktur und Logik>>
person13,"Ich glaube, da wollte jemand ziemlich stark seine Meinung äußern.",<<Begründungsnarrative:Argument: gesellschaftlicher Kontext>>,<<Begründungsnarrative,Argument: gesellschaftlicher Kontext>>
person13,"Ich glaube, da wollte jemand ziemlich stark seine Meinung äußern.",<<Epistemische Strategien:Plausibilitätsabwägung>>,<<Epistemische Strategien,Plausibilitätsabwägung>>
person13,"Okay, ich glaube... Das hier ist quasi ein Fakt, den ich nachschauen könnte.",<<Epistemische Strategien:Faktenprüfung>>,<<Epistemische Strategien,Faktenprüfung>>
person13,"Okay, ich glaube... Das hier ist quasi ein Fakt, den ich nachschauen könnte.",<<Metakognitive Reflexion>>,<<Metakognitive Reflexion>>,
person13,"Ah, jetzt auf einmal sagt er, dass dieser Vorwurf der Scheinbeschäftigung stattgefunden hat. Mhm.",<<Verifikationsnutzung:passive Übernahme>>,<<Verifikationsnutzung,passive Übernahme>>
person13,"Ah, jetzt auf einmal sagt er, dass dieser Vorwurf der Scheinbeschäftigung stattgefunden hat. Mhm.",<<Kognitive Unsicherheit:Widersprüche erkannt>>,<<Kognitive Unsicherheit,Widersprüche erkannt>>
person13,Aber er schwafelt es ziemlich.,<<Verifikationsnutzung:kritisches Hinterfragen von KI-Antwort>>,<<Verifikationsnutzung,kritisches Hinterfragen von KI-Antwort>>
person13,Aber er schwafelt es ziemlich.,<<Affektive Reaktionen:emotionale Ablehnung>>,<<Affektive Reaktionen,emotionale Ablehnung>>
person13,Er sagt jetzt keine konkrete Antwort.,<<Verifikationsnutzung:kritisches Hinterfragen von KI-Antwort>>,<<Verifikationsnutzung,kritisches Hinterfragen von KI-Antwort>>
person13,Er sagt jetzt keine konkrete Antwort.,<<Vertrauen in Inhalt/System:Zweifel an Verifikation>>,<<Vertrauen in Inhalt/System,Zweifel an Verifikation>>
person13,"Okay, er sagt, es ist wichtig, das auf öffentliche Verlautbarungen zu stützen, offizielle Verlautbarungen.",<<Verifikationsnutzung:passive Übernahme>>,<<Verifikationsnutzung,passive Übernahme>>
person13,"Okay, er sagt, es ist wichtig, das auf öffentliche Verlautbarungen zu stützen, offizielle Verlautbarungen.",<<Epistemische Strategien:Faktenprüfung>>,<<Epistemische Strategien,Faktenprüfung>>
person13,Und das steht hier genau in diesem Text.,<<Textinterne Begründungen>>,<<Textinterne Begründungen>>,
person13,Und das steht hier genau in diesem Text.,<<Kognitive Unsicherheit:Widersprüche erkannt>>,<<Kognitive Unsicherheit,Widersprüche erkannt>>
person13,"Also, ich weiß jetzt nicht, ob das ein Beleg für die Aussage ist. Mhm.",<<Kognitive Unsicherheit:explizite Unsicherheit>>,<<Kognitive Unsicherheit,explizite Unsicherheit>>
person13,"Also, ich weiß jetzt nicht, ob das ein Beleg für die Aussage ist. Mhm.",<<Epistemische Strategien:Plausibilitätsabwägung>>,<<Epistemische Strategien,Plausibilitätsabwägung>>
person13,"Okay, das ist wieder ein Fakt, den ich nachschauen möchte.",<<Verifikationsnutzung:aktive Prüfung mit Chatbot>>,<<Verifikationsnutzung,aktive Prüfung mit Chatbot>>
person13,"Okay, das ist wieder ein Fakt, den ich nachschauen möchte.",<<Epistemische Strategien:Faktenprüfung>>,<<Epistemische Strategien,Faktenprüfung>>
person13,Das ist ein Vergleich mit Elon Musk.,<<Textinterne Begründungen>>,<<Textinterne Begründungen>>,
person13,Das ist ein Vergleich mit Elon Musk.,<<Metakognitive Reflexion>>,<<Metakognitive Reflexion>>,
person13,"Ich finde, 99 Prozent wirkt mir irgendwie wie erfunden. Ah ja.",<<Begründungsnarrative:Argument: Inhalt vs. Quelle>>,<<Begründungsnarrative,Argument: Inhalt vs. Quelle>>
person13,"Ich finde, 99 Prozent wirkt mir irgendwie wie erfunden. Ah ja.",<<Heuristische Bewertung:Bauchgefühl>>,<<Heuristische Bewertung,Bauchgefühl>>
person13,"Okay, also scheint keine Tatsache zu sein, sondern auch Meinung des Autors.",<<Verifikationsnutzung:passive Übernahme>>,<<Verifikationsnutzung,passive Übernahme>>
person13,"Okay, also scheint keine Tatsache zu sein, sondern auch Meinung des Autors.",<<Begründungsnarrative:Argument: vermeintliche Objektivität>>,<<Begründungsnarrative,Argument: vermeintliche Objektivität>>
person13,"Okay, das kommt mir jetzt auch wieder sehr überspitzt vor.",<<Heuristische Bewertung:Sprache/Stil>>,<<Heuristische Bewertung,Sprache/Stil>>
person13,"Okay, das kommt mir jetzt auch wieder sehr überspitzt vor.",<<Begründungsnarrative:Argument: Sprache/Stil>>,<<Begründungsnarrative,Argument: Sprache/Stil>>
person13,Einfach mal alle Entscheidungen vom Bundesverfassungsgericht als fragwürdig zu bezeichnen.,<<Textinterne Begründungen>>,<<Textinterne Begründungen>>,
person13,Einfach mal alle Entscheidungen vom Bundesverfassungsgericht als fragwürdig zu bezeichnen.,<<Begründungsnarrative:Argument: vermeintliche Objektivität>>,<<Begründungsnarrative,Argument: vermeintliche Objektivität>>
person13,"Also, ich glaube nicht, dass er komplett Falschinformationen verbreitet.",<<Epistemische Strategien:Plausibilitätsabwägung>>,<<Epistemische Strategien,Plausibilitätsabwägung>>
person13,"Also, ich glaube nicht, dass er komplett Falschinformationen verbreitet.",<<Vertrauen in Inhalt/System:generelles Vertrauen in Medien>>,<<Vertrauen in Inhalt/System,generelles Vertrauen in Medien>>
person13,"Aber dass es halt alles seine Meinung ist und nicht komplett faktenbasiert, also ziemlich gar nicht faktenbasiert.",<<Begründungsnarrative:Argument: Inhalt vs. Quelle>>,<<Begründungsnarrative,Argument: Inhalt vs. Quelle>>
person13,"Aber dass es halt alles seine Meinung ist und nicht komplett faktenbasiert, also ziemlich gar nicht faktenbasiert.",<<Begründungsnarrative:Argument: vermeintliche Objektivität>>,<<Begründungsnarrative,Argument: vermeintliche Objektivität>>
person13,Mhm. Macht den tendenziell unglaubwürdig für mich. Mhm.,<<Vertrauen in Inhalt/System:generelles Misstrauen gegenüber Medieninhalten>>,<<Vertrauen in Inhalt/System,generelles Misstrauen gegenüber Medieninhalten>>
person13,Mhm. Macht den tendenziell unglaubwürdig für mich. Mhm.,<<Heuristische Bewertung:Bauchgefühl>>,<<Heuristische Bewertung,Bauchgefühl>>
person13,"Also, dass halt nicht mal die Zahlen, die hier drin sind, stimmen.",<<Begründungsnarrative:Argument: Inhalt vs. Quelle>>,<<Begründungsnarrative,Argument: Inhalt vs. Quelle>>
person13,"Also, dass halt nicht mal die Zahlen, die hier drin sind, stimmen.",<<Verhaltensänderung:Urteilsänderung durch KI>>,<<Verhaltensänderung,Urteilsänderung durch KI>>
person13,"Also, diesmal fand ich die Antwort von der KI nicht ganz so hilfreich. Mhm.",<<Vertrauen in Inhalt/System:Zweifel an Verifikation>>,<<Vertrauen in Inhalt/System,Zweifel an Verifikation>>
person13,"Also, diesmal fand ich die Antwort von der KI nicht ganz so hilfreich. Mhm.",<<Verifikationsnutzung:kritisches Hinterfragen von KI-Antwort>>,<<Verifikationsnutzung,kritisches Hinterfragen von KI-Antwort>>
person13,Weil die Antworten auch sehr vage waren.,<<Verifikationsnutzung:kritisches Hinterfragen von KI-Antwort>>,<<Verifikationsnutzung,kritisches Hinterfragen von KI-Antwort>>
person13,Weil die Antworten auch sehr vage waren.,<<Begründungsnarrative:Argument: Inhalt vs. Quelle>>,<<Begründungsnarrative,Argument: Inhalt vs. Quelle>>
person13,"Ja, deswegen haben mir die Entscheidungen, also die Informationen jetzt auch nicht wahnsinnig bei der Entscheidung geholfen. Mhm.",<<Vertrauen in Inhalt/System:Zweifel an Verifikation>>,<<Vertrauen in Inhalt/System,Zweifel an Verifikation>>
person13,"Ja, deswegen haben mir die Entscheidungen, also die Informationen jetzt auch nicht wahnsinnig bei der Entscheidung geholfen. Mhm.",<<Verhaltensänderung:keine Veränderung / Fixierung>>,<<Verhaltensänderung,keine Veränderung / Fixierung>>
person13,Vertrauen ist auch eher mäßig.,<<Vertrauen in Inhalt/System:Zweifel an Verifikation>>,<<Vertrauen in Inhalt/System,Zweifel an Verifikation>>
person13,Vertrauen ist auch eher mäßig.,<<Affektive Reaktionen:Unsicherheit>>,<<Affektive Reaktionen,Unsicherheit>>
person13,Es waren nicht wirklich neue Informationen für mich dabei. Mhm.,<<Verifikationsnutzung:passive Übernahme>>,<<Verifikationsnutzung,passive Übernahme>>
person13,Es waren nicht wirklich neue Informationen für mich dabei. Mhm.,<<Verhaltensänderung:keine Veränderung / Fixierung>>,<<Verhaltensänderung,keine Veränderung / Fixierung>>
person13,"Also, ich habe versucht, meine Unsicherheit zu reduzieren, aber sehr reduziert worden ist sie nicht. Mhm.",<<Metakognitive Reflexion>>,<<Metakognitive Reflexion>>,
person13,"Also, ich habe versucht, meine Unsicherheit zu reduzieren, aber sehr reduziert worden ist sie nicht. Mhm.",<<Affektive Reaktionen:Unsicherheit>>,<<Affektive Reaktionen,Unsicherheit>>
person13,"Jetzt will ich erst mal nachfragen, wer dann der Gewinner beziehungsweise was das Gewinnerfoto für den World Press Photo Award war.",<<Verifikationsnutzung:aktive Prüfung mit Chatbot>>,<<Verifikationsnutzung,aktive Prüfung mit Chatbot>>
person13,"Jetzt will ich erst mal nachfragen, wer dann der Gewinner beziehungsweise was das Gewinnerfoto für den World Press Photo Award war.",<<Epistemische Strategien:Faktenprüfung>>,<<Epistemische Strategien,Faktenprüfung>>
person13,"Okay, er geht von 2023 aus. Mhm.",<<Verifikationsnutzung:passive Übernahme>>,<<Verifikationsnutzung,passive Übernahme>>
person13,"Okay, er geht von 2023 aus. Mhm.",<<Metakognitive Reflexion>>,<<Metakognitive Reflexion>>,
person13,"Ich weiß nicht, ob der Artikel von 2023 ist.",<<Kognitive Unsicherheit:explizite Unsicherheit>>,<<Kognitive Unsicherheit,explizite Unsicherheit>>
person13,"Ich weiß nicht, ob der Artikel von 2023 ist.",<<Vertrauen in Inhalt/System:Zweifel an Verifikation>>,<<Vertrauen in Inhalt/System,Zweifel an Verifikation>>
person13,"Okay, aber ich kann den Namen nachschauen.",<<Verifikationsnutzung:aktive Prüfung mit Chatbot>>,<<Verifikationsnutzung,aktive Prüfung mit Chatbot>>
person13,"Okay, aber ich kann den Namen nachschauen.",<<Epistemische Strategien:Faktenprüfung>>,<<Epistemische Strategien,Faktenprüfung>>
person13,"Ich glaube, hier ist tatsächlich die ukrainische Kuratorin.",<<Epistemische Strategien:Plausibilitätsabwägung>>,<<Epistemische Strategien,Plausibilitätsabwägung>>
person13,"Ich glaube, hier ist tatsächlich die ukrainische Kuratorin.",<<Verifikationsnutzung:passive Übernahme>>,<<Verifikationsnutzung,passive Übernahme>>
person13,"Okay, dann will ich auch wissen, ob sie Gründerin von ... dem hier ist.",<<Verifikationsnutzung:aktive Prüfung mit Chatbot>>,<<Verifikationsnutzung,aktive Prüfung mit Chatbot>>
person13,"Okay, dann will ich auch wissen, ob sie Gründerin von ... dem hier ist.",<<Epistemische Strategien:Faktenprüfung>>,<<Epistemische Strategien,Faktenprüfung>>
person13,"Okay, auch positive Antwort.",<<Verifikationsnutzung:passive Übernahme>>,<<Verifikationsnutzung,passive Übernahme>>
person13,"Okay, auch positive Antwort.",<<Affektive Reaktionen:Zustimmung / Zustimmungssignale>>,<<Affektive Reaktionen,Zustimmung / Zustimmungssignale>>
person13,"Mhm. Bisher bestärkt es mich eher in dem Eindruck, dass es glaubwürdig ist.",<<Verhaltensänderung:Bestätigung bestehender Meinung>>,<<Verhaltensänderung,Bestätigung bestehender Meinung>>
person13,"Mhm. Bisher bestärkt es mich eher in dem Eindruck, dass es glaubwürdig ist.",<<Vertrauen in Inhalt/System:generelles Vertrauen in Medien>>,<<Vertrauen in Inhalt/System,generelles Vertrauen in Medien>>
person13,"Ich glaube einfach, dass der KI hier die Informationen, die aktuellen, abgehen.",<<Vertrauen in Inhalt/System:Zweifel an Verifikation>>,<<Vertrauen in Inhalt/System,Zweifel an Verifikation>>
person13,"Ich glaube einfach, dass der KI hier die Informationen, die aktuellen, abgehen.",<<Verifikationsnutzung:kritisches Hinterfragen von KI-Antwort>>,<<Verifikationsnutzung,kritisches Hinterfragen von KI-Antwort>>
person13,"Oh, ich habe die ganze Zeit das Video aus. Sorry. Kein Problem.",<<Affektive Reaktionen:Belustigung>>,<<Affektive Reaktionen,Belustigung>>
person13,"Oh, ich habe die ganze Zeit das Video aus. Sorry. Kein Problem.",<<Metakognitive Reflexion>>,<<Metakognitive Reflexion>>,
person13,"Ich überlege gerade, was ich hier noch fragen könnte.",<<Metakognitive Reflexion>>,<<Metakognitive Reflexion>>,
person13,"Ich überlege gerade, was ich hier noch fragen könnte.",<<Kognitive Unsicherheit:explizite Unsicherheit>>,<<Kognitive Unsicherheit,explizite Unsicherheit>>
person13,"Hier ist wieder ein Name, den mag ich nachschauen.",<<Verifikationsnutzung:aktive Prüfung mit Chatbot>>,<<Verifikationsnutzung,aktive Prüfung mit Chatbot>>
person13,"Hier ist wieder ein Name, den mag ich nachschauen.",<<Epistemische Strategien:Faktenprüfung>>,<<Epistemische Strategien,Faktenprüfung>>
person13,"Okay, der Name ist auch korrekt.",<<Verifikationsnutzung:passive Übernahme>>,<<Verifikationsnutzung,passive Übernahme>>
person13,"Okay, der Name ist auch korrekt.",<<Verhaltensänderung:Bestätigung bestehender Meinung>>,<<Verhaltensänderung,Bestätigung bestehender Meinung>>
person13,"Ich will mal fragen, ob gegen sie ein Ermittlungsverfahren ... läuft.",<<Verifikationsnutzung:aktive Prüfung mit Chatbot>>,<<Verifikationsnutzung,aktive Prüfung mit Chatbot>>
person13,"Ich will mal fragen, ob gegen sie ein Ermittlungsverfahren ... läuft.",<<Epistemische Strategien:Faktenprüfung>>,<<Epistemische Strategien,Faktenprüfung>>
person13,"Aber ich glaube auch, dass da die ... Informationen nicht aktuell sind. Mhm.",<<Vertrauen in Inhalt/System:Zweifel an Verifikation>>,<<Vertrauen in Inhalt/System,Zweifel an Verifikation>>
person13,"Aber ich glaube auch, dass da die ... Informationen nicht aktuell sind. Mhm.",<<Epistemische Strategien:Plausibilitätsabwägung>>,<<Epistemische Strategien,Plausibilitätsabwägung>>
person13,"Ich glaube, dass mir hier die KI nicht so wahnsinnig gut helfen kann. Mhm.",<<Vertrauen in Inhalt/System:Zweifel an Verifikation>>,<<Vertrauen in Inhalt/System,Zweifel an Verifikation>>
person13,"Ich glaube, dass mir hier die KI nicht so wahnsinnig gut helfen kann. Mhm.",<<Metakognitive Reflexion>>,<<Metakognitive Reflexion>>,
person13,"Aber trübt nicht meinen Eindruck, dass das glaubwürdig ist.",<<Verhaltensänderung:keine Veränderung / Fixierung>>,<<Verhaltensänderung,keine Veränderung / Fixierung>>
person13,"Aber trübt nicht meinen Eindruck, dass das glaubwürdig ist.",<<Vertrauen in Inhalt/System:generelles Vertrauen in Medien>>,<<Vertrauen in Inhalt/System,generelles Vertrauen in Medien>>
person13,"Ich glaube, dass man so spezifische ... Leidensgeschichten von Leuten jetzt schlecht nachprüfen kann.",<<Epistemische Strategien:Plausibilitätsabwägung>>,<<Epistemische Strategien,Plausibilitätsabwägung>>
person13,"Ich glaube, dass man so spezifische ... Leidensgeschichten von Leuten jetzt schlecht nachprüfen kann.",<<Begründungsnarrative:Argument: Inhalt vs. Quelle>>,<<Begründungsnarrative,Argument: Inhalt vs. Quelle>>
person13,"Nachdem die bisherigen Namen korrekt waren, gehe ich jetzt davon aus, dass da keine Namen erfunden wurden. Mhm.",<<Epistemische Strategien:logische Argumentation>>,<<Epistemische Strategien,logische Argumentation>>
person13,"Nachdem die bisherigen Namen korrekt waren, gehe ich jetzt davon aus, dass da keine Namen erfunden wurden. Mhm.",<<Verhaltensänderung:Bestätigung bestehender Meinung>>,<<Verhaltensänderung,Bestätigung bestehender Meinung>>
person13,"Aber ich habe nach wie vor keine eigenen Informationen, kein Vorwissen zu dem ganzen Thema.",<<Begründungsnarrative:Argument: persönliche Erfahrung>>,<<Begründungsnarrative,Argument: persönliche Erfahrung>>
person13,"Aber ich habe nach wie vor keine eigenen Informationen, kein Vorwissen zu dem ganzen Thema.",<<Kognitive Unsicherheit:explizite Unsicherheit>>,<<Kognitive Unsicherheit,explizite Unsicherheit>>
person13,"Ich glaube auch, dass ich jetzt die direkten Aussagen von den Leuten schlecht nachprüfen kann.",<<Epistemische Strategien:Plausibilitätsabwägung>>,<<Epistemische Strategien,Plausibilitätsabwägung>>
person13,"Ich glaube auch, dass ich jetzt die direkten Aussagen von den Leuten schlecht nachprüfen kann.",<<Begründungsnarrative:Argument: Inhalt vs. Quelle>>,<<Begründungsnarrative,Argument: Inhalt vs. Quelle>>
person13,Weil da werden wahrscheinlich die aktuellen Informationen einfach noch nicht existieren für die KI. Mhm.,<<Vertrauen in Inhalt/System:Zweifel an Verifikation>>,<<Vertrauen in Inhalt/System,Zweifel an Verifikation>>
person13,Weil da werden wahrscheinlich die aktuellen Informationen einfach noch nicht existieren für die KI. Mhm.,<<Epistemische Strategien:logische Argumentation>>,<<Epistemische Strategien,logische Argumentation>>
person13,"Aber beim zweiten Durchlesen kommt es mir jetzt immer noch sehr schlüssig vor, muss ich sagen. Mhm.",<<Begründungsnarrative:Argument: Struktur und Logik>>,<<Begründungsnarrative,Argument: Struktur und Logik>>
person13,"Aber beim zweiten Durchlesen kommt es mir jetzt immer noch sehr schlüssig vor, muss ich sagen. Mhm.",<<Verhaltensänderung:Bestätigung bestehender Meinung>>,<<Verhaltensänderung,Bestätigung bestehender Meinung>>
person13,"Hier habe ich wieder versucht, meine Unsicherheit zu reduzieren.",<<Metakognitive Reflexion>>,<<Metakognitive Reflexion>>,
person13,"Hier habe ich wieder versucht, meine Unsicherheit zu reduzieren.",<<Affektive Reaktionen:Unsicherheit>>,<<Affektive Reaktionen,Unsicherheit>>
person13,Aber es hat auch nicht so viel Gebrauch.,<<Vertrauen in Inhalt/System:Zweifel an Verifikation>>,<<Vertrauen in Inhalt/System,Zweifel an Verifikation>>
person13,Aber es hat auch nicht so viel Gebrauch.,<<Verhaltensänderung:keine Veränderung / Fixierung>>,<<Verhaltensänderung,keine Veränderung / Fixierung>>
person13,"Ich habe nicht wirklich Vorwissen, deswegen würde ich ja auch eher weniger ankreuzen.",<<Begründungsnarrative:Argument: persönliche Erfahrung>>,<<Begründungsnarrative,Argument: persönliche Erfahrung>>
person13,"Ich habe nicht wirklich Vorwissen, deswegen würde ich ja auch eher weniger ankreuzen.",<<Metakognitive Reflexion>>,<<Metakognitive Reflexion>>,
person13,"Okay, da bin ich jetzt echt am Überlegen, was ich dann nachschaue.",<<Metakognitive Reflexion>>,<<Metakognitive Reflexion>>,
person13,"Okay, da bin ich jetzt echt am Überlegen, was ich dann nachschaue.",<<Affektive Reaktionen:Unsicherheit>>,<<Affektive Reaktionen,Unsicherheit>>
person13,Also wahrscheinlich vor allem dieses historische Beispiel.,<<Verifikationsnutzung:aktive Prüfung mit Chatbot>>,<<Verifikationsnutzung,aktive Prüfung mit Chatbot>>
person13,Also wahrscheinlich vor allem dieses historische Beispiel.,<<Epistemische Strategien:Faktenprüfung>>,<<Epistemische Strategien,Faktenprüfung>>
person13,"Ich will einfach fragen, ob das stimmt.",<<Verifikationsnutzung:aktive Prüfung mit Chatbot>>,<<Verifikationsnutzung,aktive Prüfung mit Chatbot>>
person13,"Ich will einfach fragen, ob das stimmt.",<<Metakognitive Reflexion>>,<<Metakognitive Reflexion>>,
person13,Also die Jahreszahl scheint zu stimmen.,<<Verifikationsnutzung:passive Übernahme>>,<<Verifikationsnutzung,passive Übernahme>>
person13,Also die Jahreszahl scheint zu stimmen.,<<Epistemische Strategien:Plausibilitätsabwägung>>,<<Epistemische Strategien,Plausibilitätsabwägung>>
person13,Und es scheint tatsächlich ein bisschen schwierig gewesen zu sein damals.,<<Verhaltensänderung:Urteilsänderung durch KI>>,<<Verhaltensänderung,Urteilsänderung durch KI>>
person13,Und es scheint tatsächlich ein bisschen schwierig gewesen zu sein damals.,<<Verifikationsnutzung:passive Übernahme>>,<<Verifikationsnutzung,passive Übernahme>>
person13,"Ja, ich denke, dass es recht klar ist, dass das die Ereignisse ein bisschen vereinfacht.",<<Epistemische Strategien:Plausibilitätsabwägung>>,<<Epistemische Strategien,Plausibilitätsabwägung>>
person13,"Ja, ich denke, dass es recht klar ist, dass das die Ereignisse ein bisschen vereinfacht.",<<Begründungsnarrative:Argument: Inhalt vs. Quelle>>,<<Begründungsnarrative,Argument: Inhalt vs. Quelle>>
person13,"Aber okay, das scheint dann zumindest zu stimmen.",<<Verifikationsnutzung:passive Übernahme>>,<<Verifikationsnutzung,passive Übernahme>>
person13,"Aber okay, das scheint dann zumindest zu stimmen.",<<Verhaltensänderung:Urteilsänderung durch KI>>,<<Verhaltensänderung,Urteilsänderung durch KI>>
person13,"Aber ich glaube trotzdem, dass der Autor das ein bisschen für Propaganda nutzt.",<<Begründungsnarrative:Argument: Inhalt vs. Quelle>>,<<Begründungsnarrative,Argument: Inhalt vs. Quelle>>
person13,"Aber ich glaube trotzdem, dass der Autor das ein bisschen für Propaganda nutzt.",<<Epistemische Strategien:Plausibilitätsabwägung>>,<<Epistemische Strategien,Plausibilitätsabwägung>>
person13,Dann würde ich den zweiten Teil nachprüfen.,<<Verifikationsnutzung:aktive Prüfung mit Chatbot>>,<<Verifikationsnutzung,aktive Prüfung mit Chatbot>>
person13,Dann würde ich den zweiten Teil nachprüfen.,<<Metakognitive Reflexion>>,<<Metakognitive Reflexion>>,
person13,"Mich stört, dass das hier kein schließendes Anführungszeichen ist.",<<Begründungsnarrative:Argument: Sprache/Stil>>,<<Begründungsnarrative,Argument: Sprache/Stil>>
person13,"Mich stört, dass das hier kein schließendes Anführungszeichen ist.",<<Textinterne Begründungen>>,<<Textinterne Begründungen>>,
person13,"Aber ich denke einfach, dass hier das Zitat endet.",<<Epistemische Strategien:Plausibilitätsabwägung>>,<<Epistemische Strategien,Plausibilitätsabwägung>>
person13,"Aber ich denke einfach, dass hier das Zitat endet.",<<Metakognitive Reflexion>>,<<Metakognitive Reflexion>>,
person13,"Okay, der nächste Part scheint auch im Kern korrekt zu sein.",<<Verifikationsnutzung:passive Übernahme>>,<<Verifikationsnutzung,passive Übernahme>>
person13,"Okay, der nächste Part scheint auch im Kern korrekt zu sein.",<<Verhaltensänderung:Urteilsänderung durch KI>>,<<Verhaltensänderung,Urteilsänderung durch KI>>
person13,"Es ist einfach bloß ein bisschen vereinfacht, aber es scheint richtig zu sein.",<<Epistemische Strategien:Plausibilitätsabwägung>>,<<Epistemische Strategien,Plausibilitätsabwägung>>
person13,"Es ist einfach bloß ein bisschen vereinfacht, aber es scheint richtig zu sein.",<<Begründungsnarrative:Argument: Inhalt vs. Quelle>>,<<Begründungsnarrative,Argument: Inhalt vs. Quelle>>
person13,"Ja, das kommt mir auch ein bisschen provokant vor, dass er hier erst mal das mit den Armeniern sagt und dann hier mit den Deutschen.",<<Heuristische Bewertung:Sprache/Stil>>,<<Heuristische Bewertung,Sprache/Stil>>
person13,"Ja, das kommt mir auch ein bisschen provokant vor, dass er hier erst mal das mit den Armeniern sagt und dann hier mit den Deutschen.",<<Textinterne Begründungen>>,<<Textinterne Begründungen>>,
person13,"Dass die vergessen hätten, wie toll die Russen damals waren zu ihnen.",<<Textinterne Begründungen>>,<<Textinterne Begründungen>>,
person13,"Dass die vergessen hätten, wie toll die Russen damals waren zu ihnen.",<<Affektive Reaktionen:emotionale Ablehnung>>,<<Affektive Reaktionen,emotionale Ablehnung>>
person13,"Okay, der hat jetzt keine genauen Informationen.",<<Verifikationsnutzung:passive Übernahme>>,<<Verifikationsnutzung,passive Übernahme>>
person13,"Okay, der hat jetzt keine genauen Informationen.",<<Vertrauen in Inhalt/System:Zweifel an Verifikation>>,<<Vertrauen in Inhalt/System,Zweifel an Verifikation>>
person13,Das scheint aber bloß persönliche Perspektive zu sein.,<<Epistemische Strategien:Plausibilitätsabwägung>>,<<Epistemische Strategien,Plausibilitätsabwägung>>
person13,Das scheint aber bloß persönliche Perspektive zu sein.,<<Begründungsnarrative:Argument: vermeintliche Objektivität>>,<<Begründungsnarrative,Argument: vermeintliche Objektivität>>
person13,"Also generell zu den Sachen mit Armeniern denke ich mir, das ist nicht falsch.",<<Epistemische Strategien:Plausibilitätsabwägung>>,<<Epistemische Strategien,Plausibilitätsabwägung>>
person13,"Also generell zu den Sachen mit Armeniern denke ich mir, das ist nicht falsch.",<<Verhaltensänderung:Urteilsänderung durch KI>>,<<Verhaltensänderung,Urteilsänderung durch KI>>
person13,Aber es ist ein bisschen aus dem Kontext gerissen.,<<Begründungsnarrative:Argument: Inhalt vs. Quelle>>,<<Begründungsnarrative,Argument: Inhalt vs. Quelle>>
person13,Aber es ist ein bisschen aus dem Kontext gerissen.,<<Epistemische Strategien:logische Argumentation>>,<<Epistemische Strategien,logische Argumentation>>
person13,"Also es nimmt dem Ganzen sehr viel Glaubwürdigkeit, dass danach dann Russland so wahnsinnig glorifiziert wird.",<<Begründungsnarrative:Argument: vermeintliche Objektivität>>,<<Begründungsnarrative,Argument: vermeintliche Objektivität>>
person13,"Also es nimmt dem Ganzen sehr viel Glaubwürdigkeit, dass danach dann Russland so wahnsinnig glorifiziert wird.",<<Heuristische Bewertung:Sprache/Stil>>,<<Heuristische Bewertung,Sprache/Stil>>
person13,"Ja, also hier sagt er auch, dass die Nachkriegszeit in Deutschland absolut schwierig war.",<<Verifikationsnutzung:passive Übernahme>>,<<Verifikationsnutzung,passive Übernahme>>
person13,"Ja, also hier sagt er auch, dass die Nachkriegszeit in Deutschland absolut schwierig war.",<<Epistemische Strategien:Plausibilitätsabwägung>>,<<Epistemische Strategien,Plausibilitätsabwägung>>
person13,Dass die Sowjetunion jetzt nicht wahnsinnig die Allerbesten gewesen sind.,<<Verifikationsnutzung:passive Übernahme>>,<<Verifikationsnutzung,passive Übernahme>>
person13,Dass die Sowjetunion jetzt nicht wahnsinnig die Allerbesten gewesen sind.,<<Epistemische Strategien:Plausibilitätsabwägung>>,<<Epistemische Strategien,Plausibilitätsabwägung>>
person13,"Idealisiert das sichtweise, unterstützt es auch.",<<Verifikationsnutzung:passive Übernahme>>,<<Verifikationsnutzung,passive Übernahme>>
person13,"Idealisiert das sichtweise, unterstützt es auch.",<<Metakognitive Reflexion>>,<<Metakognitive Reflexion>>,
person13,"Also ich denke mir, die Fakten hier, die historischen, sind jetzt schon korrekt.",<<Begründungsnarrative:Argument: Inhalt vs. Quelle>>,<<Begründungsnarrative,Argument: Inhalt vs. Quelle>>
person13,"Also ich denke mir, die Fakten hier, die historischen, sind jetzt schon korrekt.",<<Verhaltensänderung:Urteilsänderung durch KI>>,<<Verhaltensänderung,Urteilsänderung durch KI>>
person13,Aber es ist halt trotzdem für Propaganda genutzt.,<<Begründungsnarrative:Argument: gesellschaftlicher Kontext>>,<<Begründungsnarrative,Argument: gesellschaftlicher Kontext>>
person13,Aber es ist halt trotzdem für Propaganda genutzt.,<<Kognitive Unsicherheit:Widersprüche erkannt>>,<<Kognitive Unsicherheit,Widersprüche erkannt>>
person13,"Es ist schwierig, die Glaubwürdigkeit einzuordnen.",<<Epistemische Strategien:Plausibilitätsabwägung>>,<<Epistemische Strategien,Plausibilitätsabwägung>>
person13,"Es ist schwierig, die Glaubwürdigkeit einzuordnen.",<<Kognitive Unsicherheit:explizite Unsicherheit>>,<<Kognitive Unsicherheit,explizite Unsicherheit>>
person13,Weil die allgemeine Meinung finde ich absolut unglaubwürdig.,<<Vertrauen in Inhalt/System:generelles Misstrauen gegenüber Medieninhalten>>,<<Vertrauen in Inhalt/System,generelles Misstrauen gegenüber Medieninhalten>>
person13,Weil die allgemeine Meinung finde ich absolut unglaubwürdig.,<<Begründungsnarrative:Argument: vermeintliche Objektivität>>,<<Begründungsnarrative,Argument: vermeintliche Objektivität>>
person13,Aber die Fakten scheinen jetzt doch zu stimmen.,<<Epistemische Strategien:Plausibilitätsabwägung>>,<<Epistemische Strategien,Plausibilitätsabwägung>>
person13,Aber die Fakten scheinen jetzt doch zu stimmen.,<<Kognitive Unsicherheit:Widersprüche erkannt>>,<<Kognitive Unsicherheit,Widersprüche erkannt>>
person13,Also ich würde es vielleicht ein bisschen glaubwürdiger einschätzen.,<<Verhaltensänderung:Urteilsänderung durch KI>>,<<Verhaltensänderung,Urteilsänderung durch KI>>
person13,Also ich würde es vielleicht ein bisschen glaubwürdiger einschätzen.,<<Metakognitive Reflexion>>,<<Metakognitive Reflexion>>,
person13,Ich bin mir sehr unsicher.,<<Kognitive Unsicherheit:explizite Unsicherheit>>,<<Kognitive Unsicherheit,explizite Unsicherheit>>
person13,Ich bin mir sehr unsicher.,<<Affektive Reaktionen:Unsicherheit>>,<<Affektive Reaktionen,Unsicherheit>>
person13,"Na ja, gut, sehr unsicher ist hier drüben.",<<Kognitive Unsicherheit:explizite Unsicherheit>>,<<Kognitive Unsicherheit,explizite Unsicherheit>>
person13,"Na ja, gut, sehr unsicher ist hier drüben.",<<Metakognitive Reflexion>>,<<Metakognitive Reflexion>>,
person13,Also diesmal war es sehr hilfreich.,<<Vertrauen in Inhalt/System:Vertrauen in Chatbot/KI>>,<<Vertrauen in Inhalt/System,Vertrauen in Chatbot/KI>>
person13,Also diesmal war es sehr hilfreich.,<<Verhaltensänderung:Urteilsänderung durch KI>>,<<Verhaltensänderung,Urteilsänderung durch KI>>
person13,Die Quellen weiß ich eben wieder nicht.,<<Vertrauen in Inhalt/System:Zweifel an Verifikation>>,<<Vertrauen in Inhalt/System,Zweifel an Verifikation>>
person13,Die Quellen weiß ich eben wieder nicht.,<<Verifikationsnutzung:kritisches Hinterfragen von KI-Antwort>>,<<Verifikationsnutzung,kritisches Hinterfragen von KI-Antwort>>
person13,"Na, ich glaube, ich vertraue der KI schon ziemlich, wenn ich die Quellen nicht nachprüfe.",<<Vertrauen in Inhalt/System:Vertrauen in Chatbot/KI>>,<<Vertrauen in Inhalt/System,Vertrauen in Chatbot/KI>>
person13,"Na, ich glaube, ich vertraue der KI schon ziemlich, wenn ich die Quellen nicht nachprüfe.",<<Verifikationsnutzung:passive Übernahme>>,<<Verifikationsnutzung,passive Übernahme>>
person13,"Ja, und die hat viele Informationen geliefert, die ich nicht kannte.",<<Vertrauen in Inhalt/System:Vertrauen in Chatbot/KI>>,<<Vertrauen in Inhalt/System,Vertrauen in Chatbot/KI>>
person13,"Ja, und die hat viele Informationen geliefert, die ich nicht kannte.",<<Begründungsnarrative:Argument: persönliche Erfahrung>>,<<Begründungsnarrative,Argument: persönliche Erfahrung>>
person13,Das Ganze mit Armenien war mir unbekannt.,<<Begründungsnarrative:Argument: persönliche Erfahrung>>,<<Begründungsnarrative,Argument: persönliche Erfahrung>>
person13,Das Ganze mit Armenien war mir unbekannt.,<<Verhaltensänderung:Urteilsänderung durch KI>>,<<Verhaltensänderung,Urteilsänderung durch KI>>
person13,Also tendenziell scheinen mir die Artikel weniger glaubwürdig.,<<Metakognitive Reflexion>>,<<Metakognitive Reflexion>>,
person13,Also tendenziell scheinen mir die Artikel weniger glaubwürdig.,<<Vertrauen in Inhalt/System:generelles Misstrauen gegenüber Medieninhalten>>,<<Vertrauen in Inhalt/System,generelles Misstrauen gegenüber Medieninhalten>>
person13,Ich habe der KI teilweise nicht ganz vertraut.,<<Vertrauen in Inhalt/System:Zweifel an Verifikation>>,<<Vertrauen in Inhalt/System,Zweifel an Verifikation>>
person13,Ich habe der KI teilweise nicht ganz vertraut.,<<Verifikationsnutzung:kritisches Hinterfragen von KI-Antwort>>,<<Verifikationsnutzung,kritisches Hinterfragen von KI-Antwort>>
person13,"Einfach bloß, weil ich nicht wusste, wie aktuell die Informationen sind.",<<Vertrauen in Inhalt/System:Zweifel an Verifikation>>,<<Vertrauen in Inhalt/System,Zweifel an Verifikation>>
person13,"Einfach bloß, weil ich nicht wusste, wie aktuell die Informationen sind.",<<Begründungsnarrative:Argument: Inhalt vs. Quelle>>,<<Begründungsnarrative,Argument: Inhalt vs. Quelle>>
person13,Das hat mich tendenziell schon bestärkt.,<<Verhaltensänderung:Bestätigung bestehender Meinung>>,<<Verhaltensänderung,Bestätigung bestehender Meinung>>
person13,Das hat mich tendenziell schon bestärkt.,<<Metakognitive Reflexion>>,<<Metakognitive Reflexion>>,
person13,Ich war mir bloß bei dem letzten Artikel unsicherer.,<<Kognitive Unsicherheit:explizite Unsicherheit>>,<<Kognitive Unsicherheit,explizite Unsicherheit>>
person13,Ich war mir bloß bei dem letzten Artikel unsicherer.,<<Affektive Reaktionen:Unsicherheit>>,<<Affektive Reaktionen,Unsicherheit>>
person13,Also tendenziell war ich mir schon sicherer danach.,<<Verhaltensänderung:Bestätigung bestehender Meinung>>,<<Verhaltensänderung,Bestätigung bestehender Meinung>>
person13,Also tendenziell war ich mir schon sicherer danach.,<<Metakognitive Reflexion>>,<<Metakognitive Reflexion>>,
person13,"Aber ich konnte nicht so ganz nachvollziehen, wie die KI zu den Aussagen gekommen ist.",<<Vertrauen in Inhalt/System:Zweifel an Verifikation>>,<<Vertrauen in Inhalt/System,Zweifel an Verifikation>>
person13,"Aber ich konnte nicht so ganz nachvollziehen, wie die KI zu den Aussagen gekommen ist.",<<Verifikationsnutzung:kritisches Hinterfragen von KI-Antwort>>,<<Verifikationsnutzung,kritisches Hinterfragen von KI-Antwort>>
person13,"Einfach, weil keine Quellenangaben drin waren, die ich auch nicht danach gefragt habe.",<<Begründungsnarrative:Argument: Inhalt vs. Quelle>>,<<Begründungsnarrative,Argument: Inhalt vs. Quelle>>
person13,"Einfach, weil keine Quellenangaben drin waren, die ich auch nicht danach gefragt habe.",<<Metakognitive Reflexion>>,<<Metakognitive Reflexion>>,
person13,"Ich glaube, im Alltag würde ich es nicht komplett verwenden.",<<Vertrauen in Inhalt/System:Zweifel an Verifikation>>,<<Vertrauen in Inhalt/System,Zweifel an Verifikation>>
person13,"Ich glaube, im Alltag würde ich es nicht komplett verwenden.",<<Metakognitive Reflexion>>,<<Metakognitive Reflexion>>,
person13,"Einfach, weil ich nicht so ganz sicher bin, was eben mit der Aktualität ist.",<<Vertrauen in Inhalt/System:Zweifel an Verifikation>>,<<Vertrauen in Inhalt/System,Zweifel an Verifikation>>
person13,"Einfach, weil ich nicht so ganz sicher bin, was eben mit der Aktualität ist.",<<Begründungsnarrative:Argument: Inhalt vs. Quelle>>,<<Begründungsnarrative,Argument: Inhalt vs. Quelle>>
person13,"Weil ich glaube, im Alltag bin ich doch mehr mit aktuellen Daten konfrontiert.",<<Begründungsnarrative:Argument: persönliche Erfahrung>>,<<Begründungsnarrative,Argument: persönliche Erfahrung>>
person13,"Weil ich glaube, im Alltag bin ich doch mehr mit aktuellen Daten konfrontiert.",<<Epistemische Strategien:Plausibilitätsabwägung>>,<<Epistemische Strategien,Plausibilitätsabwägung>>
person13,"Das höre ich öfter. Ich glaube, ich würde mich eher in der Mitte einordnen, aber schon leicht hangen nach links.",<<Begründungsnarrative:Argument: persönliche Erfahrung>>,<<Begründungsnarrative,Argument: persönliche Erfahrung>>
person13,"Das höre ich öfter. Ich glaube, ich würde mich eher in der Mitte einordnen, aber schon leicht hangen nach links.",<<Metakognitive Reflexion>>,<<Metakognitive Reflexion>>,
person13,"Muss aber auch zugeben, dass ich politisch nicht wahnsinnig ... versiert bin.",<<Begründungsnarrative:Argument: persönliche Erfahrung>>,<<Begründungsnarrative,Argument: persönliche Erfahrung>>
person13,"Muss aber auch zugeben, dass ich politisch nicht wahnsinnig ... versiert bin.",<<Kognitive Unsicherheit:explizite Unsicherheit>>,<<Kognitive Unsicherheit,explizite Unsicherheit>>
person13,Fernsehen schaue ich eigentlich nicht.,<<Begründungsnarrative:Argument: persönliche Erfahrung>>,<<Begründungsnarrative,Argument: persönliche Erfahrung>>
person13,Auf sozialen Netzwerken kriege ich eher mehr so Fun-Facts mit.,<<Begründungsnarrative:Argument: persönliche Erfahrung>>,<<Begründungsnarrative,Argument: persönliche Erfahrung>>
person13,Aber nicht wirklich wahnsinnig politische Nachrichten.,<<Begründungsnarrative:Argument: persönliche Erfahrung>>,<<Begründungsnarrative,Argument: persönliche Erfahrung>>
person13,"Ich glaube, mein tendenzielles Gefühl bei der Glaubwürdigkeit war schon eher gut.",<<Metakognitive Reflexion>>,<<Metakognitive Reflexion>>,
person13,"Ich glaube, mein tendenzielles Gefühl bei der Glaubwürdigkeit war schon eher gut.",<<Heuristische Bewertung:Bauchgefühl>>,<<Heuristische Bewertung,Bauchgefühl>>
person13,Ich fühle mich schon recht sicher im Umgang damit.,<<Metakognitive Reflexion>>,<<Metakognitive Reflexion>>,
person13,Ich fühle mich schon recht sicher im Umgang damit.,<<Affektive Reaktionen:Zustimmung / Zustimmungssignale>>,<<Affektive Reaktionen,Zustimmung / Zustimmungssignale>>
person13,"Ich denke, ich würde so Fakten einfach durchgoogeln und schauen, ob mehrere Quellen dasselbe Sagen prüfen.",<<Epistemische Strategien:Faktenprüfung>>,<<Epistemische Strategien,Faktenprüfung>>
person13,"Ich denke, ich würde so Fakten einfach durchgoogeln und schauen, ob mehrere Quellen dasselbe Sagen prüfen.",<<Begründungsnarrative:Argument: persönliche Erfahrung>>,<<Begründungsnarrative,Argument: persönliche Erfahrung>>
person13,"Ich denke, mit KI habe ich schon gute Erfahrungen.",<<Vertrauen in Inhalt/System:Vertrauen in Chatbot/KI>>,<<Vertrauen in Inhalt/System,Vertrauen in Chatbot/KI>>
person13,"Ich denke, mit KI habe ich schon gute Erfahrungen.",<<Begründungsnarrative:Argument: persönliche Erfahrung>>,<<Begründungsnarrative,Argument: persönliche Erfahrung>>
