person_id,text_segment,annotation,category,memo
person16,"Und schon kommt der erste Artikel. Wie gesagt, bitte laut denken.",<<Metakognitive Reflexion>>,<<Metakognitive Reflexion>>,
person16,"Das heißt, ich soll laut denken? Welche Gedanken du dabei hast. Okay.",<<Metakognitive Reflexion>>,<<Metakognitive Reflexion>>,
person16,"Das heißt, ich soll laut denken? Welche Gedanken du dabei hast. Okay.",<<Begründungsnarrative:Argument: persönliche Erfahrung>>,<<Begründungsnarrative,Argument: persönliche Erfahrung>>
person16,Ich habe jetzt fertig gelesen. War ein interessanter Text.,<<Affektive Reaktionen:Zustimmung / Zustimmungssignale>>,<<Affektive Reaktionen,Zustimmung / Zustimmungssignale>>
person16,Ich habe jetzt fertig gelesen. War ein interessanter Text.,<<Heuristische Bewertung:Bauchgefühl>>,<<Heuristische Bewertung,Bauchgefühl>>
person16,Und was soll ich jetzt dazu sagen?,<<Kognitive Unsicherheit:explizite Unsicherheit>>,<<Kognitive Unsicherheit,explizite Unsicherheit>>
person16,Und was soll ich jetzt dazu sagen?,<<Metakognitive Reflexion>>,<<Metakognitive Reflexion>>,
person16,"Okay, also ich finde den jetzt nicht so glaubwürdig.",<<Vertrauen in Inhalt/System:generelles Misstrauen gegenüber Medieninhalten>>,<<Vertrauen in Inhalt/System,generelles Misstrauen gegenüber Medieninhalten>>
person16,"Okay, also ich finde den jetzt nicht so glaubwürdig.",<<Heuristische Bewertung:Bauchgefühl>>,<<Heuristische Bewertung,Bauchgefühl>>
person16,Erstens sind da keine Zusammenhänge.,<<Begründungsnarrative:Argument: Struktur und Logik>>,<<Begründungsnarrative,Argument: Struktur und Logik>>
person16,Erstens sind da keine Zusammenhänge.,<<Textinterne Begründungen>>,<<Textinterne Begründungen>>,
person16,Und irgendwie alles durcheinander.,<<Begründungsnarrative:Argument: Struktur und Logik>>,<<Begründungsnarrative,Argument: Struktur und Logik>>
person16,Und irgendwie alles durcheinander.,<<Heuristische Bewertung:Sprache/Stil>>,<<Heuristische Bewertung,Sprache/Stil>>
person16,Deswegen würde ich jetzt nicht so glaubwürdig empfehlen.,<<Vertrauen in Inhalt/System:generelles Misstrauen gegenüber Medieninhalten>>,<<Vertrauen in Inhalt/System,generelles Misstrauen gegenüber Medieninhalten>>
person16,Deswegen würde ich jetzt nicht so glaubwürdig empfehlen.,<<Metakognitive Reflexion>>,<<Metakognitive Reflexion>>,
person16,T16. T16.,<<Metakognitive Reflexion>>,<<Metakognitive Reflexion>>,
person16,Jetzt hänge ich gerade wohl. Was habe ich vorhin gesagt?,<<Metakognitive Reflexion>>,<<Metakognitive Reflexion>>,
person16,Jetzt hänge ich gerade wohl. Was habe ich vorhin gesagt?,<<Kognitive Unsicherheit:explizite Unsicherheit>>,<<Kognitive Unsicherheit,explizite Unsicherheit>>
person16,Dass es keine Zusammenhänge hat.,<<Begründungsnarrative:Argument: Struktur und Logik>>,<<Begründungsnarrative,Argument: Struktur und Logik>>
person16,Dass es keine Zusammenhänge hat.,<<Metakognitive Reflexion>>,<<Metakognitive Reflexion>>,
person16,Ich würde es jetzt einfach so stehen lassen.,<<Kognitive Unsicherheit:Abbruch der Bewertung>>,<<Kognitive Unsicherheit,Abbruch der Bewertung>>
person16,Ich würde es jetzt einfach so stehen lassen.,<<Begründungsnarrative:Argument: persönliche Erfahrung>>,<<Begründungsnarrative,Argument: persönliche Erfahrung>>
person16,"Okay, ich schicke es ab.",<<Metakognitive Reflexion>>,<<Metakognitive Reflexion>>,
person16,"Okay, jetzt muss ich sagen, der Artikel kommt ein bisschen glaubwürdiger vor.",<<Vertrauen in Inhalt/System:generelles Vertrauen in Medien>>,<<Vertrauen in Inhalt/System,generelles Vertrauen in Medien>>
person16,"Okay, jetzt muss ich sagen, der Artikel kommt ein bisschen glaubwürdiger vor.",<<Heuristische Bewertung:Bauchgefühl>>,<<Heuristische Bewertung,Bauchgefühl>>
person16,Ja.,<<Affektive Reaktionen:Zustimmung / Zustimmungssignale>>,<<Affektive Reaktionen,Zustimmung / Zustimmungssignale>>
person16,Mhm.,<<Affektive Reaktionen:Zustimmung / Zustimmungssignale>>,<<Affektive Reaktionen,Zustimmung / Zustimmungssignale>>
person16,Da sind die Zusammenhänge viel besser.,<<Begründungsnarrative:Argument: Struktur und Logik>>,<<Begründungsnarrative,Argument: Struktur und Logik>>
person16,Da sind die Zusammenhänge viel besser.,<<Vergleichende Bewertung>>,<<Vergleichende Bewertung>>,
person16,"Aber trotzdem sind da so Kleinigkeiten, die mir auch sagen, der ist nicht so glaubwürdig.",<<Begründungsnarrative:Argument: Inhalt vs. Quelle>>,<<Begründungsnarrative,Argument: Inhalt vs. Quelle>>
person16,"Aber trotzdem sind da so Kleinigkeiten, die mir auch sagen, der ist nicht so glaubwürdig.",<<Kognitive Unsicherheit:explizite Unsicherheit>>,<<Kognitive Unsicherheit,explizite Unsicherheit>>
person16,Okay. Ja.,<<Affektive Reaktionen:Zustimmung / Zustimmungssignale>>,<<Affektive Reaktionen,Zustimmung / Zustimmungssignale>>
person16,Okay. Ja.,<<Metakognitive Reflexion>>,<<Metakognitive Reflexion>>,
person16,Ich werde jetzt mal weiterklicken und den Fragebogen öffnen.,<<Metakognitive Reflexion>>,<<Metakognitive Reflexion>>,
person16,Ich werde jetzt mal weiterklicken und den Fragebogen öffnen.,<<Begründungsnarrative:Argument: persönliche Erfahrung>>,<<Begründungsnarrative,Argument: persönliche Erfahrung>>
person16,Bitte laut denken.,<<Metakognitive Reflexion>>,<<Metakognitive Reflexion>>,
person16,"Okay, also ich würde sagen, der Text ist so wie der Text vorher.",<<Vergleichende Bewertung>>,<<Vergleichende Bewertung>>,
person16,"Okay, also ich würde sagen, der Text ist so wie der Text vorher.",<<Metakognitive Reflexion>>,<<Metakognitive Reflexion>>,
person16,"Etwas glaubwürdiger, aber auch irgendwie so Kleinigkeiten, die mir sagen, das ist doch nicht so glaubwürdig.",<<Begründungsnarrative:Argument: Inhalt vs. Quelle>>,<<Begründungsnarrative,Argument: Inhalt vs. Quelle>>
person16,"Etwas glaubwürdiger, aber auch irgendwie so Kleinigkeiten, die mir sagen, das ist doch nicht so glaubwürdig.",<<Kognitive Unsicherheit:explizite Unsicherheit>>,<<Kognitive Unsicherheit,explizite Unsicherheit>>
person16,Mhm.,<<Affektive Reaktionen:Zustimmung / Zustimmungssignale>>,<<Affektive Reaktionen,Zustimmung / Zustimmungssignale>>
person16,Also ich finde diesen Text sehr glaubwürdig.,<<Vertrauen in Inhalt/System:generelles Vertrauen in Medien>>,<<Vertrauen in Inhalt/System,generelles Vertrauen in Medien>>
person16,Also ich finde diesen Text sehr glaubwürdig.,<<Heuristische Bewertung:Bauchgefühl>>,<<Heuristische Bewertung,Bauchgefühl>>
person16,Mhm.,<<Affektive Reaktionen:Zustimmung / Zustimmungssignale>>,<<Affektive Reaktionen,Zustimmung / Zustimmungssignale>>
person16,Der ist auch ein bisschen anders aufgebaut als die anderen.,<<Begründungsnarrative:Argument: Struktur und Logik>>,<<Begründungsnarrative,Argument: Struktur und Logik>>
person16,Der ist auch ein bisschen anders aufgebaut als die anderen.,<<Vergleichende Bewertung>>,<<Vergleichende Bewertung>>,
person16,Mhm.,<<Affektive Reaktionen:Zustimmung / Zustimmungssignale>>,<<Affektive Reaktionen,Zustimmung / Zustimmungssignale>>
person16,Ist strukturierter.,<<Begründungsnarrative:Argument: Struktur und Logik>>,<<Begründungsnarrative,Argument: Struktur und Logik>>
person16,Ist strukturierter.,<<Heuristische Bewertung:Sprache/Stil>>,<<Heuristische Bewertung,Sprache/Stil>>
person16,Mhm.,<<Affektive Reaktionen:Zustimmung / Zustimmungssignale>>,<<Affektive Reaktionen,Zustimmung / Zustimmungssignale>>
person16,"Und deshalb muss ich nur sagen, dass er auch glaubwürdig ist.",<<Vertrauen in Inhalt/System:generelles Vertrauen in Medien>>,<<Vertrauen in Inhalt/System,generelles Vertrauen in Medien>>
person16,"Und deshalb muss ich nur sagen, dass er auch glaubwürdig ist.",<<Epistemische Strategien:logische Argumentation>>,<<Epistemische Strategien,logische Argumentation>>
person16,Mhm.,<<Affektive Reaktionen:Zustimmung / Zustimmungssignale>>,<<Affektive Reaktionen,Zustimmung / Zustimmungssignale>>
person16,"Jetzt werden dir dieselben Artikel wieder an der einen Seite vom Bildschirm gezeigt, auf der anderen Seite hast du einen KI-Bot, den du die Nachrichten auf Glaubwürdigkeit verifizieren sollst.",<<Metakognitive Reflexion>>,<<Metakognitive Reflexion>>,
person16,"Jetzt werden dir dieselben Artikel wieder an der einen Seite vom Bildschirm gezeigt, auf der anderen Seite hast du einen KI-Bot, den du die Nachrichten auf Glaubwürdigkeit verifizieren sollst.",<<Vertrauen in Inhalt/System:Vertrauen in Chatbot/KI>>,<<Vertrauen in Inhalt/System,Vertrauen in Chatbot/KI>>
person16,Es gibt keine richtige und keine falsche Vorgehensweise.,<<Metakognitive Reflexion>>,<<Metakognitive Reflexion>>,
person16,Es gibt keine richtige und keine falsche Vorgehensweise.,<<Kognitive Unsicherheit:explizite Unsicherheit>>,<<Kognitive Unsicherheit,explizite Unsicherheit>>
person16,"Okay. Das war jetzt genau das, was da steht. Genau.",<<Begründungsnarrative:Argument: persönliche Erfahrung>>,<<Begründungsnarrative,Argument: persönliche Erfahrung>>
person16,"Okay. Das war jetzt genau das, was da steht. Genau.",<<Metakognitive Reflexion>>,<<Metakognitive Reflexion>>,
person16,"Okay, alles klar.",<<Affektive Reaktionen:Zustimmung / Zustimmungssignale>>,<<Affektive Reaktionen,Zustimmung / Zustimmungssignale>>
person16,"Ich würde tatsächlich jetzt mal den Text einfügen und dann erst schreiben, wie glaubwürdig er den Text findet.",<<Verifikationsnutzung:aktive Prüfung mit Chatbot>>,<<Verifikationsnutzung,aktive Prüfung mit Chatbot>>
person16,"Ich würde tatsächlich jetzt mal den Text einfügen und dann erst schreiben, wie glaubwürdig er den Text findet.",<<Metakognitive Reflexion>>,<<Metakognitive Reflexion>>,
person16,"Noticetag, genau.",<<Metakognitive Reflexion>>,<<Metakognitive Reflexion>>,
person16,"Ah, okay. Ah, der Bot hatte dir davor schon geantwortet.",<<Vertrauen in Inhalt/System:Vertrauen in Chatbot/KI>>,<<Vertrauen in Inhalt/System,Vertrauen in Chatbot/KI>>
person16,"Ah, okay. Ah, der Bot hatte dir davor schon geantwortet.",<<Affektive Reaktionen:Überraschung>>,<<Affektive Reaktionen,Überraschung>>
person16,"Ach so. Ah, nee, hier.",<<Kognitive Unsicherheit:explizite Unsicherheit>>,<<Kognitive Unsicherheit,explizite Unsicherheit>>
person16,"Ach so. Ah, nee, hier.",<<Metakognitive Reflexion>>,<<Metakognitive Reflexion>>,
person16,"Ich kann den auch fragen, ob er mir das von 1 bis 7...",<<Verifikationsnutzung:aktive Prüfung mit Chatbot>>,<<Verifikationsnutzung,aktive Prüfung mit Chatbot>>
person16,"Ich kann den auch fragen, ob er mir das von 1 bis 7...",<<Epistemische Strategien:Faktenprüfung>>,<<Epistemische Strategien,Faktenprüfung>>
person16,Ja.,<<Affektive Reaktionen:Zustimmung / Zustimmungssignale>>,<<Affektive Reaktionen,Zustimmung / Zustimmungssignale>>
person16,Okay.,<<Affektive Reaktionen:Zustimmung / Zustimmungssignale>>,<<Affektive Reaktionen,Zustimmung / Zustimmungssignale>>
person16,Es gibt kein richtig und kein falsch. Okay.,<<Metakognitive Reflexion>>,<<Metakognitive Reflexion>>,
person16,Es gibt kein richtig und kein falsch. Okay.,<<Kognitive Unsicherheit:explizite Unsicherheit>>,<<Kognitive Unsicherheit,explizite Unsicherheit>>
person16,Da würde ich jetzt mal weiterklicken.,<<Metakognitive Reflexion>>,<<Metakognitive Reflexion>>,
person16,Da würde ich jetzt mal weiterklicken.,<<Begründungsnarrative:Argument: persönliche Erfahrung>>,<<Begründungsnarrative,Argument: persönliche Erfahrung>>
person16,Mhm.,<<Affektive Reaktionen:Zustimmung / Zustimmungssignale>>,<<Affektive Reaktionen,Zustimmung / Zustimmungssignale>>
person16,Mhm.,<<Affektive Reaktionen:Zustimmung / Zustimmungssignale>>,<<Affektive Reaktionen,Zustimmung / Zustimmungssignale>>
person16,Und Artikel Nummer 3. Und der nächste Artikel.,<<Metakognitive Reflexion>>,<<Metakognitive Reflexion>>,
person16,Und werde den Weiter-Button suchen.,<<Metakognitive Reflexion>>,<<Metakognitive Reflexion>>,
person16,Und werde den Weiter-Button suchen.,<<Begründungsnarrative:Argument: persönliche Erfahrung>>,<<Begründungsnarrative,Argument: persönliche Erfahrung>>
person16,Very nice.,<<Affektive Reaktionen:Zustimmung / Zustimmungssignale>>,<<Affektive Reaktionen,Zustimmung / Zustimmungssignale>>
person16,"Und wir sind schon in der Schlussphase, Corona.",<<Metakognitive Reflexion>>,<<Metakognitive Reflexion>>,
person16,"Und wir sind schon in der Schlussphase, Corona.",<<Affektive Reaktionen:Humor / Lachen>>,<<Affektive Reaktionen,Humor / Lachen>>
person16,Einmal bitte wieder weiter.,<<Metakognitive Reflexion>>,<<Metakognitive Reflexion>>,
person16,Einmal bitte wieder weiter.,<<Begründungsnarrative:Argument: persönliche Erfahrung>>,<<Begründungsnarrative,Argument: persönliche Erfahrung>>
person16,Mhm.,<<Affektive Reaktionen:Zustimmung / Zustimmungssignale>>,<<Affektive Reaktionen,Zustimmung / Zustimmungssignale>>
person16,Und der letzte Fragebogen öffnet sich. Du bist wieder 16.,<<Metakognitive Reflexion>>,<<Metakognitive Reflexion>>,
person16,Mhm.,<<Affektive Reaktionen:Zustimmung / Zustimmungssignale>>,<<Affektive Reaktionen,Zustimmung / Zustimmungssignale>>
person16,"Genau. Und wenn ich jetzt bei der Frage die 6 ankriege, dann bin ich weder links noch rechts.",<<Begründungsnarrative:Argument: gesellschaftlicher Kontext>>,<<Begründungsnarrative,Argument: gesellschaftlicher Kontext>>
person16,"Genau. Und wenn ich jetzt bei der Frage die 6 ankriege, dann bin ich weder links noch rechts.",<<Metakognitive Reflexion>>,<<Metakognitive Reflexion>>,
person16,Mhm.,<<Affektive Reaktionen:Zustimmung / Zustimmungssignale>>,<<Affektive Reaktionen,Zustimmung / Zustimmungssignale>>
person16,"Okay. Ich glaube, wir sind fertig.",<<Metakognitive Reflexion>>,<<Metakognitive Reflexion>>,
person16,"Okay. Ich glaube, wir sind fertig.",<<Affektive Reaktionen:Zustimmung / Zustimmungssignale>>,<<Affektive Reaktionen,Zustimmung / Zustimmungssignale>>
person16,Mega geil.,<<Affektive Reaktionen:Zustimmung / Zustimmungssignale>>,<<Affektive Reaktionen,Zustimmung / Zustimmungssignale>>
person16,Mega geil.,<<Affektive Reaktionen:Freude / Begeisterung>>,<<Affektive Reaktionen,Freude / Begeisterung>>
person16,Vielen Dank für deine Teilnahme.,<<Affektive Reaktionen:Zustimmung / Zustimmungssignale>>,<<Affektive Reaktionen,Zustimmung / Zustimmungssignale>>
person16,Ich beende jetzt die Aktion.,<<Metakognitive Reflexion>>,<<Metakognitive Reflexion>>,
person16,Ich beende jetzt die Aktion.,<<Begründungsnarrative:Argument: persönliche Erfahrung>>,<<Begründungsnarrative,Argument: persönliche Erfahrung>>
