person_id,text_segment,annotation,category,memo
person14,Okay. Tribunal gegen den Aggressor. Selbstverteidigung. Schönzureden.,<<Begründungsnarrative:Argument: Sprache/Stil>>,<<Begründungsnarrative,Argument: Sprache/Stil>>
person14,Okay. Tribunal gegen den Aggressor. Selbstverteidigung. Schönzureden.,<<Affektive Reaktionen:Ironie / Sarkasmus>>,<<Affektive Reaktionen,Ironie / Sarkasmus>>
person14,Ist das so sachlich? Schönzureden? Wieder mal jetzt eine Art.,<<Begründungsnarrative:Argument: Sprache/Stil>>,<<Begründungsnarrative,Argument: Sprache/Stil>>
person14,Ist das so sachlich? Schönzureden? Wieder mal jetzt eine Art.,<<Affektive Reaktionen:Ironie / Sarkasmus>>,<<Affektive Reaktionen,Ironie / Sarkasmus>>
person14,"Weiß ich nicht, ob das jetzt sachlich ist.",<<Kognitive Unsicherheit:explizite Unsicherheit>>,<<Kognitive Unsicherheit,explizite Unsicherheit>>
person14,"Weiß ich nicht, ob das jetzt sachlich ist.",<<Begründungsnarrative:Argument:subjektive Einschätzung>>,<<Begründungsnarrative,Argument:subjektive Einschätzung>>
person14,"Also besann man sich, auch wenn der Staat mindestens immer ein wenig im Schatten des Europäischen Unions steht, besann man sich. Das hört sich jetzt irgendwie so an, so, keine Ahnung.",<<Begründungsnarrative:Argument:subjektive Einschätzung>>,<<Begründungsnarrative,Argument:subjektive Einschätzung>>
person14,"Also besann man sich, auch wenn der Staat mindestens immer ein wenig im Schatten des Europäischen Unions steht, besann man sich. Das hört sich jetzt irgendwie so an, so, keine Ahnung.",<<Kognitive Unsicherheit:explizite Unsicherheit>>,<<Kognitive Unsicherheit,explizite Unsicherheit>>
person14,"Keine Ahnung, das hört sich so an, als wäre das jetzt total die schlechte Idee gewesen, das bei der UN anzu siedeln. Find ich ein bisschen komisch formuliert.",<<Heuristische Bewertung:Sprache/Stil>>,<<Heuristische Bewertung,Sprache/Stil>>
person14,"Keine Ahnung, das hört sich so an, als wäre das jetzt total die schlechte Idee gewesen, das bei der UN anzu siedeln. Find ich ein bisschen komisch formuliert.",<<Vertrauen in Inhalt/System:Misstrauen in Inhalt/System>>,<<Vertrauen in Inhalt/System,Misstrauen in Inhalt/System>>
person14,Sitz der Europäische Gerichtshof für Menschenrechte in Straßburg. Da saß doch...,<<Vertrauen in Inhalt/System:Misstrauen in Inhalt/System>>,<<Vertrauen in Inhalt/System,Misstrauen in Inhalt/System>>
person14,"Saß doch immer woanders, dachte ich. Hm. Merkwürdig.",<<Vertrauen in Inhalt/System:Misstrauen in Inhalt/System>>,<<Vertrauen in Inhalt/System,Misstrauen in Inhalt/System>>
person14,"Dauerkunde. Dauerkunde in Straßburg war. Das weiß ich jetzt nicht, ob das so neutral ist.",<<Begründungsnarrative:Argument:subjektive Einschätzung>>,<<Begründungsnarrative,Argument:subjektive Einschätzung>>
person14,"Dauerkunde. Dauerkunde in Straßburg war. Das weiß ich jetzt nicht, ob das so neutral ist.",<<Begründungsnarrative:Argument: Sprache/Stil>>,<<Begründungsnarrative,Argument: Sprache/Stil>>
person14,"Hier, Den Haag. Das hört sich doch schon eher realistisch an.",<<Begründungsnarrative:Argument: persönliche Erfahrung>>,<<Begründungsnarrative,Argument: persönliche Erfahrung>>
person14,"Ja, das Menschengericht, also das sitzt in Den Haag, meine ich, und nicht in Straßburg.",<<Begründungsnarrative:Argument:subjektive Einschätzung>>,<<Begründungsnarrative,Argument:subjektive Einschätzung>>
person14,"Also erst schreiben sie irgendwas von, wir machen das irgendwie in Straßburg, weil da angeblich ein Gericht sitzt. Und jetzt schreiben sie hier, man will es in Den Haag machen, weil da auch irgendwas sitzt.",<<Vertrauen in Inhalt/System:Misstrauen in Inhalt/System>>,<<Vertrauen in Inhalt/System,Misstrauen in Inhalt/System>>
person14,"In Straßburg, da saß nie irgendwas. Straßburg liegt in Frankreich, meine ich, wenn ich mich grad nicht irre.",<<Vertrauen in Inhalt/System:Misstrauen in Inhalt/System>>,<<Vertrauen in Inhalt/System,Misstrauen in Inhalt/System>>
person14,"In Straßburg, da saß nie irgendwas. Straßburg liegt in Frankreich, meine ich, wenn ich mich grad nicht irre.",<<Begründungsnarrative:Argument: persönliche Erfahrung>>,<<Begründungsnarrative,Argument: persönliche Erfahrung>>
person14,"Also, seit wann war da irgendwas von der EU in Straßburg? Ja. Ist auch irgendwie ein bisschen komisch formuliert.",<<Vertrauen in Inhalt/System:Misstrauen in Inhalt/System>>,<<Vertrauen in Inhalt/System,Misstrauen in Inhalt/System>>
person14,Gewappnet. Denn allein das Führungstrio ist gegen Strafverfolgung gewappnet. Okay.,<<Begründungsnarrative:Argument: persönliche Erfahrung>>,<<Begründungsnarrative,Argument: persönliche Erfahrung>>
person14,"Und hier schreiben sie irgendwie, und weiteres Führungspersonal. Das ist irgendwie unlogisch.",<<Vertrauen in Inhalt/System:Misstrauen in Inhalt/System>>,<<Vertrauen in Inhalt/System,Misstrauen in Inhalt/System>>
person14,"Der Artikel ist irgendwie teilweise so ein bisschen... ...kontra Russland geschrieben, nicht wirklich neutral.",<<Vertrauen in Inhalt/System:Misstrauen in Inhalt/System>>,<<Vertrauen in Inhalt/System,Misstrauen in Inhalt/System>>
person14,"Der Artikel ist irgendwie teilweise so ein bisschen... ...kontra Russland geschrieben, nicht wirklich neutral.",<<Begründungsnarrative:Argument:subjektive Einschätzung>>,<<Begründungsnarrative,Argument:subjektive Einschätzung>>
person14,"Mhm. Ich meine, er hat auch irgendwie inhaltlich so ein paar kleine Widersprüche, aber auch Fehler.",<<Kognitive Unsicherheit:Widersprüche erkannt>>,<<Kognitive Unsicherheit,Widersprüche erkannt>>
person14,"In Straßburg war da nichts, meine ich.",<<Begründungsnarrative:Argument:subjektive Einschätzung>>,<<Begründungsnarrative,Argument:subjektive Einschätzung>>
person14,Das Menschenrechtsgericht saß irgendwie in Den Haag.,<<Begründungsnarrative:Argument:subjektive Einschätzung>>,<<Begründungsnarrative,Argument:subjektive Einschätzung>>
person14,A5 vielleicht? Unsicher. Auch Gefühle.,<<Begründungsnarrative:Argument:subjektive Einschätzung>>,<<Begründungsnarrative,Argument:subjektive Einschätzung>>
person14,"Also ich habe ja noch nie einen Journalisten gehört. Was habe ich vorhin da angemengelt? Da weiß ich jetzt nicht mehr, aber es war irgendwie schon teilweise echt unsachlich.",<<Begründungsnarrative:Argument:subjektive Einschätzung>>,<<Begründungsnarrative,Argument:subjektive Einschätzung>>
person14,"Also ich habe ja noch nie einen Journalisten gehört. Was habe ich vorhin da angemengelt? Da weiß ich jetzt nicht mehr, aber es war irgendwie schon teilweise echt unsachlich.",<<Begründungsnarrative:Argument: Logik>>,<<Begründungsnarrative,Argument: Logik>>
person14,"Also Bauchgefühl oder Intuition. Ja, keine Ahnung.",<<Heuristische Bewertung:Bauchgefühl>>,<<Heuristische Bewertung,Bauchgefühl>>
person14,"Also Bauchgefühl oder Intuition. Ja, keine Ahnung.",<<Kognitive Unsicherheit:explizite Unsicherheit>>,<<Kognitive Unsicherheit,explizite Unsicherheit>>
person14,"Also eben halt, das ist halt nicht wirklich in einem Punkt neutral. Und auch meine ich irgendwie sachtechnisch gesehen war es auch einfach, meine ich, irgendwie nicht richtig.",<<Vertrauen in Inhalt/System:Misstrauen in Inhalt/System>>,<<Vertrauen in Inhalt/System,Misstrauen in Inhalt/System>>
person14,"Also eben halt, das ist halt nicht wirklich in einem Punkt neutral. Und auch meine ich irgendwie sachtechnisch gesehen war es auch einfach, meine ich, irgendwie nicht richtig.",<<Begründungsnarrative:Argument:subjektive Einschätzung>>,<<Begründungsnarrative,Argument:subjektive Einschätzung>>
person14,Aber ich kann mich da natürlich auch täuschen. Das ist jetzt nicht gerade mein Kernkompetenzgebiet.,<<Kognitive Unsicherheit:explizite Unsicherheit>>,<<Kognitive Unsicherheit,explizite Unsicherheit>>
person14,Aber ich kann mich da natürlich auch täuschen. Das ist jetzt nicht gerade mein Kernkompetenzgebiet.,<<Begründungsnarrative:Argument: persönliche Erfahrung>>,<<Begründungsnarrative,Argument: persönliche Erfahrung>>
person14,Europäische Eliten wollen jeden... Sie sind zerquetschend zum Urteil gegen Marine Le Pen. Wer ist Marine Le Pen?,<<Kognitive Unsicherheit:explizite Unsicherheit>>,<<Kognitive Unsicherheit,explizite Unsicherheit>>
person14,Ist da jetzt Scheinbeschäftigung sowas wie... Scheinselbstständigkeit?,<<Kognitive Unsicherheit:explizite Unsicherheit>>,<<Kognitive Unsicherheit,explizite Unsicherheit>>
person14,"Das ist jetzt... Also, ist das jetzt eine Vermutung? In Frankreich wird es nicht anders sein.",<<Kognitive Unsicherheit:explizite Unsicherheit>>,<<Kognitive Unsicherheit,explizite Unsicherheit>>
person14,"Das ist jetzt... Also, ist das jetzt eine Vermutung? In Frankreich wird es nicht anders sein.",<<Begründungsnarrative:Argument: persönliche Erfahrung>>,<<Begründungsnarrative,Argument: persönliche Erfahrung>>
person14,"Okay, das ist scheinbar ja so ein Persönlichkeitsbericht hier. Okay. Ah, das ist irgendwie hier schon so ein bisschen so eine Sache.",<<Heuristische Bewertung:Sprache/Stil>>,<<Heuristische Bewertung,Sprache/Stil>>
person14,"Erst ist von ihr hier gar nicht so die Rede. So eine ganz normale Einführung. Dann die Einführung quasi hin über Deutschland, meinetwegen.",<<Begründungsnarrative:Argument:subjektive Einschätzung>>,<<Begründungsnarrative,Argument:subjektive Einschätzung>>
person14,"Erst ist von ihr hier gar nicht so die Rede. So eine ganz normale Einführung. Dann die Einführung quasi hin über Deutschland, meinetwegen.",<<Begründungsnarrative:Argument: Logik>>,<<Begründungsnarrative,Argument: Logik>>
person14,Dann diese besagte komische Stelle. So in Frankreich wird es nicht anders sein.,<<Epistemische Strategien:Plausibilitätsabwägung>>,<<Epistemische Strategien,Plausibilitätsabwägung>>
person14,Aber was will dieser Artikel mir jetzt sagen? Also reden wir jetzt hier über Frankreich oder über Deutschland?,<<Kognitive Unsicherheit:explizite Unsicherheit>>,<<Kognitive Unsicherheit,explizite Unsicherheit>>
person14,"Okay, gut. Vetternwirtschaft, meinetwegen, ist ja auch so.",<<Affektive Reaktionen:Zustimmung / Zustimmungssignale>>,<<Affektive Reaktionen,Zustimmung / Zustimmungssignale>>
person14,"Okay, quasi. Also okay, man versucht es quasi anhand des deutschen Beispieles für den Leser zu erklären, warum das in Frankreich so ist und dass es in Deutschland nicht anders ist.",<<Begründungsnarrative:Argument:subjektive Einschätzung>>,<<Begründungsnarrative,Argument:subjektive Einschätzung>>
person14,"Okay, quasi. Also okay, man versucht es quasi anhand des deutschen Beispieles für den Leser zu erklären, warum das in Frankreich so ist und dass es in Deutschland nicht anders ist.",<<Begründungsnarrative:Argument: Logik>>,<<Begründungsnarrative,Argument: Logik>>
person14,"Okay. Das ist zwar eine lange Einführung, aber die ist jetzt gar nicht irgendwie so schlecht.",<<Begründungsnarrative:Argument:subjektive Einschätzung>>,<<Begründungsnarrative,Argument:subjektive Einschätzung>>
person14,"Also zumindest wissen wir jetzt, was die Scheinbeschäftigung ist.",<<Begründungsnarrative:Argument:subjektive Einschätzung>>,<<Begründungsnarrative,Argument:subjektive Einschätzung>>
person14,"Das ist natürlich, da waren sie aber auch echt unkreativ. Für das Geld hätten sie sich mal überlegen können, was sie da den ganzen lieben langen Tag da tun.",<<Affektive Reaktionen:Ironie / Sarkasmus>>,<<Affektive Reaktionen,Ironie / Sarkasmus>>
person14,"Ja, gut. Ja, stimmt schon. 99% der Angestellten von Twitter oder X kennen ihn auch aus dem Fernsehen.",<<Affektive Reaktionen:Zustimmung / Zustimmungssignale>>,<<Affektive Reaktionen,Zustimmung / Zustimmungssignale>>
person14,"Aber die sind auch mal ein paar mehr Leute, glaube ich, als so eine Partei haben sollte, oder?",<<Begründungsnarrative:Argument: Logik>>,<<Begründungsnarrative,Argument: Logik>>
person14,"Also... Ja, also ich muss sagen, dieser Artikel hat mir deutlich besser gefallen.",<<Begründungsnarrative:Argument:subjektive Einschätzung>>,<<Begründungsnarrative,Argument:subjektive Einschätzung>>
person14,Der hat irgendwie nämlich einen schönen roten Faden.,<<Begründungsnarrative:Argument: Logik>>,<<Begründungsnarrative,Argument: Logik>>
person14,"Also gut, klar, hier schweifen wir dann einmal ab über Deutschland, aber das ist auch irgendwie notwendig, um den Inhalt, also quasi um dem Leser dann zu vermitteln, quasi worum es da geht.",<<Begründungsnarrative:Argument: Logik>>,<<Begründungsnarrative,Argument: Logik>>
person14,"Und dann hier nochmal zu erzählen, was eigentlich, also quasi hier bekommt dann die ganze Sache so eine schöne runde Ecke.",<<Begründungsnarrative:Argument: Logik>>,<<Begründungsnarrative,Argument: Logik>>
person14,"Also das hat alles in einem schönen roten Faden und das ist auch, finde ich, schön formuliert.",<<Begründungsnarrative:Argument: Logik>>,<<Begründungsnarrative,Argument: Logik>>
person14,"Also das hat alles in einem schönen roten Faden und das ist auch, finde ich, schön formuliert.",<<Begründungsnarrative:Argument: gesellschaftlicher Kontext>>,<<Begründungsnarrative,Argument: gesellschaftlicher Kontext>>
person14,Das andere davor hingegen war irgendwie so zusammengewürfelt. Das war irgendwie nicht so ein schöner roter Faden da.,<<Begründungsnarrative:Argument: Logik>>,<<Begründungsnarrative,Argument: Logik>>
person14,Das andere davor hingegen war irgendwie so zusammengewürfelt. Das war irgendwie nicht so ein schöner roter Faden da.,<<Begründungsnarrative:Argument: gesellschaftlicher Kontext>>,<<Begründungsnarrative,Argument: gesellschaftlicher Kontext>>
person14,"Ja, der ist schon glaubwürdig. Ja, recht sicher, also...",<<Vertrauen in Inhalt/System:generelles Vertrauen in Medien>>,<<Vertrauen in Inhalt/System,generelles Vertrauen in Medien>>
person14,"Der rote Faden, der macht sich schon sehr gut in einem Text.",<<Begründungsnarrative:Argument: Logik>>,<<Begründungsnarrative,Argument: Logik>>
person14,"Der war jetzt nicht durchgehend sichtlich ganz neutral geschrieben, aber sie schreibt ja auch aus der Ich-Perspektive, was irgendwie mehr so einen Reporter-Style hat.",<<Begründungsnarrative:Argument: Sprache/Stil>>,<<Begründungsnarrative,Argument: Sprache/Stil>>
person14,Vielleicht macht uns das auch irgendwie an der Stelle ein bisschen glaubwürdiger.,<<Begründungsnarrative:Argument: Sprache/Stil>>,<<Begründungsnarrative,Argument: Sprache/Stil>>
person14,"Man muss auch einfach sagen, der Schreibstil war schon sehr überzeugend.",<<Begründungsnarrative:Argument: Sprache/Stil>>,<<Begründungsnarrative,Argument: Sprache/Stil>>
person14,Es war auch nicht emotional formuliert.,<<Begründungsnarrative:Argument: Sprache/Stil>>,<<Begründungsnarrative,Argument: Sprache/Stil>>
person14,Es war auch nicht emotional formuliert.,<<Heuristische Bewertung:Sprache/Stil>>,<<Heuristische Bewertung,Sprache/Stil>>
person14,"Es war schon so durcherkennbar, dass es eben auch so eine kleine persönliche Note von ihr hat.",<<Begründungsnarrative:Argument: Sprache/Stil>>,<<Begründungsnarrative,Argument: Sprache/Stil>>
person14,"Das war irgendwie, weiß ich nicht, das war irgendwie natürlich und nicht so versteckt.",<<Begründungsnarrative:Argument: Sprache/Stil>>,<<Begründungsnarrative,Argument: Sprache/Stil>>
person14,"Ja, also alles in allem hat sie das gut dokumentiert, beziehungsweise hat sie die Argumentation schön aufgebaut.",<<Begründungsnarrative:Argument: Logik>>,<<Begründungsnarrative,Argument: Logik>>
person14,Bauchgefühl oder Intuition.,<<Heuristische Bewertung:Bauchgefühl>>,<<Heuristische Bewertung,Bauchgefühl>>
person14,"Der rote Faden war tatsächlich schon roter Faden innerhalb des Textes. Ja, fand ich schon sehr wichtig.",<<Begründungsnarrative:Argument: Logik>>,<<Begründungsnarrative,Argument: Logik>>
person14,"Ja, warum ist denn das fatal?",<<Affektive Reaktionen:Unsicherheit>>,<<Affektive Reaktionen,Unsicherheit>>
person14,"Also, weiß ich nicht. Das ist jetzt irgendwie nicht so neutral.",<<Begründungsnarrative:Argument:subjektive Einschätzung>>,<<Begründungsnarrative,Argument:subjektive Einschätzung>>
person14,"Also, das finde ich halt so ein bisschen schwierig, wenn hier so steht so, doch dieses Jahr trägt sie die Auswahl nicht mit.",<<Begründungsnarrative:Argument: Inhalt vs. Quelle>>,<<Begründungsnarrative,Argument: Inhalt vs. Quelle>>
person14,"Also, das finde ich halt so ein bisschen schwierig, wenn hier so steht so, doch dieses Jahr trägt sie die Auswahl nicht mit.",<<Vertrauen in Inhalt/System:Misstrauen in Inhalt/System>>,<<Vertrauen in Inhalt/System,Misstrauen in Inhalt/System>>
person14,"Das ist irgendwie ein bisschen schwierig, dass dann so, da bist du halt irgendwie so ein bisschen in Raum und Zeit verloren, ohne die aktuellen Zeitangaben quasi, wann der Artikel erschienen ist.",<<Vertrauen in Inhalt/System:Misstrauen in Inhalt/System>>,<<Vertrauen in Inhalt/System,Misstrauen in Inhalt/System>>
person14,"Hm, da fehlt ein Einführungszeichen. Oder auch nicht.",<<Begründungsnarrative:Argument: Sprache/Stil>>,<<Begründungsnarrative,Argument: Sprache/Stil>>
person14,"Hm, da fehlt ein Einführungszeichen. Oder auch nicht.",<<Affektive Reaktionen:Unsicherheit>>,<<Affektive Reaktionen,Unsicherheit>>
person14,"Also, alles in allem, ja, ich finde, es ist nicht so ganz krass, der rote Faden da, aber er ist auch irgendwie da.",<<Epistemische Strategien:Plausibilitätsabwägung>>,<<Epistemische Strategien,Plausibilitätsabwägung>>
person14,Es liest sich auch ganz gut.,<<Begründungsnarrative:Argument: Sprache/Stil>>,<<Begründungsnarrative,Argument: Sprache/Stil>>
person14,"Ja, eigentlich ist es vielleicht ein bisschen lang, aber es liest sich jetzt auch nicht schlecht, ist auch gut sachlich formuliert.",<<Begründungsnarrative:Argument: Sprache/Stil>>,<<Begründungsnarrative,Argument: Sprache/Stil>>
person14,"Ja, eigentlich ist es vielleicht ein bisschen lang, aber es liest sich jetzt auch nicht schlecht, ist auch gut sachlich formuliert.",<<Begründungsnarrative:Argument: Logik>>,<<Begründungsnarrative,Argument: Logik>>
person14,"Ich finde, der rote Faden war jetzt irgendwie nicht so da wie beim Anfang, aber das kann jetzt auch meine persönliche Note sein.",<<Begründungsnarrative:Argument:subjektive Einschätzung>>,<<Begründungsnarrative,Argument:subjektive Einschätzung>>
person14,"Aber alles in allem, halte ich den Artikel schon für glaubwürdig.",<<Begründungsnarrative:Argument:subjektive Einschätzung>>,<<Begründungsnarrative,Argument:subjektive Einschätzung>>
person14,"Ist natürlich immer ein bisschen schwierig, einen Artikel zwischen nicht-glaubwürdig und glaubwürdig zu unterscheiden, wenn vielleicht irgendwie alles sachlich formuliert ist, aber man selber gar nicht so in der Materie drinsteckt.",<<Begründungsnarrative:Argument: Sprache/Stil>>,<<Begründungsnarrative,Argument: Sprache/Stil>>
person14,"Ist natürlich immer ein bisschen schwierig, einen Artikel zwischen nicht-glaubwürdig und glaubwürdig zu unterscheiden, wenn vielleicht irgendwie alles sachlich formuliert ist, aber man selber gar nicht so in der Materie drinsteckt.",<<Epistemische Strategien:Plausibilitätsabwägung>>,<<Epistemische Strategien,Plausibilitätsabwägung>>
person14,"Das ist halt schwierig, wenn man da kein Hintergrundwissen hat, dann zu unterscheiden, ob das jetzt glaubwürdig ist oder halt nicht.",<<Epistemische Strategien:Plausibilitätsabwägung>>,<<Epistemische Strategien,Plausibilitätsabwägung>>
person14,"Das ist quasi wie wenn der Professor in die Universität geht und der kann ja auch jedem Studenten eigentlich so ziemlich fast alles erzählen und 90% der Studenten würden es natürlich glauben, weil er halt der Professor ist.",<<Epistemische Strategien:Plausibilitätsabwägung>>,<<Epistemische Strategien,Plausibilitätsabwägung>>
person14,"Wie sicher sind Sie Ihre glaubwürdige Einschätzung? Ja, schwierig hier.",<<Begründungsnarrative:Argument:subjektive Einschätzung>>,<<Begründungsnarrative,Argument:subjektive Einschätzung>>
person14,"Wie sicher sind Sie Ihre glaubwürdige Einschätzung? Ja, schwierig hier.",<<Affektive Reaktionen:Unsicherheit>>,<<Affektive Reaktionen,Unsicherheit>>
person14,"Ja, es war schon nicht sehr emotional.",<<Begründungsnarrative:Argument: Sprache/Stil>>,<<Begründungsnarrative,Argument: Sprache/Stil>>
person14,"Plausibilität der Information, ja, kann ich mir schon vorstellen, dass das so ist.",<<Epistemische Strategien:Plausibilitätsabwägung>>,<<Epistemische Strategien,Plausibilitätsabwägung>>
person14,"Ja, war auch glaube ich ganz gut geschrieben.",<<Begründungsnarrative:Argument: Sprache/Stil>>,<<Begründungsnarrative,Argument: Sprache/Stil>>
person14,"Das ist auch eher so Bauchgefühl, was ich jetzt hier habe.",<<Heuristische Bewertung:Bauchgefühl>>,<<Heuristische Bewertung,Bauchgefühl>>
person14,"Ja, ich habe halt meine Bewertung auf quasi den Inhalt gestützt, was kam da drin vor, die Formulierungen und auch den roten Faden.",<<Heuristische Bewertung:Sprache/Stil>>,<<Heuristische Bewertung,Sprache/Stil>>
person14,"Ja, also weiß ich jetzt nicht, ob ich das jetzt so unterstreichen würde, wenn man da mal an Stalin denkt.",<<Epistemische Strategien:Plausibilitätsabwägung>>,<<Epistemische Strategien,Plausibilitätsabwägung>>
person14,"Ja, obwohl natürlich man sagen muss, die Russen sind sicherlich schon ganz nette Menschen. Aber ich würde mal sagen, das ist wie Nieder quasi.",<<Begründungsnarrative:Argument:subjektive Einschätzung>>,<<Begründungsnarrative,Argument:subjektive Einschätzung>>
person14,In jedem anderen Land auch gibt es halt immer so ein paar Schwachköpfe.,<<Begründungsnarrative:Argument:subjektive Einschätzung>>,<<Begründungsnarrative,Argument:subjektive Einschätzung>>
person14,Wie erinnern Sie sich an etwas? Das war 1908. Das ist über 120 Jahre her.,<<Affektive Reaktionen:Ironie / Sarkasmus>>,<<Affektive Reaktionen,Ironie / Sarkasmus>>
person14,"Ich kenne jetzt niemanden, der 1908 schon so alt war, dass er sich überhaupt daran erinnern könnte. Aber was denn für eine blödsinnige Frage?",<<Affektive Reaktionen:Ironie / Sarkasmus>>,<<Affektive Reaktionen,Ironie / Sarkasmus>>
person14,"Also, ich bin mir jetzt nicht so sicher, ob es auf persönlichen Befehl wurden die Grenzen für die Durchreise armenischer Flüchtlinge geöffnet.",<<Epistemische Strategien:Plausibilitätsabwägung>>,<<Epistemische Strategien,Plausibilitätsabwägung>>
person14,"Weiß ich jetzt nicht, ob ich das unbedingt als die helfende Hand bezeichnen würde. Vielleicht heutzutage nicht mehr.",<<Epistemische Strategien:Plausibilitätsabwägung>>,<<Epistemische Strategien,Plausibilitätsabwägung>>
person14,"Weiß ich jetzt nicht, ob ich das unbedingt als die helfende Hand bezeichnen würde. Vielleicht heutzutage nicht mehr.",<<Vertrauen in Inhalt/System:Misstrauen in Inhalt/System>>,<<Vertrauen in Inhalt/System,Misstrauen in Inhalt/System>>
person14,"Das liegt auch vielleicht daran, weil das irgendwie, keine Ahnung, heutzutage irgendwie die Grenzen gefühlt für alles, wenn die Süden immer offen sind.",<<Begründungsnarrative:Argument: persönliche Erfahrung>>,<<Begründungsnarrative,Argument: persönliche Erfahrung>>
person14,"Das liegt auch vielleicht daran, weil das irgendwie, keine Ahnung, heutzutage irgendwie die Grenzen gefühlt für alles, wenn die Süden immer offen sind.",<<Epistemische Strategien:Plausibilitätsabwägung>>,<<Epistemische Strategien,Plausibilitätsabwägung>>
person14,"Grundsätzlich muss ich sagen, der Text ist halt jetzt etwas, ja, leichter formuliert.",<<Heuristische Bewertung:Sprache/Stil>>,<<Heuristische Bewertung,Sprache/Stil>>
person14,"Also er ist halt nicht ganz so sachlich ausformuliert, mit sachlichen Hochbegriffen.",<<Heuristische Bewertung:Sprache/Stil>>,<<Heuristische Bewertung,Sprache/Stil>>
person14,"Aber man muss sagen, das tut dem Inhalt jetzt nicht zur Sache. Dadurch ist es vor allem auch mal gut verständlich.",<<Epistemische Strategien:Plausibilitätsabwägung>>,<<Epistemische Strategien,Plausibilitätsabwägung>>
person14,"Ja, okay, wenn das dieser Schriftsteller da schreibt, der armenische Schriftsteller, dann okay. Weiß ich nicht.",<<Kognitive Unsicherheit:explizite Unsicherheit>>,<<Kognitive Unsicherheit,explizite Unsicherheit>>
person14,"Also es ist jetzt so ein bisschen die Frage, was die Argumentation ist.",<<Epistemische Strategien:Plausibilitätsabwägung>>,<<Epistemische Strategien,Plausibilitätsabwägung>>
person14,"Soll das jetzt hier eine Argumentation sein, dass Russland ein Friedenstifter ist? Oder irgendwas vor 110 Jahren dann herzunehmen?",<<Kognitive Unsicherheit:explizite Unsicherheit>>,<<Kognitive Unsicherheit,explizite Unsicherheit>>
person14,"Weiß ich jetzt nicht, ob das jetzt irgendwie so sinnvoll ist, von der Argumentationskette her.",<<Kognitive Unsicherheit:explizite Unsicherheit>>,<<Kognitive Unsicherheit,explizite Unsicherheit>>
person14,"Weiß ich jetzt nicht, ob das jetzt irgendwie so sinnvoll ist, von der Argumentationskette her.",<<Epistemische Strategien:Plausibilitätsabwägung>>,<<Epistemische Strategien,Plausibilitätsabwägung>>
person14,"Weiß ich jetzt nicht, ob das jetzt irgendwie so sinnvoll ist, von der Argumentationskette her.",<<Epistemische Strategien:logische Argumentation>>,<<Epistemische Strategien,logische Argumentation>>
person14,"Die Argumentation beruht ja darauf, dass sie ja die helfende Hand quasi, man hat sie nicht erschossen, als sie über die Grenze gegangen sind.",<<Epistemische Strategien:logische Argumentation>>,<<Epistemische Strategien,logische Argumentation>>
person14,"Das ist jetzt nicht gerade unbedingt sachlich. Sagen wir es mal so, das könnte auch irgendwie eine Propaganda aus Moskau geschrieben haben.",<<Begründungsnarrative:Argument: vermeintliche Objektivität>>,<<Begründungsnarrative,Argument: vermeintliche Objektivität>>
person14,"Also, das ist schon so eine leichte Beschönigung in diesem Text drin.",<<Begründungsnarrative:Argument: vermeintliche Objektivität>>,<<Begründungsnarrative,Argument: vermeintliche Objektivität>>
person14,"Also, natürlich, die Russen waren da sehr sozial.",<<Affektive Reaktionen:Ironie / Sarkasmus>>,<<Affektive Reaktionen,Ironie / Sarkasmus>>
person14,"Ja, also weiß ich nicht. Das ist halt irgendwie so wie wenn man sagt, Hitler hat die Autobahn gebaut.",<<Epistemische Strategien:logische Argumentation>>,<<Epistemische Strategien,logische Argumentation>>
person14,"Das ist irgendwie, wenn man alle Schlechte weglässt, dann bleibt natürlich nur noch das Positive übrig.",<<Epistemische Strategien:logische Argumentation>>,<<Epistemische Strategien,logische Argumentation>>
person14,"Also, ich bin zwar kein Geschichtsexperte über russische Geschichte, aber da fehlten noch so ein paar Teile.",<<Begründungsnarrative:Argument: persönliche Erfahrung>>,<<Begründungsnarrative,Argument: persönliche Erfahrung>>
person14,"Ganz, ganz bisschen so. Stalin und so hat da irgendwie so ein bisschen gefehlt.",<<Epistemische Strategien:Faktenprüfung>>,<<Epistemische Strategien,Faktenprüfung>>
person14,"Also, das mag zwar alles schon so stimmen, wie sie das geschrieben haben, aber weiß ich nicht, ob es jetzt direkt unglaubwürdig ist.",<<Kognitive Unsicherheit:explizite Unsicherheit>>,<<Kognitive Unsicherheit,explizite Unsicherheit>>
person14,Es ist halt einfach nur ein Weglassen von negativen Tatsachen.,<<Begründungsnarrative:Argument: Inhalt vs. Quelle>>,<<Begründungsnarrative,Argument: Inhalt vs. Quelle>>
person14,"Also zumindest sagen wir es mal so, der Inhalt, den sie da erzählen, dass Russland total der Friedensstifter ist, auf dieser Argumentationsgrundlage, ist das auf jeden Fall sehr unglaubwürdig.",<<Vertrauen in Inhalt/System:generelles Misstrauen gegenüber Medieninhalten>>,<<Vertrauen in Inhalt/System,generelles Misstrauen gegenüber Medieninhalten>>
person14,"Informationsgehalt, würde ich mal sagen, ist jetzt nicht so deren Stärke.",<<Begründungsnarrative:Argument: Inhalt vs. Quelle>>,<<Begründungsnarrative,Argument: Inhalt vs. Quelle>>
person14,"Ähm, Struktur und Logik der Argumentation. Hä, also von der Argumentation her, ist gar nicht so kacke gewesen.",<<Begründungsnarrative:Argument: Logik>>,<<Begründungsnarrative,Argument: Logik>>
person14,"Also plausibel waren die Informationen irgendwie schon. Auch wenn ich noch nicht sicher bin, ob es unbedingt gerade so eine helfende Hand ist, wenn man jemanden nicht gerade an der Grenze erschießt.",<<Epistemische Strategien:Plausibilitätsabwägung>>,<<Epistemische Strategien,Plausibilitätsabwägung>>
person14,"Ja, also der war ganz sicherlich russischer Propagandajournalist.",<<Begründungsnarrative:Argument: vermeintliche Objektivität>>,<<Begründungsnarrative,Argument: vermeintliche Objektivität>>
person14,"So, weglassen von wichtigen Fakten. Sehr beschönigte Darstellung.",<<Begründungsnarrative:Argument: Inhalt vs. Quelle>>,<<Begründungsnarrative,Argument: Inhalt vs. Quelle>>
person14,"Aber, es gibt einen roten Faden. Das muss man echt sagen. Also, der rote Faden ist da.",<<Begründungsnarrative:Argument: Logik>>,<<Begründungsnarrative,Argument: Logik>>
person14,"Das heißt, ich kann dir jetzt welche Fragen stellen. So ist wirklich das Ding in Straßburg.",<<Verifikationsnutzung:aktive Prüfung mit Chatbot>>,<<Verifikationsnutzung,aktive Prüfung mit Chatbot>>
person14,"Sehr gut. Ich sage, das Menschenrechtsgericht sitzt in Den Haag. Aber das sehen wir jetzt gleich.",<<Epistemische Strategien:Faktenprüfung>>,<<Epistemische Strategien,Faktenprüfung>>
person14,"Oh, tatsächlich sitzt es in Straßburg.",<<Verhaltensänderung:Urteilsänderung durch KI>>,<<Verhaltensänderung,Urteilsänderung durch KI>>
person14,Und es sitzt dann in Den Haag. Den Haag sah schon was. Aber tatsächlich sitzt das Menschenrechtsdinger tatsächlich in Strasbourg.,<<Verhaltensänderung:Urteilsänderung durch KI>>,<<Verhaltensänderung,Urteilsänderung durch KI>>
person14,Und es sitzt dann in Den Haag. Den Haag sah schon was. Aber tatsächlich sitzt das Menschenrechtsdinger tatsächlich in Strasbourg.,<<Vertrauen in Inhalt/System:Vertrauen in Chatbot/KI>>,<<Vertrauen in Inhalt/System,Vertrauen in Chatbot/KI>>
person14,"Okay gut, das Führungspersonal darf nicht verknackt werden, aber man schreibt dann hier, ja, das Führungspersonal darf verknackt werden, dann ist das irgendwie so ein bisschen kontrovers.",<<Kognitive Unsicherheit:Widersprüche erkannt>>,<<Kognitive Unsicherheit,Widersprüche erkannt>>
person14,"Hm, okay, ja gut, scheinbar doch irgendwie Fakten richtig, also das, wo ich jetzt gesagt hätte, dass das jetzt irgendwie richtig ist.",<<Verhaltensänderung:Urteilsänderung durch KI>>,<<Verhaltensänderung,Urteilsänderung durch KI>>
person14,"Tja, ich weiß jetzt halt nicht, wie aktuell dieser Chatbot ist, ich will den jetzt nicht fragen, ob das jetzt stimmt mit diesem Tribunal.",<<Vertrauen in Inhalt/System:Zweifel an Verifikation>>,<<Vertrauen in Inhalt/System,Zweifel an Verifikation>>
person14,"Ja, auf jeden Fall schon irgendwie jetzt so ein bisschen glaubwürdiger, nachdem wir herausgefunden haben, dass in Straßburg tatsächlich irgendwas sitzt.",<<Verhaltensänderung:Urteilsänderung durch KI>>,<<Verhaltensänderung,Urteilsänderung durch KI>>
person14,"Ja, doch, schon ziemlich sicher.",<<Vertrauen in Inhalt/System:Vertrauen in Chatbot/KI>>,<<Vertrauen in Inhalt/System,Vertrauen in Chatbot/KI>>
person14,"Ja, ich halte ihn schon als glaubwürdiger als vorher.",<<Verhaltensänderung:Urteilsänderung durch KI>>,<<Verhaltensänderung,Urteilsänderung durch KI>>
person14,"Also, die Informationen haben mir dazu beigetragen, dass ich jetzt weiß, dass dieses Gericht angeblich in Straßburg sitzt. Aber das google ich nochmal.",<<Vertrauen in Inhalt/System:Zweifel an Verifikation>>,<<Vertrauen in Inhalt/System,Zweifel an Verifikation>>
person14,"Also, die Informationen haben mir dazu beigetragen, dass ich jetzt weiß, dass dieses Gericht angeblich in Straßburg sitzt. Aber das google ich nochmal.",<<Verifikationsnutzung:kritisches Hinterfragen von KI-Antwort>>,<<Verifikationsnutzung,kritisches Hinterfragen von KI-Antwort>>
person14,Es hat gewisse Zweifel fürs Erste beseitigt. Auch wenn ich das nochmal googlen werde.,<<Verhaltensänderung:Urteilsänderung durch KI>>,<<Verhaltensänderung,Urteilsänderung durch KI>>
person14,"Fragen wir mal, ob es Le Pen gibt. Wer ist Le Pen?",<<Verifikationsnutzung:aktive Prüfung mit Chatbot>>,<<Verifikationsnutzung,aktive Prüfung mit Chatbot>>
person14,Trägt Le Pen eine Fußfessel?,<<Verifikationsnutzung:aktive Prüfung mit Chatbot>>,<<Verifikationsnutzung,aktive Prüfung mit Chatbot>>
person14,Trägt Le Pen eine Fußfessel?,<<Epistemische Strategien:Faktenprüfung>>,<<Epistemische Strategien,Faktenprüfung>>
person14,"Okay, also sie hat angeblich keine Fußfessel laut dem Chatbot. Was mich jetzt natürlich so ein bisschen irritiert, weil da steht das drin.",<<Kognitive Unsicherheit:Widersprüche erkannt>>,<<Kognitive Unsicherheit,Widersprüche erkannt>>
person14,"Okay, also sie hat angeblich keine Fußfessel laut dem Chatbot. Was mich jetzt natürlich so ein bisschen irritiert, weil da steht das drin.",<<Verifikationsnutzung:kritisches Hinterfragen von KI-Antwort>>,<<Verifikationsnutzung,kritisches Hinterfragen von KI-Antwort>>
person14,Also entweder kennt der Chatbot diesen tollen Artikel nicht oder er hat den falsch interpretiert.,<<Vertrauen in Inhalt/System:Zweifel an Verifikation>>,<<Vertrauen in Inhalt/System,Zweifel an Verifikation>>
person14,Wurde Marie Le Pen inhaftiert oder darf sie nur nicht an den Wahlen teilnehmen?,<<Verifikationsnutzung:aktive Prüfung mit Chatbot>>,<<Verifikationsnutzung,aktive Prüfung mit Chatbot>>
person14,"Das ist natürlich so ein bisschen kontrovers hier, diese ganze Sache.",<<Metakognitive Reflexion>>,<<Metakognitive Reflexion>>,
person14,"Also hier sagen wir natürlich, dass es eben halt Zu 4 Jahren Haft mit Fußfesseln und Geldstrafen verurteilt.",<<Textinterne Begründungen>>,<<Textinterne Begründungen>>,
person14,"Also ja, vorhin hat er gesagt, es gibt ein Urteil. Entschuldige für das Missverständnis in meiner vorherigen Antwort.",<<Vertrauen in Inhalt/System:Zweifel an Verifikation>>,<<Vertrauen in Inhalt/System,Zweifel an Verifikation>>
person14,"Also ja, vorhin hat er gesagt, es gibt ein Urteil. Entschuldige für das Missverständnis in meiner vorherigen Antwort.",<<Verifikationsnutzung:kritisches Hinterfragen von KI-Antwort>>,<<Verifikationsnutzung,kritisches Hinterfragen von KI-Antwort>>
person14,"Also dein Chatbot, der weiß irgendwie selber nicht mehr, was er jetzt will. Ich glaube, den habe ich kaputt gemacht.",<<Vertrauen in Inhalt/System:Zweifel an Verifikation>>,<<Vertrauen in Inhalt/System,Zweifel an Verifikation>>
person14,"Also dein Chatbot, der weiß irgendwie selber nicht mehr, was er jetzt will. Ich glaube, den habe ich kaputt gemacht.",<<Affektive Reaktionen:Ironie / Sarkasmus>>,<<Affektive Reaktionen,Ironie / Sarkasmus>>
person14,"Aber er weiß jetzt selber nicht mehr, ob es jetzt ein Gerichtsurteil gibt oder nicht dagegen.",<<Vertrauen in Inhalt/System:Zweifel an Verifikation>>,<<Vertrauen in Inhalt/System,Zweifel an Verifikation>>
person14,Ich halte den immer noch für glaubwürdig.,<<Verhaltensänderung:keine Veränderung / Fixierung>>,<<Verhaltensänderung,keine Veränderung / Fixierung>>
person14,"Naja, meine Einschätzung ist gleich geblieben. Also, weil der Chatbot ist irgendwann kaputt gegangen.",<<Verhaltensänderung:keine Veränderung / Fixierung>>,<<Verhaltensänderung,keine Veränderung / Fixierung>>
person14,"Naja, meine Einschätzung ist gleich geblieben. Also, weil der Chatbot ist irgendwann kaputt gegangen.",<<Vertrauen in Inhalt/System:Zweifel an Verifikation>>,<<Vertrauen in Inhalt/System,Zweifel an Verifikation>>
person14,Da gab es dann ein Urteil zuerst und dann gab es keins mehr.,<<Vertrauen in Inhalt/System:Zweifel an Verifikation>>,<<Vertrauen in Inhalt/System,Zweifel an Verifikation>>
person14,"Also, KI war sich selber nicht sicher. Gab unterschiedliche, nein nicht unterschiedliche, gegensätzliche Antworten.",<<Vertrauen in Inhalt/System:Zweifel an Verifikation>>,<<Vertrauen in Inhalt/System,Zweifel an Verifikation>>
person14,"Also, KI war sich selber nicht sicher. Gab unterschiedliche, nein nicht unterschiedliche, gegensätzliche Antworten.",<<Verifikationsnutzung:kritisches Hinterfragen von KI-Antwort>>,<<Verifikationsnutzung,kritisches Hinterfragen von KI-Antwort>>
person14,Jetzt schauen wir mal. Jetzt kommt erst dieses komische World of Photo Dingsbumster.,<<Metakognitive Reflexion>>,<<Metakognitive Reflexion>>,
person14,Wo fand der letzte World Photo Award statt.,<<Verifikationsnutzung:aktive Prüfung mit Chatbot>>,<<Verifikationsnutzung,aktive Prüfung mit Chatbot>>
person14,Super. Ich kann schon wieder keine Antwort liefern.,<<Vertrauen in Inhalt/System:Zweifel an Verifikation>>,<<Vertrauen in Inhalt/System,Zweifel an Verifikation>>
person14,Bekam einer von der TAS den Award.,<<Verifikationsnutzung:aktive Prüfung mit Chatbot>>,<<Verifikationsnutzung,aktive Prüfung mit Chatbot>>
person14,"Okay, also das Ding kam anscheinend, es muss 2024 der Artikel sein.",<<Epistemische Strategien:logische Argumentation>>,<<Epistemische Strategien,logische Argumentation>>
person14,"Ja, es hilft mir ja gar nichts. Weil wenn ein Artikel nach 23 ist und er scheinbar darüber nichts weiß.",<<Vertrauen in Inhalt/System:Zweifel an Verifikation>>,<<Vertrauen in Inhalt/System,Zweifel an Verifikation>>
person14,"Ja, es hilft mir ja gar nichts. Weil wenn ein Artikel nach 23 ist und er scheinbar darüber nichts weiß.",<<Verifikationsnutzung:kritisches Hinterfragen von KI-Antwort>>,<<Verifikationsnutzung,kritisches Hinterfragen von KI-Antwort>>
person14,"Also ich meine, das bringt mir ja gar nichts, wenn er gar nicht weiß, worum es da geht.",<<Vertrauen in Inhalt/System:Zweifel an Verifikation>>,<<Vertrauen in Inhalt/System,Zweifel an Verifikation>>
person14,"Aber ja, das bringt nichts. Das Ding hat keine Information.",<<Vertrauen in Inhalt/System:Zweifel an Verifikation>>,<<Vertrauen in Inhalt/System,Zweifel an Verifikation>>
person14,"Ja, also keine Ahnung, ich bin halt nicht weitergekommen.",<<Verhaltensänderung:keine Veränderung / Fixierung>>,<<Verhaltensänderung,keine Veränderung / Fixierung>>
person14,"Nein, meine Einschätzung ist gleich geblieben. Das hat nichts gebracht. Der Chatbot kannte das nicht.",<<Verhaltensänderung:keine Veränderung / Fixierung>>,<<Verhaltensänderung,keine Veränderung / Fixierung>>
person14,"Nein, meine Einschätzung ist gleich geblieben. Das hat nichts gebracht. Der Chatbot kannte das nicht.",<<Vertrauen in Inhalt/System:Zweifel an Verifikation>>,<<Vertrauen in Inhalt/System,Zweifel an Verifikation>>
person14,Artikel schien nach 2023. Wodurch der Bot keine Informationen bezüglich des Themas hatte.,<<Vertrauen in Inhalt/System:Zweifel an Verifikation>>,<<Vertrauen in Inhalt/System,Zweifel an Verifikation>>
person14,Artikel schien nach 2023. Wodurch der Bot keine Informationen bezüglich des Themas hatte.,<<Metakognitive Reflexion>>,<<Metakognitive Reflexion>>,
person14,"Sollen wir mal fragen, ob Russland ein Friedensstifter ist. Ist Russland ein Friedensstifter?",<<Verifikationsnutzung:aktive Prüfung mit Chatbot>>,<<Verifikationsnutzung,aktive Prüfung mit Chatbot>>
person14,"Mich würde tatsächlich mal interessieren, was 1908 da passiert ist.",<<Epistemische Strategien:Faktenprüfung>>,<<Epistemische Strategien,Faktenprüfung>>
person14,Welche Rolle hat Nikolaus II. im... War das ein Krieg? 1908 beim Konflikt zwischen... Zwischen den Türken und den Armeniern gespielt.,<<Verifikationsnutzung:aktive Prüfung mit Chatbot>>,<<Verifikationsnutzung,aktive Prüfung mit Chatbot>>
person14,"Also, ja, wie gesagt. Das zählt ja schon als Hilfe, wenn man nicht jemanden erschießt, wenn er gerade über die Grenze läuft. Wie sozial von denen.",<<Affektive Reaktionen:Ironie / Sarkasmus>>,<<Affektive Reaktionen,Ironie / Sarkasmus>>
person14,"Die Russen waren so nett und haben den Armeniern geholfen. Um das Osmanische Reich zu destabilisieren, weil die Russen eigentlich gerne das Osmanische Reich haben wollten.",<<Epistemische Strategien:logische Argumentation>>,<<Epistemische Strategien,logische Argumentation>>
person14,"Die Russen waren so nett und haben den Armeniern geholfen. Um das Osmanische Reich zu destabilisieren, weil die Russen eigentlich gerne das Osmanische Reich haben wollten.",<<Verhaltensänderung:Bestätigung bestehender Meinung>>,<<Verhaltensänderung,Bestätigung bestehender Meinung>>
person14,Gab es in Berlin 1945 auf der Seite der UDSSR eine... Oder war die Luftbrücke von 1945...,<<Verifikationsnutzung:aktive Prüfung mit Chatbot>>,<<Verifikationsnutzung,aktive Prüfung mit Chatbot>>
person14,48 bis 49 war es. Die Berliner Luftbrücke.,<<Epistemische Strategien:Faktenprüfung>>,<<Epistemische Strategien,Faktenprüfung>>
person14,"Also faktentechnisch stimmt das schon, was da drin steht. Da kann man tatsächlich nichts sagen.",<<Verhaltensänderung:Bestätigung bestehender Meinung>>,<<Verhaltensänderung,Bestätigung bestehender Meinung>>
person14,"Dennoch ist es eher nicht so glaubwürdig, weil da halt einfach noch was kleine, aber feine Unterschiede weggelassen wurden. Wie zum Beispiel das geopolitische Interesse der Russen bei der Armeniersache.",<<Begründungsnarrative:Argument: Inhalt vs. Quelle>>,<<Begründungsnarrative,Argument: Inhalt vs. Quelle>>
person14,"Dennoch ist es eher nicht so glaubwürdig, weil da halt einfach noch was kleine, aber feine Unterschiede weggelassen wurden. Wie zum Beispiel das geopolitische Interesse der Russen bei der Armeniersache.",<<Vertrauen in Inhalt/System:generelles Misstrauen gegenüber Medieninhalten>>,<<Vertrauen in Inhalt/System,generelles Misstrauen gegenüber Medieninhalten>>
person14,"Da bin ich mir tatsächlich sehr sicher, dass da mehr war. Ich hatte den Artikel für weniger glaubwürdig als vorher. Also jetzt noch weniger.",<<Verhaltensänderung:Urteilsänderung durch KI>>,<<Verhaltensänderung,Urteilsänderung durch KI>>
person14,Also eigentlich hat sich meine Einschätzung nicht verändert. Nur mein Wissenstand bezüglich dieser Fakten ist jetzt besser geworden.,<<Verhaltensänderung:Bestätigung bestehender Meinung>>,<<Verhaltensänderung,Bestätigung bestehender Meinung>>
person14,Also eigentlich hat sich meine Einschätzung nicht verändert. Nur mein Wissenstand bezüglich dieser Fakten ist jetzt besser geworden.,<<Metakognitive Reflexion>>,<<Metakognitive Reflexion>>,
person14,Was aber nichts mit der Glaubwürdigkeit dieses Artikels zu tun hat.,<<Metakognitive Reflexion>>,<<Metakognitive Reflexion>>,
person14,Die Antwort der KI war inhaltlich hilfreich. Auf jeden Fall.,<<Vertrauen in Inhalt/System:Vertrauen in Chatbot/KI>>,<<Vertrauen in Inhalt/System,Vertrauen in Chatbot/KI>>
person14,"Jetzt wirklich nur auf diesen Inhalt bezogen, was ich durch die KI bekommen habe, vermute ich das geopolitische Interesse in dem Armenier-Konflikt.",<<Verhaltensänderung:Bestätigung bestehender Meinung>>,<<Verhaltensänderung,Bestätigung bestehender Meinung>>
person14,"Haben Sie Ihre Einschätzung zur Glaubwürdigkeit der Artikel durch die Nutzung des Tools insgesamt verändert? Naja, eigentlich nicht wirklich.",<<Verhaltensänderung:keine Veränderung / Fixierung>>,<<Verhaltensänderung,keine Veränderung / Fixierung>>
person14,"Also ich muss sagen, anfangs war ich schon skeptisch, ja? Was dieses KI-System angeht, auf welche Spur du mich da leiten willst mit dem Ding.",<<Vertrauen in Inhalt/System:Zweifel an Verifikation>>,<<Vertrauen in Inhalt/System,Zweifel an Verifikation>>
person14,"Also ich muss sagen, anfangs war ich schon skeptisch, ja? Was dieses KI-System angeht, auf welche Spur du mich da leiten willst mit dem Ding.",<<Metakognitive Reflexion>>,<<Metakognitive Reflexion>>,
person14,Da war ich schon ein bisschen skeptisch. Da habe ich natürlich der Sache nicht so ganz vertraut.,<<Vertrauen in Inhalt/System:Zweifel an Verifikation>>,<<Vertrauen in Inhalt/System,Zweifel an Verifikation>>
person14,"Aber ich würde sagen, im Laufe der Studie habe ich der Sache immer mehr vertraut.",<<Vertrauen in Inhalt/System:Vertrauen in Chatbot/KI>>,<<Vertrauen in Inhalt/System,Vertrauen in Chatbot/KI>>
person14,Die KI hat mich in meinen Einschätzungen gestärkt. Ja. Manchmal.,<<Verhaltensänderung:Bestätigung bestehender Meinung>>,<<Verhaltensänderung,Bestätigung bestehender Meinung>>
person14,"Die KI hat mir geholfen, Fehleinschätzungen zu erkennen. Ja, hat sie, ich sage nur, Menschen gerichtet.",<<Verhaltensänderung:Urteilsänderung durch KI>>,<<Verhaltensänderung,Urteilsänderung durch KI>>
person14,"Sehr unwahrscheinlich, weil die KI nicht auf dem neuesten Stand ist. Deshalb würde ich das nicht einsetzen.",<<Vertrauen in Inhalt/System:Zweifel an Verifikation>>,<<Vertrauen in Inhalt/System,Zweifel an Verifikation>>
person14,"Wie sich gezeigt hat, sind die Artikel nach 23 irgendwie teilweise erschienen. Oder die KI kannte diese nicht.",<<Vertrauen in Inhalt/System:Zweifel an Verifikation>>,<<Vertrauen in Inhalt/System,Zweifel an Verifikation>>
person14,"Wie sich gezeigt hat, sind die Artikel nach 23 irgendwie teilweise erschienen. Oder die KI kannte diese nicht.",<<Epistemische Strategien:logische Argumentation>>,<<Epistemische Strategien,logische Argumentation>>
person14,"Und das ist natürlich sehr schwierig dann, diese Fakten dann zu checken, wenn die KI die nicht hat.",<<Vertrauen in Inhalt/System:Zweifel an Verifikation>>,<<Vertrauen in Inhalt/System,Zweifel an Verifikation>>
person14,"Und das ist natürlich sehr schwierig dann, diese Fakten dann zu checken, wenn die KI die nicht hat.",<<Metakognitive Reflexion>>,<<Metakognitive Reflexion>>,
