"start,""end"",""text"",""speaker"""
"1740,""5360"","" Hallo, vielen Dank für deine Teilnahme in meiner Studie."",""Sprecher 1"""
"5580,""8820"","" Ich gebe kurz den Bildschirm zur Aufnahme frei."",""Sprecher 1"""
"14120,""14940"","" Herzlichen Dank."",""Sprecher 1"""
"15340,""16600"","" Wir beginnen einmal mit der Studie."",""Sprecher 1"""
"16660,""19980"","" Hier ist einmal die Einverständniserklärung, die kannst du dir gerne durchlesen."",""Sprecher 1"""
"20080,""21740"","" Das ist die Studienrahmen meiner Bachelorarbeit."",""Sprecher 1"""
"22020,""29640"","" Bewertung zur Verifikation einer Studie zur Glaubwürdigkeit zur Bewertung von Nachrichtenartikeln und ihre Verifikation mittels ILS."",""Sprecher 1"""
"30020,""36120"","" Es werden dabei Sprachaufnahmen, Videoaufnahmen, Chatprotokolle, Fragebögen und deine persönliche Daten erhoben."",""Sprecher 1"""
"38620,""42920"","" Die Sachen werden nur so lange gespeichert, wie sie notwendig sind."",""Sprecher 1"""
"43220,""45040"","" Die Studie ist insgesamt dreiteilig."",""Sprecher 1"""
"45140,""48320"","" Der erste Teil besteht daran, dass du Nachrichtenartikel liest."",""Sprecher 1"""
"49560,""51440"","" Das ist keine E-Mail."",""Sprecher 1"""
"56020,""56560"","" Auch nicht."",""Sprecher 2"""
"61500,""65880"","" Und danach bewertest."",""Sprecher 1"""
"66340,""68160"","" Du nimmst im Fingelautprotokoll teil."",""Sprecher 1"""
"68280,""70280"","" Das heißt, du sollst bitte dabei laut denken."",""Sprecher 1"""
"70660,""73420"","" Es kann immer wieder zu technischen Problemen geführt werden."",""Sprecher 1"""
"73540,""75500"","" Das heißt, die Seite könnte sich nicht richtig laden."",""Sprecher 1"""
"75840,""77160"","" Bitte nochmal neu laden dann."",""Sprecher 1"""
"78340,""80140"","" In Phase 2 ist auch ein Chatbot integriert."",""Sprecher 1"""
"80220,""84400"","" Der ist nicht so schnell wie normale, aber bitte einfach dann kurz auf die Antwort warten."",""Sprecher 1"""
"85140,""89300"","" Während du die Artikel liest und die Fragebögen beantwortest, wie gesagt, bitte laut denken."",""Sprecher 1"""
"90300,""93300"","" Sobald du fertig bist, ist auf jeder Seite ein Weiter-Button integriert."",""Sprecher 1"""
"93420,""94540"","" Dann bitte den klicken."",""Sprecher 1"""
"95640,""99860"","" Die Fragebögen bitte vorher abgesendet werden, bevor man auch weiter klickt."",""Sprecher 1"""
"104420,""105880"","" Das ist der erste Artikel."",""Sprecher 1"""
"108440,""113280"","" Wenn du zu lange nicht laut denkst, werde ich den Remindersatz bitte laut denken sagen."",""Sprecher 1"""
"116660,""123300"","" Also die Überschrift kommt mir erstmal nicht so seriös vor, weil sie nicht neutral klingt."",""Sprecher 1"""
"133300,""134520"","" Ich habe auch noch nie was."",""Sprecher 1"""
"135580,""137440"","" Ah doch, WordPress, Photoword."",""Sprecher 1"""
"218630,""225570"","" Also der Artikel kommt mir eher vor wie eine Reportage, als jetzt eine neutrale Berichterstattung."",""Sprecher 1"""
"227310,""235410"","" Aber an sich wird halt die Sichtweise von bestimmten Personen geschildert."",""Sprecher 1"""
"252790,""262170"","" Von der Thematik her kommt es mir schon seriös vor."",""Sprecher 1"""
"348680,""357840"","" Auch die Medien, die jetzt da genannt werden, sind schon Medien, die ich seriös halte, wie zum Beispiel die FAZ."",""Sprecher 1"""
"479750,""499870"","" Also auch wie der Sachverhalt in dem Artikel geschildert wird mit der Kuratorin und wie sie die Arbeiten bewertet, finde ich glaubwürdig."",""Sprecher 1"""
"532680,""538280"","" Und ich glaube auch, dass die Einschätzung der Personen stimmt."",""Sprecher 1"""
"636170,""643130"","" Also ich habe schon gewusst, dass die russische Propaganda auch sehr stark ist."",""Sprecher 1"""
"643410,""668280"","" Aber ich wusste jetzt auch nicht zum Beispiel, dass die in diesen Award-Geschichten auch versuchen, sich so zu etablieren."",""Sprecher 1"""
"672470,""674910"","" Aber es klingt für mich äußerst schlüssig."",""Sprecher 1"""
"679680,""688180"","" Und dass sie wirklich versuchen, die Tatsachen zu verdrehen und sich selber als Opfer darzustellen."",""Sprecher 1"""
"797470,""826230"","" Also ich halte den Artikel schon für seriös, muss allerdings sagen, dass es in meiner Meinung jetzt nicht komplett neutral ist, sondern schon eher eine Reportage mit einer eindeutigen Meinungsprägung in eine Richtung, die aber schon meine eigene Überzeugung oder auch meine eigene Meinung widerspiegelt."",""Sprecher 1"""
"833310,""835250"","" Ich klicke mal auf weiter."",""Sprecher 1"""
"835570,""837830"","" Dann wird sich die erste Frage befrogen."",""Sprecher 2"""
"849410,""852390"","" Du wärst nicht Leser-Summerer, sondern bitte T12."",""Sprecher 2"""
"856950,""863030"","" Das dient mir nur zur Unterscheidung, wer Sinn Person gemacht hat und wer die Vorreihen online ausgeführt hat."",""Sprecher 1"""
"864270,""866350"","" So ist es schneller zu verstehen."",""Sprecher 2"""
"1018320,""1019940"","" Jetzt klicke ich auf weiter."",""Sprecher 2"""
"1033660,""1037599"","" Jetzt weiß ich ja auch, um welche Thematik es geht."",""Sprecher 1"""
"1037700,""1038900"","" Das wusste ich beim ersten Artikel."",""Sprecher 1"""
"1038900,""1046200"","" Noch nicht genau, als es um die Headline ging, weil Aggressor könnten momentan mehrere sein."",""Sprecher 1"""
"1046599,""1055260"","" Aber es ist ja schon so, dass das eigentlich ein Begriff ist, der hauptsächlich jetzt im Ukraine-Krieg verwendet wird."",""Sprecher 1"""
"1099390,""1112070"","" Also ich sehe auch bei dem Artikel direkt wieder eine gewisse Meinungsprägung durch gewisse Formulierungen."",""Sprecher 1"""
"1112210,""1132530"","" Es ist nicht komplett neutral, wie es geschrieben ist, zum Beispiel, wenn sie sagen, dass Putin den Angriff auf die Ukraine als Selbstverteidigung schön redet, im Gegensatz zu, wenn man es neutral sagen würde, würde man ja eher schildern oder verwenden."",""Sprecher 1"""
"1133770,""1140590"","" Also es ist schon eine gewisse Meinung in dem Artikel auch drin."",""Sprecher 1"""
"1153410,""1162350"","" Ansonsten ist es ja schon eher eine Berichterstattung, was im Moment im UN-Sicherheitsrat vor sich geht."",""Sprecher 1"""
"1220080,""1240420"","" Ich finde es ist für mich im ersten Eindruck schon wie ein Bericht geschrieben, wie dieses Straftribunal jetzt oder Sondertribunal jetzt aufgestellt wird."",""Sprecher 1"""
"1338340,""1358920"","" Also so wie ich das lese, würde ich den Artikel jetzt zum Beispiel schon vielleicht erwarten, dass es so ein Artikel von der Tagesschau ist oder den Tagesthemen oder halt irgendwie offiziellen Nachrichten."",""Sprecher 1"""
"1384490,""1403810"","" Weil das ist schon eine Schilderung einfach, wie jetzt dieses Sondertribunal und das daraus entstehende Gericht zusammengesetzt wird, was die in Zukunft für eine Handhabe haben."",""Sprecher 1"""
"1404090,""1408530"","" Das ist jetzt für mich eine relativ neutrale Berichterstattung."",""Sprecher 1"""
"1461310,""1462630"","" Okay, ich klicke jetzt auf die Netze."",""Sprecher 2"""
"1464510,""1466610"","" Würdest du wieder Tipp 12 nehmen?"",""Sprecher 2"""
"1476550,""1490210"","" Also ich halte den Artikel für vollkommen glaubwürdig und ich bin mir auch sehr sicher bei meiner Glaubwürdigkeitseinschätzung."",""Sprecher 1"""
"1495160,""1502000"","" Ich fand ihn sehr sachlich."",""Sprecher 1"""
"1503300,""1519660"","" Ich würde ihm trotzdem keine 7 geben, weil am Anfang eben so ein bisschen Meinungsprägung mit drin war, durch eine gewisse Art und Weise der Formulierung."",""Sprecher 1"""
"1521120,""1554260"","" Ich fand auch den Informationsgehalt sehr hoch, dem würde ich eine 7 geben, weil es gut geschildert wurde, wie dieses Sondertribunal aufgestellt wird, wer da mit drin sein wird, was die für eine gerichtliche Handhabe haben, was in Zukunft dann damit passieren kann oder eben auch nicht, weil es ja anscheinend dann doch eher so eine Symbolfunktion ist, weil sie dann keine Durchsetzungsmacht haben."",""Sprecher 1"""
"1556380,""1558380"","" Deswegen fand ich das sehr gut."",""Sprecher 1"""
"1558520,""1574600"","" Ich fand auch die Struktur und Logik der Argumentation gut, erst so die Thematik zu schildern, die gerade ist und dann weswegen und wie das dann umgesetzt wird."",""Sprecher 1"""
"1579070,""1586160"","" Vorwissen zu dem Thema des Sondertribunals hatte ich jetzt nicht so viel."",""Sprecher 1"""
"1588020,""1613420"","" Allgemeines Wissen über den Krieg in der Ukraine, ich fand die sehr plausibel, die Informationen und die Länge war auch so, dass man alle Informationen jetzt für das Thema vorerst bekommen hat."",""Sprecher 1"""
"1614780,""1623700"","" Ich fand auch, dass das professionell und journalistisch gut aufbereitet gewirkt hat."",""Sprecher 1"""
"1624820,""1641010"","" Ich würde jetzt sagen, ich habe da jetzt wenig mit Bauchgefühl gearbeitet, im Gegensatz zu dem Artikel vorher, wo ich trotzdem noch ein bisschen mehr auf mein Bauchgefühl mich verlasse."",""Sprecher 1"""
"1678770,""1680630"","" Ich schicke den jetzt ab."",""Sprecher 2"""
"1681050,""1689380"","" Und Artikel Nummer 3."",""Sprecher 2"""
"1694490,""1715830"","" Also ich finde direkt mal der Titel ist entweder clickbaiting, weil es ja nicht stimmt oder es ist kein seriöser Artikel für mich, weil Russland kein Friedensstifter ist."",""Sprecher 1"""
"1719630,""1728410"","" Aber es kann natürlich sein, dass das ein Artikel ist, wo dann nochmal so eigentlich die Kurve kommt."",""Sprecher 1"""
"1748680,""1764540"","" Also der erste Absatz ist total, also es klingt mehr, als hätte das jemand geschrieben, der einfach für sein eigenes Land spricht und für seine eigene Ideologie und für seine eigenen Überzeugungen."",""Sprecher 1"""
"1764680,""1772420"","" Aber das hat für mich keinen journalistischen Inhalt oder auch nur irgendeine Art von Neutralität und Glaubwürdigkeit."",""Sprecher 1"""
"1772840,""1779120"","" Und das ist ja auch in der Wir-Perspektive oder auch in der Ich-Perspektive."",""Sprecher 1"""
"1780280,""1783400"","" Deswegen kann das ja schon mal gar keine Sachlichkeit haben."",""Sprecher 1"""
"1798700,""1801620"","" Dieses in Klammern erinnern Sie sich an etwas?"",""Sprecher 1"""
"1801860,""1808820"","" Das hat nichts mit Seriosität zu tun."",""Sprecher 1"""
"1813920,""1819220"","" Ich wusste auch, ich persönlich kenne auch nicht die Jungtürken von 1908."",""Sprecher 1"""
"1833770,""1840190"","" Also es kann durchaus sein, dass es tatsächlich sowas gab, wie dass Armenier irgendwie verfolgt wurden."",""Sprecher 1"""
"1840370,""1844610"","" Aber ich wüsste jetzt nicht, da müsste ich mich in das Thema tatsächlich einlesen."",""Sprecher 1"""
"1844950,""1853010"","" Also da würde ich tatsächlich noch mal Faktchecken, bevor ich auch nur ein Wort glaube, was hier steht."",""Sprecher 1"""
"1896260,""1899640"","" Also jetzt hier der Absatz von nach dem Ersten Weltkrieg."",""Sprecher 1"""
"1899960,""1909320"","" Wie gesagt, ich weiß es nicht genau, deswegen ich würde erst mal das nochmal Faktchecken, bevor ich das glaube."",""Sprecher 1"""
"1909780,""1921840"","" Natürlich passieren in Kriegen wahnsinnig viele Verbrechen an unterschiedlichen Völkern und natürlich kann das realistisch und auch wahr sein."",""Sprecher 1"""
"1922080,""1927620"","" Aber ich würde es trotzdem nochmal woanders nachlesen aus einer Quelle, die ich für glaubhaft erachte."",""Sprecher 1"""
"1939780,""1955130"","" Also diese Formulierungen sind auch sehr, also es klingt ein bisschen sehr populistisch und nach Propaganda."",""Sprecher 1"""
"1955970,""1959110"","" Wer reicht dem armenischen Volk die helfende Hand?"",""Sprecher 1"""
"1959350,""1959830"","" Russland."",""Sprecher 1"""
"1959990,""1964490"","" Das hat nichts mit neutraler Berichterstattung zu tun."",""Sprecher 1"""
"1982970,""1985550"","" Auch einen Schriftsteller zu zitieren."",""Sprecher 1"""
"1985850,""1997250"","" Also ich weiß nicht, was ein Schriftsteller, also wenn es jetzt ein Historiker wäre oder ein Journalist oder so, dann würde ich das noch für glaubhaft erachten."",""Sprecher 1"""
"1997550,""2008450"","" Aber einen Schriftsteller heranzuziehen, um eine historische Sachlage zu untermauern, finde ich nicht glaubwürdig."",""Sprecher 1"""
"2021020,""2025740"","" Das ist auch hier sehr emotional aufgeladen, was dann da zitiert wird."",""Sprecher 1"""
"2025840,""2030560"","" Die bärtigen russischen Soldaten verbargen ihre Gesichter beschämt mit feuchten Augen."",""Sprecher 1"""
"2031360,""2037340"","" Also das ist mir viel zu emotional aufgeladen, als dass ich das für glaubhaft erachte."",""Sprecher 1"""
"2044090,""2046390"","" Russische Barmherzigkeit und Mitgefühl."",""Sprecher 1"""
"2072560,""2102300"","" Also auch dieser Absatz mit Mai 45, das ist ja absolut in Ordnung oder anzunehmen wäre, dass es ja mehr oder weniger verständlich wäre, wenn sie das deutsche Volk ausgelöscht hätten nach dem Zweiten Weltkrieg, aber durch ihre Großherzigkeit und Barmherzigkeit das natürlich nicht gemacht haben."",""Sprecher 1"""
"2103280,""2111140"","" Das ist für mich einfach nur Schwachsinn."",""Sprecher 1"""
"2111700,""2134340"","" Außerdem gab es auch Kriegsverbrechen auf russischer Seite, auch wenn natürlich Deutschland der Aggressor war im Zweiten Weltkrieg, aber auch russische Soldaten haben an deutschen Frauen oder anderen Frauen schwere Kriegsverbrechen begangen, das weiß man."",""Sprecher 1"""
"2134900,""2136080"","" Das ist auch belegt."",""Sprecher 1"""
"2144390,""2155990"","" Sich da als Samariter darzustellen, ist halt einfach falsch und stellt nicht die komplette Wahrheit dar."",""Sprecher 1"""
"2171880,""2180560"","" Das mit den Abgabenormen, das wäre mir jetzt neu."",""Sprecher 1"""
"2181740,""2183680"","" Habe ich noch nie so gehört."",""Sprecher 1"""
"2191000,""2193080"","" Glaube ich tatsächlich nicht."",""Sprecher 2"""
"2214400,""2219880"","" Dass Wladimir Putin ein Befreier und Friedenstifter ist, ist faktisch einfach falsch."",""Sprecher 1"""
"2224050,""2226890"","" Das ist einfach ein propagandistischer Artikel."",""Sprecher 1"""
"2228370,""2230030"","" Ich klicke jetzt auf weiter."",""Sprecher 1"""
"2238000,""2243040"","" Also ich halte den Artikel für komplett unglaubwürdig."",""Sprecher 1"""
"2243120,""2245440"","" Für mich ist das einfach nur Propaganda."",""Sprecher 1"""
"2246320,""2252700"","" Ich bin mir komplett sicher, dass ich mit meiner Glaubwürdigkeitseinschätzung richtig liege."",""Sprecher 1"""
"2254760,""2273530"","" Der Sprachstil war emotional komplett aufgeladen und die Faktendichte war sehr unsachlich."",""Sprecher 1"""
"2277970,""2285190"","" Die Struktur und Logik der Argumentation fand ich war typisch für eine Propaganda."",""Sprecher 1"""
"2285410,""2294610"","" Erstmal falsche Sachverhalte schildern und die dann emotional aufzuladen."",""Sprecher 1"""
"2296910,""2309410"","" Ich würde sagen, zu dem Thema hatte ich einigermaßen Fachvorwürfe."",""Sprecher 1"""
"2309710,""2316470"","" Ich habe ja schon gesagt, gewisse Fakten müsste ich noch mal nachchecken, weil es mir nichts gesagt hat."",""Sprecher 1"""
"2316530,""2319890"","" Aber es waren einfach viele falsche Informationen drin."",""Sprecher 1"""
"2324100,""2327540"","" Die waren auch für mich komplett unplausibel."",""Sprecher 1"""
"2329320,""2341800"","" Länge und Ausführlichkeit des Artikels war eigentlich sehr in die Länge gezogen dafür, dass gar nicht so viele Informationen drin standen."",""Sprecher 1"""
"2342020,""2348580"","" Es wurde viel mit emotionalen Sätzen einfach in die Länge gezogen."",""Sprecher 1"""
"2352250,""2355770"","" Und er ist für mich komplett unprofessionell und nicht journalistisch."",""Sprecher 1"""
"2356030,""2360230"","" Ich musste auch nicht auf mein Bauchgefühl und meine Intuition trauen."",""Sprecher 1"""
"2407930,""2432350"","" Also europäische Eliten, das ist ganz oft verwendet in Querdenkerkreisen oder auch wenn es um Verschwörungstheorien geht."",""Sprecher 1"""
"2433810,""2438390"","" Auch jeden Dissens zerquetschen."",""Sprecher 1"""
"2440290,""2444050"","" Das ist auch sehr emotional aufgeladen."",""Sprecher 1"""
"2444310,""2447050"","" Aber jetzt lese ich mir erst mal ein Artikel durch."",""Sprecher 1"""
"2455120,""2469780"","" Marie Lepa ist eine rechtspopulistische Politikerin."",""Sprecher 1"""
"2474290,""2491730"","" Wenn hier geschrieben wird, wurde am Montag wegen Scheinbeschäftigung von Teilfreunden zu vier Jahren Haft mit Fußfessel und Gehörschaft verurteilt, obwohl sie eine aussichtsreiche Kandidatin ist."",""Sprecher 1"""
"2492330,""2497130"","" Hier wird direkt mal eine Meinung suggeriert, dass das ein falsches Urteil wäre."",""Sprecher 1"""
"2511390,""2514950"","" Kreativ bei der Finanzierung ihrer Parteiarbeit sind sie alle."",""Sprecher 1"""
"2515110,""2519470"","" Das ist direkt mal, ob in Deutschland oder Frankreich, ob Mitte, links oder rechts."",""Sprecher 1"""
"2520230,""2536300"","" Es wird direkt mal etwas relativiert, wo es durchaus trotzdem Grenzen der Legalität gibt."",""Sprecher 1"""
"2552500,""2555640"","" Die Art und Weise der Formulierung wie fettes Polster."",""Sprecher 1"""
"2556920,""2566140"","" Auch, dass die Grünen, die eher linksorientiert bei ihrer Politik sind, als Gegenargument verwendet werden."",""Sprecher 1"""
"2567420,""2571740"","" Das zeigt mir, was der Artikel für eine politische Prägung hat."",""Sprecher 1"""
"2591360,""2595820"","" Auch die deutsche Politik war schon immer ein großer Selbstbedienungsladen."",""Sprecher 1"""
"2595880,""2598080"","" In Frankreich wird es nicht anders sein."",""Sprecher 1"""
"2598580,""2600900"","" Das hat für mich nichts mit Fakten zu tun."",""Sprecher 1"""
"2601180,""2618900"","" Entweder wird der direkte Vergleich gezogen und dann wird wie in Deutschland und in Frankreich die Parteigelder und die Finanzierung von Parteien gemacht werden."",""Sprecher 1"""
"2619440,""2624840"","" Aber das hier sind halt Annahmen, die einfach in den Raum gestellt werden und als Fakten verkauft."",""Sprecher 1"""
"2777840,""2782780"","" Ich kann dem Artikel ganz schwer folgen, vor allem weil mir einfach die Fakten fehlen."",""Sprecher 1"""
"2783180,""2793240"","" Es werden immer so Andeutungen gemacht, aber ohne dass irgendwo ein sachlicher Bezug wäre."",""Sprecher 1"""
"2799310,""2803130"","" Auch die Formulierung, dass es kein großes Geheimnis ist."",""Sprecher 1"""
"2807530,""2813550"","" Solche Dinge kann ich jetzt nicht nachprüfen, ob das jetzt kein großes Geheimnis oder ein Geheimnis ist."",""Sprecher 1"""
"2820140,""2841600"","" Für mich wirkt dieser Artikel wie eine einzige Begründung für diese sehr emotionale Headline, ohne dass da irgendwelche Fakten wiedergegeben werden, sondern Annahmen und Behauptungen."",""Sprecher 1"""
"2890760,""2903560"","" Was mir auch komplett fehlt in diesem Artikel ist, einfach mal zu sagen, was eigentlich Marie Le Pen wirklich vorgeworfen wird."",""Sprecher 1"""
"2903840,""2924900"","" Das hätte für mich an den Anfang des Artikels gehört, aber es wird eigentlich eher durch relativierende Behauptungen erstmal eine Basis geschaffen, warum sie eigentlich nichts Schlimmes scheinbar gemacht hat."",""Sprecher 1"""
"2951930,""2967890"","" Auch dass er oder sie, je nachdem, was er geschrieben hat, das angebliche System der Scheinbeschäftigung, also wenn sie ja schon verurteilt wird, dann ist es nicht mehr angeblich, dann ist es ja belegt."",""Sprecher 1"""
"2968270,""2982610"","" Also es gibt ein Urteil dazu, dann kann man später im Verlauf des Artikels nicht mehr angeblich schreiben."",""Sprecher 1"""
"3011920,""3038330"","" Jetzt werden schon auch irgendwie Aussagen wiedergegeben von den Mitarbeitern, dass sie ihren Arbeitsalltag nicht beschreiben konnten, ihre Chefs nie gesehen haben und dann sagt der Autor oder die Autorin heißt es."",""Sprecher 1"""
"3038530,""3052060"","" Also es wird direkt angezweifelt, dass die Aussagen richtig wiedergegeben werden."",""Sprecher 1"""
"3096980,""3100460"","" Jetzt wird gesagt, warum das eh alles egal ist."",""Sprecher 1"""
"3100780,""3116400"","" Also es wird alles komplett relativiert, aber die rhetorischen Fragen, die da gestellt werden, sind ja auch, wenn man mit gesundem Menschenverstand darüber nachdenkt, total absurd."",""Sprecher 1"""
"3117420,""3122280"","" Wie zum Beispiel, warum man seinen Chef sehen sollte in Zeiten von Homeoffice."",""Sprecher 1"""
"3122420,""3135060"","" Also ich glaube, jeder hat trotzdem Kontakt zu seinem Vorgesetzten und 99 Prozent der Angestellten von Twitter ex kennen Elon Musk auch nur aus dem Fernsehen."",""Sprecher 1"""
"3135300,""3137480"","" Ja, weil er auch nicht der direkte Vorgesetzte ist."",""Sprecher 1"""
"3142720,""3144480"","" Jedes dieser Argumente ist wackelig."",""Sprecher 1"""
"3144660,""3151180"","" Nein, es ist anscheinend nicht wackelig, genauso wie die Anklage und nun das Urteil wackelig ist."",""Sprecher 1"""
"3151360,""3153020"","" Also es ist ja durchaus begründet."",""Sprecher 1"""
"3153020,""3161220"","" Musste ja sogar der Autor oder die Autorin schildern, aber hat direkt alles angezweifelt."",""Sprecher 1"""
"3164100,""3166340"","" Wir befinden uns in einem Graubereich."",""Sprecher 1"""
"3167260,""3168620"","" Ja, offensichtlich nicht."",""Sprecher 1"""
"3223240,""3227290"","" Ich gehe jetzt weiter."",""Sprecher 2"""
"3235250,""3246430"","" Also ich halte den Artikel für absolut unglaubwürdig und bin mir mit meiner Glaubwürdigkeitseinschätzung sehr sicher."",""Sprecher 1"""
"3246930,""3251110"","" Der Sprachstil war absolut emotional aufgeladen."",""Sprecher 1"""
"3252030,""3257290"","" Die Informationsdichte war überhaupt nicht da."",""Sprecher 1"""
"3257630,""3262770"","" Also es wurden schon viele Behauptungen aufgestellt, aber keine wirklichen Informationen und Fakten geschildert."",""Sprecher 1"""
"3262830,""3264690"","" Es gab auch keine richtigen Quellen."",""Sprecher 1"""
"3266850,""3270870"","" Es war auch total unlogisch strukturiert."",""Sprecher 1"""
"3271030,""3273050"","" Also ich konnte sehr schlecht folgen."",""Sprecher 1"""
"3275790,""3279930"","" Ich hatte tatsächlich nicht so viel Vorwissen zu dem Thema."",""Sprecher 1"""
"3280150,""3286150"","" Ich habe es schon mitbekommen, aber mich nicht so sehr damit beschäftigt."",""Sprecher 1"""
"3289860,""3293820"","" Die Plausibilität der Informationen hat komplett gefehlt."",""Sprecher 1"""
"3294300,""3303760"","" Also es wurde eine Behauptung nie mit irgendwelchen Informationen und Fakten und tatsächlichen Quellen gestützt."",""Sprecher 1"""
"3304660,""3310900"","" Die Länge war viel zu lang, also dafür, dass wenig Informationsgehalt drin steckte."",""Sprecher 1"""
"3312060,""3315200"","" Es war auch nicht professionell oder journalistisch."",""Sprecher 1"""
"3318660,""3330700"","" Ich vertraue da jetzt schon mehr auf mein Bauchgefühl, aber auch nicht komplett, weil mir halt der journalistische Inhalt gefehlt hat."",""Sprecher 1"""
"3380550,""3396390"","" Jetzt werden die identischen Artikel an der linken Seite angezeigt und an der rechten Seite hast du einen geschriebenen Chatbot zur Verfügung, der auf der API von ChatGPT beruht."",""Sprecher 1"""
"3397250,""3403270"","" Mithilfe des Chatbots soll jetzt bitte die Glaubwürdigkeit geprüft werden."",""Sprecher 1"""
"3405030,""3407270"","" Ich muss kurz aufs Laptop."",""Sprecher 1"""
"3407530,""3409390"","" Dann bitte einmal kurz Pause drücken."",""Sprecher 1"""
"3410450,""3412670"","" Oder einfach durchlaufen lassen, ist in Ordnung."",""Sprecher 1"""
"3412950,""3415330"","" Okay, ich habe nämlich gerade eine Pause."",""Sprecher 2"""
"3496330,""3498770"","" Hier soll ich wieder laut denken?"",""Sprecher 1"""
"3520160,""3540340"","" Ja, ich würde jetzt trotzdem noch mal checken, ob es diese ukrainische Kuratorin wirklich gibt."",""Sprecher 1"""
"3544740,""3546880"","" Kann ich bei dem Chatbot jetzt was eingeben?"",""Sprecher 1"""
"3547180,""3547840"","" Hier, natürlich."",""Sprecher 1"""
"3548100,""3549380"","" Unten ist ein Eingabefenster."",""Sprecher 1"""
"3549740,""3551900"","" Und bekomme ich dann Antworten?"",""Sprecher 1"""
"3552120,""3553680"","" Natürlich, das ist ein Chatbot."",""Sprecher 1"""
"3554900,""3556280"","" Aber hier steht Notizen."",""Sprecher 1"""
"3557060,""3559160"","" Ah, nein, nicht das obere Eingabefenster."",""Sprecher 1"""
"3559240,""3561240"","" Das ist ein eigenes, persönliches Notizfenster."",""Sprecher 1"""
"3562660,""3565480"","" Unten ist das Eingabefenster, wie auch bei ChatGPT."",""Sprecher 1"""
"3565480,""3567300"","" Ich drücke dann wieder auf Weiter."",""Sprecher 1"""
"3568120,""3569680"","" Nein, da ist keins."",""Sprecher 1"""
"3572250,""3577810"","" Da oben ist der Chatbot und in der letzten Zeile unten ist ein ..."",""Sprecher 2"""
"3577810,""3579410"","" Da oben ist kein Chatbot."",""Sprecher 2"""
"3593980,""3596540"","" Nein, die Notizen müssen wieder zurückgeklärt werden."",""Sprecher 2"""
"3612860,""3620300"","" Ich werde jetzt mal die ukrainische Kuratorin fragen."",""Sprecher 1"""
"3672520,""3674720"","" Die Arbeit im Bereich der Zeilhändler in der Kunst."",""Sprecher 2"""
"3728850,""3750910"","" Hier weiß nicht sofort, was WPPA bedeutet."",""Sprecher 2"""
"3770860,""3790180"","" Ok, also er findet jetzt keine spezifischen Nachrichten."",""Sprecher 1"""
"3790620,""3798640"","" Ich wollte Nachrichten vom World Press Photo Award im Zusammenhang mit Ukraine und Russland."",""Sprecher 1"""
"3810860,""3818300"","" Also er kann nur Vermutungen aufstellen, aber er kann mir jetzt keine Berichterstattung oder so irgendwie dazugeben."",""Sprecher 1"""
"3846190,""3871040"","" Also das macht es mir jetzt relativ schwierig, auch die Informationen zu verifizieren."",""Sprecher 1"""
"3885750,""3900630"","" Und macht für mich den Artikel natürlich ein bisschen unglaubwürdiger, wenn es dazu keine Berichterstattung gibt, die der Chatbot jetzt finden kann oder so."",""Sprecher 1"""
"3907200,""3908300"","" Kann ich weitermachen?"",""Sprecher 2"""
"3918560,""3941930"","" Also ich würde dem Artikel jetzt nach der KI-Verifikation eine 5 geben."",""Sprecher 1"""
"3943130,""3948070"","" Ich halte die Information schon für plausibel, aber ich kann es nicht faktchecken."",""Sprecher 1"""
"3948170,""3951790"","" Deswegen kann ich jetzt nicht sagen, dass es vollkommen glaubwürdig ist."",""Sprecher 1"""
"3952790,""3960470"","" Ich bin mir mit meiner Einschätzung mehr so bei einer 4 bis 5."",""Sprecher 1"""
"3960650,""3963950"","" Also ich zweifle schon an meiner Einschätzung auch."",""Sprecher 1"""
"3970440,""3976940"","" Ja und meine Einschätzung hat sich auch ein bisschen verändert."",""Sprecher 1"""
"3983480,""3989840"","" Ich fand die Antwort der KI leider nicht hilfreich, weil sie mir nicht geholfen hat."",""Sprecher 1"""
"3993060,""3994920"","" Und auch ich habe keine Quellen bekommen."",""Sprecher 1"""
"3995080,""4000320"","" Deswegen kann ich da jetzt auch nichts zu sagen."",""Sprecher 1"""
"4003360,""4010220"","" Und die Informationen haben mir jetzt auch nicht wirklich geholfen, außer dass ich meine Meinung angezweifelt habe."",""Sprecher 1"""
"4016080,""4024980"","" Bei dem Punkt, ob ich der Einschätzung der KI vertraue, kann ich nicht viel sagen, weil sie mir keine wirkliche Einschätzung geben konnte."",""Sprecher 1"""
"4028070,""4037680"","" Und ich konnte auch keine Quellen überprüfen und sie konnte mir eigentlich auch gar keine Informationen geben."",""Sprecher 1"""
"4045840,""4051080"","" Ich habe die KI nicht um eine Einschätzung des Artikels gebeten."",""Sprecher 1"""
"4052340,""4065280"","" Ich habe gezielte Fragen zu Behauptungen gestellt, weil ich eigentlich nur ein paar Infos verifizieren lassen wollte."",""Sprecher 1"""
"4067360,""4071720"","" Und ich habe auch nach externen Quellen und Belegen gefragt."",""Sprecher 1"""
"4077410,""4081010"","" Ich habe auch mehrere Fragen gestellt."",""Sprecher 1"""
"4085360,""4094880"","" Ich konnte allerdings nicht wirklich die KI-Antwort mit meinem Vorwissen abgleichen, weil sie mir wenig gegeben hat."",""Sprecher 1"""
"4146640,""4147620"","" Ich schicke ab."",""Sprecher 2"""
"4149479,""4155220"","" Dann mache ich das Nächste."",""Sprecher 2"""
"4157359,""4167380"","" Also, ich werde jetzt diesmal den Artikel kopieren und von der KI verifizieren."",""Sprecher 1"""
"4199560,""4203960"","" Ich frage jetzt nach der Verifizierung und nach der Quelle."",""Sprecher 1"""
"4227270,""4234590"","" Okay, die KI sagt jetzt, ohne direkte Quellenangabe kann ich die spezifische Behauptung des Artikels nicht verifizieren."",""Sprecher 1"""
"4234690,""4248850"","" Es ist jedoch ratsam offizielle Mitteilung des Europarats, Erklärung der EU-Außenminister und Berichte internationaler Rechtsinstitutionen zu folgen, um die neuesten Entwicklungen und offiziellen Stellungnahmen zu diesem Thema zu erhalten."",""Sprecher 1"""
"4259320,""4287410"","" Okay, also der Bot kann keine Nachrichten berichten, die spezifisch die Einrichtung eines Sondertribunals durch den Europarat zur Aufarbeitung der Übung thematisiert finden."",""Sprecher 1"""
"4377980,""4388230"","" Also, der Chatbot kann auch keinen Stellungnahme vom Generalsekretär des Europarats finden dazu."",""Sprecher 1"""
"4402400,""4405240"","" Ich werde jetzt das abschließen."",""Sprecher 2"""
"4425890,""4429070"","" Ich finde den Artikel trotzdem noch glaubwürdig."",""Sprecher 1"""
"4429070,""4439670"","" Ich würde ihm eine 6 geben und glaube auch, dass meine Einschätzung richtig ist."",""Sprecher 1"""
"4442010,""4456430"","" Dass ich jetzt da keine Einschätzung von der KI bekommen habe, ändert jetzt meine Meinung zu meiner Einschätzung nicht wirklich."",""Sprecher 1"""
"4460500,""4467160"","" Ich fand die Antwort der KI nicht hilfreich, genauso wenig wie die Quellen."",""Sprecher 1"""
"4468140,""4470400"","" Die Informationen haben mir nicht geholfen."",""Sprecher 1"""
"4471560,""4484930"","" Ich kann der KI jetzt nicht bei ihrer Einschätzung vertrauen, weil sie mir keine gegeben hat und ich konnte auch die Quellen nicht überprüfen, weil es keine gab."",""Sprecher 1"""
"4489380,""4495770"","" Und hat mir auch keine Informationen geliefert."",""Sprecher 2"""
"4501010,""4508190"","" Ja, ich habe um eine Einschätzung des Artikels gebeten."",""Sprecher 1"""
"4512160,""4526060"","" Ich habe auch nach spezifischen Quellen gefragt, jetzt nicht unbedingt nach Behauptungen, sondern ich wollte eher was zu den Quellen erfahren."",""Sprecher 1"""
"4528940,""4534280"","" Ich habe auch mehrere Fragen gestellt."",""Sprecher 1"""
"4538250,""4553980"","" Allerdings konnte ich jetzt die KI-Antwort nicht wirklich mit meinem Vorwissen vergleichen, weil sie mir keine wirkliche Hilfe war."",""Sprecher 1"""
"4562740,""4574460"","" Also die KI hat eigentlich meine Einschätzung nicht beeinflusst, aber ich vertraue trotzdem auf meine Einschätzung."",""Sprecher 1"""
"4593910,""4595070"","" Es geht nicht weiter."",""Sprecher 1"""
"4597090,""4613180"","" So, ich werde jetzt den nächsten Artikel auch verifizieren lassen."",""Sprecher 1"""
"4636540,""4697580"","" Die KI hat gesagt, dass Glaubwürdigkeit, Fakt und Inhalt geprüft werden können, wenn Titel, Veröffentlichungsdatum und Quelle des Artikels dabei stehen."",""Sprecher 1"""
"4697680,""4699040"","" Die Infos habe ich jetzt nicht."",""Sprecher 1"""
"4701440,""4708290"","" Mal schauen, was sie mir jetzt an Infos gibt."",""Sprecher 1"""
"4726570,""4751710"","" Also zur historischen Genauigkeit zum Völkermord an den Armeniern sagt die KI, dass es gut dokumentiert ist, aber die Interpretation variiert und dass die Darstellung Russlands als durchweg positiv und als Friedensstifter sehr umstritten ist im internationalen Diskurs."",""Sprecher 1"""
"4756140,""4766200"","" Und auch, dass der Artikel eine sehr positive Sicht auf Russland aufgrund der aktuellen politischen Lage widerspiegelt."",""Sprecher 1"""
"4772570,""4815350"","" Die KI gibt auch direkt die Empfehlung, die Quellen kritisch zu hinterfragen und die KI stützt auch gerade bei der Sprache und bei der Rhetorik meine Einschätzung mit der emotionalen Sprache und mit gewissen rhetorischen Mitteln, die auf eine Sichtweise abzielen."",""Sprecher 1"""
"4826880,""4860680"","" Ich werde jetzt nochmal die Behauptung mit der Essensversorgung prüfen lassen."",""Sprecher 1"""
"4929480,""4963160"","" Also auch hier kann mir die KI jetzt genau sagen, dass die Versorgung der Bevölkerung stark variiert hat und auch die Rationen, die ausgegeben wurden und auch selbst, wenn es solche Vorgaben gab, konnte es teilweise in der Praxis gar nicht umgesetzt werden."",""Sprecher 1"""
"4963420,""4993210"","" Also im Grunde stimmt es schon, dass die sowjetische Besatzung die Organisation der Versorgung auch mit übernommen hat, aber dass die Rationen stark variiert haben."",""Sprecher 1"""
"5004050,""5036180"","" Also im Grunde stützt die KI meine Einschätzung, deswegen werde ich jetzt weitermachen."",""Sprecher 1"""
"5047310,""5059570"","" Also auch nach der KI-Verifikation finde ich den Artikel absolut unglaubwürdig und bin sehr sicher mit meiner Einschätzung."",""Sprecher 1"""
"5061670,""5066510"","" Also meine Einschätzung ist auch gleich geblieben."",""Sprecher 1"""
"5068590,""5074670"","" Ich fand die Antwort der KI teilweise hilfreich."",""Sprecher 1"""
"5076370,""5088430"","" Aber ich habe auch nicht danach gefragt, sie hätte direkt Quellen mit angeben können, damit ich selber nochmal nachprüfen kann."",""Sprecher 1"""
"5088810,""5091610"","" Also es gab eigentlich keine wirklichen Quellen."",""Sprecher 1"""
"5099790,""5111980"","" Sie hat mir bedingt bei der Entscheidung geholfen, aber ich vertraue auch der Einschätzung, die sie mir gegeben hat."",""Sprecher 1"""
"5115900,""5120600"","" Ich habe die Quellen nicht überprüft, aber es gab auch nicht wirklich welche."",""Sprecher 1"""
"5124410,""5132150"","" Sie hat mir aber ein paar Informationen noch gegeben, die ich vorher noch nicht genau hatte."",""Sprecher 1"""
"5139920,""5151020"","" Ich habe die KI auch um eine generelle Einschätzung gebeten und ich habe auch nach bestimmten Behauptungen Fragen gestellt."",""Sprecher 1"""
"5152960,""5175730"","" Ich habe jetzt nicht so viel nach Quellen gefragt und habe auch mehrere Fragen gestellt und konnte auch mein Wissen mit der KI-Antwort abgleichen."",""Sprecher 1"""
"5340650,""5349810"","" Also der Assistent sagt, dass er keine spezifischen Urteile zu Scheinbeschäftigung hat."",""Sprecher 1"""
"5354900,""5363600"","" Das lässt mich jetzt schon zweifeln an der Glaubwürdigkeit des Artikels."",""Sprecher 1"""
"5371830,""5387060"","" Jetzt gibt mir die KI Empfehlungen."",""Sprecher 1"""
"5387700,""5394000"","" Darf ich selber googeln, was ich machen könnte?"",""Sprecher 1"""
"5394180,""5408580"","" Also ich könnte jetzt meine Quellen selber überprüfen und selber in Medien Kreuzvergleiche machen, aber die KI kann jetzt anscheinend gerade nichts finden."",""Sprecher 1"""
"5414240,""5434030"","" Was mich ja wundert, weil wenn es ein echter Artikel wäre, dann müsste es ja auch dazu wirkliche Berichterstattung geben, weil Gerichtsurteile ja veröffentlicht werden in solchen Zusammenhängen."",""Sprecher 1"""
"5435170,""5437930"","" Ich werde jetzt das beenden."",""Sprecher 1"""
"5447910,""5464640"","" Also für mich ist dadurch der Artikel leider unglaubwürdig geworden, weil die KI keine Quellen dazu findet."",""Sprecher 1"""
"5466500,""5484890"","" Ich bin mir nicht sicher bei meiner Einschätzung, weil ich könnte es mir trotzdem vorstellen, aber es gibt keine Quellen dazu."",""Sprecher 1"""
"5487670,""5495430"","" Meine Einschätzung hat sich geändert, dass ich ihn weniger glaubwürdig finde."",""Sprecher 1"""
"5495610,""5500110"","" Ich fand jetzt die Antwort der KI bedingt hilfreich."",""Sprecher 1"""
"5508100,""5515280"","" Ich habe jetzt da keine Quellen kriegen können, weil die KI keine gefunden hat."",""Sprecher 1"""
"5520160,""5523300"","" Aber ich müsste dann selber nochmal suchen."",""Sprecher 1"""
"5523480,""5528620"","" Also ich würde mich jetzt nicht komplett auf die KI verlassen."",""Sprecher 1"""
"5532020,""5536260"","" Die KI hat mir bei meiner Entscheidung nicht geholfen, weil ich mir unsicher bin."",""Sprecher 1"""
"5540040,""5542940"","" Und ich vertraue auch der Einschätzung der KI."",""Sprecher 1"""
"5543760,""5546780"","" Also bin ich neutral, weil sie hat keine wirkliche gegeben."",""Sprecher 1"""
"5551860,""5555120"","" Ich konnte die Quellen nicht überprüfen, es gab keine."",""Sprecher 1"""
"5562060,""5567100"","" Und die KI hat mir auch keine Informationen liefern können, die ich noch nicht kannte."",""Sprecher 1"""
"5568740,""5585780"","" Ja, ich habe die KI um eine generelle Einschätzung gebeten und auch nach gezielten Behauptungen gefragt und nach Quellen habe ich auch gefragt."",""Sprecher 1"""
"5587420,""5594520"","" Ich habe eigentlich nur eine Frage gestellt, aber dann war es auch vorbei."",""Sprecher 1"""
"5599960,""5603240"","" Ich konnte es auch nicht mit meinem Vorwissen vergleichen."",""Sprecher 1"""
"5608150,""5616290"","" Und am meisten hat mich jetzt beeinflusst bei der Entscheidung der KI-Verifikation, dass es halt keine Quellen gibt."",""Sprecher 1"""
"5617790,""5619210"","" Ich schicke es jetzt ab."",""Sprecher 1"""
"5620190,""5633110"","" Und damit ihr mich schon mit deinem Beruf weitergekriegt habt, die letzte Studienphase für den Phase 3 über deine Medienkonjunktur demographisch starten und E-Business."",""Sprecher 2"""
"5634390,""5635490"","" Das ist mal sehr mitleidig."",""Sprecher 2"""
"5760180,""5762640"","" Gott ey, sehr links, sehr rechts."",""Sprecher 2"""
"5846890,""5848330"","" Okay, ich bin fertig."",""Sprecher 2"""
"5848810,""5850810"","" Dann würdest du noch einmal den Weiterfahrten suchen?"",""Sprecher 2"""
"5854650,""5856190"","" Vielen Dank für deine Teilnahme!"",""Sprecher 2"""
"5856690,""5858290"","" Soll ich die Freigabe stoppen?"",""Sprecher 1"""
"5858970,""5859610"","" Warte."",""Sprecher 1"""
"5859930,""5861370"","" Ja, Freigabe stoppen, genau."",""Sprecher 1"""
