"start","end","text","speaker"
"9720","12140"," Das Internet war hier down auf einmal.","Sprecher 2"
"12860","13420"," What?","Sprecher 1"
"13900","14220"," Okay.","Sprecher 1"
"15520","16720"," Uni-Internet ist das Beste.","Sprecher 1"
"17480","17760"," Ja.","Sprecher 1"
"18500","19860"," Kannst du einfach mal kommentieren.","Sprecher 1"
"21120","25060"," Ich habe eh kurz gestoppt, also müsste dann auf der Aufnahme eh alles wieder gleich sein.","Sprecher 1"
"25840","26400"," Perfekt.","Sprecher 2"
"82640","83200"," Alright.","Sprecher 2"
"84260","84780"," Perfekt.","Sprecher 2"
"84860","86120"," Und beim Dritten Nummer 3.","Sprecher 2"
"91400","91840"," Entschuldigung.","Sprecher 1"
"102310","107390"," Der Titel ist schon wieder so, so, so, so, so emotional auch gestaltet.","Sprecher 1"
"109130","112110"," Ist ja oft natürlich, dass man sehr liest, aber so.","Sprecher 1"
"116970","119390"," Ich muss ganz kurz mich noch kurz umsetzen.","Sprecher 2"
"119550","120110"," Mach weiter.","Sprecher 2"
"120610","122150"," Es wird alles weiter mit aufgenommen.","Sprecher 2"
"122310","123730"," Ich muss nur kurz nach Stromzahn.","Sprecher 2"
"125370","126450"," Alles klar, kein Schluss.","Sprecher 2"
"127610","128830"," Du kannst einfach weitermachen.","Sprecher 2"
"129370","173570"," Ja, das ist wieder so schön, da ist halt wieder dieses Vorwissen, vor allem weil es auch sehr, sehr, sehr, sehr, ich weiß nicht, es ist gerade halt sehr stark, deswegen ist wieder dieses Vorwissen da, was halt einfach die Glaubwürdigkeit um einiges beeinflusst.","Sprecher 1"
"199470","240880"," Das ist auch so schön, wieder im Gegensatz zu dem ersten Text, dass sie halt auch direkt die Namen nennen, dass man darauf halt die Glaubwürdigkeit mehr aufbauen kann, mit erstens man weiß die Namen, zweitens man kann es nachgoogeln und drittens dieses Vorwissen einfach ist dann, es klingt so viel mehr nach einem typischen Artikel, was man irgendwie jetzt in der Zeitung oder so liest.","Sprecher 1"
"266820","277700"," Einfach weil es für diesen Schreibstil, beziehungsweise nicht Schreibstil, aber halt wie das Aussehen einfach so ist, so hey es hat sich jemand Mühe gemacht.","Sprecher 1"
"278760","290030"," Einfach solche kleinen unterbewussten Dinge, was halt der Glaubwürdigkeit wieder zuspielt, was ich jetzt nie wirklich gedacht hätte, dass es wirklich was damit machen könnte.","Sprecher 1"
"290150","298270"," Ich habe es halt gerade bemerkt, einfach weil ich darauf achte und es war so, ah ja, nee, klingt schon mehr glaubwürdig.","Sprecher 1"
"322160","354300"," Es ist wieder schön, dass sie halt viel genauer auf das Ganze eingehen, wie beziehungsweise einfach, wie, Lea hörst du mich gerade?","Sprecher 1"
