"start,""end"",""text"",""speaker"""
"210120,""210920"","" Hi!"",""Sprecher 1"""
"214760,""216480"",""  du bist noch stumm geschaltet."",""Sprecher 2"""
"217240,""218380"","" Ich höre dich nicht."",""Sprecher 2"""
"219980,""220700"","" Hörst du mich jetzt?"",""Sprecher 1"""
"221420,""221860"","" Yes!"",""Sprecher 1"""
"222860,""226680"","" Okay, also, am PC hat das nicht so funktioniert, wie ich mir das vorgestellt habe."",""Sprecher 1"""
"226780,""228540"","" Deswegen bin ich jetzt übers Handy reingegangen."",""Sprecher 1"""
"229420,""230620"","" Ich hoffe, das geht trotzdem."",""Sprecher 1"""
"235100,""237660"","" Die Studie geht nicht richtig auf dem Handy."",""Sprecher 2"""
"239020,""239520"","" Ja, super."",""Sprecher 1"""
"240160,""241780"","" Weil über den PC funktioniert es nicht."",""Sprecher 1"""
"241780,""244360"","" Also, ich habe mir da jetzt eh einen Zoom-Account schon erstellt und alles."",""Sprecher 1"""
"245960,""252590"","" Aber über einen iPad oder so würde es auch nicht gehen."",""Sprecher 1"""
"252810,""254970"","" Auch, aber hast du einen Zoom-Account?"",""Sprecher 1"""
"256410,""257910"","" Ich habe mir gerade einen erstellt, ja."",""Sprecher 1"""
"258750,""260350"","" Okay, magst du es nochmal probieren?"",""Sprecher 1"""
"261410,""262390"","" Am PC, meinst du?"",""Sprecher 1"""
"262810,""263010"","" Mhm."",""Sprecher 1"""
"264350,""269550"","" Ich suche."",""Sprecher 1"""
"269910,""270030"","" Warte."",""Sprecher 2"""
"271710,""273330"","" Manchmal muss man dann den Link noch."",""Sprecher 2"""
"273570,""274790"","" Aber du brauchst nicht mal einen."",""Sprecher 2"""
"274790,""276730"","" Du kannst auch rein theoretisch im Browser bleiben."",""Sprecher 2"""
"277910,""280190"","" Ich habe es probiert eben mit dem im Browser bleiben."",""Sprecher 1"""
"280530,""286470"","" Aber das leitet mich immer, sobald ich den Link öffne, zum Beispiel automatisch weiter an die App."",""Sprecher 1"""
"287670,""288250"","" Ah, okay."",""Sprecher 2"""
"288570,""291030"","" Das kann man umgehen."",""Sprecher 2"""
"291370,""293530"","" Boah, dafür müsste ich jetzt auf dein Bildschirm zugreifen."",""Sprecher 2"""
"296620,""298340"","" Warte mal, ich probiere das jetzt nochmal hier."",""Sprecher 1"""
"305780,""311380"","" Weil die Website ist leider, also das geht alles auf dem Handy auch, weil die Website dafür gemacht ist."",""Sprecher 2"""
"311380,""314980"","" Aber die gibt es auch in der mobilen Version natürlich."",""Sprecher 2"""
"315720,""317360"","" Aber die ist richtig suboptimal."",""Sprecher 2"""
"319220,""323040"","" Weil die Anordnung da nicht richtig ist, wegen des kleinen Bildschirms."",""Sprecher 2"""
"325690,""327130"","" Okay, warte, was ist das jetzt hier?"",""Sprecher 1"""
"327750,""331570"","" We detected sign-in activity from a device you have not used in a while."",""Sprecher 1"""
"331790,""334990"","" If this was you, check your other devices to verify the sign-in."",""Sprecher 1"""
"335090,""336190"","" Ja, und super, was mache ich?"",""Sprecher 1"""
"336290,""337630"","" Kann ich dem jetzt sagen, dass ich das?"",""Sprecher 1"""
"338210,""343970"","" Genau, du musst auf dem anderen Device, das wird wahrscheinlich dein Handy sein."",""Sprecher 2"""
"344710,""345190"","" Ja."",""Sprecher 1"""
"347310,""351430"","" Verifizieren, dass du das bist, weil du bist jetzt doppelt angemeldet mit deinem Account."",""Sprecher 2"""
"352130,""353090"","" Wie mache ich das?"",""Sprecher 1"""
"359920,""361920"","" Ich gehe nochmal in meinen Account rein."",""Sprecher 1"""
"362920,""364440"","" Mein Gott, ich hasse Technik."",""Sprecher 1"""
"368280,""370760"","" Nein, wirklich, ich kriege da Aggressionen, ich sag's dir."",""Sprecher 1"""
"373920,""374720"","" Ah, jetzt."",""Sprecher 1"""
"375300,""377520"","" Du musst jeden Tag damit arbeiten."",""Sprecher 2"""
"379820,""385860"","" Ich glaube, du kannst dich jetzt auf deinem Handy abmelden danach und dann über deinen Laptop teilnehmen."",""Sprecher 2"""
"386280,""396060"","" Oder du bleibst über das Handy sozusagen drin, knallst da am Laptop den Ton aus."",""Sprecher 2"""
"396360,""399100"","" Es kann aber eine Rückkopplung dann geben, eine Audio-Rückkopplung."",""Sprecher 2"""
"399100,""406780"","" Du musstest den kompletten Ton dann von deinem Laptop oder Computer ausstellen, dass der keine Ausgabe hat."",""Sprecher 2"""
"407400,""409800"","" Keine Audio-Ausgabe und keine Audio-Eingabe."",""Sprecher 2"""
"410500,""414100"","" Und könntest dann wahrscheinlich die Spracheingabe über..."",""Sprecher 2"""
"414800,""416900"","" Genau, perfekt, du trittst jetzt wieder ein."",""Sprecher 2"""
"418300,""418760"","" Okay."",""Sprecher 1"""
"419260,""420680"","" Jetzt bist du mit beidem drin."",""Sprecher 2"""
"421880,""425720"","" An deinem Computer stellst du die Audio-Ausgabe jetzt auf Null."",""Sprecher 2"""
"425720,""431080"","" Also unten, dass es nicht bei den Lautsprechern irgendwas macht."",""Sprecher 2"""
"432440,""433100"","" Das ist unten in der Tasche."",""Sprecher 1"""
"436140,""439220"","" Ich kann nur drücken Join with Computer Audio."",""Sprecher 1"""
"443200,""445280"","" Äh, ja, mach das."",""Sprecher 2"""
"446340,""447600"","" Recording in progress."",""Sprecher 2"""
"448540,""450260"","" Genau, das wird alles recordet."",""Sprecher 2"""
"454600,""458740"","" Unten in der Taskleiste ist so ein Lautsprecher."",""Sprecher 2"""
"460220,""461620"","" Ich habe jetzt einmal hier nicht gemutet."",""Sprecher 2"""
"462440,""466340"","" Genau, und da musst du die Ausgabe unten auch muten."",""Sprecher 2"""
"468460,""471000"","" In der Taskleiste unten, der Lautsprecher."",""Sprecher 2"""
"471780,""476140"","" Ja, das kann lauschen."",""Sprecher 1"""
"476680,""477960"","" Warte mal, ich zeige dir mal."",""Sprecher 1"""
"479480,""481200"","" Das ist ja praktisch..."",""Sprecher 1"""
"483810,""485310"","" Ich muss einmal drehen."",""Sprecher 1"""
"489990,""491190"","" Es sieht jetzt so aus."",""Sprecher 1"""
"492610,""495990"","" Genau, und dann musst du ganz unten an der rechten Seite es zeigen."",""Sprecher 2"""
"496770,""497650"","" Nicht, genau, unten."",""Sprecher 2"""
"497910,""499390"","" Hier, da ist der Lautsprecher."",""Sprecher 2"""
"499930,""501750"","" An deiner Taskleiste neben dem Jungshafen."",""Sprecher 2"""
"503490,""504330"","" Ich sehe..."",""Sprecher 1"""
"505610,""506750"","" Geh nicht im Zoom drin."",""Sprecher 2"""
"506910,""508810"","" Warte, geh mal in den Zoom auf die andere Seite Video."",""Sprecher 2"""
"509050,""510970"","" Und daneben ist..."",""Sprecher 2"""
"510970,""512350"","" Video ist durchgestrichen."",""Sprecher 2"""
"512450,""514070"","" Video Start ist durchgestrichen."",""Sprecher 2"""
"514270,""516070"","" Und daneben ist..."",""Sprecher 2"""
"516070,""518770"","" Da bist du gemutet."",""Sprecher 2"""
"519030,""519450"","" Perfekt."",""Sprecher 2"""
"520570,""522429"","" Und jetzt gehst du in die Taskleiste."",""Sprecher 2"""
"522610,""524550"","" Nicht von Zoom, sondern von deinem Computer."",""Sprecher 2"""
"524670,""526130"","" Von dem Bildschirm da ganz unten."",""Sprecher 2"""
"526650,""528110"","" Und da ist der Lautsprecher."",""Sprecher 2"""
"528110,""530330"","" Neben dem Notus, Helligkeit, genau."",""Sprecher 2"""
"530530,""534010"","" Und das da machst du jetzt auch auf komplett aus."",""Sprecher 2"""
"535170,""536950"","" Gehst du vorne drauf auf das Zeichen, genau."",""Sprecher 2"""
"537810,""539290"","" Ah, Audio-Stunden-Satz jetzt."",""Sprecher 1"""
"539970,""541690"","" Genau, und jetzt hast du das gemutet."",""Sprecher 2"""
"543190,""546990"","" Deine Audio-Ausgabe und deine Audio-Eingabe da drin."",""Sprecher 2"""
"547490,""547810"","" Okay."",""Sprecher 1"""
"548810,""551150"","" Perfekt, und jetzt..."",""Sprecher 1"""
"551150,""552770"","" Dreh ich das hier wieder um, warte."",""Sprecher 1"""
"553110,""554110"","" Kannst du mich angucken?"",""Sprecher 1"""
"555910,""556790"","" Musst du mich sehen dafür?"",""Sprecher 2"""
"557370,""560190"","" Ich muss dich nicht mal unbedingt sehen, aber ich sehe dich gerne dabei."",""Sprecher 2"""
"561190,""565430"","" Und ich schicke dir jetzt eine kurze Sekunde den Link zur Studie durch."",""Sprecher 2"""
"566990,""568150"","" In den Chat."",""Sprecher 2"""
"570540,""578100"","" Und jetzt navigieren wir dich dann dadurch, dass du im Chat das öffnen kannst."",""Sprecher 2"""
"578380,""578700"","" Perfekt."",""Sprecher 2"""
"579220,""582420"","" Im Chat drin, da ist es neben Teilnehmer ist der Chat."",""Sprecher 2"""
"583340,""585300"","" Habe ich gefunden, ich habe drauf gedrückt."",""Sprecher 2"""
"585320,""586560"","" Genau, du öffnest den Link."",""Sprecher 1"""
"587280,""590240"","" Willkommen zu meiner Online-Studie im Rahmen meiner Bachelorarbeit."",""Sprecher 1"""
"590620,""591180"","" Genau, perfekt."",""Sprecher 2"""
"591720,""593140"","" Und jetzt gehst du zurück im Zoom."",""Sprecher 2"""
"596980,""599700"","" Und da ist der Pfeil mit Freigabe."",""Sprecher 2"""
"602830,""603630"","" Das Share."",""Sprecher 2"""
"604550,""605030"","" Genau."",""Sprecher 2"""
"606290,""606770"","" Ja."",""Sprecher 2"""
"607770,""614070"","" Gehst du auf Freigeben und dann zeigst du, da werden dir Bilder angezeigt und du gehst auf den mit der Studie."",""Sprecher 2"""
"618760,""620240"","" Der ist nicht da."",""Sprecher 1"""
"623220,""624420"","" Wieso ist der nicht da?"",""Sprecher 1"""
"629220,""630440"","" Warte, ich mache das nochmal auf."",""Sprecher 1"""
"630500,""632020"","" Irgendwie wird es mir nicht angezeigt."",""Sprecher 1"""
"638490,""639330"","" Das ist nicht das, oder?"",""Sprecher 1"""
"643130,""645930"","" Magst du mir ganz kurz zeigen, was dir wieder angezeigt wird mit deinem Handy?"",""Sprecher 2"""
"650610,""651010"","" Genau."",""Sprecher 2"""
"657160,""658440"","" Also ich habe es jetzt hier oben offen."",""Sprecher 1"""
"658860,""659200"","" Da."",""Sprecher 1"""
"660520,""662360"","" Das ist das, wo ich gerade drauf gedrückt habe."",""Sprecher 1"""
"663160,""663660"","" Genau."",""Sprecher 2"""
"663960,""665340"","" Und du gehst jetzt nochmal auf das Share."",""Sprecher 2"""
"666260,""669980"","" Und dann gehst du bitte auf ..."",""Sprecher 2"""
"675880,""679220"","" Du gehst einfach auf Desktop ein und du ziehst es dann rein."",""Sprecher 2"""
"684320,""685400"","" Perfekt, das ist es."",""Sprecher 2"""
"686540,""687040"","" Wunderbar."",""Sprecher 2"""
"687740,""689800"","" Und jetzt kannst du auf die Seite mit der Studie gehen."",""Sprecher 2"""
"692320,""693120"","" Bin ich."",""Sprecher 2"""
"693120,""694200"","" Perfekt."",""Sprecher 2"""
"694260,""697400"","" Herzlich willkommen zu meiner Online-Studie im Rahmen meiner Bachelor-Arbeit."",""Sprecher 2"""
"697480,""709170"","" Meine Bachelor-Arbeit hat das Thema von der Bewertung zur Verifikation einer Studie zur Glaubwürdigkeit, Bewertung von Nachrichten und den Einsatz von LLMs zur Verifikation."",""Sprecher 2"""
"710480,""711620"","" Die Studie wird online."",""Sprecher 2"""
"712860,""716040"","" Also sie besteht einmal aus dem Teil, den du gerade mitmachst."",""Sprecher 2"""
"716160,""717260"","" Das heißt mit ThinkeLoud."",""Sprecher 2"""
"717660,""723700"","" Das heißt, du sollst Gedanken laut äußern und ist mehrstufig."",""Sprecher 2"""
"723820,""730640"","" Das heißt in der ersten Phase kriegst du Nachrichtenartikel vorgelegt, die alle aus realen Medien entnommen worden sind."",""Sprecher 2"""
"730740,""743340"","" Das sind keine KI-Artikel, aber sie haben unterschiedliche Wahrheits- beziehungsweise Glaubwürdigkeitsgehälter und danach ist nach jedem Artikel klickt man auf weiter und kriegt einen Fragebogen zur Beantwortung."",""Sprecher 2"""
"744780,""756520"","" Zur Einschätzung deiner persönlichen dann die nächste Stufe ist also die zweite Studienphase ist dann die Verifikation der Nachrichtenartikel mithilfe eines Chatbots."",""Sprecher 2"""
"756640,""758060"","" Den Chatbot habe ich selber programmiert."",""Sprecher 2"""
"758460,""774220"","" Er verwendet die API von OpenAPI, also von dem was der Mutterfirma von ChatGPT ist aber nicht wie ChatGPT identisch, sondern anders aufgebaut und wird natürlich bei Miracle gehostet."",""Sprecher 2"""
"774320,""776580"","" Das heißt die Daten liegen dann alle am Ende bei mir."",""Sprecher 2"""
"777660,""781500"","" Sie werden nicht weitergegeben, sie werden so schnell wie möglich nach dem Versuch gelöscht."",""Sprecher 2"""
"781580,""807400"","" Es werden Audioaufnahmen, Videoaufnahmen, Chatprotokolle weitergegeben und gespeichert, ebenso wie die Fragebögen und nach jedem Verifikationslauf kommt wieder ein Fragebogen und am Schluss ist die Studienphase 3, dann nur noch ein abschließender Fragebogen über den Medienkonsum, den Umgang mit Medien und demografische Daten."",""Sprecher 2"""
"807960,""816440"","" Genau, wenn du damit einverstanden bist, das zu verwenden, bitte deinen Namen und deine E-Mail-Adresse eingeben und das Formular absenden."",""Sprecher 2"""
"834180,""836620"","" Vielen Dank für deine Teilnahme."",""Sprecher 2"""
"836800,""838360"","" Genau, und auf weiter fängt es dann an."",""Sprecher 2"""
"838720,""842200"","" Hier ist nochmal die Erläuterung mit der Studienphase 1."",""Sprecher 2"""
"843220,""862140"","" Es kann immer ein bisschen immer ein bisschen dauern, weil die Daten natürlich lokal gehostet sind bei mir, beziehungsweise ich nicht die Rechnungsleistung habe, die andere große Unternehmen haben, dass es etwas dauert, bis die Fragebögen und ähnliches geladen werden."",""Sprecher 2"""
"862980,""866860"","" Jetzt werden wir dabei eben die Nachrichtenartikel, dass du die liest."",""Sprecher 2"""
"866960,""870120"","" Du sollst bitte laut deine Gedanken beim Lesen äußern."",""Sprecher 2"""
"870540,""877320"","" Wenn du zu lange schweigen würdest, werde ich dich immer daran erinnern, mit bitte laut denken als wiederkehrenden Satz."",""Sprecher 2"""
"878740,""881500"","" Unten stehen auch die Kriterien, auf die du achten kannst."",""Sprecher 2"""
"886700,""888000"","" Darin spare ich Quelleinhalt."",""Sprecher 1"""
"890360,""892420"","" Wenn du fertig bist, kannst du einfach auf weiter gehen."",""Sprecher 2"""
"892960,""893900"","" Das ist der erste Artikel."",""Sprecher 2"""
"896500,""900340"","" Kann ich zum ersten Mal das ganze Buch lesen, oder soll ich immer schon etwas dazu sagen, zu den Teilen?"",""Sprecher 1"""
"901060,""902600"","" Gerne schon dabei etwas sagen."",""Sprecher 1"""
"903880,""904280"","" Okay."",""Sprecher 1"""
"929380,""933140"","" Beim ersten Absatz finde ich es bisher ganz glaubwürdig, muss ich sagen."",""Sprecher 1"""
"936140,""940680"","" Es klingt nach so einem typischen Zeitungsartikel, also mit der Frage, ein politisches Urteil und so."",""Sprecher 1"""
"954840,""962730"","" Der zweite Absatz macht es ein bisschen unglaubwürdiger, weil es ist schon sehr viel Meinung drinnen."",""Sprecher 1"""
"962870,""968310"","" Es ist halt die Frage, ob das jetzt das Ziel von dem Artikel ist, soweit habe ich jetzt noch nicht gelesen, da Meinung zu generieren."",""Sprecher 1"""
"968850,""977130"","" Mit dem fetten Polster an Umfeldvereinen, die bei Wahlen nicht erfolgreicher Parteifreunde immer Unterschlupf und Einkommen garantieren."",""Sprecher 1"""
"979070,""980870"","" Weiß ich jetzt nicht, ich muss mal weiterschauen."",""Sprecher 1"""
"988390,""990010"","" Und auch mit dem Selbstbedienungsladen."",""Sprecher 1"""
"992340,""996960"","" Es klingt jetzt nicht nach so einem typischen Zeitungsartikel, weil die sind ja ein bisschen neutraler geschrieben, meistens."",""Sprecher 1"""
"1035740,""1042079"","" Es ist auf jeden Fall jemand, der seine Meinung zu dem Thema so sagt, und sehr aus seiner Perspektive schreibt."",""Sprecher 1"""
"1045720,""1049300"","" Der hat ja auch geschrieben, dass er die, Moment, wo hat er sie begleitet?"",""Sprecher 1"""
"1053280,""1056560"","" Also er hat sie einmal in der betreuten Schule gesehen."",""Sprecher 1"""
"1057580,""1064750"","" Und ganz in ihrer Freizeit und ehrenamtlich, also es ist wohl jemand, der sie begleitet hat, im Rahmen seiner Arbeit."",""Sprecher 1"""
"1155670,""1158890"","" Also bisher würde ich schon sagen, dass es relativ flüssig ist, was sie so schreiben."",""Sprecher 1"""
"1159290,""1164150"","" Also es ist halt aus der Perspektive von einem, es ist ja viel Meinung dabei und jetzt wenig Fakten."",""Sprecher 1"""
"1164330,""1171450"","" Also zum Beispiel diese Treffen mit Parteifreunden sind immer auch Treffen mit Wählern in der parteilichen Debatten, immer auch Arbeit an künftigen Gesetzen und Vorleistungen und so weiter."",""Sprecher 1"""
"1171990,""1174930"","" Also es klingt schon sehr nach viel Meinung."",""Sprecher 1"""
"1175990,""1180130"","" Es sind ja wenig Fakten drin, dann nur mit den 24 weiteren Personen."",""Sprecher 1"""
"1180270,""1185790"","" Also es sind wenig Zahlen und wenig tatsächliche Fakten, finde ich, drin bisher."",""Sprecher 1"""
"1185930,""1187010"","" Mal schauen, ob das noch mehr wird."",""Sprecher 1"""
"1310060,""1311420"","" Ich hab's jetzt einmal durch."",""Sprecher 1"""
"1315320,""1330300"","" Also ich finde, von der Sprache her klingt es jetzt schon nach jemandem, der das geschrieben hat, der jetzt ja schon eine sehr starke Meinung vertritt und die da auch ein bisschen teilweise überspitzt darstellt drinnen."",""Sprecher 1"""
"1331940,""1334560"","" Ich finde, es ist jetzt wenig Fakten basiert."",""Sprecher 1"""
"1334740,""1345100"","" Also er hat jetzt teilweise nur ein paar Sachen reingeschrieben, aber es ist schon sehr viel Meinung, sehr viel rhetorische Fragen und ja."",""Sprecher 1"""
"1346480,""1347480"","" Ich drück jetzt mal weiter."",""Sprecher 1"""
"1348200,""1350380"","" Dann lädt sich der erste Fragebogen dazu."",""Sprecher 2"""
"1353890,""1358570"","" Kann ich dann noch mal zu dem Artikel zurück oder bin ich jetzt einmal da drin und kann ich noch mal?"",""Sprecher 1"""
"1358570,""1360610"","" Du bist jetzt einmal da drin, aber der ist relativ kurz."",""Sprecher 2"""
"1365660,""1367980"","" Du bist einmal T4, bitte."",""Sprecher 2"""
"1380550,""1385690"","" Okay, also glaubwürdig im Sinne von, dass es die Person so empfindet, auf jeden Fall."",""Sprecher 1"""
"1388910,""1391630"","" Wie es jetzt mit den Fakten ausschaut."",""Sprecher 1"""
"1391830,""1399030"","" Ich finde, es wirkt so ein bisschen manipulierend, der Artikel, weil der natürlich seine Meinung breittritt und auch schon so ein bisschen Hass schüren will."",""Sprecher 1"""
"1401290,""1410690"","" Deswegen würde ich jetzt, wenn ich den lesen würde alleine, den nicht als Quelle oder so hernehmen, weil es halt einfach nur komplett eine Seite beleuchtet."",""Sprecher 1"""
"1410770,""1417610"","" Deswegen finde ich jetzt tatsächlich nur den Artikel, ich würde mal sagen, drei."",""Sprecher 1"""
"1420750,""1425130"","" Nicht so glaubwürdig, weil dafür fehlt mir einfach so ein bisschen das von außen betrachten und nicht so."",""Sprecher 1"""
"1425750,""1427530"","" Also die Sprache macht so ein bisschen aus."",""Sprecher 1"""
"1434450,""1455920"","" Ich sage jetzt mal fünf, weil wenn ich jetzt normal diesen Artikel hätte, würde ich halt definitiv, also ich hätte den wahrscheinlich gar nicht zu Ende gelesen und hätte mir noch irgendwelche anderen Quellen gesucht oder so."",""Sprecher 1"""
"1457380,""1464020"","" Deswegen finde ich mich schon relativ sicher über meine Glaubwürdigkeitseinschätzung, aber nicht ganz."",""Sprecher 1"""
"1468460,""1469940"","" Sprachstil, ja, sehr."",""Sprecher 1"""
"1470600,""1473780"","" Weil es so komisch, bisschen so passiv-aggressiv geschrieben ist."",""Sprecher 1"""
"1474980,""1479000"","" Faktendichte hat mir auch ein bisschen gefehlt, also ja, am Schluss wurde es ein bisschen echt."",""Sprecher 1"""
"1479100,""1479580"","" Ich mache mal fünf."",""Sprecher 1"""
"1481160,""1487320"","" Struktur und Logik der Argumentation hat jetzt ein bisschen gefehlt, aber habe ich jetzt nicht so stark einfließen lassen."",""Sprecher 1"""
"1487460,""1488160"","" Ich mache mal drei."",""Sprecher 1"""
"1489580,""1490400"","" Mein Vorwissen."",""Sprecher 1"""
"1490640,""1504400"","" Also ich wusste so grob, was passiert ist, aber ich habe jetzt das nicht so stark verfolgt, weil ich mich zurzeit jetzt auch bisschen von diesen emotionsgeladenen politischen Themen bisschen distanzieren will, solange es mich nicht persönlich betrifft in dem Sinne."",""Sprecher 1"""
"1505260,""1511340"","" Deswegen drücke ich jetzt hier auch mal drei, weil ich wusste schon so Rahmen, aber wer genau jetzt was gemacht hat."",""Sprecher 1"""
"1513360,""1513800"","" Plausibilität."",""Sprecher 1"""
"1519380,""1523640"","" Also plausibel war es schon, aber ich habe jetzt das nicht so."",""Sprecher 1"""
"1531570,""1536410"","" Das hat mich jetzt eigentlich nicht so stark beeinflusst, weil ich eher von dieser Sprache schon so abgelenkt bin."",""Sprecher 1"""
"1536510,""1537110"","" Ich drücke jetzt mal zwei."",""Sprecher 1"""
"1538030,""1539930"","" Länge und Ausführlichkeit, gar nicht."",""Sprecher 1"""
"1539930,""1545690"","" Das fand ich war jetzt so normale kürzere Zeitungsartikellänge und ausführlich."",""Sprecher 1"""
"1546550,""1551610"","" Als professionell-journalistisch sehr, weil ich fand das ein bisschen unprofessionell gehört."",""Sprecher 1"""
"1552550,""1553550"","" Mein Bauchgefühl."",""Sprecher 1"""
"1554230,""1556150"","" Das ist halt auch immer dabei, kann man nicht ausschalten."",""Sprecher 1"""
"1556430,""1557310"","" Machen wir mal drei."",""Sprecher 1"""
"1559030,""1560890"","" Offene Begründung der Bewertung."",""Sprecher 1"""
"1593560,""1595440"","" Ich habe jetzt zwei manipulierende Formulierungen."",""Sprecher 1"""
"1595560,""1599040"","" Ich finde, so klingt das schon fast, dass man sich sehr stark eine Meinung bilden soll."",""Sprecher 1"""
"1625670,""1647440"","" Hast du noch so eine Länge?"",""Sprecher 1"""
"1648180,""1648800"","" Ja, klar."",""Sprecher 1"""
"1649200,""1650440"","" Es gibt kein Richtig, kein Falsch."",""Sprecher 1"""
"1655520,""1657100"","" Und unten ist der Weiterwarten."",""Sprecher 2"""
"1657200,""1658760"","" Du hast es jetzt erfolgreich abgesendet."",""Sprecher 2"""
"1661100,""1661460"","" Okay."",""Sprecher 1"""
"1679200,""1681040"","" Ich bin schon ein bisschen esoterisch am ehesten."",""Sprecher 1"""
"1691560,""1692520"","" Erinnern Sie sich an etwas?"",""Sprecher 1"""
"1692640,""1693720"","" Nein, tue ich tatsächlich nicht."",""Sprecher 1"""
"1709810,""1710250"","" Okay."",""Sprecher 1"""
"1734990,""1736850"","" Ich bin jetzt gerade hier."",""Sprecher 1"""
"1738870,""1743490"","" Es hat sich sehr schnell geändert von Pro-Russland zu Gegen-Türken."",""Sprecher 1"""
"1745490,""1748090"","" Außerdem meine ich, dass man Mesopotamien mit einem S schreibt."",""Sprecher 1"""
"1748710,""1752390"","" Ich glaube, wenn das jetzt ein Journalist geschrieben hätte, wäre das..."",""Sprecher 1"""
"1752390,""1756070"","" Ich bin mir nicht sicher, aber das hat mich gerade nur kurz hier ein bisschen irritiert."",""Sprecher 1"""
"1833660,""1842540"","" Ich weiß, dass die Kriegsgefangenen tatsächlich in Russland nicht so schlimm behandelt wurden, wie teilweise andereorts."",""Sprecher 1"""
"1843300,""1846760"","" Aber das ist schon..."",""Sprecher 1"""
"1849180,""1856120"","" Die Barmherzigkeit des russischen Soldats, das grenzenlos ist jetzt ein bisschen übertrieben, weil die haben nämlich schon ganz schön viel angerichtet da."",""Sprecher 1"""
"1884360,""1886520"","" Also ich finde, das Zitat ist sehr aus dem Kontext gerissen."",""Sprecher 1"""
"1886660,""1891480"","" Zu Recht sagt unser Präsident Vladimir Vladimirovich Könnte ich sagen."",""Sprecher 1"""
"1893100,""1894000"","" Ich weiß es nicht."",""Sprecher 1"""
"1902070,""1903150"","" Weiß ich jetzt nicht."",""Sprecher 1"""
"1903290,""1907710"","" Also T4 war ich dann."",""Sprecher 1"""
"1912470,""1918210"","" Ich drücke mal 2, weil ich habe von sehr viel davon noch gar nichts gehört und ich glaube, das wäre mir irgendwann mal untergekommen."",""Sprecher 1"""
"1918350,""1919430"","" Ich meine, ich bin geschichtlich..."",""Sprecher 1"""
"1919930,""1921990"","" Geschichte war nie meins, keine Ahnung."",""Sprecher 1"""
"1922250,""1923230"","" Das ist ja schon ein bisschen her."",""Sprecher 1"""
"1924630,""1927230"","" Ich bin mir dieses Mal ein bisschen mehr sicher noch."",""Sprecher 1"""
"1934840,""1937360"","" Also Sprachstil fand ich dieses Mal besser."",""Sprecher 1"""
"1937580,""1939500"","" Hat mich jetzt nicht so stark beeinflusst, muss ich sagen."",""Sprecher 1"""
"1939780,""1945740"","" Naja, es ist auch schon nicht typisch journalistisch geschimpft, finde ich."",""Sprecher 1"""
"1947640,""1950980"","" Da kannst du bitte kurz einmal die oberste Zeile lesen."",""Sprecher 2"""
"1951800,""1952660"","" Bei Merkmale."",""Sprecher 2"""
"1954060,""1956380"","" Inwieweit die folgenden Merkmale ihre Bewertung beeinflusst haben."",""Sprecher 1"""
"1958020,""1959780"","" Genau, unten drunter ist angegeben."",""Sprecher 2"""
"1963400,""1965860"","" Genau, weil das ein Versus ist."",""Sprecher 1"""
"1965860,""1967420"","" Achso, okay."",""Sprecher 1"""
"1967700,""1970400"","" Also wir haben einen sehr emotional geschriebenen Text."",""Sprecher 1"""
"1970600,""1972040"","" Genau, und beim Rest stimmt es."",""Sprecher 2"""
"1975620,""1976800"","" Ah, jetzt schicke ich."",""Sprecher 1"""
"1978180,""1981360"","" Informationsgehalt und Faktendichte war jetzt..."",""Sprecher 1"""
"1983760,""1990880"","" Also ich habe mich schon sehr davon beeinflussen lassen, weil ich gesagt habe, ich habe davon noch nie was gehört und ich glaube, das wäre mir irgendwann schon mal untergekommen."",""Sprecher 1"""
"1991520,""1992580"","" Deswegen mache ich jetzt mal 7."",""Sprecher 1"""
"1993880,""2006330"","" Logik der Argumentation Argumentation hat mich jetzt auch wieder nicht so beeinflusst, weil ich finde, das ist oft bei Zeitungsartikeln auch so."",""Sprecher 1"""
"2007870,""2013730"","" Vorwissen zum Thema hat mich jetzt in dem Fall sehr beeinflusst, weil ich gesagt habe, ich habe das noch nie gehört teilweise, also lustigerweise."",""Sprecher 1"""
"2014590,""2018670"","" Plausibilität hat mich jetzt auch schon beeinflusst."",""Sprecher 1"""
"2019490,""2020790"","" Länge und Ausführlichkeit gar nicht."",""Sprecher 1"""
"2020930,""2022930"","" Ich fand, es war eigentlich die normale Länge wieder."",""Sprecher 1"""
"2024570,""2030490"","" Als professionell journalistisch dieses Mal nicht so sehr wie beim ersten, aber trotzdem hat es sich ein bisschen professioneller gewühlt."",""Sprecher 1"""
"2031170,""2035230"","" Mein Bauchgefühl war dieses Mal sehr, also eigentlich von Anfang an, dass es irgendwie ein bisschen behitzend ist."",""Sprecher 1"""
"2167460,""2168660"","" Und wieder auf Weiter."",""Sprecher 2"""
"2170260,""2170700"","" Perfekt."",""Sprecher 2"""
"2173160,""2174200"","" Und der dritte Artikel."",""Sprecher 2"""
"2230160,""2231140"","" Bitte laut denken."",""Sprecher 2"""
"2236000,""2240160"","" Also ich finde den ersten, den Einleitungssatz, der klingt eigentlich so typisch"",""Sprecher 1"""
"2240160,""2245380"","" wie in so einem journalistischen Artikel, weil das ist halt einfach nur Information,"",""Sprecher 1"""
"2245600,""2253960"","" ohne jetzt direkt, naja, okay, der Angriffskrieg Putins ist schon wieder ein bisschen pro-Ukraine"",""Sprecher 1"""
"2253960,""2257320"","" geschrieben, aber ich finde es ist trotzdem, so wie man es jetzt bei uns in der Zeitung"",""Sprecher 1"""
"2257320,""2260120"","" auch lösen könnte, das finde ich macht es erst mal ein bisschen glaubwürdig."",""Sprecher 1"""
"2279200,""2288420"","" Und ich finde es ist natürlich jetzt schon, also gegen Russland formuliert sozusagen, aber nicht so extrem wie bei den anderen."",""Sprecher 1"""
"2288780,""2296460"","" Also es steht jetzt nur dabei, obwohl das Unrecht des russischen Angriffs mit Händen zu greifen war."",""Sprecher 1"""
"2296640,""2301360"","" Also es wird jetzt nicht, so finde ich, auf persönlicher Ebene gegen Russland geschrieben."",""Sprecher 1"""
"2346340,""2347900"","" Und bisher klingt es auch sehr schlüssig."",""Sprecher 1"""
"2348080,""2350640"","" Also es ist nicht so durcheinander, sag ich mal, wie die anderen Artikel."",""Sprecher 1"""
"2351200,""2354100"","" Es sitzt eigentlich schön in der Reihenfolge, würde ich mal sagen."",""Sprecher 1"""
"2354300,""2357000"","" Also es ist auch von Absatz zu Absatz kein so großer Sprung."",""Sprecher 1"""
"2358460,""2367300"","" Und ich jetzt auch eher ein bisschen, also von der Art und Weise, wie es geschrieben ist, klingt es schon ein bisschen vertrauensbedürtiger."",""Sprecher 1"""
"2453510,""2457530"","" Okay, also ich finde es schön so argumentiert eben die Reihenfolge."",""Sprecher 1"""
"2457770,""2464190"","" Also dass es so schlüssig geschrieben ist, ist eigentlich von Anfang bis Ende durch."",""Sprecher 1"""
"2473920,""2475000"","" Ich drücke jetzt mal weiter."",""Sprecher 1"""
"2478960,""2480320"","" Genau, und wieder der Fragewogen."",""Sprecher 1"""
"2488380,""2493140"","" Also da habe ich halt auch, wie gesagt, ich beschäftige mich nicht so viel gerade mit den politischen Themen."",""Sprecher 1"""
"2495260,""2500120"","" Deswegen kann ich jetzt von den Fakten nicht so viel sagen."",""Sprecher 1"""
"2500280,""2504200"","" Aber ich finde jetzt rein von dem, wie es geschrieben ist, es klingt jetzt nicht so hetzerisch wie die davor."",""Sprecher 1"""
"2505720,""2507580"","" Finde ich jetzt schon relativ glaubwürdig."",""Sprecher 1"""
"2508360,""2510020"","" Aber ich kann es halt, also ich will es mal füllen."",""Sprecher 1"""
"2510820,""2513360"","" Bin mir diesmal nicht so sicher mit meiner Glaubwürdigkeit einschätzen."",""Sprecher 1"""
"2513560,""2521440"","" Weil es kann auch gut sein, dass ich mich jetzt einfach ein bisschen beirren lasse, durch dass es so, sagen wir mal, sauber geschrieben ist und eigentlich logisch klingt."",""Sprecher 1"""
"2521440,""2535050"","" Also Sprachstil fand ich, habe ich mich wieder relativ stark beeindruckt gelassen."",""Sprecher 1"""
"2535150,""2536930"","" Ich fand es jetzt mal viel besser als bei den anderen Malen."",""Sprecher 1"""
"2537050,""2538930"","" Also nicht so hetzerisch geschrieben."",""Sprecher 1"""
"2541730,""2546650"","" Informationsgehalt wenig, weil ich nicht so viel Hintergrundwissen dazu hatte."",""Sprecher 1"""
"2546890,""2551050"","" Strukturen, Logik, der Argumentation, ja."",""Sprecher 1"""
"2553030,""2554030"","" Vorwissen, naja."",""Sprecher 1"""
"2554910,""2556650"","" Plausibilität, also ich fand es schon plausibel."",""Sprecher 1"""
"2558110,""2572590"","" Länge und Ausführlichkeit, ja wieder wenig, weil es war wieder, also das finde ich jetzt nicht so ein Argument, weswegen ich irgendeinen Text, links, wie sehe ich den, dem vertraue oder nicht?"",""Sprecher 1"""
"2573950,""2576470"","" Professionalistisch, ja schon."",""Sprecher 1"""
"2577890,""2580650"","" Ups, mein Bauchgefühl war diesmal jetzt nicht so da, keine Ahnung."",""Sprecher 1"""
"2590600,""2591820"","" Hast du Spaß Katja?"",""Sprecher 1"""
"2592920,""2593280"","" Was?"",""Sprecher 2"""
"2594060,""2594900"","" Hast du Spaß?"",""Sprecher 2"""
"2595840,""2600620"","" Ja, aber ich darf das nicht kommentieren, weil es mich beeinflussen darf."",""Sprecher 2"""
"2601500,""2697670"","" Okay, also den ersten Absatz finde ich jetzt schon mal sehr glaubwürdig."",""Sprecher 1"""
"2698610,""2710350"","" Ich habe auf jeden Fall gehört von diesem World Press Photo Award, aber wer da jetzt genau gewonnen hat oder was auch immer, weiß ich nicht."",""Sprecher 1"""
"2719040,""2727520"","" Ja, ich finde es bisher, also der erste Satz ist schon, also der erste Satz macht es ein bisschen unglaubwürdig."",""Sprecher 1"""
"2727620,""2734120"","" Der ganze erste Absatz insgesamt klingt jetzt schon, so als wäre es von einem Journalisten geschrieben."",""Sprecher 1"""
"2734220,""2744600"","" Ich finde, es ist vor allem dadurch, durch diese Erzählung von der Situation, dass sie da sitzt und halt scrollt und dann mit dem anderen drüber spricht und so."",""Sprecher 1"""
"2745660,""2749260"","" Genau, deswegen finde ich es jetzt eher, es klingt sehr journalistisch geschrieben."",""Sprecher 1"""
"2866980,""2877080"","" Also es sind schon mal viele Zitate genannt, ich finde das macht es nochmal ein bisschen, also auch mit Quelle, mit Namen und so weiter und mit Kontext, in dem die Zitate gebracht wurden."",""Sprecher 1"""
"2877580,""2882690"","" Ich finde, das macht es ein bisschen glaubwürdiger, genau."",""Sprecher 1"""
"2929380,""2936680"","" Also ich finde, es sind sehr viele Fakten drin, die sich jetzt, glaube ich, auch einfach überprüfen lassen würden, also zu den Bildern und so."",""Sprecher 1"""
"2936780,""2938760"","" Und es ist halt so ein bisschen Interpretation zu den Bildern."",""Sprecher 1"""
"2943190,""2946030"","" Und ich finde die vielen Zitate halt machen mich schon sehr glaubwürdig."",""Sprecher 1"""
"3028370,""3030070"","" Ich finde den jetzt tatsächlich schon sehr glaubwürdig."",""Sprecher 1"""
"3030170,""3031210"","" Ich würde den jetzt mal in die sieben nehmen."",""Sprecher 1"""
"3041220,""3045660"","" Es wäre jetzt tatsächlich, ich finde, das ist jetzt auch nicht so ein interessantes Thema wie die davor."",""Sprecher 1"""
"3046200,""3050540"","" Also wenn ich jetzt den Artikel lesen würde, hätte das jetzt auf mich, glaube ich, nicht so viel Wirkung."",""Sprecher 1"""
"3050740,""3060500"","" Also wenn ich jetzt wüsste, dass es ein komplett glaubwürdiger und faktenbasierter Artikel ist, würde mich das, glaube ich, weniger so beeinflussen als die anderen."",""Sprecher 1"""
"3060620,""3068920"","" Also ich würde jetzt auch nicht nach weiteren Quellen suchen bei dem, weil es, finde ich, jetzt nicht so weitreichende Folgen hat, wenn das jetzt irgendwelche Fake News wären oder so."",""Sprecher 1"""
"3071660,""3081800"","" Sprachstil fand ich dieses Mal, das war schon sehr sachlich durch die ganzen Zitate."",""Sprecher 1"""
"3083700,""3088720"","" Informationsgehalt auch durch die Zitate eben und dass ich halt überprüfen lasse und so weiter."",""Sprecher 1"""
"3088900,""3090440"","" Und auch Namenennungen."",""Sprecher 1"""
"3091740,""3095380"","" Argumentation war auch logisch, aber da habe ich jetzt nicht so stark drauf geachtet."",""Sprecher 1"""
"3095700,""3097140"","" Und das hatte ich jetzt auch nicht so viel."",""Sprecher 1"""
"3098320,""3101200"","" Plausibilität, ja, auch wer das gesagt hat."",""Sprecher 1"""
"3101900,""3104040"","" Länge gar nicht, das war wieder von der Länge."",""Sprecher 1"""
"3105260,""3108300"","" Und ich fand, der Text hat auch sehr funktionell gewirkt."",""Sprecher 1"""
"3109000,""3110840"","" Bauchgefühl war jetzt zum Beispiel immer gut."",""Sprecher 1"""
"3181720,""3185040"","" Genau und wir sind in Studienphase 2 angelangt."",""Sprecher 2"""
"3185380,""3191000"","" Hier hast du jetzt noch einmal die Artikel, alle die du gerade gelesen und bewertet hast, vor dir."",""Sprecher 2"""
"3191000,""3195660"","" An der linken Seite und an der rechten Seite siehst du schon den Chatbot."",""Sprecher 2"""
"3196140,""3202580"","" Das ist ein selbstprogrammierter Chatbot, der natürlich nicht über die Rechnungsleistungen von chat.gpt und auch nicht die volle Funktionalität davon verfügt."",""Sprecher 2"""
"3202680,""3204380"","" Deswegen dauern die Antworten ein bisschen länger."",""Sprecher 2"""
"3204840,""3210400"","" Und jetzt geht es darum, wie du die Nachrichtenartikel selbst verifizierst."",""Sprecher 2"""
"3216400,""3220340"","" Und ich darf dem so viel fragen, wie ich will?"",""Sprecher 1"""
"3222020,""3223920"","" Es gibt kein richtig, kein falsch."",""Sprecher 2"""
"3225400,""3227660"","" Das ist eben, was wir herausfinden wollen."",""Sprecher 2"""
"3433650,""3436010"","" Das ist der schwierigste Artikel gleich am Anfang."",""Sprecher 1"""
"3437070,""3438290"","" Ich finde, das ist halt sehr viel Meinung."",""Sprecher 1"""
"3438430,""3444370"","" Also wenig Fakten, die ich jetzt so tatsächlich überprüfen könnte."",""Sprecher 1"""
"3450760,""3452380"","" Ich suche jetzt mal, was ich für eine Strafe bekomme."",""Sprecher 1"""
"3808660,""3815900"","" Wenn du dann fertig bist und irgendwann auf weiter klickst, kommt dann der Fragebogen dazu."",""Sprecher 2"""
"3816440,""3817980"","" Ich glaube, ich mache jetzt mal den Fragebogen."",""Sprecher 2"""
"3819800,""3822020"","" Beefpate, das ist einfach nur ein Fehler drin."",""Sprecher 2"""
"3822120,""3823060"","" Genau, bleibst auf der Seite."",""Sprecher 2"""
"3823180,""3823540"","" Alles gut."",""Sprecher 2"""
"3832500,""3853760"","" Ein bisschen glaubwürdiger ist es halt, dass man halt dieses aktuelle Ding fehlt, wie zum Beispiel eine Strafe oder so."",""Sprecher 1"""
"3860150,""3872750"","" Ich habe jetzt nicht so nach Quellen hingefragt, konkret."",""Sprecher 1"""
"3874130,""3881180"","" Also natürlich war es glaubwürdig, dass es gesagt hat, es hat jetzt einen aktuellen Wissensstand."",""Sprecher 1"""
"3881580,""3886460"","" Ich mache jetzt mal vier, weil es hat ja gesagt, nach seinem Wissensstand und irgendwie ist es aktuell so."",""Sprecher 1"""
"3887820,""3894900"","" Deswegen wusste ich ja, dass es aktuell wieder anders sein kann."",""Sprecher 1"""
"3901720,""3910300"","" Ich kenne halt die KI zu schlecht, was ich jetzt sagen kann."",""Sprecher 1"""
"3910420,""3913000"","" Ich weiß ja nicht, was du da rein programmiert hast."",""Sprecher 1"""
"3914220,""3919320"","" Aber tendenziell schon, weil das ist jetzt halt eigentlich das, was ich auch in den Nachrichten gehört habe."",""Sprecher 1"""
"3921280,""3938320"","" Ich sage mal drei, weil die Fragen nach den konkreten Personen, das wusste ich nicht."",""Sprecher 1"""
"3945240,""3946580"","" Das habe ich nicht gemacht."",""Sprecher 1"""
"3948140,""3949460"","" Das habe ich schon gemacht."",""Sprecher 1"""
"3950840,""3951560"","" Das habe ich nicht gemacht."",""Sprecher 1"""
"3955600,""3959040"","" Ja, mir wären jetzt keine mehr eingefallen, aber ich hätte grundsätzlich gerne noch eine Frage eingestellt."",""Sprecher 1"""
"3960140,""3961820"","" Mit meinem Vorwissen verglichen."",""Sprecher 1"""
"3962060,""3967040"","" Ja, das habe ich gemacht, aber bis auf die Personen konkret, die wüsste ich ja nicht."",""Sprecher 1"""
"3968040,""3970020"","" Ich denke, in ihrem stärksten Beeinfluss."",""Sprecher 1"""
"3977300,""3999440"","" Ich finde so dieses ein bisschen meinungsbildnerisch beschrieben."",""Sprecher 1"""
"4000440,""4014870"","" Ich habe mehr auf die Fakten geachtet und nicht so viel mehr drauf, wie es an sich so wirken soll."",""Sprecher 1"""
"4040180,""4042840"","" Okay, da bin ich jetzt gespannt, weil da wusste ich ja jetzt nicht so viel drüber."",""Sprecher 1"""
"4046080,""4332940"","" Du kannst auch gerne hier laut denken."",""Sprecher 2"""
"4334860,""4342780"","" Also ich versuche jetzt gerade noch ein bisschen mehr über den Abschnitt herauszubekommen, weil ich da nicht so viel drüber weiß und jetzt schaue, ob ich da irgendwelche Widersprüche finde."",""Sprecher 1"""
"4343420,""4351460"","" Was ich jetzt schon ein bisschen seltsam finde, ist, dass bisher noch keinelei, also Russland noch gar nicht erwähnt wurde."",""Sprecher 1"""
"4351800,""4357620"","" Das wollte ich jetzt mal schauen, ob es, ohne dass ich konkret nach Russland frage, mir die KI irgendwann was dazu sagt."",""Sprecher 1"""
"4358620,""4360740"","" Also auch zum Beispiel, wie das Ganze mit Russland beendet wurde oder so."",""Sprecher 1"""
"4363420,""4368780"","" Und weil bisher kam ja nie, dass das irgendwie zum Beispiel hier der Auslöser war."",""Sprecher 1"""
"4368840,""4372920"","" Und ich wollte jetzt wissen, ob man Mesopotamien mit 1 oder mit 2 ist."",""Sprecher 1"""
"4436320,""4506300"","" Ich finde es auch wieder schön, dass sie da wieder reingeschrieben haben in den Text."",""Sprecher 1"""
"4507180,""4510200"","" Ja, und die Russen reichten die Häfenhand oder irgendeinem Zustandes."",""Sprecher 1"""
"4510200,""4520280"","" Und hier steht jetzt da wieder, die Schlacht erinnerte mit der katastrophalen Niederlage für das russmanische Reich und dass sie 90.000 Leute verloren haben."",""Sprecher 1"""
"4521740,""4523900"","" Zwar nicht direkt im Kampf, aber trotzdem."",""Sprecher 1"""
"4524080,""4526080"","" Und die russischen Verluste waren deutlich geringer."",""Sprecher 1"""
"4527920,""4529700"","" Später halte ich es auch nicht drin an."",""Sprecher 1"""
"4600850,""4602570"","" Ich schaue mir jetzt mal das da unten an."",""Sprecher 1"""
"4670480,""4672320"","" Ja, ich glaube, das reicht mir an Informationen."",""Sprecher 1"""
"4677490,""4680950"","" Genau, und dann wieder der Fragebogen."",""Sprecher 2"""
"4683230,""4689650"","" Ich finde ihn tatsächlich tendenziell noch weniger glaubwürdig."",""Sprecher 1"""
"4689790,""4696570"","" Also ich fand ihn davor auch schon nicht so krass glaubwürdig, aber das hat jetzt nochmal ein bisschen, ich bin mir jetzt auch ein bisschen mehr sicher."",""Sprecher 1"""
"4698350,""4701170"","" Ja, ich halte ihn tatsächlich weniger glaubwürdig."",""Sprecher 1"""
"4714490,""4716750"","" Hat mir bei den Entscheidungen geholfen?"",""Sprecher 1"""
"4716970,""4733040"","" Ja, doch schon, weil ich fand, das hat auch so wichtige Faktoren mit dem Athletikschwimmer eingestimmt."",""Sprecher 1"""
"4733040,""4741920"","" Wenn ich kannte, es hat so ergänzt."",""Sprecher 1"""
"5063060,""5064700"","" Magst du dabei laut denken?"",""Sprecher 2"""
"5068300,""5075060"","" Genau, ich schaue jetzt gerade ein bisschen, wie ich die Fakten, die im Text sind, überprüfen kann."",""Sprecher 1"""
"5075340,""5083760"","" Und ich wollte jetzt eigentlich mit der oberhandigen Frage, also es ist ja nicht genau, was im Text steht, ich wollte nur ein bisschen wissen, was davor noch passiert ist."",""Sprecher 1"""
"5088350,""5116200"","" Es ist schwierig, weil es keine aktuellen Informationen hat."",""Sprecher 1"""
"5119060,""5130840"","" Ich weiß auch nicht genau, wann dieser Core Group gegründet wurde, weil es war ja auch, der erste Stand war ja glaube ich Dezember 2023, hat es irgendwann mal gesagt, im vorherigen Abschnitt."",""Sprecher 1"""
"5165320,""5167200"","" Ja, ich glaube, ich muss an dem Punkt jetzt mal weiter."",""Sprecher 1"""
"5183480,""5185740"","" Ich finde es einigermaßen glaubwürdig."",""Sprecher 1"""
"5189490,""5190450"","" So halt Mitte, Mitte."",""Sprecher 1"""
"5195780,""5196860"","" Ungefähr gleich geblieben."",""Sprecher 1"""
"5201040,""5203380"","" Ja, dieses Mal eher nicht so."",""Sprecher 1"""
"5203380,""5207560"","" Ich habe wieder keinen Fängerangang gefragt."",""Sprecher 1"""
"5207740,""5209500"","" Das hat mir dieses Mal auch nicht so viel geholfen."",""Sprecher 1"""
"5216060,""5217820"","" Ich vertraue mir eigentlich schon."",""Sprecher 1"""
"5220920,""5223080"","" Eigentlich ist es auch nicht so wichtig."",""Sprecher 1"""
"5232980,""5236320"","" Hier haben wir Fakten gefragt, nach Exemplen und Bildern."",""Sprecher 1"""
"5237600,""5239920"","" Ja, aber weniger als zuvor."",""Sprecher 1"""
"5299200,""5301640"","" Bist du auch schon beim letzten Verifizierungs-Spoiler?"",""Sprecher 2"""
"5422800,""5424240"","" Gerne auch wieder laut denken."",""Sprecher 2"""
"5426860,""5431360"","" Also da ist es wieder sehr allgemein, also der Wordpress-Foto, ob er das an die jährliche Auszählung und so weiter."",""Sprecher 1"""
"5432800,""5439860"","" Ja, das konnte ich mir auch schon denken, dass es da verschiedene Sachen gibt, die kritisiert werden können."",""Sprecher 1"""
"5440920,""5444060"","" Also vor allem diese Diskussion über ethnische Grenzen."",""Sprecher 1"""
"5445500,""5449060"","" Und speziell wäre es hilfreich, direkt auf die offizielle Website des Wordpress-Fotos zu gehen."",""Sprecher 1"""
"5450720,""5453140"","" Ja, da kann ich halt nicht hin, ne?"",""Sprecher 1"""
"5479110,""5482550"","" Ich suche jetzt ein bisschen nach Sachen, die ich konkret überprüfen lassen kann."",""Sprecher 1"""
"5483050,""5484370"","" Das ist halt schwierig mit den Zitaten."",""Sprecher 1"""
"5485550,""5489570"","" Also da waren die anderen Sachen vom Faktenlinger leichter zu überprüfen."",""Sprecher 1"""
"5508920,""5538980"","" Auf diese Webseite kann ich ja wahrscheinlich nicht gucken, oder?"",""Sprecher 1"""
"5540400,""5541840"","" Vielleicht kann es ja noch was dazu geben."",""Sprecher 1"""
"5654290,""5656450"","" Ja, das hat mir jetzt auch noch nicht so viel was."",""Sprecher 1"""
"5656510,""5657630"","" Es ist ja fast das Gleiche wie oben."",""Sprecher 1"""
"5737600,""5740480"","" Ich glaube, ich komme da gar nicht so wirklich weit mit dem."",""Sprecher 1"""
"5743740,""5744540"","" Schauen wir mal."",""Sprecher 1"""
"5754630,""5756390"","" Also ich finde ihn eigentlich immer noch sehr glaubwürdig."",""Sprecher 1"""
"5756510,""5757930"","" Ich drücke jetzt mal vollkommen glaubwürdig."",""Sprecher 1"""
"5758470,""5760110"","" Ich bin auch relativ sicher dabei."",""Sprecher 1"""
"5761750,""5763770"","" Ich glaube, meine Einschätzung ist leicht geblieben."",""Sprecher 1"""
"5765840,""5773780"","" Ich fand es dieses Mal eigentlich gar nicht hilfreich, weil es waren nur so allgemeine Sachen, die ich aus selber wusste oder aus dem Zeitungsartikel gut entnehmen konnte."",""Sprecher 1"""
"5775880,""5780580"","" Ja, die Quelle war eigentlich schon glaubwürdig, weil es war halt die offizielle Seite von dem."",""Sprecher 1"""
"5780740,""5781820"","" Also drücke ich mal selbst."",""Sprecher 1"""
"5781960,""5783140"","" Das hat mir nur eine Quelle gegeben."",""Sprecher 1"""
"5784840,""5790820"","" Ne, tatsächlich nicht so der Einschätzung, die mir das KI-System gegeben hat."",""Sprecher 1"""
"5791820,""5795520"","" Ja, die Einschätzung ist ja, dass ich am besten auf die offizielle Seite schauen soll, also schon."",""Sprecher 1"""
"5797740,""5801220"","" Ich habe die Quelle nicht überprüft, die ich wahrscheinlich kannte."",""Sprecher 1"""
"5802760,""5808700"","" Eigentlich tatsächlich ja, paar Site-Informationen noch, aber das ist grundsätzlich jetzt sicher."",""Sprecher 1"""
"5812910,""5813350"","" Ja."",""Sprecher 1"""
"5816130,""5817290"","" Das ist mal weniger."",""Sprecher 1"""
"5819830,""5821250"","" Ne, aber hat es mir so gegeben."",""Sprecher 1"""
"5822690,""5824530"","" Ja doch, ich habe nach dem Ausschnitt gefragt eigentlich."",""Sprecher 1"""
"5825410,""5825530"","" Danke."",""Sprecher 1"""
"5828430,""5830970"","" Mehrere Fragen von mir, die habe ich auch."",""Sprecher 1"""
"5834590,""5908320"","" Genau, und jetzt sind wir beim letzten Teil und es ist nur noch ganz schnell einmal ein Folgebuch."",""Sprecher 2"""
"5912720,""5913640"","" Das ist wieder TP, oder?"",""Sprecher 1"""
"5914120,""5915660"","" Ja, es ist wieder TP."",""Sprecher 1"""
"5926900,""5927740"","" Ja, so ein bisschen."",""Sprecher 1"""
"5933860,""5937960"","" Ich würde mal sagen, es sind unterschiedlich nach Artikeln."",""Sprecher 1"""
"5940240,""5942090"","" Ich habe dem KI-System insgesamt vertraut."",""Sprecher 1"""
"5944850,""5949850"","" Ich sage mal 6, weil es ist immer noch KI, aber ich meine, du hast es geschrieben, Katha."",""Sprecher 1"""
"5951190,""5953990"","" Also, ja schon."",""Sprecher 1"""
"5954210,""5960730"","" Und sie kann ja auch eigentlich, ich meine, natürlich kann sie ihre Infos genauso aus Fake News ziehen, wie wir jetzt auch suchen."",""Sprecher 1"""
"5962630,""5965410"","" Ich glaube überwiegend schon, dass es stimmt."",""Sprecher 1"""
"5965930,""5966900"","" Meine Einschätzung bestärkt."",""Sprecher 1"""
"5968350,""5971090"","" 0,4 ist die Mitte, weil manchmal schon, manchmal nicht."",""Sprecher 1"""
"5972270,""5973470"","" Fehlereinschätzung zu erkennen."",""Sprecher 1"""
"5974550,""5974870"","" Ja."",""Sprecher 1"""
"5975850,""5977210"","" Einfach zum Sicheren."",""Sprecher 1"""
"5978970,""5980250"","" Tendenziell ja, aber nicht immer."",""Sprecher 1"""
"5987980,""5989400"","" Inhaltlich gut gearbeitet hat."",""Sprecher 1"""
"5994940,""5998420"","" Ich meine mal 4, weil sie hat so ein paar Mal wiederholt und so."",""Sprecher 1"""
"6000440,""6003280"","" Ich schwöre mal, wenn ihr wisst, stand uns 23 und 4."",""Sprecher 1"""
"6004280,""6006820"","" Und sie hat ja so Seiten vorgeschlagen, das fand ich gut."",""Sprecher 1"""
"6010600,""6017400"","" Eigentlich gar nicht wahrscheinlich, weil ich suche lieber selber Artikel raus und finde es eigentlich anstrengend, mit KI zu arbeiten."",""Sprecher 1"""
"6017400,""6019680"","" Ich benutze es eher für Rezepte oder sowas."",""Sprecher 1"""
"6047360,""6198780"","" Ja, ist halt jetzt die Frage zu was."",""Sprecher 1"""
"6198920,""6204600"","" Also der GPT wird von mir täglich nach irgendwelchen Rezepten gefragt, aber zu sowas habe ich jetzt noch nie damit gesprochen."",""Sprecher 1"""
"6215210,""6218670"","" Vielen Dank für deine Teilnahme und dass du dir die Zeit dafür genommen hast."",""Sprecher 2"""
"6219650,""6220490"","" Gerne, gerne."",""Sprecher 2"""
"6221070,""6222810"","" Ich bin sehr, sehr dankbar."",""Sprecher 2"""
