"start,""end"",""text"",""speaker"""
"85130,""85870"","" Hallo!"",""Sprecher 2"""
"87490,""88050"","" Hi!"",""Sprecher 1"""
"88950,""89750"","" Wie geht's dir?"",""Sprecher 1"""
"90550,""91710"","" Ach, alles gut, alles gut."",""Sprecher 1"""
"91970,""93090"","" Heute ist Studientag."",""Sprecher 1"""
"94550,""95950"","" Wie viel ist es heute?"",""Sprecher 1"""
"97170,""104190"","" Ne, also ich habe jetzt drei Datensätze bekommen und jetzt mache ich bei dir mit."",""Sprecher 1"""
"106590,""107150"","" Crazy!"",""Sprecher 1"""
"107810,""109510"","" Also wirklich Studientag?"",""Sprecher 1"""
"109850,""110190"","" Ja."",""Sprecher 2"""
"113780,""119090"","" Krass, ja dann wollen wir gleich starten?"",""Sprecher 2"""
"119090,""120790"","" Wir können gern starten, ja."",""Sprecher 1"""
"121210,""125230"","" Ich schicke dir in den Chat einmal kurz den Link zur Website."",""Sprecher 2"""
"125530,""128650"","" Den bitte öffnen und die Freigabe starten."",""Sprecher 2"""
"131930,""133550"","" Wo war denn hier die Freigabe?"",""Sprecher 1"""
"143620,""144500"","" Siehst du alles?"",""Sprecher 1"""
"145300,""146540"","" Ich sehe alles, perfekt."",""Sprecher 2"""
"147600,""149180"","" Dann drücke ich wohl auf Start."",""Sprecher 1"""
"150440,""154440"","" Ja, wenn du bereit bist zu starten, dann einmal die Einverständniserklärung."",""Sprecher 2"""
"155940,""159000"","" Upsala, so das Klassische."",""Sprecher 1"""
"163520,""165320"","" Ich bräuchte VOP-Stunden."",""Sprecher 1"""
"165800,""167140"","" Die kriegst du."",""Sprecher 2"""
"170300,""173120"","" Deine Matrikel-Nummer ist auch schon ein bisschen älter."",""Sprecher 2"""
"174220,""176000"","" Meine ist noch älter."",""Sprecher 2"""
"176460,""177800"","" Und es ist sogar Nummer zwei."",""Sprecher 2"""
"177960,""179480"","" Meine erste war eine 1,4er-Nummer."",""Sprecher 2"""
"181080,""182360"","" 1,4,2."",""Sprecher 2"""
"184020,""187550"","" Wir sind momentan bei so 25, glaube ich."",""Sprecher 1"""
"187980,""188720"","" Er ist verrückt."",""Sprecher 2"""
"188900,""190120"","" Ich komme mir richtig scheiß alt vor."",""Sprecher 2"""
"190200,""191640"","" Ich habe eine 1,77er jetzt."",""Sprecher 2"""
"193860,""195600"","" Und meine erste war eine 1,42er."",""Sprecher 2"""
"198080,""199600"","" Herzlich willkommen zu meiner Studie."",""Sprecher 2"""
"199660,""201140"","" Die ist dreiteilig."",""Sprecher 2"""
"201320,""203580"","" In der ersten kriegst du Nachrichtenartikel zum Lesen."",""Sprecher 2"""
"203680,""205440"","" Du sollst sie auf Glaubwürdigkeit bewerten."",""Sprecher 2"""
"205980,""210920"","" Der Weiterwarten ist manchmal trotz des richtigen Layouts irgendwo nach unten verschoben."",""Sprecher 2"""
"210920,""212260"","" Deswegen bitte, entschuldige das."",""Sprecher 2"""
"213000,""215960"","" In Fall von technischen Problemen, bitte Seite 9 laden."",""Sprecher 2"""
"216100,""220240"","" Gelegentlich ist das HTML-Protokoll ein bisschen federhaft und lädt sich nicht richtig."",""Sprecher 2"""
"221140,""225200"","" Ist mir jetzt bei den Studien noch nie passiert, aber beim Test schon mal."",""Sprecher 2"""
"227760,""230320"","" Und es dauert 60 bis 90 Minuten."",""Sprecher 2"""
"230620,""231860"","" Es sind vier Nachrichtenartikel."",""Sprecher 2"""
"232020,""238460"","" Es wird nach jedem Nachrichtenartikel dir ein Fragepunkt hinsichtlich der Bewertung der Glaubwürdigkeit gegeben."",""Sprecher 2"""
"238460,""244420"","" Und in der Studienphase 2 verifizierst du das Ganze dann mit einem Chatbot und dann auch wieder Fragebögen dazu."",""Sprecher 2"""
"244700,""249340"","" Wenn du bereit bist zu starten und alles durchgelesen hast, auf den Weiter-Button."",""Sprecher 2"""
"251120,""252920"","" Alles ist im Plaintext-Layout."",""Sprecher 2"""
"253380,""255220"","" Es sind keine Autorenschaften ähnliches drin."",""Sprecher 2"""
"256260,""257720"","" Genau und bitte laut denken."",""Sprecher 2"""
"257920,""260980"","" Wenn du nicht laut denkst, werde ich sagen, bitte laut denken."",""Sprecher 2"""
"261640,""262500"","" Das mache ich."",""Sprecher 1"""
"262600,""263500"","" Ich gebe mein Bestes."",""Sprecher 1"""
"268280,""270560"","" Muss ich beim Lesen auch laut denken?"",""Sprecher 1"""
"272880,""273400"","" Ja."",""Sprecher 1"""
"273400,""276820"","" Du musst nicht laut vorlesen, du musst dich die ganze Zeit laut denken."",""Sprecher 2"""
"278780,""281880"","" Sobald mir irgendwas auffällt beim Lesen, gebe ich Bescheid."",""Sprecher 1"""
"314240,""321460"","" Nach dem ersten Absatz müsste ich googeln, ob es den wirklich so gibt."",""Sprecher 1"""
"321560,""325060"","" Ist mir jetzt neu, die Abkürzung habe ich in meinem Leben noch nie gesehen."",""Sprecher 1"""
"327540,""330420"","" Ich bin leider auch überhaupt nicht so im Thema."",""Sprecher 1"""
"331120,""331880"","" Namen, keine Ahnung."",""Sprecher 1"""
"332380,""333520"","" Ich lese dann einfach weiter."",""Sprecher 1"""
"383520,""388820"","" Es ist politisch ein sehr kompliziertes Thema auf jeden Fall."",""Sprecher 1"""
"389200,""392080"","" Das ist so ein Artikel, das müsst ihr wahrscheinlich zweimal durchlesen."",""Sprecher 1"""
"394280,""405720"","" An sich wahrscheinlich sehr gut geeignet, um irgendwelche Informationen falsch oder kompliziert oder nicht direkt auszudrücken."",""Sprecher 1"""
"406860,""408520"","" Ich versuche mal weiterzulesen."",""Sprecher 1"""
"408760,""411000"","" Bis jetzt habe ich noch so absolut keine Ahnung."",""Sprecher 1"""
"457180,""460520"","" Fieldwashing ist auch ein Wort, das ich zum ersten Mal lese."",""Sprecher 1"""
"566690,""580440"","" Das sind super viele Fotografen, Hintergründe, was anscheinend diesem ganzen Wettbewerb ausgezeichnet wird."",""Sprecher 1"""
"580540,""582000"","" Also die Fotografien dazu."",""Sprecher 1"""
"628860,""634640"","" Das ganze Thema ist für mich vollkommen kompliziert nachzuvollziehen."",""Sprecher 1"""
"638060,""640960"","" Anscheinend ist irgendwas gewonnen worden."",""Sprecher 1"""
"641800,""650240"","" Dann natürlich ein bisschen Shitstorm-mäßig, aber irgendwie jetzt dann doch wieder ein bisschen zurückgenommen worden für diese WordPress-Awards-Sache."",""Sprecher 1"""
"654060,""660260"","" Die betreiben von sich aus jetzt für mich gesehen nicht so Propaganda, aber das ist natürlich ein schwieriges Thema an sich."",""Sprecher 1"""
"665150,""667890"","" Ich glaube, wenn ich weiter drücke, kommt der Fragebogen dazu, oder?"",""Sprecher 1"""
"667990,""668270"","" Yes."",""Sprecher 1"""
"668670,""668870"","" Gut."",""Sprecher 1"""
"669990,""674010"","" Ich gucke jetzt mal den Fragebogen dazu an, bevor ich alles mögliche erzähle, was ich im Fragebogen angeben sollte."",""Sprecher 1"""
"675190,""676570"","" Du bist T9, bitte."",""Sprecher 2"""
"677710,""678170"","" T9."",""Sprecher 1"""
"684440,""685580"","" Warte ganz kurz."",""Sprecher 2"""
"685800,""685900"","" Ja."",""Sprecher 2"""
"703940,""706140"","" Ja, stimmt."",""Sprecher 2"""
"706660,""709780"","" Ich musste kurz durchrechnen, ob es stimmt."",""Sprecher 2"""
"709780,""711220"","" Okay, okay, gut."",""Sprecher 2"""
"711480,""711800"","" T9."",""Sprecher 2"""
"711960,""712560"","" T9 stimmt."",""Sprecher 2"""
"713380,""713760"","" Gut."",""Sprecher 1"""
"714740,""717320"","" Boah, da würde ich..."",""Sprecher 1"""
"721520,""726800"","" Ich würde mich da jetzt nicht entscheiden wollen."",""Sprecher 1"""
"727420,""734340"","" Wahrscheinlich kann gut sein, aber einfach so als Text glaube ich nie was."",""Sprecher 1"""
"736100,""737580"","" Bitte schätze ihr Zutrauen."",""Sprecher 1"""
"792940,""793580"","" Okay."",""Sprecher 1"""
"870560,""874020"","" Und nochmal ein Stück runter scrollen, da ist dann wieder der Weiter-Button."",""Sprecher 2"""
"874180,""876960"","" Ah, jetzt weiß ich, was du meinst."",""Sprecher 1"""
"878980,""880440"","" Okidoki, weiter geht's."",""Sprecher 1"""
"881620,""885480"","" Weiterhin in komplexen Thematik."",""Sprecher 1"""
"887960,""889480"","" Ich lese einmal durch."",""Sprecher 1"""
"926960,""944120"","" Also ich weiß, dass diese Militärparade in Russland immer so ein großes Ding ist und war auch irgendwie in letzter Zeit bestimmt vor ein paar Wochen mal irgendwo wieder im Fernsehen oder ist mir auf Instagram irgendwo untergekommen."",""Sprecher 1"""
"944320,""950860"","" Also ich weiß, dass die existiert und dass die immer ein bisschen trotzig ist."",""Sprecher 1"""
"956710,""961250"","" Aber mit diesem Sondertribunal bin ich so im Rechtlichen drin."",""Sprecher 1"""
"995030,""999270"","" Ich bin mir gar nicht mehr sicher, ob so Haftbefehl..."",""Sprecher 1"""
"1000610,""1003670"","" Ich meine, ja, Agressor, ja."",""Sprecher 1"""
"1004210,""1005590"","" Ich müsste auch hier googeln."",""Sprecher 1"""
"1006210,""1007950"","" Oh Gott, gab es den Haftbefehl wirklich?"",""Sprecher 1"""
"1008210,""1012370"","" War das irgendwie irgendwas, was sich irgendwo fünf Ecken bei mir im Kopf festgesetzt hat?"",""Sprecher 1"""
"1013010,""1020070"","" Ich versuche nämlich irgendwie aus Gründen dieses Themas umzugehen, weil es einfach so komplex ist und mich manchmal so mitnimmt."",""Sprecher 1"""
"1056760,""1057920"","" Ich werde auch nicht super schlau."",""Sprecher 1"""
"1058540,""1064960"","" Ich bin gerade so, ok, ganz viel Gericht, ganz viele Sachen, von denen ich keine Ahnung habe."",""Sprecher 1"""
"1100480,""1105500"","" Das mit dem Haftbefehl gegen Führungsträger, das ist gerade das, was ich mich gefragt habe vorhin."",""Sprecher 1"""
"1139970,""1146190"","" Ok, also wie gesagt, von diesen ganzen rechtlichen Dingen bin ich super uninformiert."",""Sprecher 1"""
"1150350,""1154630"","" So allgemein müsste ich extrem viel nachgucken."",""Sprecher 1"""
"1155710,""1159110"","" Ich glaube, man könnte mir ja alles erzählen und ich denke mir so, ok, ich kenne ja ein paar Wörter davon."",""Sprecher 1"""
"1163690,""1167230"","" Das wäre dann so für mich, ok, ich habe wirklich keine Ahnung."",""Sprecher 1"""
"1168050,""1176690"","" Kann gut sein, dass hier irgendwas stimmt, kann gut sein, dass hier alles Bullshit ist, so wie Gerichte aufgebaut sind."",""Sprecher 1"""
"1183910,""1194950"","" Ich habe mich irgendwann kurzzeitig gefragt, ok Moment, das ist alles so EU-Recht, kann man sich von der EU aus außerhalb der EU wegklagen?"",""Sprecher 1"""
"1194950,""1202850"","" Also kann man Putin dafür anklagen, der gar nicht in der EU ist und auch Ukraine noch nicht offiziell in der EU ist, wirklich?"",""Sprecher 1"""
"1203950,""1206910"","" Fragezeichen, selbst da bin ich mir jetzt unsicher."",""Sprecher 1"""
"1207450,""1209470"","" Mein Allgemeinwissen geht gegen null tatsächlich."",""Sprecher 1"""
"1211970,""1218890"","" Aber ja, das ist so ein Ding, das Thema gepaart mit Gericht ist glaube ich meine Nemesis."",""Sprecher 1"""
"1220090,""1224570"","" Ich klicke aber weiter und gebe mir das an."",""Sprecher 1"""
"1233220,""1237120"","" Ich gebe ein bisschen glaubwürdig an."",""Sprecher 1"""
"1239090,""1239950"","" Vollkommen unsicher."",""Sprecher 1"""
"1243370,""1245130"","" Super sachlich ist es."",""Sprecher 1"""
"1252980,""1254300"","" Moment, warte mal."",""Sprecher 1"""
"1255240,""1256600"","" Achso, meine Bewertung."",""Sprecher 1"""
"1256600,""1260200"","" Was soll ich denn hier machen?"",""Sprecher 1"""
"1260420,""1261080"","" Struktur?"",""Sprecher 1"""
"1261880,""1263000"","" Wieso gar nicht?"",""Sprecher 1"""
"1288990,""1298030"","" Ich bin mit rechtsblicken Dingen überfordert."",""Sprecher 1"""
"1312620,""1318450"","" Und Artikel Nummer drei."",""Sprecher 2"""
"1319030,""1324290"","" Hier fällt mir schon mal auf, ich glaube der Titel ist ein bisschen länger als die anderen."",""Sprecher 1"""
"1324830,""1326610"","" Die waren so kurz und knapp."",""Sprecher 1"""
"1337770,""1347650"","" Nach dem ersten Absatz denken wir, dass es aus der Sicht einer russischen Person bei uns geredet wird."",""Sprecher 1"""
"1349410,""1356770"","" Kann jetzt alles werden, kann jetzt tiefste Propaganda werden, kann aber auch so sein, nicht alle Menschen sind so scheiße, ich bin gespannt wie es weitergeht."",""Sprecher 1"""
"1382590,""1386550"","" Kritisierung ist auch so ein Begriff, den habe ich gerade zum ersten Mal gelesen glaube ich."",""Sprecher 1"""
"1396740,""1402460"","" Erster Weltkrieg, ob es diesen Kampf gab, auch keine Ahnung."",""Sprecher 1"""
"1450200,""1450980"","" Zitat."",""Sprecher 1"""
"1455120,""1458420"","" Viele auf dem russischen Boden, küssten ihn heftig."",""Sprecher 1"""
"1480360,""1488440"","" Bei Herzlichkeit des russischen Soldaten, das grenzenlos Bauchgefühl gesagt hat, lasse ich mal dahingestellt."",""Sprecher 1"""
"1526740,""1530300"","" Das ist ein wilder Artikel."",""Sprecher 1"""
"1533280,""1546340"","" Also hier ist schon sehr auf Russland, wir sind, wenn man jetzt russisch wäre, wir sind das tolle Volk, wir sind schon immer die Helfer gewesen, wir haben den zweiten Weltkrieg gewonnen, wir haben Frieden gebracht, mäßig."",""Sprecher 1"""
"1547380,""1552300"","" Ich habe vorhin glaube ich hier dieses Großherzigkeit beim Herzlichkeit der russischen Soldaten, das grenzenlos kurz rausgesprochen."",""Sprecher 1"""
"1553020,""1560100"","" Meine Oma ist geflüchtet vor den Russen und dementsprechend weiß man nicht, ob das wirklich so ist."",""Sprecher 1"""
"1560100,""1572260"","" Die Russen waren bestimmt nicht die größten Arschlöcher, aber ja, würde ich jetzt spontan eher als Propaganda wahrscheinlich abstempeln."",""Sprecher 1"""
"1588690,""1589750"","" Das war schon sehr emotional."",""Sprecher 1"""
"1683560,""1686260"","" Der ist irgendwo abgehauen."",""Sprecher 2"""
"1686820,""1687740"","" Funden."",""Sprecher 1"""
"1688560,""1691080"","" Und alle Abschnitte sind aneinander eigentlich."",""Sprecher 2"""
"1691080,""1693620"","" Ich trage mich nach Sonnenschein, da ist kein Break."",""Sprecher 2"""
"1701310,""1702410"","" Eliten lieben wir."",""Sprecher 1"""
"1707820,""1720620"","" Ich muss gerade nachdenken, was das genau mal war, aber ich glaube das wird gleich hoffentlich erklärt."",""Sprecher 1"""
"1721260,""1725180"","" Aber ich glaube das war noch irgendwas mit einer Riesenkrage in Frankreich."",""Sprecher 1"""
"1725180,""1726880"","" Den Namen habe ich schon mal gehört."",""Sprecher 1"""
"1731850,""1748290"","" Es kann auch wirklich sein, dass französische Namen manchmal sehr gleich klingen."",""Sprecher 1"""
"1748890,""1754530"","" Ich weiß jetzt nicht, ob ich das jetzt nochmal zusammengehängt hätte mit dem Namen."",""Sprecher 1"""
"1755090,""1756270"","" Ich und mein allgemeines Wissen."",""Sprecher 1"""
"1756770,""1757590"","" Ich lese einfach weiter."",""Sprecher 1"""
"1789810,""1806610"","" Ich muss jetzt hier schon so ein bisschen, nicht ganz fachlich-journalistisch, eher so ein bisschen noch dieses Sarkastische mit drin."",""Sprecher 1"""
"1807670,""1811490"","" Was aber mittlerweile auch öfter einfach vorkommt."",""Sprecher 1"""
"1812130,""1814230"","" Was so ein bisschen Nähe bringt."",""Sprecher 1"""
"1814230,""1891840"","" Ich habe gerade drunter geschaut."",""Sprecher 1"""
"1892400,""1895160"","" Ist schon ein langer Artikel auf jeden Fall."",""Sprecher 1"""
"1896600,""1904100"","" Politik und französische Politik, da habe ich mich auch nie wirklich damit beschäftigt."",""Sprecher 1"""
"1905460,""1908560"","" Ich glaube diese Partei existiert und sie heißt auch so."",""Sprecher 1"""
"1910500,""1913040"","" Aber ja, ich lese gespannt weiter."",""Sprecher 1"""
"1953450,""1956190"","" Es sind viele rhetorische Fragen drin."",""Sprecher 1"""
"1958170,""1960230"","" Das ist eher so ein Online."",""Sprecher 1"""
"2027000,""2032900"","" Ich habe hier gerade, ich werde angehalten, so festgeplanten Krieg."",""Sprecher 1"""
"2033260,""2034780"","" Moment, wir planen Kriege, wo?"",""Sprecher 1"""
"2038330,""2040770"","" Moment, ich muss das einordnen."",""Sprecher 1"""
"2049699,""2052960"","" Okay, letztendlich habe ich den jetzt einmal durchgelesen und weiß immer noch nicht genau, um was es geht."",""Sprecher 1"""
"2053340,""2055420"","" Also wieso, Moment, das muss oben irgendwo stehen."",""Sprecher 1"""
"2057139,""2058239"","" Scheinbeschäftigung, ach ja, das war es."",""Sprecher 1"""
"2065909,""2069870"","" Ich war mir am Anfang so, okay, vielleicht kenne ich den Namen."",""Sprecher 1"""
"2070010,""2075469"","" Aber mittlerweile denke ich mir so, ich habe keine Ahnung, ob es wirklich diese Person war, die ich im Hinterkopf hatte."",""Sprecher 1"""
"2075590,""2077250"","" Weil das ist mir jetzt alles irgendwie neu."",""Sprecher 1"""
"2081409,""2085330"","" Und ich glaube, das habe ich schon gesagt, so relativ bis ein bisschen sarkastisch, ironisch."",""Sprecher 1"""
"2085469,""2089110"","" Nicht ironisch, aber eher sarkastisch geschrieben mit so rhetorischen Fragen."",""Sprecher 1"""
"2091350,""2110310"","" Würde man, würde ich jetzt vielleicht nicht so als die, wie nennt man das, unparteiische journalistische Arbeit, also man versucht schon gegen die Lügen hier ein bisschen, nicht zu hetzen, aber so ein bisschen gegen zu reden."",""Sprecher 1"""
"2113420,""2117360"","" Aber ja, ich müsste jetzt wirklich diesen Namen googeln."",""Sprecher 1"""
"2136960,""2138440"","" Ach, doppel, nee, unsicher."",""Sprecher 1"""
"2198200,""2201040"","" Ja, ich glaube, das Hauptding."",""Sprecher 1"""
"2208330,""2212190"","" Okay, Studienphase 1 ist vorbei, wieder den Weiter-Button finden."",""Sprecher 2"""
"2212750,""2213230"","" Perfekt."",""Sprecher 2"""
"2213770,""2216570"","" Und wir fangen an mit Studienphase 2."",""Sprecher 2"""
"2217050,""2225650"","" Jetzt wird dir der Artikel, den du schon gelesen hast, an der linken Monitor-Seite, Bildschirmseite angezeigt."",""Sprecher 2"""
"2225650,""2238650"","" Auf der rechten Seite ist ein Chatbot, der auf der API, wie vorne schon steht, von OpenAI, also von Chat-GPT beruht, den du bitte zur Verifikation verwenden sollst."",""Sprecher 2"""
"2239750,""2245430"","" Der Bot, ich habe nicht die Rechnungsleistung von Chat-GPT oder OpenAI, überraschenderweise."",""Sprecher 2"""
"2245610,""2247970"","" Deswegen dauert es mir hier ein bisschen, aber er antwortet immer."",""Sprecher 2"""
"2248010,""2249090"","" Okay, gut."",""Sprecher 1"""
"2249630,""2251670"","" Wenn du bereit bist zu starten, kannst du starten."",""Sprecher 2"""
"2253590,""2253910"","" Alright."",""Sprecher 1"""
"2256450,""2257170"","" Wo ist der Bot?"",""Sprecher 1"""
"2257310,""2257450"","" Da ist er."",""Sprecher 1"""
"2258030,""2258770"","" Da ist er, ja."",""Sprecher 1"""
"2259590,""2259910"","" Okay."",""Sprecher 1"""
"2261550,""2261870"","" Gut."",""Sprecher 1"""
"2263430,""2264270"","" Ich glaube, das war..."",""Sprecher 1"""
"2264270,""2268750"","" Genau, ich wollte erst mal..."",""Sprecher 1"""
"2280430,""2280750"","" Winner."",""Sprecher 1"""
"2289510,""2290510"","" Das wird spannend."",""Sprecher 1"""
"2290710,""2292970"","" Währenddessen lese ich einfach mal ein bisschen durch."",""Sprecher 1"""
"2300660,""2303520"","" Okay, gut, das ist halt Chat-GPT."",""Sprecher 1"""
"2303960,""2308040"","" Ich habe natürlich keinen Zugang zu Webseiten."",""Sprecher 1"""
"2308420,""2314580"","" Macht es jetzt für mich nicht einfacher, das aus dem Chatbot jetzt irgendwie besser zu verifizieren."",""Sprecher 1"""
"2318100,""2318580"","" Ähm..."",""Sprecher 1"""
"2319680,""2322320"","" Aber gibt es diese Awards?"",""Sprecher 1"""
"2322480,""2327040"","" Weil natürlich wieder die Hälfte nicht beantwortet wird."",""Sprecher 1"""
"2328360,""2329180"","" Also so, wirklich."",""Sprecher 1"""
"2339590,""2342190"","" Ich habe es da im Niederlande, habe ich vorhin irgendwo mal gelesen."",""Sprecher 1"""
"2342470,""2343450"","" Also das ist, glaube ich, schon übereinstimmend."",""Sprecher 1"""
"2346740,""2347220"","" Okay, cool."",""Sprecher 1"""
"2347300,""2351480"","" Dann weiß ich jetzt anscheinend, dass es den gibt, diese Award-Zeremonie."",""Sprecher 1"""
"2352240,""2356840"","" Was das schon mal das grundlegende Fragezeichen bei mir war."",""Sprecher 1"""
"2360990,""2364150"","" Irgendwo waren so Namen, natürlich ganz viele Namen, die ich nicht kenne."",""Sprecher 1"""
"2365150,""2366270"","" Die TAS kenne ich."",""Sprecher 1"""
"2374620,""2375660"","" Moment, das war..."",""Sprecher 1"""
"2380120,""2383160"","" Ich muss noch mal den Überblick bekommen und ein bisschen durchlesen."",""Sprecher 1"""
"2384780,""2386680"","" Dafür ist der Artikel an der Seite da."",""Sprecher 2"""
"2387780,""2388300"","" Deswegen."",""Sprecher 1"""
"2388300,""2425540"","" Ich nehme mal den Namen an, damit Chativity was weiß und das damit rübergeht."",""Sprecher 1"""
"2435360,""2435580"","" So."",""Sprecher 1"""
"2438220,""2439220"","" Ist dein Name."",""Sprecher 1"""
"2439400,""2439960"","" Dankeschön."",""Sprecher 1"""
"2443970,""2447410"","" Es gibt also einen Fotografen laut Chativity, der zufällig genauso heißt."",""Sprecher 1"""
"2448670,""2451270"","" Es könnte sich auch um zeitgenössische Fotografen handeln."",""Sprecher 1"""
"2454510,""2461970"","" Das Ding ist halt so, Chativity mit Internetinformationen abfragen, ist manchmal ein bisschen schwierig."",""Sprecher 1"""
"2464030,""2466510"","" Aber anscheinend gibt es so etwas."",""Sprecher 1"""
"2467570,""2468630"","" Eine Person, die so heißt."",""Sprecher 1"""
"2534950,""2537710"","" Ich gucke gerade so, was ich googeln könnte."",""Sprecher 1"""
"2538030,""2542450"","" Außer eben Namen, die ich sonst googeln würde."",""Sprecher 1"""
"2542770,""2544730"","" Den Chativity-Chatbot fragen."",""Sprecher 1"""
"2545650,""2551200"","" Weil ich einfach nur immer so jemand bin, der Bilder guckt, ob es diese Person auch wirklich gibt."",""Sprecher 1"""
"2552200,""2557440"","" Was jetzt natürlich mit Chatbot ein bisschen schwierig ist, weil Online-Informationen finden zu Personen."",""Sprecher 1"""
"2569570,""2593470"","" Aber da das alles ein bisschen schwierig ist und ich jetzt ansonsten nicht den Chatbot fragen kann, bin ich tatsächlich der Meinung, dass das ein glaubwürdiger Eintrag sein könnte, der über diese Awards berichtet."",""Sprecher 1"""
"2594270,""2605470"","" Da es meiner Meinung nach, solange es jetzt diese Awards gibt, was ich nachgefragt habe, finde ich das eigentlich eine glaubwürdige Erkenntnis."",""Sprecher 1"""
"2605890,""2608450"","" Also glaubwürdige, oh Gott, Wörter heute."",""Sprecher 1"""
"2609310,""2616450"","" Ganz schlimm, glaubwürdige Berichterstattung, weil hier jetzt dann die Awards gibt."",""Sprecher 1"""
"2616890,""2626510"","" Da kann es bestimmt passiert sein, das Thema ist meiner Meinung nach auch der Diskussion da entsprechend."",""Sprecher 1"""
"2631390,""2632390"","" Seite verlassen."",""Sprecher 2"""
"2635130,""2636410"","" Ich werde es nicht nochmal umbauen."",""Sprecher 2"""
"2642270,""2643270"","" Ja, hier."",""Sprecher 1"""
"2670420,""2671580"","" Ach so, darf ich googeln?"",""Sprecher 1"""
"2672500,""2673380"","" Nein, darfst du nicht."",""Sprecher 1"""
"2673540,""2676600"","" Okay, ich dachte mir schon, also hiermit kann ich mich überprüfen."",""Sprecher 1"""
"2778910,""2781230"","" Und weiter geht es mit dem nächsten."",""Sprecher 2"""
"2781530,""2782590"","" Next one."",""Sprecher 2"""
"2793890,""2799370"","" Mal kurz den ersten paar Updates zu lesen, um nochmal zu wissen, um was es geht."",""Sprecher 1"""
"2827220,""2842420"","" Ich schreibe jetzt mal, nein, ich kann nicht gleichzeitig schreiben, was so Fakten laut Ihnen sind, zu so einem Sonder-Tribunal-Gerichts-Gedöns."",""Sprecher 1"""
"2843480,""2854020"","" Weißt du, machen wir mal so."",""Sprecher 1"""
"2854320,""2855100"","" Nicht beihessen."",""Sprecher 1"""
"2901770,""2902750"","" Lange Antwort."",""Sprecher 1"""
"2956440,""2961480"","" Okay, es wird jetzt erstmal nur, ich war darum erklärt, was es überhaupt ist."",""Sprecher 1"""
"2962180,""2965900"","" Aber jetzt auf meine Frage natürlich nichts Konkretes."",""Sprecher 1"""
"2972030,""2980210"","" Also es wurde so hier oben geschrieben, dass es so angedacht war, was so ein bisschen sich mit dem hier übereinstimmt."",""Sprecher 1"""
"2980350,""2984070"","" Aber ich habe das hier so rausgelesen, dass es da auch schon ein bisschen weiter ist."",""Sprecher 1"""
"2987170,""2995190"","" Nicht nur so Diskussionen, sondern wir wollen, dass das wirklich jetzt hier auf dem Weg dahin."",""Sprecher 1"""
"2995530,""2998050"","" Und nicht so, okay, es gibt halt so leichte Diskussionen."",""Sprecher 1"""
"3001160,""3004720"","" Aber es ist auf jeden Fall übereinstimmend."",""Sprecher 1"""
"3004920,""3007960"","" Zumindest laut Chattivity oder dem Bot."",""Sprecher 1"""
"3051690,""3052970"","" Okay, Dezember 2023."",""Sprecher 1"""
"3053390,""3058470"","" Ich weiß halt nicht, wann dieser Artikel theoretisch geschrieben wurde, ob das halt in diesem Datensatz mit drin ist oder nicht."",""Sprecher 1"""
"3058590,""3061630"","" Hier wird so, hey, hier gibt es ein Haftbefehl, hier gibt es kein Haftbefehl."",""Sprecher 1"""
"3061630,""3075790"","" Vorhin wurde auch irgendwo hier gesagt, dass das mit dem Haftbefehl wahrscheinlich funktionieren würde, weil hier irgendwas mit, was auch immer ein römischer Statut ist, funktioniert."",""Sprecher 1"""
"3076510,""3078630"","" Das ist jetzt so, okay, Fragezeichen."",""Sprecher 1"""
"3100360,""3106460"","" Zu diesem Treffen reicht, falls es vor 23 ist, könnt ihr es wissen, dann kann ich es besser einordnen."",""Sprecher 1"""
"3140430,""3141970"","" Ja, weiß natürlich nix."",""Sprecher 1"""
"3144920,""3147360"","" Also hast du das auch noch mit so Fragezeichen drin?"",""Sprecher 1"""
"3164410,""3173370"","" Ich weiß nicht, was ich hier noch fragen könnte, um meine, ja, kann gut sein, Fragezeichen zu beantworten."",""Sprecher 1"""
"3174810,""3180670"","" Aber ich glaube tatsächlich, mit meinem aktuellen Workflow mit KIs wird das ein bisschen schwierig."",""Sprecher 1"""
"3183570,""3186150"","" Aber gut, ich weiß jetzt wieder, wie das mit der Fragebogen aussieht."",""Sprecher 1"""
"3186730,""3191910"","" Hat der Bot direkt Zugriff auf die Seite oder muss ich copy-pasten?"",""Sprecher 1"""
"3192550,""3193350"","" Copy-pasten."",""Sprecher 1"""
"3193570,""3193950"","" Ah, okay."",""Sprecher 1"""
"3195610,""3208110"","" Dann überlege ich, ob mir irgendwelche, ob ich vielleicht mal so einen Absatz reinposte, um einfach mal seine Meinung zu fragen, obwohl ich relativ wenig immer auf KI-Meinung gebe."",""Sprecher 1"""
"3210730,""3216160"","" Hier irgendwas, ein Dorn im Auge."",""Sprecher 1"""
"3222930,""3244310"","" Ja, ich glaube, mit meinem Workflow komme ich hier nicht weiter."",""Sprecher 1"""
"3246210,""3248530"","" Ich weiß gar nicht mehr, wie ich den vorher eingeschätzt habe."",""Sprecher 1"""
"3249530,""3257490"","" Ich glaube, es war so, ich kenne mich wirklich zu wenig aus, dass ich hier meine Meinung bilden kann."",""Sprecher 1"""
"3258150,""3261650"","" Hier, der Chatbot kann mir jetzt auch nicht weiterhelfen."",""Sprecher 1"""
"3261730,""3264490"","" So in dieser Zeit weißt du von nichts."",""Sprecher 1"""
"3265330,""3274150"","" Kann halt einerseits sein, dass es nach 23 Uhr war oder eben der Chatbot das wüsste und das hier gelogen ist."",""Sprecher 1"""
"3274370,""3280830"","" Dementsprechend für meine Glaubwürdigkeit, glaube ich, kann ich hier nichts mehr fragen."",""Sprecher 1"""
"3290530,""3299000"","" Ich glaube, ich bin hier jetzt immer noch relativ unsicher."",""Sprecher 1"""
"3299000,""3482560"","" Ja, geht auch immer weiter nach unten."",""Sprecher 1"""
"3485280,""3488100"","" Ja, ich erinnere mich."",""Sprecher 1"""
"3491730,""3494030"","" Dann fand ich das super unglaubwürdig."",""Sprecher 1"""
"3502590,""3510580"","" Ich fahre jetzt mal nach diesem Beispiel der Türkei."",""Sprecher 1"""
"3510580,""3535640"","" Okay, was hat es denn schon mal gesagt?"",""Sprecher 1"""
"3535760,""3536480"","" Keine Ahnung."",""Sprecher 1"""
"3539590,""3551620"","" So, wie zügig war auch hingefragt."",""Sprecher 1"""
"3564230,""3565110"","" Oh, ich habe die nur umdrehen können."",""Sprecher 1"""
"3565470,""3565810"","" Ja gut."",""Sprecher 1"""
"3566850,""3569830"","" Jetzt wollte ich den Text nochmal lesen, bevor mir die Frage gestellt wird."",""Sprecher 1"""
"3572330,""3573350"","" Aber es ist keine Antwort, cool."",""Sprecher 1"""
"3575530,""3575890"","" Blablabla."",""Sprecher 1"""
"3576870,""3577230"","" Blablabla."",""Sprecher 1"""
"3578190,""3579110"","" Ja gut, komm eh."",""Sprecher 1"""
"3611780,""3619260"","" Okay, auch wenn ich die Frage doof formuliert habe, weil ich danach nochmal durchgelesen habe, kam zumindest inhaltlich ungefähr das hier raus."",""Sprecher 1"""
"3619440,""3631940"","" Was auch für Klaugültigkeit erst mal weniger wichtig ist, weil ich den Artikel halt vom Stil her schon relativ sass finde."",""Sprecher 1"""
"3632800,""3636020"","" Aber zumindest die Beispiele sind anscheinend nicht komplett erfunden."",""Sprecher 1"""
"3639120,""3680880"","" Ich habe hier noch etwas Spannendes."",""Sprecher 1"""
"3695640,""3698800"","" Die hat es anscheinend gegeben, diese Schlacht."",""Sprecher 1"""
"3724630,""3727590"","" Das war jetzt einfach nur so Neugierde meinerseits."",""Sprecher 1"""
"3729150,""3732750"","" Was aber noch nichts für diese Klaugültigkeit ändert."",""Sprecher 1"""
"3733250,""3734090"","" Wo war denn hier das?"",""Sprecher 1"""
"3734890,""3737170"","" Ich möchte das einmal ausprobieren."",""Sprecher 1"""
"3738190,""3739130"","" Ne, das war es nicht."",""Sprecher 1"""
"3739850,""3751230"","" Hier, einfach mal kopieren."",""Sprecher 1"""
"3751910,""3753310"","" Und das mal ausprobieren."",""Sprecher 1"""
"3754690,""3757810"","" Was hältst du von dieser Aussage?"",""Sprecher 1"""
"3759230,""3760310"","" Erst mal offen gefragt."",""Sprecher 1"""
"3793920,""3799180"","" Es gibt Berichte darüber, aber das habe ich auch nicht ausgeschlossen, dass es die auch nicht geben würde."",""Sprecher 1"""
"3801180,""3803040"","" Und das ist hier dann auch meine Meinung."",""Sprecher 1"""
"3804060,""3805920"","" Mit Fällen von Gewalt, Behinderung und so."",""Sprecher 1"""
"3805920,""3813920"","" Aus Erzählungen und Geschichtsunterricht, was eigentlich bei mir im Kopf verankert ist."",""Sprecher 1"""
"3824420,""3839080"","" Ich werde jetzt trotzdem hier nicht weiterfragen, weil ich es von Erfahrung und dem Schreibstil einfach nur ein bisschen wild finde, das ist sehr einseitig hier."",""Sprecher 1"""
"3840560,""3844180"","" Da würde ich auch den Bot nicht weiter nutzen."",""Sprecher 1"""
"3990100,""3995220"","" Oh nein, ich habe mir den vergessen."",""Sprecher 1"""
"4004980,""4006560"","" Okay, okay, okay."",""Sprecher 1"""
"4007660,""4011300"","" Ich wusste nicht mehr, ob es wirklich die rechte Partei war."",""Sprecher 1"""
"4039790,""4046670"","" Mal so fragen, um herauszufinden, ob es das schon gab."",""Sprecher 1"""
"4046770,""4048810"","" Ich glaube nicht, dass das Chatterbot noch weiß."",""Sprecher 1"""
"4052350,""4056430"","" Hier findet das natürlich keine Nachrichten."",""Sprecher 1"""
"4058390,""4067670"","" Ich weiß auch gar nicht mehr, was ich nochmal lesen."",""Sprecher 1"""
"4069090,""4072330"","" Hier eben verhaftet hier noch kein fraglich KI."",""Sprecher 1"""
"4087370,""4102020"","" Okay, es ist immer noch der gleiche Bot."",""Sprecher 1"""
"4102020,""4102700"","" Wer hätte es gedacht?"",""Sprecher 1"""
"4102960,""4103700"","" Es hätte ja sein können."",""Sprecher 1"""
"4105479,""4106960"","" Cool, cool, cool."",""Sprecher 1"""
"4107600,""4108779"","" Gleich bauen wir ja noch was."",""Sprecher 2"""
"4129590,""4135770"","" Ich glaube, dass ich noch fragen kann, was ich nicht verstanden hatte."",""Sprecher 1"""
"4136029,""4138149"","" Und vielleicht die KI fragen würde."",""Sprecher 1"""
"4149970,""4153750"","" Das wird wahrscheinlich nicht rausgekommen sein, bis Datensatz."",""Sprecher 1"""
"4158680,""4159640"","" Ich mach einfach hier."",""Sprecher 1"""
"4160640,""4162840"","" Wer das weiß, der weiß."",""Sprecher 1"""
"4187430,""4190590"","" Okay, da scheint mehr, was er weiß."",""Sprecher 1"""
"4201470,""4203570"","" Dann hat er das jetzt einfach hier umgeschrieben."",""Sprecher 1"""
"4215150,""4219230"","" Die Antwort hier ist nur gerade relativ ähnlich zu dem, was im Artikel steht."",""Sprecher 1"""
"4219350,""4221090"","" Es ist einfach nur abgeschrieben hat."",""Sprecher 1"""
"4222430,""4232350"","" Und ich diese Antwort überhaupt irgendwie in meine Entscheidung mit einnehmen."",""Sprecher 1"""
"4244650,""4264570"","" Okay, gut."",""Sprecher 1"""
"4272260,""4274000"","" Wer ist am besten an der spezifischen Nachrichtensuche?"",""Sprecher 1"""
"4274340,""4276580"","" Okay, das wäre auch tatsächlich mein nächster Plan gewesen."",""Sprecher 1"""
"4278300,""4290940"","" Dementsprechend, da ich das Grundgerüst nicht nachfragen kann, ob diese Anschuldigungen wirklich da sind oder nicht, wird mir der Bot auch hier nicht weiterhelfen."",""Sprecher 1"""
"4291420,""4293160"","" Ich finde den Artikel nach wie vor ganz..."",""Sprecher 1"""
"4293880,""4302420"","" Also so ein bisschen sarkastisch, aber jetzt nicht, dass ich sage, dass da irgendwie groß irgendwas gegengeredet wird."",""Sprecher 1"""
"4302440,""4309830"","" Das ist noch relativ nicht propaganda-mäßig oder unglaubwürdig."",""Sprecher 1"""
"4311570,""4312570"","" Und deswegen, ja."",""Sprecher 1"""
"4316610,""4317350"","" T9."",""Sprecher 1"""
"4319830,""4323230"","" Ich glaube, das war immer noch hier so rum."",""Sprecher 1"""
"4324950,""4327410"","" Ich bin mir immer noch relativ unsicher."",""Sprecher 1"""
"4328310,""4329430"","" Es ist relativ gleich geblieben."",""Sprecher 1"""
"4337160,""4346490"","" Ich weiß nicht, wer sie ist."",""Sprecher 1"""
"4407960,""4408700"","" Abfinden!"",""Sprecher 2"""
"4410810,""4411810"","" Und wieder suchen!"",""Sprecher 2"""
"4412530,""4413050"","" Da ist er!"",""Sprecher 2"""
"4414130,""4416630"","" Und die Phase 3 beginnt!"",""Sprecher 2"""
"4416630,""4417090"","" Yay!"",""Sprecher 1"""
"4419190,""4420730"","" Mediennutzung, bla bla bla."",""Sprecher 1"""
"4423820,""4424840"","" It's about 5 minutes."",""Sprecher 2"""
"4426660,""4427140"","" T9."",""Sprecher 1"""
"4427540,""4428560"","" Da ist meine Tastatur."",""Sprecher 1"""
"4436260,""4437220"","" Hab ich?"",""Sprecher 1"""
"4444640,""4446780"","" Ich glaube, es ist tatsächlich mehr gleich geblieben."",""Sprecher 1"""
"4447320,""4449220"","" Habe ich irgendwo meine Einschätzung geändert?"",""Sprecher 1"""
"4449380,""4450720"","" Oh fuck, weiß ich das noch?"",""Sprecher 1"""
"4450900,""4451620"","" Ich glaube, nein."",""Sprecher 1"""
"4561220,""4562060"","" Moment, wo ist die Hälfte?"",""Sprecher 1"""
"4601270,""4603030"","" Und einmal runterscrollen."",""Sprecher 2"""
