"start,""end"",""text"",""speaker"""
"3019,""6300"","" Hi, vielen Dank, dass du bei meiner Studie teilnimmst."",""Sprecher 1"""
"6660,""7560"","" Wollen wir gleich starten?"",""Sprecher 1"""
"8160,""8460"","" Ja."",""Sprecher 1"""
"10380,""21580"","" Perfekt, im Chat drin ist jetzt ein Link für dich, den bitte öffnen in deinem Browser und mir dann den Bildschirm freigeben, wenn du weißt, wie das geht."",""Sprecher 1"""
"25960,""28780"","" Das dauert nur so ein paar Werktage."",""Sprecher 1"""
"29720,""30480"","" Sehr gut."",""Sprecher 2"""
"35010,""35970"","" Ah, da ist es schon."",""Sprecher 1"""
"37750,""38310"","" Ah, okay."",""Sprecher 1"""
"39990,""40230"","" So."",""Sprecher 1"""
"41350,""42510"","" Ich muss nochmal gucken."",""Sprecher 1"""
"43950,""44430"","" Freigeben."",""Sprecher 1"""
"45170,""45610"","" Yes."",""Sprecher 1"""
"56680,""57440"","" Siehst du es?"",""Sprecher 1"""
"61160,""61960"","" Also mir ist los."",""Sprecher 1"""
"62520,""62680"","" So."",""Sprecher 1"""
"64660,""66200"","" Ich sehe deine Studie noch nicht."",""Sprecher 1"""
"67000,""68180"","" Ich sehe dich wieder."",""Sprecher 1"""
"68560,""69320"","" Das ist sehr gut."",""Sprecher 1"""
"69740,""70680"","" Jetzt sehe ich es."",""Sprecher 1"""
"70740,""71720"","" Perfekt, hat geladen."",""Sprecher 1"""
"71720,""74680"","" Wenn du dich bereit fühlst, auf weiter klicken, dann starten wir."",""Sprecher 1"""
"77340,""80740"","" Das ist einmal die Einverständniserklärung für die Teilnahme an meiner Studie."",""Sprecher 1"""
"80860,""83960"","" Natürlich kannst du jederzeit abbrechen, hier ist alles mit aufgesetzt."",""Sprecher 1"""
"84360,""87000"","" Die Studie ist insgesamt dreiteilig."",""Sprecher 1"""
"87160,""91460"","" Im ersten Teil hast du insgesamt vier Nachrichtenartikel, die du durchlesen sollst."",""Sprecher 1"""
"91560,""94200"","" Dabei sollst du laut denken, was du von den Artikeln hältst."",""Sprecher 1"""
"94840,""96380"","" Nach jedem Artikeln kommt ein Fragebogen."",""Sprecher 1"""
"97420,""100460"","" In der zweiten Studienphase kriegst du nochmal die Artikel."",""Sprecher 1"""
"100580,""104200"","" Auf der einen Seite ist Bildschirm, auf der anderen Seite ist ein Chatbot."",""Sprecher 1"""
"104540,""108400"","" Mit dem sollst du die Artikelglaubwürdigkeit überprüfen."",""Sprecher 1"""
"108700,""109840"","" Danach kommt wieder eine Fragebogen."",""Sprecher 1"""
"109860,""118310"","" In der dritten geht es dann nur noch um deine Medienkonsumdaten und demografische Daten und ähnliches."",""Sprecher 1"""
"118410,""119470"","" Genau, wenn du bereit bist."",""Sprecher 1"""
"119530,""120870"","" Alle Daten werden natürlich gespeichert."",""Sprecher 1"""
"120950,""122630"","" Davon wird eine Aufnahme angefertigt."",""Sprecher 1"""
"122830,""124610"","" Transkripte werden angefertigt."",""Sprecher 1"""
"124610,""127610"","" Die Videochatprotokolle werden ausgefertigt."",""Sprecher 1"""
"128550,""131090"","" Die Chatprotokolle werden bearbeitet."",""Sprecher 1"""
"131610,""134630"","" Es wird alles nur so lange gespeichert, wie ich es für meine Bachelorarbeit benötige."",""Sprecher 1"""
"136430,""138030"","" Danach wird alles gelöscht."",""Sprecher 1"""
"138090,""139770"","" Man kann natürlich jederzeit wieder rufen."",""Sprecher 1"""
"144030,""145630"","" Soll ich hier schon mal alles eingeben?"",""Sprecher 1"""
"145970,""146410"","" Ja, bitte."",""Sprecher 1"""
"147550,""150150"","" Damit du dein Einverständnis dafür gibst."",""Sprecher 1"""
"160590,""161670"","" Ich stimme zu."",""Sprecher 1"""
"161810,""162510"","" Einmal wieder anklicken."",""Sprecher 1"""
"162690,""163190"","" Genau, perfekt."",""Sprecher 1"""
"164930,""167910"","" Ein Stück weiter unten ist der Weiter-Button."",""Sprecher 1"""
"167950,""170330"","" Dann fangen wir mit Studienphase 1 an."",""Sprecher 1"""
"171970,""172410"","" Willkommen."",""Sprecher 1"""
"172750,""174250"","" Es kann zu technischen Problemen kommen."",""Sprecher 1"""
"174410,""176950"","" Das heißt, das HTML-Protokoll kann sich nicht richtig öffnen."",""Sprecher 1"""
"176950,""178730"","" Das ist bisher nur mir beim Testen passiert."",""Sprecher 1"""
"178950,""181850"","" Nie in irgendwelchen anderen Situationen."",""Sprecher 1"""
"182030,""185550"","" Es dauert 60 Minuten, wahrscheinlich eher 70 bis 90."",""Sprecher 1"""
"186830,""189150"","" Dann mit Studienphase 1 das ganz kurz durchlesen."",""Sprecher 1"""
"189590,""190930"","" Und sobald du bereit bist, auf Weiter."",""Sprecher 1"""
"210060,""212060"","" Und schon kommt der erste Artikel."",""Sprecher 1"""
"212720,""214280"","" Wie gesagt, bitte laut denken."",""Sprecher 1"""
"214420,""217680"","" Wenn du zu lange nicht laut denkst, sage ich den Erinnerungssatz, bitte laut denken."",""Sprecher 1"""
"220710,""221890"","" Das heißt, ich soll laut denken?"",""Sprecher 1"""
"222810,""224310"","" Welche Gedanken du dabei hast."",""Sprecher 1"""
"224310,""225170"","" Okay."",""Sprecher 1"""
"338140,""339320"","" Bitte laut denken."",""Sprecher 1"""
"368670,""369670"","" Bitte laut denken."",""Sprecher 1"""
"426800,""427060"","" Okay."",""Sprecher 1"""
"427360,""430720"","" Ich habe jetzt fertig gelesen."",""Sprecher 1"""
"434240,""435660"","" War ein interessanter Text."",""Sprecher 1"""
"448390,""450430"","" Und was soll ich jetzt dazu sagen?"",""Sprecher 1"""
"455250,""458270"","" Okay, also ich finde den jetzt nicht so glaubwürdig."",""Sprecher 1"""
"462820,""464620"","" Erstens sind da keine Zusammenhänge."",""Sprecher 1"""
"468000,""472260"","" Und irgendwie alles durcheinander."",""Sprecher 1"""
"474400,""476560"","" Deswegen würde ich jetzt nicht so glaubwürdig empfehlen."",""Sprecher 1"""
"477160,""477820"","" Okay."",""Sprecher 1"""
"480590,""482130"","" Wenn du fertig bist, kannst du auf Weiter."",""Sprecher 1"""
"489160,""491700"","" Und schon nennt sich der erste Fragenbogen."",""Sprecher 1"""
"491820,""493360"","" Du bist bitte T16."",""Sprecher 1"""
"499380,""501100"","" Stammname T16 angeben."",""Sprecher 1"""
"504300,""504920"","" T16."",""Sprecher 1"""
"505400,""506060"","" T16."",""Sprecher 1"""
"508400,""509560"","" Ja, reicht auch."",""Sprecher 2"""
"622260,""623500"","" Jetzt hänge ich gerade wohl."",""Sprecher 1"""
"623720,""624660"","" Was habe ich vorhin gesagt?"",""Sprecher 1"""
"625200,""626600"","" Dass es keine Zusammenhänge hat."",""Sprecher 1"""
"636800,""638220"","" Ich würde es jetzt einfach so stehen lassen."",""Sprecher 1"""
"639760,""641300"","" Okay, ich schicke es ab."",""Sprecher 1"""
"642900,""645940"","" Und ein Stück weiter unten findest du den nächsten Weiter-Button."",""Sprecher 1"""
"647740,""649840"","" Genau, und dann öffnet sich der nächste Artikel."",""Sprecher 1"""
"795540,""796540"","" Bitte laut denken."",""Sprecher 1"""
"818380,""822040"","" Okay, jetzt muss ich sagen, der Artikel kommt ein bisschen glaubwürdiger vor."",""Sprecher 1"""
"824140,""824820"","" Ja."",""Sprecher 1"""
"825980,""826420"","" Mhm."",""Sprecher 1"""
"827000,""828860"","" Da sind die Zusammenhänge viel besser."",""Sprecher 1"""
"832030,""836490"","" Aber trotzdem sind da so Kleinigkeiten, die mir auch sagen, der ist nicht so glaubwürdig."",""Sprecher 1"""
"837170,""837590"","" Okay."",""Sprecher 1"""
"838130,""838670"","" Ja."",""Sprecher 1"""
"840330,""842810"","" Ich werde jetzt mal weiterklicken und den Fragenbogen öffnen."",""Sprecher 1"""
"957590,""959550"","" Und wieder den Weiter-Button suchen."",""Sprecher 1"""
"960070,""960370"","" Ah ja."",""Sprecher 1"""
"962540,""962900"","" Okay."",""Sprecher 1"""
"972600,""973840"","" Und der dritte Artikel."",""Sprecher 1"""
"1057050,""1058010"","" Bitte laut denken."",""Sprecher 1"""
"1089600,""1090660"","" Bitte laut denken."",""Sprecher 1"""
"1090660,""1127100"","" Okay, also ich würde sagen, der Text ist so wie der Text vorher."",""Sprecher 1"""
"1128920,""1134540"","" Etwas glaubwürdiger, aber auch irgendwie so Kleinigkeiten, die mir sagen, das ist doch nicht so glaubwürdig."",""Sprecher 1"""
"1134820,""1134940"","" Mhm."",""Sprecher 1"""
"1208940,""1209180"","" So."",""Sprecher 2"""
"1266960,""1268760"","" Und wieder den Weiter-Button suchen."",""Sprecher 1"""
"1269160,""1269620"","" Ach so, ja."",""Sprecher 1"""
"1272420,""1273020"","" Okay."",""Sprecher 2"""
"1329660,""1330760"","" Bitte laut denken."",""Sprecher 1"""
"1376400,""1377480"","" Bitte laut denken."",""Sprecher 1"""
"1379000,""1381960"","" Also ich finde diesen Text sehr glaubwürdig."",""Sprecher 1"""
"1382840,""1383160"","" Mhm."",""Sprecher 1"""
"1383820,""1386080"","" Der ist auch ein bisschen anders aufgebaut als die anderen."",""Sprecher 1"""
"1386620,""1386860"","" Mhm."",""Sprecher 1"""
"1387280,""1388560"","" Ist strukturierter."",""Sprecher 1"""
"1389140,""1389280"","" Mhm."",""Sprecher 1"""
"1389280,""1393260"","" Und deshalb muss ich nur sagen, dass er auch glaubwürdig ist."",""Sprecher 1"""
"1393900,""1394120"","" Mhm."",""Sprecher 2"""
"1485060,""1488520"","" Und wieder den Weiter-Button suchen, bitte."",""Sprecher 1"""
"1490820,""1492540"","" Und wir beginnen mit Phase 2."",""Sprecher 1"""
"1492740,""1501560"","" Jetzt werden dir dieselben Artikel wieder an der einen Seite vom Bildschirm gezeigt, auf der anderen Seite hast du einen KI-Bot, den du die Nachrichten auf Glaubwürdigkeit verifizieren sollst."",""Sprecher 1"""
"1501680,""1504940"","" Es gibt keine richtige und keine falsche Vorgehensweise."",""Sprecher 1"""
"1505240,""1513140"","" Und wenn du fertig bist damit, gibt's wieder einen Weiter-Button auf der Seite und dann öffnet sich wieder ein Fragerogen und so weiter und so."",""Sprecher 1"""
"1514240,""1514540"","" Okay."",""Sprecher 1"""
"1516140,""1517620"","" Das war jetzt genau das, was da steht."",""Sprecher 1"""
"1518320,""1518600"","" Genau."",""Sprecher 1"""
"1519140,""1520180"","" Okay, alles klar."",""Sprecher 1"""
"1551600,""1558240"","" Ich würde tatsächlich jetzt mal den Text einfügen und dann erst schreiben, wie glaubwürdig er den Text findet."",""Sprecher 1"""
"1595190,""1596270"","" Noticetag, genau."",""Sprecher 1"""
"1596630,""1597290"","" Ah, okay."",""Sprecher 1"""
"1603880,""1606660"","" Ah, der Bot hatte dir davor schon geantwortet."",""Sprecher 1"""
"1607540,""1608000"","" Ach so."",""Sprecher 1"""
"1610360,""1611140"","" Ah, nee, hier."",""Sprecher 1"""
"1649420,""1653820"","" Ich kann den auch fragen, ob er mir das von 1 bis 7..."",""Sprecher 1"""
"1654820,""1655300"","" Ja."",""Sprecher 1"""
"1655920,""1656160"","" Okay."",""Sprecher 1"""
"1656640,""1658140"","" Es gibt kein richtig und kein falsch."",""Sprecher 1"""
"1706500,""1706880"","" Okay."",""Sprecher 1"""
"1707780,""1709340"","" Da würde ich jetzt mal weiterklicken."",""Sprecher 1"""
"1709980,""1710080"","" Mhm."",""Sprecher 1"""
"1713090,""1713910"","" Verlassen, bitte."",""Sprecher 2"""
"2017280,""2017580"","" Mhm."",""Sprecher 2"""
"2164900,""2166420"","" Und Artikel Nummer 3."",""Sprecher 1"""
"2504740,""2506360"","" Und der nächste Artikel."",""Sprecher 1"""
"2760660,""2763360"","" Und werde den Weiter-Button suchen."",""Sprecher 1"""
"2764940,""2765680"","" Very nice."",""Sprecher 1"""
"2766460,""2768820"","" Und wir sind schon in der Schlussphase, Corona."",""Sprecher 1"""
"2770540,""2771980"","" Einmal bitte wieder weiter."",""Sprecher 1"""
"2772700,""2773020"","" Mhm."",""Sprecher 1"""
"2774640,""2778000"","" Und der letzte Fragerogen öffnet sich."",""Sprecher 1"""
"2780340,""2781600"","" Du bist wieder 16."",""Sprecher 1"""
"2782380,""2782760"","" Mhm."",""Sprecher 1"""
"2785410,""2785830"","" Genau."",""Sprecher 1"""
"2916790,""2921190"","" Und wenn ich jetzt bei der Frage die 6 ankriege, dann bin ich weder links noch rechts."",""Sprecher 1"""
"2921690,""2921930"","" Mhm."",""Sprecher 1"""
"2990770,""2991250"","" Okay."",""Sprecher 1"""
"2992150,""2993150"","" Ich glaube, wir sind fertig."",""Sprecher 1"""
"2994030,""2994990"","" Mega geil."",""Sprecher 1"""
"2995250,""2996510"","" Vielen Dank für deine Teilnahme."",""Sprecher 1"""
"2997250,""2997930"","" Ich beende jetzt die Aktion."",""Sprecher 1"""
