"start,""end"",""text"",""speaker"""
"22240,""27300"","" Ich muss hier kurz irgendwelche Meldungen bestätigen."",""Sprecher 1"""
"27620,""29080"","" Hallo, hi."",""Sprecher 2"""
"29520,""30840"","" Hi, grüß dich."",""Sprecher 1"""
"31420,""32820"","" Hi, freut mich, vielen Dank."",""Sprecher 2"""
"33300,""34120"","" Ja, kein Problem."",""Sprecher 1"""
"37780,""41640"","" So, ich versuche mal ein bisschen hier zur Seite zu stehen, weil ich einen zweiten Bildschirm habe."",""Sprecher 1"""
"42800,""44360"","" Dass man mich so ein bisschen erkennt."",""Sprecher 1"""
"45460,""45860"","" Perfekt."",""Sprecher 2"""
"47240,""51300"","" Ich habe gerade den Link zur Studie in den Chat reingeschickt."",""Sprecher 2"""
"51800,""52660"","" Ja, Sekunde."",""Sprecher 1"""
"54180,""55380"","" Erst mal kurz gucken."",""Sprecher 1"""
"55640,""57680"","" Ich muss aber wieder klarkommen mit der ganzen Thematik hier."",""Sprecher 1"""
"59340,""59880"","" Das ist easy."",""Sprecher 1"""
"61360,""62760"","" Ja, schauen wir mal."",""Sprecher 1"""
"63019,""63640"","" So, da haben wir es."",""Sprecher 1"""
"63760,""64120"","" Ah, ah."",""Sprecher 1"""
"65160,""65440"","" Okay."",""Sprecher 1"""
"65940,""67400"","" Jetzt mache ich es schon noch ein bisschen lauter."",""Sprecher 1"""
"75430,""78170"","" Da haben wir es."",""Sprecher 1"""
"79270,""79870"","" So."",""Sprecher 1"""
"80710,""81310"","" Top."",""Sprecher 2"""
"81690,""85510"","" Sobald du bereit bist zu starten, bitte einmal den Bildschirm freigeben."",""Sprecher 2"""
"87310,""89390"","" Ja, mache ich auch gleich sofort."",""Sprecher 1"""
"91770,""93170"","" Dann packen wir dich darüber."",""Sprecher 1"""
"95070,""96550"","" Ich muss das arrangieren hier."",""Sprecher 1"""
"96730,""97570"","" Moment, Moment, Moment."",""Sprecher 1"""
"101070,""104170"","" Freigabe Desktop 2 freigeben."",""Sprecher 1"""
"106610,""108110"","" Ich hoffe, du siehst was."",""Sprecher 1"""
"108110,""109770"","" Ich sehe alles perfekt."",""Sprecher 2"""
"110010,""110590"","" Herzlichen Glückwunsch."",""Sprecher 2"""
"111610,""114010"","" Und mein Studium im Rahmen meiner Bachelorarbeit."",""Sprecher 2"""
"114910,""118310"","" Wenn du bereit bist zu starten, einmal bitte den Start-Button."",""Sprecher 2"""
"118830,""119150"","" Aha."",""Sprecher 1"""
"120630,""122290"","" Ich bin bereit zu starten."",""Sprecher 1"""
"123150,""123670"","" Perfekt."",""Sprecher 2"""
"125010,""130510"","" Hier einmal die Einverständniserklärung mit allen Eckdaten."",""Sprecher 2"""
"135690,""139230"","" Das Ganze wird aufgezeichnet auf Video."",""Sprecher 2"""
"139230,""140810"","" Alle Chats werden gespeichert."",""Sprecher 2"""
"140890,""143350"","" Alle Fragebögen werden gespeichert."",""Sprecher 2"""
"144090,""146130"","" Das Ganze wird auf Video aufgezeichnet."",""Sprecher 2"""
"146230,""147430"","" Danach transkribiert."",""Sprecher 2"""
"148090,""153510"","" Ich bin mir noch nicht sicher, ob ich die kompletten Videoaufnahmen mitgeben muss oder ob die Transkripte reichen werden."",""Sprecher 2"""
"154050,""154610"","" Okay."",""Sprecher 1"""
"155630,""161050"","" Das Ganze wird nur so lange gespeichert, wie es natürlich notwendig ist zur Auswertung meiner Arbeit."",""Sprecher 2"""
"163350,""167010"","" Jeder, der die Ergebnisse sehen möchte, kann sie danach gerne auch bekommen."",""Sprecher 2"""
"170110,""170870"","" Genau."",""Sprecher 2"""
"171030,""171650"","" Hier einmal."",""Sprecher 2"""
"174850,""176450"","" Ich liebe es."",""Sprecher 1"""
"177470,""178230"","" Sekunde."",""Sprecher 1"""
"180270,""185650"","" Ich bin ein Ami-Tastenbenutzer, deswegen..."",""Sprecher 1"""
"185650,""186810"","" Das habe ich eh nicht."",""Sprecher 1"""
"187810,""188330"","" Nein."",""Sprecher 2"""
"189070,""189290"","" Genau."",""Sprecher 2"""
"189450,""192290"","" Einmal absenden, dass du einverstanden wirst."",""Sprecher 2"""
"193270,""194290"","" Und dann auch weiter."",""Sprecher 2"""
"194450,""199450"","" Du wirst jetzt auch nicht mehr unter deinem Namen teilnehmen, sondern Person T10 sein."",""Sprecher 2"""
"199990,""201050"","" Juhu, T10."",""Sprecher 1"""
"201470,""212090"","" T10, genau, damit ich ganz schnell einfach unterscheiden kann, wer das Ganze in Person gemacht hat mit ThinkAloud-Protokoll und wer das Ganze so online gemacht hat."",""Sprecher 2"""
"212270,""214110"","" Wir haben zwei Arten von Studien."",""Sprecher 2"""
"214110,""230330"","" Einmal mit ThinkAloud für mehr qualitative Auswertung und dann noch das reine Online-Format, das dafür verwendet wird, ANOVA-Tests und Ähnliches drüber laufen zu lassen und die Chats-Patterns zu finden und einfach auch zu schauen, ob es da Unterschiede gibt."",""Sprecher 2"""
"230750,""230910"","" Okay."",""Sprecher 2"""
"231950,""232130"","" Genau."",""Sprecher 2"""
"232790,""234890"","" Es gibt immer einen Weiter-Button auf jeder Seite."",""Sprecher 2"""
"235010,""235950"","" Manchmal ist der ein bisschen verrutscht."",""Sprecher 2"""
"236050,""236890"","" Ich weiß es nicht, wieso."",""Sprecher 2"""
"237690,""239830"","" Keine Ahnung, die Seiten hauen nicht genau hin."",""Sprecher 2"""
"240550,""241130"","" Aber genau."",""Sprecher 2"""
"241530,""242150"","" Okay, gut."",""Sprecher 1"""
"242270,""243090"","" Dann machen wir mal weiter."",""Sprecher 1"""
"243090,""244970"","" Wir brauchen einfach für die Studie."",""Sprecher 2"""
"245390,""246470"","" Ah, okay, passt."",""Sprecher 1"""
"246650,""247610"","" Also einfach weiter, ne?"",""Sprecher 1"""
"248050,""248250"","" Genau."",""Sprecher 2"""
"250130,""252330"","" Jetzt kommst du zu Studienphase 1."",""Sprecher 2"""
"255910,""257529"","" Genau, hier ist erstmal der erste Ablauf."",""Sprecher 2"""
"257890,""264970"","" Du kriegst jetzt vier Nachrichtenartikel vorgezeigt."",""Sprecher 2"""
"265090,""268410"","" Die sind alle realen Nachrichtenartikel, die in Plaintext gezeigt werden."",""Sprecher 2"""
"268510,""275630"","" Das heißt, keine Autorenschaft, keine Internetseiten oder Ähnliches, wo das veröffentlicht worden ist oder was zu finden ist, sind zu sehen."",""Sprecher 2"""
"275630,""282690"","" Du sollst bitte die Glaubwürdigkeit der Artikel bewerten und dabei bitte laut denken."",""Sprecher 2"""
"283570,""286670"","" Du musst nicht vorlesen, sondern deine Gedanken einfach nur artikulieren."",""Sprecher 2"""
"286710,""288030"","" Okay, ich verstehe."",""Sprecher 1"""
"288770,""289510"","" Ich versuche es."",""Sprecher 1"""
"290150,""292690"","" Nach jedem Artikel kommt ein Fragebogen zur Glaubwürdigkeitsbewertung."",""Sprecher 2"""
"293630,""293750"","" Okay."",""Sprecher 1"""
"331720,""332680"","" Bitte laut denken."",""Sprecher 2"""
"334240,""334520"","" Okay."",""Sprecher 1"""
"335000,""339020"","" Ich bin noch gerade dabei, das einfach zu erfassen."",""Sprecher 1"""
"339780,""358650"","" Im Moment fasse ich das noch einfach sehr neutral auf."",""Sprecher 1"""
"359410,""370010"","" Ich mache mir da noch keine selber Gedanken, weil ich versuche, Themen, so wie sie da stehen, einfach sehr neutral zu bewerten."",""Sprecher 1"""
"370170,""381410"","" Und auch erstmal noch nicht so zu bewerten oder zu sagen, okay, ja, sieht jetzt irgendwie komisch aus oder so, aber jetzt muss ich erstmal noch ein bisschen weiterlesen."",""Sprecher 1"""
"441820,""443320"","" Das ist interessant."",""Sprecher 1"""
"443540,""456740"","" Also es wird tatsächlich solche Dinge verwendet, dass halt gesagt wird, dass zum Beispiel die TAS hier Desinformationen verbreitet, bezogen natürlich auf den Artikel vorher."",""Sprecher 1"""
"456960,""463300"","" Das weiß man jetzt selber gar nicht so wirklich, weil man selber ja auch nicht so in dieser ganzen Thematik drin ist."",""Sprecher 1"""
"463440,""468680"","" Das heißt, man liest jetzt sehr neutral tatsächlich diese Position sich durch."",""Sprecher 1"""
"468680,""491020"","" Das heißt, ich habe ja auch bisher noch keine Meinung dazu bilden können, weil das sehr, es ist natürlich, man hat jetzt wieder zwei Positionen oder zumindest eine Position, die dann sagt, okay, ja, da ist es quasi so, dass die TAS halt Desinformationen verbreitet aufgrund von möglicherweise Einflussnahme oder sonstiges oder Falschinformationen."",""Sprecher 1"""
"491060,""492040"","" Das kann ja durchaus sein."",""Sprecher 1"""
"492220,""495740"","" Das ist in der heutigen Zeit ja leider Gottes sehr häufig so."",""Sprecher 1"""
"495740,""561670"","" Muss auch sein, dass das immer ein bisschen so springt."",""Sprecher 1"""
"561830,""565750"","" Das ist schon kein leichter Artikel tatsächlich."",""Sprecher 1"""
"566050,""569950"","" Also es ist jetzt tatsächlich schon etwas höher."",""Sprecher 1"""
"570750,""576810"","" Das heißt, man muss schon sehr gut lesen, um das auch alles sehr gut aufzunehmen."",""Sprecher 1"""
"630540,""636240"","" Also soweit ich das bisher jetzt verstanden habe, geht es tatsächlich dann um dieses Foto, was veröffentlicht worden ist."",""Sprecher 1"""
"638200,""649840"","" Und ich bin jetzt auch an der Stelle, wo quasi oben bezüglich der Information der Freigabe von solchen tatsächlichen Fotos dann geht."",""Sprecher 1"""
"650520,""662160"","" Ich kann mir sehr gut vorstellen, dass es dann tatsächlich im Interesse der Russlands liegt, weil wenn die tatsächlich das genehmigen müssen, dass solche Fotos tatsächlich veröffentlicht werden."",""Sprecher 1"""
"754030,""757070"","" Also jetzt am Ende muss ich auch tatsächlich gestehen,"",""Sprecher 1"""
"757130,""761110"","" dass ich den Artikel jetzt schon eher tatsächlich sagen würde,"",""Sprecher 1"""
"761250,""765370"","" okay, das klingt schon eher nach so einer Thematik, wo man sagt,"",""Sprecher 1"""
"765530,""773570"","" okay, das ist, wie soll man sagen, also quasi die Dame aus der Ukraine"",""Sprecher 1"""
"773570,""776410"","" kriegt von mir dann eher so ein bisschen den Zuspruch tatsächlich,"",""Sprecher 1"""
"776650,""779130"","" weil viele Faktoren, gut, abgesehen davon,"",""Sprecher 1"""
"779210,""782290"","" dass man vieles von dem nicht kennt, aber einige dieser Faktoren"",""Sprecher 1"""
"782290,""786630"","" natürlich für DISS dann spricht, dass man tatsächlich von solchen Themen,"",""Sprecher 1"""
"786630,""792130"","" die sie selber auch anspricht, hier tatsächlich zustimmen kann."",""Sprecher 1"""
"848890,""853390"","" Okay, jetzt weiter dann ganz normal."",""Sprecher 1"""
"854530,""855530"","" Dann schauen wir mal."",""Sprecher 1"""
"856430,""858370"","" Dann öffnet sich jetzt der Fragebogen."",""Sprecher 2"""
"868060,""869200"","" Achso, hier noch mal mein Name."",""Sprecher 1"""
"870020,""872160"","" Nein, genau, hier nicht mehr, sondern T10."",""Sprecher 2"""
"872160,""874100"","" T10, okay, passt."",""Sprecher 1"""
"877940,""883670"","" Okay, schwierig zu sagen."",""Sprecher 1"""
"885250,""900410"","" Also, wie gesagt, man liest sich das ja durch und man kennt ja, dass viele Artikel, also heutzutage zu unterscheiden, was wirklich noch glaubwürdig ist oder nicht, das ist halt so eine Thematik."",""Sprecher 1"""
"900870,""911730"","" Also ja, einerseits glaube ich dem schon, also quasi aufgrund dieser Thematik, dass vieles, was man so kennt oder hört, tatsächlich einigermaßen zutrifft hier an der Stelle."",""Sprecher 1"""
"912390,""917410"","" Also ich schwanke so zwischen 5 und 6, weil, wie gesagt, ich kann es selber nicht direkt einschätzen."",""Sprecher 1"""
"917510,""918550"","" Also ich könnte jetzt nicht wirklich sagen,"",""Sprecher 1"""
"918630,""923690"","" ah ja, absolut ja, weil ich bin, also von mir,"",""Sprecher 1"""
"923810,""926250"","" meiner Seite, selbst wenn es ein glaubwürdiger Artikel ist,"",""Sprecher 1"""
"926530,""929510"","" muss ich leider heutzutage immer das sehr kritisch halt tatsächlich sehen,"",""Sprecher 1"""
"929510,""935910"","" weil selbst wenn ich früher Focus oder Welt oder was auch immer gelesen habe"",""Sprecher 1"""
"935910,""939470"","" und gehört habe und die auch wirklich sehr kritische Themen verfasst haben,"",""Sprecher 1"""
"939550,""941170"","" wo man gesagt hat, das ist sehr glaubwürdig,"",""Sprecher 1"""
"941610,""944630"","" weil das Problem ist, du kannst zwar gestern gesagt haben,"",""Sprecher 1"""
"944690,""946590"","" ja, ist absolut korrekt, was sie geschrieben haben"",""Sprecher 1"""
"946590,""948570"","" und Welt ist das Beste, was es gibt oder so"",""Sprecher 1"""
"948570,""951050"","" und heute, oder FAZ, was auch immer,"",""Sprecher 1"""
"951210,""953410"","" und heutzutage ist es halt so, dass die selber halt schauen,"",""Sprecher 1"""
"953530,""956590"","" wie sie ihre Artikel verfassen und so weiter."",""Sprecher 1"""
"956590,""959490"","" Also ja, ich würde mal eher so 5 sagen."",""Sprecher 1"""
"960090,""971750"","" Ich bin mir da jetzt tatsächlich nicht so ganz sicher, wie ich das bewerten würde, aber ich bin schon eher in die Richtung, dass ich dem Artikel schon Glauben schenke."",""Sprecher 1"""
"972330,""973550"","" Jetzt kommt die gemeine Frage."",""Sprecher 2"""
"977780,""981940"","" Ja, das ist genau das, was ich ja gerade eingangs erwähnt habe."",""Sprecher 1"""
"983500,""989200"","" Auf der einen Seite denkt man immer, oh ja, das ist alles glaubwürdig, auf der anderen Seite ist man ja selber sehr selbstkritisch."",""Sprecher 1"""
"989600,""994300"","" Also ich würde tatsächlich einfach mal hier auf 3 sagen, weil, wie gesagt, ich weiß es nicht."",""Sprecher 1"""
"994480,""997820"","" Ich bin da schon eher ein bisschen unsicher, was das angeht."",""Sprecher 1"""
"997920,""1011700"","" Also heutzutage wirklich Artikel zu lesen und Nachrichten zu schauen oder in die Zeitung reinzublättern, egal, was es mittlerweile für eine Zeitung ist, es ist schwierig, das einzuschätzen tatsächlich, wie man das heutzutage sehen möchte."",""Sprecher 1"""
"1011920,""1020240"","" Und gerade der Ukraine-Krieg ist halt auch so eine Thematik, die nicht so einfach ist tatsächlich."",""Sprecher 1"""
"1021440,""1022320"","" Schauen wir mal hier."",""Sprecher 1"""
"1023680,""1026680"","" Genau, die erste Frage kann man auf unterschiedliche Art und Weise lesen."",""Sprecher 2"""
"1026819,""1034920"","" Entweder man nimmt das Erste in der Skala oder man nimmt das letzte Eins bis Sieben in der Skala, weil es eigentlich um die Merkmalsbeeinflussung geht."",""Sprecher 2"""
"1036640,""1042400"","" Das wird dann unterschiedlich bewertet, weil wir hier Protokolle haben."",""Sprecher 2"""
"1042400,""1045500"","" Ach so, okay, das heißt..."",""Sprecher 1"""
"1045500,""1053760"","" Entweder du bewertest, wie hoch dich der Punkt beeinflusst hat oder wie du das Sprachniveau einordnest."",""Sprecher 2"""
"1054860,""1059880"","" Ach so, das heißt, Eins ist dann wahrscheinlich sehr emotional und Sieben ist das sehr sachlich dann."",""Sprecher 1"""
"1060320,""1066040"","" Genau, oder das Merkmal hat mich besonders stark beeinflusst oder gar nicht beeinflusst."",""Sprecher 2"""
"1066200,""1071620"","" Okay, also es ist schon emotional geschrieben, ja doch, es ist eher emotionaler geschrieben."",""Sprecher 1"""
"1076410,""1078070"","" Ja, das ist auch so eine Thematik."",""Sprecher 1"""
"1078210,""1080090"","" Ich nehme das mal hier auf Vier."",""Sprecher 1"""
"1087760,""1093080"","" Also ja, man hat schon relativ viele Fakten gelesen, aber es sind ja auch nicht wirklich..."",""Sprecher 1"""
"1093080,""1097180"","" Fakten sind ja auch für mich so eine Art Beweisführung tatsächlich."",""Sprecher 1"""
"1097500,""1106480"","" Also natürlich wurden einige Fakten dargelegt, aber das meiste ist ja immer auch so eine Thematik wie ja, es ist da, aber es ist jetzt auch nicht so wirklich bewiesen tatsächlich."",""Sprecher 1"""
"1108500,""1116600"","" Struktur, Logik, ja, es ist schon okay."",""Sprecher 1"""
"1121420,""1123540"","" Das ist Vorwissen zum Thema oder Fakten."",""Sprecher 1"""
"1123660,""1129800"","" Das bezieht sich jetzt dann auch noch normal auf den Artikel, wo quasi noch Vorwissen präsentiert worden ist und so weiter."",""Sprecher 1"""
"1138020,""1139400"","" Ja, das muss man mit hoch bewerten."",""Sprecher 1"""
"1139600,""1141020"","" Also die Länge ist schon..."",""Sprecher 1"""
"1141640,""1145480"","" Ja, das war schon lang und ausführlich, sehr emotional."",""Sprecher 1"""
"1152790,""1154790"","" Genau, das ist dann wieder meine Thematik."",""Sprecher 1"""
"1155010,""1156690"","" Bauchführung oder Intuition."",""Sprecher 1"""
"1156830,""1161190"","" Achso, das ist, ob das jetzt Bauchgefühl geschrieben ist oder sehr intuitiv."",""Sprecher 1"""
"1161190,""1161970"","" Nein, deins."",""Sprecher 2"""
"1163310,""1164070"","" Das ist meins?"",""Sprecher 1"""
"1164470,""1164690"","" Genau."",""Sprecher 2"""
"1165430,""1168210"","" Okay, da bin ich eher so..."",""Sprecher 1"""
"1168210,""1170010"","" Wie mich dieses Merkmal beeinflusst hat, genau."",""Sprecher 2"""
"1170210,""1170790"","" Ja, okay."",""Sprecher 1"""
"1171710,""1174570"","" Ja, es ist schwierig tatsächlich bei mir, weil ich da sehr..."",""Sprecher 1"""
"1174570,""1180350"","" Also es ist ja tatsächlich so, dass ich sehr sachlich an solche Thematiken versuche, auch sehr unemotional."",""Sprecher 1"""
"1180950,""1184370"","" Weil das Problem ist halt, dass mich das dann auch immer sehr gut beeinflussen könnte."",""Sprecher 1"""
"1184950,""1186750"","" Also wenn ich sehr emotional da dran gehe."",""Sprecher 1"""
"1186930,""1195530"","" Und meistens ist es so, wenn du so sehr emotionale Berichte liest, da geht es meistens tatsächlich auf Opferpräsentierung und so weiter."",""Sprecher 1"""
"1196450,""1200110"","" Das ist ja jetzt hier eher diese Thematik mit dem Foto."",""Sprecher 1"""
"1201210,""1204950"","" Ja, das ist so halb-halb dann tatsächlich."",""Sprecher 1"""
"1206530,""1208450"","" Offene Begründung der Bewertung."",""Sprecher 1"""
"1213080,""1217080"","" Okay, da bräuchte ich mal so ein Beispiel, was da für die Glaubwürdigkeitseinschätzung..."",""Sprecher 1"""
"1217720,""1221120"","" Also das ist jetzt meine Einschätzung, wie glaubwürdig generell dieses..."",""Sprecher 1"""
"1221740,""1223540"","" Genau, was sich darauf beeinflusst hat."",""Sprecher 2"""
"1226210,""1227090"","" Okay, also..."",""Sprecher 1"""
"1249600,""1251200"","" Schauen, ob das da passt."",""Sprecher 1"""
"1251780,""1265820"","" Also quasi, ich gehe tatsächlich davon aus, dass es glaubwürdig ist, weil Fakten halt genannt worden sind, die ich auch so unterschreiben kann und die ich aus anderen Artikeln selber dann auch herausgelesen habe."",""Sprecher 1"""
"1266000,""1268980"","" Reicht das denn aus, oder soll ich nochmal ein bisschen mehr formulieren?"",""Sprecher 1"""
"1269040,""1273500"","" Nein, es gibt da kein richtig, kein falsch, kein irgendwas, sondern wirklich..."",""Sprecher 2"""
"1306480,""1307200"","" So, dann..."",""Sprecher 1"""
"1312920,""1313520"","" Ja."",""Sprecher 2"""
"1314120,""1316180"","" Okay, dann sende ich das ab."",""Sprecher 1"""
"1316240,""1317260"","" Oder brauchst du noch irgendwas anderes?"",""Sprecher 1"""
"1317840,""1324220"","" Nein, dann geht es mit dem Absenden und weiter runter ist der nächste Weiter-Button und es geht zum nächsten Artikel."",""Sprecher 2"""
"1324220,""1328220"","" Ah, okay, der ist gut positioniert."",""Sprecher 1"""
"1329240,""1329480"","" Okay."",""Sprecher 1"""
"1340320,""1340900"","" Ja, okay."",""Sprecher 1"""
"1342500,""1344680"","" Das ist natürlich ein sehr schöner Artikel."",""Sprecher 1"""
"1348260,""1350640"","" Gerade der erste Satz ist natürlich so eine Thematik."",""Sprecher 1"""
"1350840,""1354660"","" Man sagt ja immer, Strafverfolgung, die sollen sofort tätig werden, bei solchen Thematiken."",""Sprecher 1"""
"1354900,""1367500"","" Problem ist halt, ja, das ist so ein Thema, gegen ein Staatsapparat oder bestimmte Personen in einem Staatsapparat so zu agieren, ist immer so ein schwieriges Thema."",""Sprecher 1"""
"1368220,""1373320"","" Also ich verstehe das und ja, schwieriges Thema."",""Sprecher 1"""
"1374860,""1375660"","" Schwieriges Thema."",""Sprecher 1"""
"1378460,""1394600"","" Also ich bin absolut dafür, dass wenn man halt tatsächlich so etwas macht wie Putin jetzt mit der Ukraine, dass natürlich irgendein Apparat da tätig sein sollte und natürlich das auch anzeigen sollte und auch offenlegen sollte."",""Sprecher 1"""
"1394700,""1403280"","" Vor allen Dingen ist das Problem bei dieser ganzen, ohne mir jetzt weiter den Artikel durchzulesen, weil da habe ich schon meine Meinung drüber, das Problem ist halt einfach diese Unwissenheit generell."",""Sprecher 1"""
"1403760,""1412520"","" Die sollten eigentlich auch das veröffentlichen, alles das, was quasi gesammelt worden ist, dass man das quasi verwendet und auch der Öffentlichkeitsverfügung zu stellen."",""Sprecher 1"""
"1412700,""1414220"","" Aber ich lese mir das jetzt erstmal weiter durch."",""Sprecher 1"""
"1414980,""1416140"","" Vielleicht haben sie es ja schon gemacht."",""Sprecher 1"""
"1425630,""1427570"","" Ja, das ist..."",""Sprecher 1"""
"1434180,""1438200"","" Ja, aber da sieht man ganz klar auch, wieder beim zweiten Thematik, auch mit dieser ganzen Militärparade."",""Sprecher 1"""
"1438480,""1446380"","" Also gerade Putin weiß ganz genau mit seinem kompletten Staatsapparat, wie man solche Propaganda schürt und auch solche Dinge verkauft tatsächlich."",""Sprecher 1"""
"1446660,""1448560"","" Also das ist tatsächlich so eine Thematik."",""Sprecher 1"""
"1449220,""1450780"","" Die sind auf Kurs."",""Sprecher 1"""
"1451300,""1454260"","" Die viele in Russland sind auf Kurs."",""Sprecher 1"""
"1454380,""1458620"","" Das bedeutet da relativ gute freie Hand tatsächlich."",""Sprecher 1"""
"1459080,""1471020"","" Und das Lustige ist, wenn wir mehr nörgeln und auch aus dem Westen heraus mehr agieren und du, du, du sagst, ohne wirklich aktiv zu werden, ist es auch immer so eine Farce tatsächlich."",""Sprecher 1"""
"1471360,""1479460"","" Weil wir natürlich auch eher so, ja, natürlich sagen wir, und was auch richtig ist, wir verurteilen natürlich diesen Angriffskrieg."",""Sprecher 1"""
"1480760,""1491160"","" Aber mal abgesehen davon, dass wir natürlich Waffen an die Ukraine liefern, sind wir eigentlich, mal abgesehen davon, dass wir es ja nicht offiziell wissen, aber weiterhin nicht tätig und so weiter."",""Sprecher 1"""
"1491420,""1492060"","" Also das ist halt,"",""Sprecher 1"""
"1493680,""1494860"","" da müsste auch der Staat mehr"",""Sprecher 1"""
"1494860,""1496600"","" in diese Offenlegenheit tatsächlich"",""Sprecher 1"""
"1497200,""1498520"","" reingehen und sagen, okay,"",""Sprecher 1"""
"1499020,""1501340"","" wir verurteilen das alles tatsächlich"",""Sprecher 1"""
"1501340,""1503040"","" und wir haben auch vom"",""Sprecher 1"""
"1503040,""1504500"","" UN-Rat und von"",""Sprecher 1"""
"1505040,""1506700"","" jetzt dem ganzen Gericht,"",""Sprecher 1"""
"1507340,""1508780"","" nicht europäischen, sondern"",""Sprecher 1"""
"1508780,""1511440"","" diesem Weltgerichtshof, das angezeigt,"",""Sprecher 1"""
"1511560,""1512780"","" das wurde ja auch entsprechend"",""Sprecher 1"""
"1512780,""1514660"","" dann gesagt, dass Putin halt"",""Sprecher 1"""
"1515940,""1516860"","" angeklagt wird"",""Sprecher 1"""
"1516860,""1517900"","" und deswegen"",""Sprecher 1"""
"1519760,""1521360"","" einen internationalen Haftbefehl"",""Sprecher 1"""
"1521360,""1522380"","" gibt, aber das ist halt"",""Sprecher 1"""
"1522380,""1524620"","" eine Thematik, die halt auf dem"",""Sprecher 1"""
"1524620,""1526360"","" Papier steht und dann sind wir beruhigt"",""Sprecher 1"""
"1526360,""1528320"","" und ja, dann müssen wir mal sehen,"",""Sprecher 1"""
"1528420,""1529720"","" wie es tatsächlich dann weitergeht."",""Sprecher 1"""
"1563060,""1569960"","" Ja, Den Haag ist aktiv geworden, dann haben wir einen Haftbefehl erlassen, aber ja."",""Sprecher 1"""
"1576040,""1592500"","" Und das ist auch wieder klar, weil es ist ja auch so, dass gerade Den Haag, also quasi der internationale Gerichtshof, muss natürlich auch von gewissen Staaten anerkannt werden oder anerkannt sein und das haben wir ja tatsächlich bei vielen großen Weltmächten ja überhaupt gar nicht."",""Sprecher 1"""
"1593300,""1594060"","" Selbst die Amis"",""Sprecher 1"""
"1594060,""1596020"","" machen das ja so, wie sie gerade"",""Sprecher 1"""
"1596020,""1597360"","" für lustig oder"",""Sprecher 1"""
"1599120,""1599640"","" quasi"",""Sprecher 1"""
"1599640,""1601820"","" wie sie gerade wollen, sagen wir es mal"",""Sprecher 1"""
"1601820,""1603840"","" eher so und dadurch,"",""Sprecher 1"""
"1604000,""1605800"","" dass ja auch Moskau das alles nicht anerkannt"",""Sprecher 1"""
"1605800,""1606760"","" hat und"",""Sprecher 1"""
"1607720,""1609900"","" die Befugnis oder generell auch diese ganze"",""Sprecher 1"""
"1609900,""1611140"","" Thematik ja relativ,"",""Sprecher 1"""
"1613000,""1613260"","" also"",""Sprecher 1"""
"1613920,""1615560"","" ich würde jetzt nicht sagen, es ist auf"",""Sprecher 1"""
"1615560,""1617820"","" einem Witzniveau, aber es ist schon"",""Sprecher 1"""
"1617820,""1618540"","" leider"",""Sprecher 1"""
"1620680,""1621940"","" teilweise schon schade,"",""Sprecher 1"""
"1622160,""1623960"","" dass da nicht"",""Sprecher 1"""
"1623960,""1625200"","" wirklich diese"",""Sprecher 1"""
"1626740,""1627860"","" konkretisierte Thematik ist"",""Sprecher 1"""
"1627860,""1629680"","" zu sagen, okay, man muss halt wirklich"",""Sprecher 1"""
"1629680,""1631100"","" was unternehmen an der Stelle"",""Sprecher 1"""
"1633360,""1635720"","" und die Chancen waren ja auch schon da damals,"",""Sprecher 1"""
"1635940,""1637820"","" aber es hat ja niemand was gemacht."",""Sprecher 1"""
"1683310,""1690150"","" Also der Lacher war tatsächlich auf diese Überschrift gemünzt, dass das Gericht wäre halb ukrainisch, halb international."",""Sprecher 1"""
"1696300,""1699360"","" So kann man es natürlich auch formulieren, wenn man auf der anderen Seite steht."",""Sprecher 1"""
"1775100,""1775200"","" Gut."",""Sprecher 1"""
"1776140,""1778020"","" Und wieder derselbe Tagebogen."",""Sprecher 2"""
"1782210,""1785570"","" Ja, da kann ich mal als T10 einen Genau."",""Sprecher 1"""
"1789620,""1801220"","" Also tatsächlich ist das so, dass ich den Artikel glaubwürdiger finde, selber von meiner persönlichen Meinung tatsächlich, also ich gebe mal eine 6, ich bin jetzt keiner, der immer voll auf alles vertraut."",""Sprecher 1"""
"1801420,""1805400"","" Es ist immer so, dass ich selber, wie gesagt, selbstkritisch bin, was das angeht, deswegen gibt es eine 6."",""Sprecher 1"""
"1807500,""1809020"","" Also er ist glaubwürdig, finde ich."",""Sprecher 1"""
"1810660,""1813160"","" Also tatsächlich bin ich auch sehr sicher, dass er glaubwürdig ist."",""Sprecher 1"""
"1818280,""1819680"","" Also er ist sehr sachlich geschrieben."",""Sprecher 1"""
"1822580,""1824300"","" Es gibt ein paar von den Fach..."",""Sprecher 1"""
"1824300,""1824660"","" Ja."",""Sprecher 1"""
"1850320,""1850940"","" Sehr gut."",""Sprecher 1"""
"1858980,""1915680"","" Ja, da muss ich sagen, ich mache da noch die Äs und Ös und Üs rein."",""Sprecher 1"""
"1917740,""1918180"","" Okay."",""Sprecher 1"""
"1920040,""1929020"","" Also hier ist tatsächlich auch das, weil man selber so ein bisschen auch, man hat es ja selber, glaube ich, gerade gemerkt, dass mich das Thema schon ein bisschen getriggert hat tatsächlich."",""Sprecher 1"""
"1930180,""1944700"","" Es ist halt immer sehr schwierig, tatsächlich auch bei dieser Faktenlage zu sagen, okay, ja, das ist aber auch ein bisschen so emotionale Thematik, aber ich fand ihn sehr gut formuliert, fand ihn auch tatsächlich von der Faktenlage recht gut."",""Sprecher 1"""
"1945000,""1950220"","" Er war sehr trocken, also da war jetzt nichts Großartiges, wo ich sagen müsste, da ist jetzt irgendwelche Emotionen."",""Sprecher 1"""
"1950640,""1957760"","" Bin halt eher der Mensch, der sehr gerne fachliche Informationen haben möchte, das relativ trocken tatsächlich präsentiert haben möchte."",""Sprecher 1"""
"1959100,""1962100"","" Genau, weil das ist halt einfach Berichterstattung."",""Sprecher 1"""
"1962100,""1964280"","" Genau, sonst gucke ich Bild oder so."",""Sprecher 1"""
"1965120,""1965300"","" Gut."",""Sprecher 1"""
"1970020,""1971500"","" Wollen wir deinen Weiterwarten suchen?"",""Sprecher 2"""
"1973180,""1974720"","" Der ist in der Mitte, ich sehe es."",""Sprecher 1"""
"1981480,""1982560"","" Ja, finde ich gut."",""Sprecher 1"""
"1989450,""1992190"","" Also wenn man natürlich das so sehen möchte."",""Sprecher 1"""
"1994330,""1996250"","" Ja, Russland, der Friedensstifter."",""Sprecher 1"""
"2040820,""2043560"","" Das ist jetzt auch so ein gefährlicher Artikel tatsächlich."",""Sprecher 1"""
"2044920,""2058500"","" Weil das Problem ist jetzt tatsächlich, dass das sehr prorussisch klingt, weil man natürlich jetzt hier versucht etwas, wie sagt man so schön, also von der Überschrift her klingt das natürlich sehr prorussisch."",""Sprecher 1"""
"2059340,""2063719"","" Das heißt, man versucht jetzt hier Russland als solches in einem guten Bild darzustellen."",""Sprecher 1"""
"2063820,""2074500"","" Das ist gefährlich bei der Glaubwürdigkeit, weil es kann ja durchaus sein, dass das glaubwürdig ist, aber aufgrund der derzeitigen Situation, glaube ich, werden viele das als unglaubwürdig definieren."",""Sprecher 1"""
"2074960,""2090520"","" Und das ist so eine Thematik, wo ich dann sehr, sehr, also das selber sehr gefährlich sehe tatsächlich oder generell als sehr gefährlich empfinde, weil ich selber auch nicht weiß, wie ich das beurteilen würde, weil ich kenne mich da mit dieser ganzen Thematik überhaupt nicht aus."",""Sprecher 1"""
"2091260,""2110880"","" Und wenn ich jetzt nur rein von der Sachlage des Artikels ausgehe, kann ich das natürlich glauben, wobei man das Gefühl hat, zu sagen, okay, ja, vielleicht ist es doch nicht glaubwürdig, weil das natürlich sehr prorussisch jetzt definiert ist, aber wie gesagt, sehr schwierig tatsächlich."",""Sprecher 1"""
"2112360,""2114120"","" Deswegen lesen wir das mal weiter durch."",""Sprecher 1"""
"2259820,""2260100"","" Ja."",""Sprecher 1"""
"2265290,""2265570"","" Ja."",""Sprecher 1"""
"2269290,""2269630"","" Ja."",""Sprecher 1"""
"2270990,""2273130"","" Ah, wirklich sehr interessanter Text rausgesucht."",""Sprecher 1"""
"2273930,""2278770"","" Ich glaube, den wird jeder irgendwie anders triggern tatsächlich."",""Sprecher 1"""
"2279830,""2280490"","" Sehr gut."",""Sprecher 1"""
"2291580,""2299220"","" Das Problem bei diesem Artikel tatsächlich und der Glaubwürdigkeit ist, ja, gewisse Teile glaubt man, gewisse Teile glaubt man nicht."",""Sprecher 1"""
"2299340,""2307580"","" Es liest sich wie eine Art Propagandatext tatsächlich innerhalb einer bestimmten Zeitung oder eines Textes generell oder wie auch immer."",""Sprecher 1"""
"2308380,""2313240"","" Und es ist tatsächlich so, dass ich hier sehr schwierig sagen kann."",""Sprecher 1"""
"2313240,""2325340"","" Ja klar, so Aspekte kann man glauben, wie zum Beispiel, dass tatsächlich Russland zum Zarenreich möglicherweise Armenien geholfen hat, dort klar zu kommen gegen die Türken, war halt eine andere Zeit."",""Sprecher 1"""
"2325920,""2332780"","" Das ist vor dem Ersten Weltkrieg, vor dem Zweiten Weltkrieg, da war die Welt halt sehr auf Krieg getrimmt tatsächlich."",""Sprecher 1"""
"2334620,""2337640"","" Ja, kann ich mir vorstellen, dass vielleicht Russland da auch geholfen hat."",""Sprecher 1"""
"2337760,""2340660"","" Es gab ja auch viele andere Thematiken."",""Sprecher 1"""
"2340660,""2347380"","" Dann natürlich das zur UDSSR-Zeit, dass man theoretisch Krankenhäuser aufgebaut ist."",""Sprecher 1"""
"2347540,""2348360"","" Ich kenne das tatsächlich."",""Sprecher 1"""
"2348480,""2368260"","" Es gab sehr viele Kriegsgefangene zu der Zeit, sehr viele sind umgekommen, war halt wie gesagt eine andere Zeit und wenn man das mal gegenüber eines Kriegsgefangenenlagers im Westen sich anschaut, ja, also ich würde schwierig."",""Sprecher 1"""
"2370020,""2372440"","" Also ich weiß es tatsächlich nicht."",""Sprecher 1"""
"2372440,""2374160"","" Also ich sage jetzt mal eine Vier"",""Sprecher 1"""
"2374160,""2375800"","" tatsächlich im mittleren Bereich, weil ich"",""Sprecher 1"""
"2375800,""2377960"","" zwischen, ja, es ist glaubwürdig,"",""Sprecher 1"""
"2378040,""2379320"","" weil gewisse Fakten"",""Sprecher 1"""
"2380360,""2382080"","" gibt es wahrscheinlich und die"",""Sprecher 1"""
"2382080,""2383720"","" kann man auch glauben, aber dieser"",""Sprecher 1"""
"2384320,""2386440"","" Text als solches ist sehr"",""Sprecher 1"""
"2391320,""2392200"","" löblich geschrieben"",""Sprecher 1"""
"2392200,""2394100"","" auf Seiten von den Dingen,"",""Sprecher 1"""
"2394120,""2395380"","" die man halt auch kennt,"",""Sprecher 1"""
"2396040,""2397880"","" wie zum Beispiel, dass die UDSSR auch"",""Sprecher 1"""
"2397880,""2399840"","" nicht gut mit ihren Kriegsgefangenen"",""Sprecher 1"""
"2399840,""2401380"","" umgegangen sind und so weiter und trotzdem"",""Sprecher 1"""
"2401380,""2403360"","" gesagt wird, oh ja, die waren halt"",""Sprecher 1"""
"2403360,""2405340"","" zu der Zeit doch recht gut,"",""Sprecher 1"""
"2405600,""2405760"","" aber"",""Sprecher 1"""
"2407040,""2407460"","" ja,"",""Sprecher 1"""
"2410770,""2412810"","" da bin ich mir tatsächlich sehr unsicher."",""Sprecher 1"""
"2413030,""2424960"","" Also eher so in die Richtung unsicher, sehr unsicher, weil ich kann das nicht einschätzen, weil es halt wie gesagt sehr propagandalastig geschrieben ist tatsächlich."",""Sprecher 1"""
"2429120,""2430960"","" Ja, das ist so eine Mischung aus beidem."",""Sprecher 1"""
"2452010,""2466740"","" Also das ist wirklich ein sehr schwieriger Artikel, weil natürlich kann man diese Faktenlage herausstechen, aber ich persönlich habe eher das Gefühl, dass das tatsächlich eher auf Propaganda getrimmt ist tatsächlich, ohne dass das wirklich sehr faktenhaltig ist."",""Sprecher 1"""
"2470240,""2474120"","" Deswegen bin ich da extrem unsicher, was das dann geht."",""Sprecher 1"""
"2478760,""2480240"","" Eher in die Richtung."",""Sprecher 1"""
"2523560,""2540560"","" Also da beziehe ich mich tatsächlich eher so darauf, dass halt gesagt wird, dass es sehr prorussisch ist tatsächlich und ich das Gefühl habe, diese Seite wählen zu müssen, weil man ja diese klaren Strukturen sieht, was natürlich Russland früher und heute alles so geleistet hat."",""Sprecher 1"""
"2541340,""2554780"","" Und deswegen meine ich jetzt, dass man halt wie gesagt eingangs dieses Propagandathematik ist, wobei es tatsächlich möglicherweise wahre Fakten beinhalten kann."",""Sprecher 1"""
"2554780,""2565460"","" Man selber aber eher das Gefühl haben sollte, diesen Artikel eher als schlecht oder alternativ als unglaubwürdig zu bezeichnen tatsächlich an der Stelle."",""Sprecher 1"""
"2567020,""2569360"","" Also voll rein vom Gefühl her."",""Sprecher 1"""
"2572340,""2573940"","" Und wie wir den Weiter-Button suchen?"",""Sprecher 2"""
"2574100,""2575960"","" Ich glaube hier ist er irgendwo ganz weit oben."",""Sprecher 2"""
"2576400,""2577840"","" Er rutscht immer weiter runter."",""Sprecher 1"""
"2578520,""2579440"","" Es ist verrückt."",""Sprecher 2"""
"2579540,""2581480"","" Ich habe es wirklich schon mehrfachst überarbeitet."",""Sprecher 2"""
"2581600,""2582140"","" Es geht nicht."",""Sprecher 2"""
"2584160,""2586880"","" Diese Fragebögen-Einbindung hasst er."",""Sprecher 2"""
"2587680,""2590260"","" Aber wenn du den Leuten das sagst, dann passt es ja."",""Sprecher 1"""
"2695480,""2696560"","" Bitte laut denken."",""Sprecher 2"""
"2698120,""2702140"","" Das ist tatsächlich noch keine großen Gedanken dabei."",""Sprecher 1"""
"2703200,""2708640"","" Im Moment versuche ich nur einfach das aufzunehmen an Informationen, die tatsächlich in diesem Text selber stehen."",""Sprecher 1"""
"2727480,""2746740"","" Das ist halt tatsächlich etwas schwieriger zu verstehen, den Text, weil zuerst wird halt über Frankreich geschrieben, dann plötzlich über Deutschland und mittendrin verliert man den Faden diesbezüglich, weil dann einfach nur noch über irgendwelche Abgeordnete geredet wird und jetzt man nicht mehr weiß, ob man jetzt tatsächlich in Frankreich oder in Deutschland ist."",""Sprecher 1"""
"2747420,""2751240"","" Das heißt, es ist halt ein bisschen schwierig, tatsächlich da den Faden zu behalten."",""Sprecher 1"""
"2754940,""2759200"","" Wahrscheinlich kann man es auf beides, weil oben ja auch genannt worden ist, dass wahrscheinlich alle Parteien das machen."",""Sprecher 1"""
"2759280,""2764380"","" Deswegen ist es wahrscheinlich einfach auf alles gemünzt, was so rumläuft."",""Sprecher 1"""
"2779580,""2781740"","" Und jetzt kommen wir natürlich wieder zurück zu dem Fall selber."",""Sprecher 1"""
"2787080,""2799680"","" Das finde ich immer so bei Artikeln tatsächlich sehr spannend, weil eigentlich ist es so, der Kerntext ist vielleicht so zwei, drei Sätze lang, das, was man eigentlich als Information haben möchte und was da passiert."",""Sprecher 1"""
"2799780,""2806400"","" Aber man baut halt nochmal eine Story drumherum und möchte natürlich ein bisschen mehr bieten, als so diesen kurzen Text tatsächlich."",""Sprecher 1"""
"2813090,""2824070"","" Und das ist das, was ich halt immer ein bisschen schwierig finde, tatsächlich, weil dieses Drumherum, ich sage es jetzt einfach, dieses Drumherum-Gelaber, das mag ich einfach gar nicht."",""Sprecher 1"""
"2829830,""2831710"","" Aber man muss den Leser ja bei Laune halten."",""Sprecher 1"""
"2847130,""2848510"","" Wo war ich da?"",""Sprecher 1"""
"2849950,""2850430"","" Genau."",""Sprecher 1"""
"2890740,""2891980"","" Das ist schön."",""Sprecher 1"""
"2892800,""2916600"","" Also es ist tatsächlich so, dass der Artikel halt, er hat eine Kernaussage, ja, aber er springt dann halt durch alles Mögliche in der Landschaft, gerade das jetzt hier mit Twitter und so weiter, mit dem Homeoffice und was auch immer dann zu vergleichen, ja, weil die Leute kennen das halt nicht anders, aber ja, da denkt man sich auch, was hat das da zu suchen tatsächlich?"",""Sprecher 1"""
"2975850,""2986890"","" Ich muss jetzt erstmal meinen Gehirn tatsächlich ein bisschen klarkommen auf die Thematik, weil oben wird ja quasi über diese Thematik Le Pen geredet, was da vorgefallen ist."",""Sprecher 1"""
"2987550,""3002630"","" Dann wurde ja explizit gesagt, ja, das ist jetzt keine Thematik bezüglich, ja, man will sie davon abhalten, in irgendeiner Art und Weise zu kandidieren, sondern wenn sie verurteilt wird, dann darf sie es halt nicht, aber wenn sie aktuellen Stand, darf sie halt weiter kandidieren, zu der Zeit halt."",""Sprecher 1"""
"3002710,""3030390"","" Und jetzt hier unten geht es halt einfach darum, einfach unten rangeklatscht quasi, ja, das ist jetzt hier, um sie daran abzuhalten, selber zu kandidieren oder zu bremsen und dann bezüglich, ja, das ist jetzt irgendeine Thematik wegen Macron, also quasi als Erfüllungshilfe hier, damit er dann weiter Präsident ist oder genau."",""Sprecher 1"""
"3032830,""3057010"","" Das ist schon irgendwie, also, was lustig ist, dass der letzte Satz tatsächlich die Glaubwürdigkeit des Artikels herabsetzt tatsächlich."",""Sprecher 1"""
"3058090,""3063010"","" An sich ist er sehr gut geschrieben und man hat ein paar Dinge gemacht."",""Sprecher 1"""
"3063530,""3064730"","" Bei mir ist das Problem halt,"",""Sprecher 1"""
"3065290,""3066730"","" der erste Teil wird halt"",""Sprecher 1"""
"3067290,""3069210"","" konsequent auf die Thematik hingewiesen,"",""Sprecher 1"""
"3069330,""3071350"","" dann kommt erst sehr viel Blabla bezüglich,"",""Sprecher 1"""
"3071530,""3073030"","" ja, jeder macht das in irgendeiner Art"",""Sprecher 1"""
"3073030,""3075150"","" und Weise, also ist das ja nicht so"",""Sprecher 1"""
"3075150,""3077170"","" schlimm, dass wenn man ein bisschen,"",""Sprecher 1"""
"3077310,""3079110"","" was weiß ich, Geld hinterzieht als"",""Sprecher 1"""
"3081450,""3081890"","" Abgeordneter,"",""Sprecher 1"""
"3082370,""3083850"","" keinem Land jetzt zugeordnet,"",""Sprecher 1"""
"3084570,""3085450"","" natürlich kommt danach"",""Sprecher 1"""
"3085450,""3087430"","" noch die Information, in Deutschland"",""Sprecher 1"""
"3087430,""3088350"","" ist das ja auch so,"",""Sprecher 1"""
"3088990,""3090750"","" deswegen ist das alles auch nicht so schlimm,"",""Sprecher 1"""
"3090950,""3091430"","" tatsächlich."",""Sprecher 1"""
"3092250,""3092970"","" Das Problem ist halt,"",""Sprecher 1"""
"3093130,""3094450"","" dass der Artikel wirklich"",""Sprecher 1"""
"3095250,""3096130"","" nicht so wirklich,"",""Sprecher 1"""
"3098470,""3099470"","" man hat das Gefühl,"",""Sprecher 1"""
"3099630,""3100890"","" ja, man will versuchen,"",""Sprecher 1"""
"3101130,""3103530"","" eine sehr neutrale Aussage zu tätigen,"",""Sprecher 1"""
"3104010,""3105350"","" was man dann im ersten"",""Sprecher 1"""
"3105350,""3107030"","" Bereich dann schafft, und dann plötzlich kippt das"",""Sprecher 1"""
"3107030,""3109290"","" Ganze um in die Richtung,"",""Sprecher 1"""
"3109610,""3111210"","" dass gesagt wird, ja gut, aber"",""Sprecher 1"""
"3111210,""3112870"","" das ist ja alles normal, und dann wird unten"",""Sprecher 1"""
"3112870,""3114690"","" nochmal gesagt, ja, und"",""Sprecher 1"""
"3114690,""3116730"","" zudem ist es auch noch so, dass man natürlich,"",""Sprecher 1"""
"3117150,""3118270"","" weil abgesehen davon, dass es jetzt eine"",""Sprecher 1"""
"3119670,""3120690"","" rechtspopulistische Partei ist,"",""Sprecher 1"""
"3120990,""3122590"","" das würde ich jetzt aber neutral werten,"",""Sprecher 1"""
"3123070,""3124810"","" dass dann gesagt wird, ja, das ist irgendeine Art"",""Sprecher 1"""
"3124810,""3127350"","" von Hexenjagd,"",""Sprecher 1"""
"3127370,""3128730"","" sozusagen, um halt jemanden"",""Sprecher 1"""
"3128730,""3130810"","" auszuschalten, um zum Beispiel jetzt nicht irgendwo"",""Sprecher 1"""
"3130810,""3131670"","" die Präsidentschaft"",""Sprecher 1"""
"3133210,""3134810"","" darzustellen und dann quasi das"",""Sprecher 1"""
"3134810,""3136730"","" mit der AfD dann auch zu vergleichen,"",""Sprecher 1"""
"3137630,""3138730"","" geht dann eher wieder in"",""Sprecher 1"""
"3138730,""3140750"","" diese, also ich"",""Sprecher 1"""
"3140750,""3142610"","" persönlich, nur rein von der"",""Sprecher 1"""
"3143290,""3144470"","" Objektivität, würde jetzt"",""Sprecher 1"""
"3144470,""3146970"","" nur durch diese letzten Sätze tatsächlich"",""Sprecher 1"""
"3146970,""3148570"","" das alles weniger glaubwürdig"",""Sprecher 1"""
"3149510,""3150970"","" einstufen und eher so eine"",""Sprecher 1"""
"3151970,""3152950"","" Thematik wie,"",""Sprecher 1"""
"3153290,""3154710"","" ja, wir wollen jetzt"",""Sprecher 1"""
"3154710,""3156650"","" irgendwas mal schreiben und vielleicht irgendeine"",""Sprecher 1"""
"3156650,""3158890"","" Meinung oder die Leute in irgendeine"",""Sprecher 1"""
"3158890,""3160690"","" Richtung schubsern tatsächlich,"",""Sprecher 1"""
"3160910,""3162210"","" und das ist, glaube ich, irgendwie auch so"",""Sprecher 1"""
"3162750,""3164630"","" für gewisse Leute"",""Sprecher 1"""
"3164630,""3165950"","" auch geschrieben tatsächlich."",""Sprecher 1"""
"3167310,""3181510"","" Also ich, also wie gesagt, der Anfang ist glaubwürdig, man denkt, die Geschichte geht in eine gewisse Richtung und dann ist das auch okay und dann kippt sich das halt alles so ein bisschen."",""Sprecher 1"""
"3182970,""3187850"","" Also da wäre ich eher in diese Richtung."",""Sprecher 1"""
"3192380,""3197880"","" Das Lustige ist, der Sprachstil, naja, ist schon eher sachlich."",""Sprecher 1"""
"3205030,""3210050"","" Das ist das Problem"",""Sprecher 1"""
"3210050,""3211710"","" bei sachlichen Thematiken,"",""Sprecher 1"""
"3211810,""3213570"","" sachlichen Stil muss nicht immer"",""Sprecher 1"""
"3214030,""3215590"","" informativ oder tatsächlich"",""Sprecher 1"""
"3216970,""3218270"","" faktendicht im Inneren sein,"",""Sprecher 1"""
"3218350,""3219770"","" weil man merkt auch"",""Sprecher 1"""
"3219770,""3221550"","" in dem Artikel selber, es wird einfach gesagt,"",""Sprecher 1"""
"3221690,""3222730"","" sowas wie, ja,"",""Sprecher 1"""
"3224530,""3225410"","" das wird von"",""Sprecher 1"""
"3225410,""3227290"","" allen Abgeordneten auf der ganzen,"",""Sprecher 1"""
"3227510,""3229810"","" ich sage jetzt mal, in Europa halt getätigt,"",""Sprecher 1"""
"3230030,""3231090"","" dass man halt dann mal,"",""Sprecher 1"""
"3231250,""3232630"","" was weiß ich, irgendwelche Dinge nicht"",""Sprecher 1"""
"3234350,""3235650"","" macht oder für Dinge"",""Sprecher 1"""
"3235650,""3237010"","" bezahlt, wo keine"",""Sprecher 1"""
"3237010,""3238630"","" Leute da sind."",""Sprecher 1"""
"3241350,""3251290"","" Aber es werden keine richtigen Fakten oder wirklich Dinge reingeschrieben in den Artikel, wo gesagt wird, hey, so sieht das aus, das hat der und der gemacht und hier kann man noch ein Beispiel sehen."",""Sprecher 1"""
"3254730,""3258310"","" die Logik der Argumentation ist auch eher unterirdisch tatsächlich."",""Sprecher 1"""
"3273330,""3285210"","" Bei der Ausführlichkeit des Artikels, weil man sagt ja hier oben auch Informationsgehalt und Länge und Ausführlichkeit, ja gut, er ist halt nicht so ausführlich geschrieben, bezogen auf Informationen, aber es hat lang."",""Sprecher 1"""
"3285910,""3287630"","" Also man hat viel Blabla eingebracht."",""Sprecher 1"""
"3287970,""3289290"","" Ich lasse es einfach mal hier."",""Sprecher 1"""
"3302140,""3303020"","" Nochmal hier die Mitte."",""Sprecher 1"""
"3357530,""3359950"","" Natürlich, Geschichte kann er nicht großschreiben."",""Sprecher 1"""
"3368160,""3370340"","" Das will er auch nicht, egal, das lasse ich einfach dann so."",""Sprecher 1"""
"3371000,""3376880"","" Also was ich damit meine, in diesem Hörensagen, es hat einfach so eine Thematik, man schreibt halt quasi einfach, was man so gehört hat."",""Sprecher 1"""
"3377100,""3382540"","" Die Leute machen das so und die Leute machen das halt so und das ist ja vollkommen normal alles."",""Sprecher 1"""
"3383880,""3396220"","" Deswegen ist das für mich so ein Artikel, also den würde ich tatsächlich, wenn ich ihn jetzt bis zu einem gewissen Punkt gelesen hätte und den würde ich tatsächlich einfach weitermachen, weil weiß ich nicht."",""Sprecher 1"""
"3397580,""3399440"","" Aber das ist auch gefährlich, absenden und weiter."",""Sprecher 1"""
"3400800,""3401960"","" Ich sende erst ab."",""Sprecher 1"""
"3401960,""3403340"","" Ja."",""Sprecher 1"""
"3404220,""3404980"","" Bitte."",""Sprecher 2"""
"3407740,""3409760"","" Okay, dann weiter."",""Sprecher 1"""
"3411740,""3413260"","" Okay, wir sind Phase 2."",""Sprecher 1"""
"3414140,""3414440"","" Genau."",""Sprecher 2"""
"3418760,""3428660"","" Jetzt kriegst du auf der einen Seite die identischen Artikel wieder und auf der anderen Seite des Bildschirms ist ein selbstgeschriebener Chatbot, der auf der API von OpenAI beruht."",""Sprecher 2"""
"3429860,""3431560"","" Beziehungsweise diese triggert."",""Sprecher 2"""
"3433360,""3434180"","" Läuft der?"",""Sprecher 2"""
"3434360,""3438720"","" Allerdings muss man natürlich sagen, ich habe nicht die Rechnungsleistung von großen KI-Unternehmern."",""Sprecher 2"""
"3438920,""3439820"","" Der ist langsamer."",""Sprecher 2"""
"3440520,""3440740"","" Okay."",""Sprecher 1"""
"3442260,""3448540"","" Genau, und jetzt sollst du bitte die Nachrichtenartikel hinsichtlich ihrer Glaubwürdigkeit verifizieren."",""Sprecher 2"""
"3448640,""3450920"","" Es gibt keine richtige und keine falsche Vorgehensweise."",""Sprecher 2"""
"3451660,""3454140"","" Wenn du bereit bist, gerne wieder auf Weiter."",""Sprecher 2"""
"3455600,""3459320"","" Und auch wieder hier single out ein bisschen deine Vorgehensweise."",""Sprecher 2"""
"3459320,""3459940"","" Einfach."",""Sprecher 2"""
"3461840,""3462440"","" Beschreiben."",""Sprecher 1"""
"3464760,""3468160"","" Das heißt, ich soll jetzt selber was schreiben, bezüglich dieses Artikels oder was?"",""Sprecher 1"""
"3468920,""3474580"","" Genau, du sollst jetzt mit Hilfe des Chatbots den Nachrichtenartikel verifizieren."",""Sprecher 2"""
"3475500,""3479820"","" Wie du dabei vorgehst mit dem Chatbot, das ist ganz dir überlassen."",""Sprecher 2"""
"3479940,""3481920"","" Es gibt da keine richtige und falsche Vorgehensweise."",""Sprecher 2"""
"3483120,""3490480"","" Sondern es geht darum, wie man Nachrichtenartikel mithilfe von LLM verifizieren kann."",""Sprecher 2"""
"3490920,""3491100"","" Okay."",""Sprecher 1"""
"3491520,""3498420"","" Das heißt, ich muss aber diese Nachrichten selber explizit dort rein bringen an der Stelle."",""Sprecher 1"""
"3499140,""3499300"","" Mhm."",""Sprecher 2"""
"3500060,""3502600"","" Also wie ich ihn selber analysieren würde."",""Sprecher 1"""
"3503060,""3503420"","" Mhm."",""Sprecher 1"""
"3506380,""3507820"","" Da kann ich auf Deutsch schreiben."",""Sprecher 1"""
"3508380,""3508700"","" Mhm."",""Sprecher 1"""
"3532990,""3534350"","" Testen wir mal, ob er das kann."",""Sprecher 1"""
"3594900,""3596960"","" Mal sehen, ob er dann auch was macht."",""Sprecher 1"""
"3597540,""3597800"","" Ah ja."",""Sprecher 1"""
"3609680,""3609980"","" Okay."",""Sprecher 1"""
"3626120,""3639920"","" Das ist nämlich so eine Thematik tatsächlich, dass man wirklich diese ganzen Ereignisse dann auch überprüfen muss, dass diese persönlichen oder generell Personen, die diese Aussagen tätigen, dann entsprechend abzugleichen."",""Sprecher 1"""
"3640880,""3644980"","" Und klar, er hat jetzt keine Möglichkeit auf externen Quellen zuzugreifen."",""Sprecher 1"""
"3645080,""3648440"","" Es gibt natürlich dann andere Möglichkeiten, das dann nochmal zu verifizieren."",""Sprecher 1"""
"3650720,""3653620"","" Deswegen wird er wahrscheinlich nur aus diesem Ausschließungs..."",""Sprecher 1"""
"3653620,""3653780"","" Gut."",""Sprecher 1"""
"3653940,""3662000"","" Er schreibt es so, dass er nur die Glaubwürdigkeit des Textes selber halt beurteilen kann und nicht abschließend beurteilt."",""Sprecher 1"""
"3662120,""3665720"","" Also das heißt, er kann halt tatsächlich nur die Fakten checken, die in diesem Text drin sind."",""Sprecher 1"""
"3713840,""3718240"","" So, dann versuchen wir das nochmal, ob er möglicherweise das nochmal analysieren kann."",""Sprecher 1"""
"3719360,""3736220"","" Weil da muss man ihm natürlich ein bisschen so Ansporn geben, weil er hat zwar jetzt ein paar Dinge rausgeschrieben, aber so eine richtige Bewertung oder halt eine Analyse diesbezüglich kann er, wie er hier oben schon gesagt hat, selber nicht durchführen, weil er natürlich die Fakten nicht checken kann, was richtig ist."",""Sprecher 1"""
"3736780,""3743080"","" Wenn ich jetzt nur den Text tatsächlich lesen würde, würde ich ja auch keine Fakten checken, sondern nur mich auf diesen Text berufen."",""Sprecher 1"""
"3743240,""3761860"","" Und das würde ja bedeuten, dass ich dann wirklich nur davon ausgehen kann, dass dieser Text ja korrekt ist, weil ja, wie sagt man so schön, man sollte ja davon ausgehen, dass guter Journalismus tatsächlich echte Fakten bringt, was aber leider heutzutage nicht mehr der Fall ist."",""Sprecher 1"""
"3770330,""3771790"","" Okay, jetzt haben wir auch ein bisschen"",""Sprecher 1"""
"3772470,""3773930"","" bessere Thematik, weil das ist"",""Sprecher 1"""
"3773930,""3775850"","" auch ein bisschen bessere Aufschlüsselung tatsächlich,"",""Sprecher 1"""
"3775990,""3777890"","" wie ich finde, weil er hier natürlich"",""Sprecher 1"""
"3777890,""3779930"","" jetzt aufgrund von diesen Quellen"",""Sprecher 1"""
"3779930,""3781270"","" und Zitaten, die innerhalb von"",""Sprecher 1"""
"3781270,""3783290"","" diesem Text halt"",""Sprecher 1"""
"3785430,""3787810"","" so schön aufgeschlüsselt ist,"",""Sprecher 1"""
"3787910,""3789450"","" dass er jetzt hier zum Beispiel auch sagt, dass"",""Sprecher 1"""
"3790590,""3791470"","" verschiedene Experten"",""Sprecher 1"""
"3792190,""3793730"","" in ihrem Fachgebiet"",""Sprecher 1"""
"3793730,""3795990"","" diverse Dinge tätigen"",""Sprecher 1"""
"3795990,""3797670"","" tatsächlich, wo es auch explizit"",""Sprecher 1"""
"3797670,""3798970"","" genannt wird, was"",""Sprecher 1"""
"3799470,""3800890"","" die Leute halt auch wirklich machen."",""Sprecher 1"""
"3810780,""3812320"","" Okay, auch ein"",""Sprecher 1"""
"3812320,""3814480"","" interessanter Faktor tatsächlich, weil er"",""Sprecher 1"""
"3814480,""3816440"","" tatsächlich das sagt,"",""Sprecher 1"""
"3816620,""3818020"","" dass bestimmte Informationen"",""Sprecher 1"""
"3820140,""3822480"","" und über die kritisierte Arbeit und"",""Sprecher 1"""
"3822480,""3824380"","" auch die Entscheidung der"",""Sprecher 1"""
"3824380,""3826300"","" Jury am Ende auf diese Reaktion,"",""Sprecher 1"""
"3826400,""3828440"","" dass das tatsächlich vom Detailgrad deutlich"",""Sprecher 1"""
"3828440,""3830280"","" darauf hinweist, dass das gründlich"",""Sprecher 1"""
"3830280,""3832140"","" recherchiert worden ist, was natürlich dann"",""Sprecher 1"""
"3832140,""3834360"","" entsprechend, also wenn man jetzt nur diese Fakten"",""Sprecher 1"""
"3834360,""3836180"","" hier glauben mag,"",""Sprecher 1"""
"3836320,""3838380"","" dann auch eher auf"",""Sprecher 1"""
"3838380,""3839320"","" die Glaubwürdigkeit,"",""Sprecher 1"""
"3840400,""3842280"","" also dass die Glaubwürdigkeit hier steigt"",""Sprecher 1"""
"3842280,""3842820"","" tatsächlich."",""Sprecher 1"""
"3875820,""3877580"","" Also den letzten Punkt finde"",""Sprecher 1"""
"3877580,""3879180"","" ich auch sehr interessant tatsächlich,"",""Sprecher 1"""
"3879740,""3881640"","" weil hier nochmal explizit"",""Sprecher 1"""
"3881640,""3883460"","" dann erwähnt wird natürlich, dass"",""Sprecher 1"""
"3883460,""3885480"","" es nur auf diese Kritik der Entscheidung"",""Sprecher 1"""
"3885480,""3887080"","" halt über diese Jury,"",""Sprecher 1"""
"3888000,""3889940"","" die das Foto dann entgegengenommen"",""Sprecher 1"""
"3889940,""3891220"","" hat oder ausgezeichnet hat,"",""Sprecher 1"""
"3892960,""3893400"","" halt"",""Sprecher 1"""
"3893920,""3895620"","" konzentriert, was auch die Sachlage des"",""Sprecher 1"""
"3895620,""3897220"","" Textes tatsächlich da ist, weil"",""Sprecher 1"""
"3897220,""3899620"","" darum geht es ja auch in diesem Text"",""Sprecher 1"""
"3900180,""3900620"","" tatsächlich"",""Sprecher 1"""
"3901900,""3903460"","" und das natürlich dann auch ein"",""Sprecher 1"""
"3903460,""3905620"","" kontroverses Thema oder generell"",""Sprecher 1"""
"3905620,""3907500"","" für dieses kontroverse Thema dann nicht ungewöhnlich"",""Sprecher 1"""
"3907500,""3907760"","" ist."",""Sprecher 1"""
"3912220,""3936960"","" Gut, also man sieht auch, dass jetzt der Chatbot selber sagt, okay, das ist gut recherchiert, das ist fundiert, also geht man ganz stark davon aus tatsächlich, dass die Glaubwürdigkeit hier relativ hoch ist, weil durch die Zitate und so weiter das halt noch halt mehr diese Glaubwürdigkeit hat steigt."",""Sprecher 1"""
"3940040,""3955780"","" Das finde ich auch immer sehr schön, oder was ich auch eingangs, man muss halt in gewissen Maßen halt immer irgendwo sagen, okay, das ist vielleicht nicht so gut ist, wie es scheint oder solange man selber auch die Quellen nicht kennt oder so, ist das halt auch sehr schwierig."",""Sprecher 1"""
"3956740,""3958060"","" Okay, ich drücke mal auf weiter."",""Sprecher 1"""
"3959800,""3961620"","" Er sagt, ich verlasse jetzt."",""Sprecher 1"""
"3961620,""3962440"","" Ja, verlassen ist richtig."",""Sprecher 2"""
"3963700,""3965520"","" Ich werde den Code nicht mehr ändern."",""Sprecher 2"""
"3966180,""3966980"","" Nein, nein, alles gut."",""Sprecher 1"""
"3967220,""3972480"","" Wie gesagt, solange du weißt, was Sache ist und dem Probanden sagen kannst."",""Sprecher 1"""
"3985200,""4002760"","" Also dadurch, dass ich weiß, dass auch Chatbots nicht quasi alles wissen und mit dem Hintergrund tatsächlich, dass er natürlich nicht alles verifizieren kann, wie gesagt, die Quellen und so weiter fehlen halt und es bezieht sich ja wirklich nur auf diesen einen Text."",""Sprecher 1"""
"4003460,""4018200"","" Durch seine Aussagen finde ich den natürlich dann glaubwürdiger tatsächlich, was ich ja glaube ich auch eingangs auch selber, da bin ich mir noch nicht sicher, ob ich fünf oder sechs gemacht habe oder sogar vier, aber da war es halt tatsächlich so, dass ich den schon eher als glaubwürdig bezeichnet habe."",""Sprecher 1"""
"4024650,""4049780"","" Also ich glaube, dass sie gleich geblieben ist, wobei ich das ja, das ist natürlich jetzt ein Problem, weil die Quellen, die die KI angegeben hat, gab es ja nicht wirklich."",""Sprecher 1"""
"4051440,""4056480"","" Mache ich da dann einfach hier sowas im unteren Bereich, weil wie gesagt, Quellen konnte er ja jetzt nicht rausmachen."",""Sprecher 1"""
"4056620,""4058260"","" Das ist eine persönliche..."",""Sprecher 2"""
"4058260,""4059060"","" Okay, okay."",""Sprecher 1"""
"4063940,""4090500"","" Nee, das ist tatsächlich, würde ich eher auf fünf gehen."",""Sprecher 1"""
"4104910,""4109689"","" Das habe ich tatsächlich ja nicht gemacht, aber das nächste Mal weiß ich das, dass ich vielleicht mal was machen werde."",""Sprecher 1"""
"4126939,""4132420"","" Dadurch, das kann ich nicht sagen, weil ich das Vorwissen diesbezüglich nicht hatte."",""Sprecher 1"""
"4231840,""4261340"","" Also damit meine ich, also gegen das Ende hätte ich natürlich da mehr recherchieren können und auch mehr verifizieren können, was ich tatsächlich nicht getan habe, aber ich muss sagen, dass ich immer sehr skeptisch bin."",""Sprecher 1"""
"4261460,""4267060"","" Also ich benutze KI im Alltag auch schon sehr gerne, aber ich hinterfrage das auch sehr gerne."",""Sprecher 1"""
"4267460,""4268040"","" Ich benutze da"",""Sprecher 1"""
"4268040,""4269980"","" zwar ein bisschen andere KI, die mir"",""Sprecher 1"""
"4269980,""4271780"","" ein bisschen besser noch die"",""Sprecher 1"""
"4272540,""4274180"","" Quellen offenlegt, das heißt"",""Sprecher 1"""
"4274180,""4275800"","" weniger Chat-GPT,"",""Sprecher 1"""
"4276020,""4277940"","" mehr andere Thematiken tatsächlich"",""Sprecher 1"""
"4278560,""4280180"","" und die schaue"",""Sprecher 1"""
"4280180,""4282160"","" ich mir aber dann immer sehr gerne auch an,"",""Sprecher 1"""
"4282160,""4284060"","" weil das Problem ist bei KI, wenn sie"",""Sprecher 1"""
"4284060,""4286040"","" tatsächlich auch irgendwo Quellen"",""Sprecher 1"""
"4286680,""4288380"","" hat und die dann auch nachliest,"",""Sprecher 1"""
"4288520,""4289920"","" manchmal versteht er oder"",""Sprecher 1"""
"4289920,""4291920"","" missversteht er das, bringt zwar die"",""Sprecher 1"""
"4291920,""4293960"","" Quelle mit rein, aber das"",""Sprecher 1"""
"4293960,""4295900"","" zu überprüfen ist auch immer sehr wichtig tatsächlich"",""Sprecher 1"""
"4295900,""4296560"","" an der Stelle."",""Sprecher 1"""
"4296860,""4310800"","" Das hat er natürlich jetzt hier nicht gemacht oder ich konnte das auch jetzt nicht wirklich machen, aber in der Regel ist es so, dass ich tatsächlich dann schaue, dass wenn ich sowas habe und auch KI-Auswertungen mache, dass ich das nicht blindlings vertraue, weil das kann es noch nicht."",""Sprecher 1"""
"4310940,""4317260"","" Das wird wahrscheinlich irgendwann kommen, dass man das machen kann, aber ja, jetzt erstmal noch nicht."",""Sprecher 1"""
"4317660,""4319640"","" Erstmal schön immer noch mitkontrollieren."",""Sprecher 1"""
"4323130,""4327330"","" So, das Gleiche mache ich jetzt mit dem Text auch und vielleicht mache ich da auch noch ein paar mehr Dinge."",""Sprecher 1"""
"4391300,""4392140"","" Schauen wir mal."",""Sprecher 1"""
"4416300,""4418400"","" Ich glaube, er hat schon geantwortet."",""Sprecher 2"""
"4419280,""4419560"","" Hat er?"",""Sprecher 1"""
"4420440,""4421360"","" Ja, tatsächlich."",""Sprecher 1"""
"4423060,""4423400"","" Ah, okay."",""Sprecher 1"""
"4423940,""4430740"","" Hier habe ich jetzt tatsächlich vorhin hatte ich ja quasi ihm explizit gesagt, dass er mir das in Stichpunkte zusammensetzen soll."",""Sprecher 1"""
"4430940,""4434280"","" Jetzt habe ich ihm das quasi als Information nicht mitgegeben."",""Sprecher 1"""
"4434460,""4437020"","" Das heißt, er hat mir natürlich jetzt hier ein bisschen ausführlicher was geschrieben."",""Sprecher 1"""
"4438680,""4442900"","" Okay, auch hier sagt er natürlich wieder, dass er die aktuellen Nachrichtenquellen nicht vergleichen kann."",""Sprecher 1"""
"4479490,""4495310"","" Okay, auch hier sagt er natürlich wieder, wie gerade eben auch tatsächlich bei dem ersten Prompt, den man mitgibt und natürlich den Text, weil man jetzt natürlich nicht explizit gesagt hat, ja, er soll nur diesen Text halt schauen, weil er halt wie gesagt die Quellen nicht zur Verfügung hat."",""Sprecher 1"""
"4495510,""4501010"","" Und deswegen wird er jetzt auch hier in diesem Bereich jetzt wahrscheinlich nichts Spezifisches sagen."",""Sprecher 1"""
"4505100,""4510300"","" Also er sagt auch hier wieder, dass natürlich auf dem ersten Blick der gut recherchiert und plausibel erscheint."",""Sprecher 1"""
"4559730,""4567110"","" Also ich lasse mir jetzt auch nochmal explizit tatsächlich einige wichtige Punkte jetzt von ihm selber auswerten."",""Sprecher 1"""
"4567270,""4575350"","" Also das heißt nochmal ein bisschen zusammenschreiben und er soll halt selber mal prüfen oder nochmal selber sagen, wie er das einschätzen würde."",""Sprecher 1"""
"4604230,""4620590"","" Ja, also das ist jetzt quasi, wenn man nur die Faktendichte, also wirklich nur diesen Artikel sieht, ohne natürlich wieder die Quellen zu überprüfen, sagt auch der Chatbot selber, dass die Glaubwürdigkeit eher selber als relativ hoch einschätzen würde."",""Sprecher 1"""
"4624200,""4628660"","" Ich persönlich finde auch selber diesen Text wirklich sehr sachlich geschrieben."",""Sprecher 1"""
"4629320,""4632540"","" Das heißt, da sind auch sehr fundierte Fakten mit dabei."",""Sprecher 1"""
"4632680,""4635260"","" Wie gesagt, ich kann sie selber jetzt natürlich nicht überprüfen."",""Sprecher 1"""
"4635840,""4637880"","" Das würde auch, glaube ich, den Rahmen hier etwas sprengen."",""Sprecher 1"""
"4638260,""4643840"","" Aber effektiv gesehen würde ich nur rein vom Text, wenn ich ihn lese, tatsächlich den als sehr glaubwürdig einstufen."",""Sprecher 1"""
"4643940,""4645740"","" Das tut er tatsächlich hier auch."",""Sprecher 1"""
"4646680,""4657340"","" Und natürlich sagt er auch wieder zum Ende hin, dass er natürlich die Fakten natürlich nicht überprüfen kann, also zu 100 Prozent, was ja dann natürlich richtig ist."",""Sprecher 1"""
"4658000,""4663840"","" Und ich selber kann das auch nicht und deswegen, ja, verlassen wir das Ganze nochmal."",""Sprecher 1"""
"4687400,""4696360"","" Also hilfreich bezogen auf das, weil er mir tatsächlich die Fakten nochmal in gekürzter Variante präsentieren konnte."",""Sprecher 1"""
"4696560,""4698560"","" Und das ist halt ganz cool."",""Sprecher 1"""
"4699940,""4705200"","" Wie gesagt, problematisch halt, weil er selber die Quellen nicht überprüfen kann, ist es nicht so hilfreich."",""Sprecher 1"""
"4705520,""4717820"","" Weil wenn man tatsächlich ein Chatbot verwenden möchte, möchte man ja tatsächlich diese Thematik dann übernehmen und sagen, okay, ich möchte gerne, dass er selber mir Quellen nennt, die tatsächlich damit was zu tun haben."",""Sprecher 1"""
"4720200,""4720300"","" Ja."",""Sprecher 1"""
"4727340,""4730840"","" Ansonsten finde ich das natürlich sehr schön, wenn er Dinge mir zusammenfassen kann."",""Sprecher 1"""
"4841150,""4870040"","" So, natürlich jetzt noch hier die tollen ..."",""Sprecher 1"""
"4870040,""4870960"","" Und schon der dritte."",""Sprecher 2"""
"4906310,""4908030"","" Okay, dann darf ich nicht scrollen."",""Sprecher 1"""
"4908430,""4909730"","" Dauert jetzt einen ganz kurzen Moment."",""Sprecher 1"""
"4986270,""4994770"","" jetzt versuchen wir mal auch gleich ein Bewertungssystem einzuführen, mal für das nächste, einfach mal um ein paar andere Dinge zu machen."",""Sprecher 1"""
"4996410,""5009090"","" Ich habe ihn jetzt auch explizit mal genannt, dass er mir tatsächlich mal ein paar Themen hier zusammenschreiben soll, dass ich die dann in der Theorie, wie gesagt, das mache ich jetzt natürlich nicht, einfach auf Quellen mal überprüfen kann."",""Sprecher 1"""
"5012150,""5018890"","" Und ich habe jetzt schon gesehen, also er hat tatsächlich von einer sehr glaubwürdigen, wobei 10 sehr glaubwürdig, eine 3 gegeben."",""Sprecher 1"""
"5019010,""5022950"","" Das heißt, es ist ja quasi schon meine Einschätzung am Anfang des Artikels tatsächlich."",""Sprecher 1"""
"5024610,""5030110"","" Auch hier sagt er natürlich wieder, dass er das nicht kann, weil er die Quellen nicht explizit überprüfen kann."",""Sprecher 1"""
"5030110,""5035170"","" Jetzt habe ich natürlich explizit ihm gesagt, er soll mir bitte einfach ein paar Dinge zusammenschreiben."",""Sprecher 1"""
"5037690,""5043750"","" Und auch hier schreibt er, und das ist das Schöne, der Text behauptet, Russland habe Armenien geholfen, Punkt, Punkt, Punkt."",""Sprecher 1"""
"5044730,""5057750"","" Da kann man natürlich dann diese Thematik und auch hier sagt selbst der Chatbot schon, dass hier eine Behauptung vorliegt und das geht hier natürlich durch, weil wir natürlich jetzt explizit die Quellen nicht überprüfen können."",""Sprecher 1"""
"5057750,""5065330"","" Das heißt, auch der Chatbot kann jetzt natürlich nicht hingehen und sagen, okay, ich prüfe jetzt mal im Internet, was Sache ist und schaue mir das jetzt an."",""Sprecher 1"""
"5065370,""5066590"","" Das kann er aktuell nicht."",""Sprecher 1"""
"5067210,""5068370"","" Das müssten wir jetzt selber machen."",""Sprecher 1"""
"5068950,""5079330"","" Aber am Ende sieht man ja, dass er eine Skala von 1 bis 10, wobei 10 natürlich sehr glaubwürdig ist, die Glaubwürdigkeit selber auf 3 einstuft, was sehr interessant ist tatsächlich."",""Sprecher 1"""
"5080470,""5088670"","" Und das Schöne ist, er sagt auch natürlich hier noch mal, der Hauptgrund für diese niedrige Bewertung ist die einseitige Darstellung historischer Ereignisse."",""Sprecher 1"""
"5088810,""5097650"","" Und das ist das, was ich vorhin ja auch erwähnt hatte, weil es liest sich sehr, man soll halt auf eine gewisse Seite gerückt werden."",""Sprecher 1"""
"5098630,""5105010"","" Ich sage jetzt nicht explizit Propaganda, aber man geht schon in diese richtige Richtung dann, was das angeht."",""Sprecher 1"""
"5105630,""5110450"","" Und natürlich könnte ich jetzt das natürlich quasi weiter ausführen."",""Sprecher 1"""
"5110550,""5112130"","" Das kann er natürlich an der Stelle nicht."",""Sprecher 1"""
"5113610,""5124490"","" Aber das Lustige ist, tatsächlich, ohne jetzt weiter zu recherchieren, fühle ich mich natürlich in meiner, was ich eingangs eingegeben habe, doch schon bestätigt tatsächlich."",""Sprecher 1"""
"5131590,""5133370"","" Als ob das Ding weiß, was ich will."",""Sprecher 1"""
"5140390,""5141650"","" Ah, jetzt muss ich aufpassen."",""Sprecher 1"""
"5143970,""5146510"","" Weil eigentlich ist es immer noch nicht überhaupt."",""Sprecher 1"""
"5156160,""5170000"","" Also ich denke, dass ich das auch, das habe ich jetzt bei allen tatsächlich bisher angekreuzt, weil bisher sah das eher danach aus, als ob das bestätigt worden ist, was ich als Antworten selber halt tatsächlich definiert habe."",""Sprecher 1"""
"5172200,""5182580"","" Tatsächlich war die auch jetzt mal inhaltlich sehr hilfreich, weil ich mir halt diese Eckpunkte halt als Quellen Überprüfung halt ausgegeben habe."",""Sprecher 1"""
"5183440,""5187280"","" Und das wäre jetzt so eine Thematik, wo ich dann auch wirklich jetzt recherchieren würde."",""Sprecher 1"""
"5188040,""5194120"","" Vielleicht auch mit dem KI-Board noch zusätzlich neben meinen eigenen Recherchen, immer wichtig, eigene Recherchen zu machen."",""Sprecher 1"""
"5195820,""5196300"","" Genau."",""Sprecher 1"""
"5197160,""5201160"","" Ja, das ist halt, wie gesagt, so eine Thematik, weil der mir keine Quellen genannt hat."",""Sprecher 1"""
"5201440,""5202300"","" Deswegen eins."",""Sprecher 1"""
"5204820,""5211260"","" Das tatsächlich, das finde ich immer ganz schön, wenn er auch so eine Skala wert halt mitmacht."",""Sprecher 1"""
"5211360,""5214080"","" Aber das war ja schon, meine Einschätzung war ja schon richtig an der Stelle."",""Sprecher 1"""
"5217090,""5227200"","" Ja, Vertrauen ist gut, aber Kontrolle ist halt besser, gerade bei KI."",""Sprecher 1"""
"5230620,""5235840"","" Nein, konnte ich natürlich jetzt nicht überprüfen, außer es ist natürlich Teil, dann würde ich es jetzt überprüfen."",""Sprecher 1"""
"5260140,""5263200"","" Also gefragt, ja, aber der hat mir dann natürlich nichts gegeben."",""Sprecher 1"""
"5273580,""5277520"","" Und da kannte ich mich natürlich jetzt nicht exorbitant gut aus."",""Sprecher 1"""
"5277520,""5370870"","" Und hier erwähne ich das tatsächlich noch mal explizit."",""Sprecher 1"""
"5371030,""5374210"","" Also wenn er jetzt wirklich gesagt hätte, der Artikel ist absolut glaubwürdig."",""Sprecher 1"""
"5374930,""5383530"","" Ja, hätte ich gesagt, aber effektiv gesehen, hätte es meine Meinung oder auch die Einschätzung, die ich gehabt hatte am Anfang, nichts beeinflusst."",""Sprecher 1"""
"5384350,""5412450"","" Selbst wenn er jetzt gesagt hätte, die Einschätzung wäre jetzt 10 von 10 Glaubwürdigkeit, weil wäre es wahrscheinlich oder hätte er in dem Fall meine Meinung nicht geändert, weil für mich rein objektiv betrachtet diese einseitige Informationsfluss ohne andere Themen halt eher schlecht ist und dadurch halt die Glaubwürdigkeit nicht sehr hoch ist tatsächlich."",""Sprecher 1"""
"5418680,""5420040"","" Ja, jetzt müssen wir wieder suchen, weiter."",""Sprecher 1"""
"5423180,""5425520"","" Wir sind so richtig gesucht in Spatten."",""Sprecher 1"""
"5427220,""5434420"","" Ich glaube, das ist auch Teil dieses Teil des Erlebnisses."",""Sprecher 1"""
"5434640,""5435300"","" Ja, genau."",""Sprecher 1"""
"5437800,""5439640"","" Genau das Gleiche noch mal."",""Sprecher 1"""
"5440060,""5464230"","" Bitte prüfe die Glaubwürdigkeit des Das ist, wenn man selten Deutsch schreibt, schwierig, deutsche Worte zu finden."",""Sprecher 1"""
"5465050,""5469470"","" Wobei ich hätte es ja auch auf Englisch machen können, wobei auch deutsches, egal."",""Sprecher 1"""
"5525650,""5544830"","" Weil mir der Artikel davor sehr gut gefallen hat, versuche ich natürlich jetzt den ähnlichen Prompt oder die ähnliche Beschreibung dann wieder zu verwenden tatsächlich und mir gefiel das mit der Skala auch sehr gut tatsächlich, dass er mir da einfach gesagt hat, ja, das ist von einer Skala von 1 bis 10 glaubwürdig."",""Sprecher 1"""
"5545650,""5546510"","" Ah, okay."",""Sprecher 1"""
"5546810,""5548110"","" Das hätte ich jetzt nicht erwartet."",""Sprecher 1"""
"5548790,""5550910"","" Wobei, ah doch, natürlich, das ist der Artikel."",""Sprecher 1"""
"5552530,""5553330"","" Okay, ja."",""Sprecher 1"""
"5554830,""5556770"","" Genau, doch gut, das habe ich doch erwartet."",""Sprecher 1"""
"5560310,""5570650"","" Hier habe ich dem explizit dann noch mal gesagt, dass er mir halt Dinge, wo er selber sagen würde, die würde ich jetzt hier per Quelle noch mal überprüfen wollen, per Stichpunkte rausschreibe."",""Sprecher 1"""
"5571030,""5589530"","" Also das heißt, diese Dinge würde ich dann tatsächlich noch mal selber verifizieren, von meiner Seite aus, also tatsächlich noch mal irgendwelche Artikel raussuchen, vielleicht auch einen anderen Chatbot oder generell noch mal den gleichen Chatbot verwenden, um halt, wenn er dann die Quellen zur Verfügung hat, zu nehmen."",""Sprecher 1"""
"5589670,""5617010"","" Ich werde jetzt aber auch gleich noch mal ganz kurz eine Thematik, kannst du die, kannst du, damit wir das dann auch gemacht haben, nicht, dass er es doch kann und ich das jetzt total verpeilt gemacht habe."",""Sprecher 1"""
"5622860,""5637700"","" Auch hier natürlich wieder eingangs, wie er immer erwähnt, dass die Quellen, also ohne Quellen halt sehr schwierig ist, die Einschätzung hier und hier, sagt er natürlich dann auch, basierend auf der Beobachtung und ohne detaillierte Überprüfung, dass er die Glaubwürdigkeit hier tatsächlich auch wieder auf drei einordnet."",""Sprecher 1"""
"5637840,""5649700"","" Das heißt, eher weniger glaubwürdig als glaubwürdig und das ist das, was ich nämlich auch meinte, weil dieser Artikel als Anfang, ist er schon sehr sachlich beschrieben, kippt aber dann auch relativ schnell."",""Sprecher 1"""
"5649820,""5651680"","" Das könnten wir ihn ja natürlich dann auch noch mal fragen."",""Sprecher 1"""
"5665980,""5677680"","" Kann es sein, dass ich den ganzen Text noch mal, ich glaube, ich habe den ganzen Text noch mal, glaube ich, kopiert, aber das ist ja dann nicht so schlimm."",""Sprecher 1"""
"5682440,""5685860"","" Ich hasse Mac manchmal, weil er da nicht kopiert, wie ich das haben möchte."",""Sprecher 1"""
"5687000,""5688000"","" Ich mag Mac nicht."",""Sprecher 2"""
"5690500,""5699500"","" Ja, ich muss halt auf der, selber auf der Arbeit muss ich ihn halt sehr viel benutzen, weil wir im Unternehmen sehr auf Mac abfahren und deswegen, ja."",""Sprecher 1"""
"5700220,""5705020"","" Aber da habe ich das Problem auch mit dem Command C, Command V, da funktioniert es nämlich auch nicht so wirklich."",""Sprecher 1"""
"5707900,""5708140"","" So."",""Sprecher 1"""
"5711270,""5712310"","" Die berühmte T10."",""Sprecher 1"""
"5715950,""5718210"","" Immerhin habe ich es behalten können."",""Sprecher 1"""
"5721310,""5723110"","" Man nenne mich in Zukunft T10."",""Sprecher 1"""
"5726300,""5726480"","" So."",""Sprecher 1"""
"5728660,""5730260"","" Ja, ich bin trotzdem sicher."",""Sprecher 1"""
"5730460,""5738120"","" Natürlich, wie gesagt, der hat natürlich gewisse Fakten, die wahrscheinlich stimmen, aber aufgrund dieser Schreibweise finde ich ihn nicht sehr glaubwürdig."",""Sprecher 1"""
"5739780,""5758400"","" Weil gerade auch die Glaubwürdigkeit jetzt nicht nur auf diese Thematik beruht, wie das Verfahren mit Le Pen ist, sondern auch viel drumherum geschwätzt worden ist einfach und das ist halt dann immer so eine Thematik und viele Dinge sind auch gar nicht so wirklich sachlich kommuniziert worden."",""Sprecher 1"""
"5758580,""5762380"","" Also wie gesagt, mir fehlen einfach Beispiele und Urteile, was auch immer."",""Sprecher 1"""
"5762700,""5771540"","" Natürlich muss man es nicht trocken hinschreiben, dass irgendein Gericht das mit Paragraph blablabla begründet hat, sondern einfach sagen, ja, da gab es halt solche Leute, die das auch so gemacht haben."",""Sprecher 1"""
"5774200,""5774300"","" Ja."",""Sprecher 1"""
"5777060,""5814740"","" Auch hier wieder eigentlich ganz schön formuliert, zumindest hat das mit den Stichpunkten, ja, hier bleibe ich mal auf dem Mittelwert, weil wie gesagt, ich würde persönlich das überprüfen, weil wie gesagt, wenn ich irgendwas wirklich fundiertes wissen möchte und kein, nicht bespaßt werden möchte in dem Sinne, dann würde ich das auch gerne als Fakten checken wollen."",""Sprecher 1"""
"5817180,""5823240"","" Habe ich natürlich nicht, weil er das nicht kann aktuell oder ich das nicht kann mit ihm."",""Sprecher 1"""
"5827710,""5829890"","" Nee, das hat er auch nicht wirklich gemacht."",""Sprecher 1"""
"5834360,""5834460"","" Ja."",""Sprecher 1"""
"5835040,""5835560"","" Immer."",""Sprecher 1"""
"5838450,""5840550"","" Das habe ich versucht, habe ich jetzt aber nicht."",""Sprecher 1"""
"5842010,""5842370"","" Nein."",""Sprecher 1"""
"5846300,""5846820"","" Nein."",""Sprecher 1"""
"5853840,""5854300"","" Nein."",""Sprecher 1"""
"5855420,""5858920"","" Muss man dazu sagen, dass ich das Vorwissen nicht habe, was das angeht."",""Sprecher 1"""
"5914170,""5919990"","" Perfekt, dann wenn du fertig bist, absenden und den Weiter-Button suchen."",""Sprecher 2"""
"5922350,""5922910"","" Okay."",""Sprecher 2"""
"5924790,""5930450"","" Jetzt kommt nur noch die demografischen Daten, deine allgemeine Einschätzung, Medienkonsum und sowas."",""Sprecher 2"""
"5931130,""5931630"","" Ah, okay."",""Sprecher 1"""
"5932290,""5936890"","" Genau, das ist ein kurzer Abschluss Fragebogen, der dauert maximal fünf Minuten."",""Sprecher 2"""
"5938370,""5941630"","" Danach gibt es ein kurzes Debriefing, wenn du willst mit Antworten."",""Sprecher 2"""
"5943690,""5945370"","" Da bin ich mal gespannt drauf."",""Sprecher 1"""
"5955040,""5960400"","" Ich glaube, das war so, aber werden wir es wahrscheinlich gleich sehen, ob es tatsächlich so ist."",""Sprecher 1"""
"5965120,""5966160"","" Keine Veränderungen."",""Sprecher 1"""
"5979100,""5989420"","" Ja, tatsächlich, da muss ich sagen, wenn die KI das schon so ausgewertet hat, wie ich das habe, wurde ich da tatsächlich bestärkt an der Thematik."",""Sprecher 1"""
"5992060,""5993200"","" Das eher weniger."",""Sprecher 1"""
"6002960,""6006520"","" Also unsicher wurde ich dadurch nicht, auch nicht sicherer tatsächlich."",""Sprecher 1"""
"6006720,""6016200"","" Es hat mich zwar eher bestärkt, aber ich würde jetzt tatsächlich meine Bewertung entsprechend nicht verändern, wenn die KI tatsächlich etwas anderes gesagt hätte."",""Sprecher 1"""
"6022370,""6023830"","" Hier bin ich auch immer sehr vorsichtig."",""Sprecher 1"""
"6024250,""6026570"","" Ja, doch, schon."",""Sprecher 1"""
"6030670,""6031270"","" Nein."",""Sprecher 1"""
"6035600,""6046180"","" Das mit dem Nachvollziehen ist ja meistens das, wenn das haben ja quasi neue Systeme, die dann quasi so durch Punkte durchgehen."",""Sprecher 1"""
"6046260,""6050620"","" Für mich ist das nicht nachvollziehbar, wie die KI natürlich zu diesen Aussagen gekommen ist."",""Sprecher 1"""
"6051540,""6054620"","" Ich verstehe es zwar, aber am Ende des Tages bekomme ich ja nur eine Antwort."",""Sprecher 1"""
"6054880,""6056420"","" Deswegen kann ich das nicht nachvollziehen."",""Sprecher 1"""
"6057160,""6060960"","" Und dann bedeutet das, dass ich die Aussage natürlich auch überprüfen müsste selber."",""Sprecher 1"""
"6061920,""6064960"","" Deswegen mache ich das ja mal ein bisschen weiter nach unten."",""Sprecher 1"""
"6070760,""6075300"","" Es ist auch tatsächlich so, dass ich relativ häufig solche Systeme verwende."",""Sprecher 1"""
"6076620,""6081140"","" Auch im Privaten tatsächlich und auch um gewisse Dinge zu überprüfen."",""Sprecher 1"""
"6081260,""6090100"","" Natürlich nicht alles, aber ich benutze das schon sehr gerne im Alltag, um tatsächlich Dinge überprüfen zu lassen und nach den Quellen und Informationen zu verifizieren."",""Sprecher 1"""
"6103020,""6103540"","" Nein."",""Sprecher 1"""
"6106950,""6131310"","" Außer du möchtest ja etwas Spezifisches tatsächlich haben, weil bisher hatte ich so nicht das Gefühl, dass die KI mich tatsächlich zum einen nicht in eine gewisse Bereiche drängen wollte, zudem auch nicht wirklich sagt, dass dadurch meine Meinung wirklich beeinflusst worden ist."",""Sprecher 1"""
"6131350,""6132390"","" Das konnte die KI nicht."",""Sprecher 1"""
"6133150,""6133570"","" Okay."",""Sprecher 2"""
"6133810,""6136530"","" Es gibt nur deine persönliche Antwort dazu."",""Sprecher 2"""
"6136930,""6137050"","" Okay."",""Sprecher 1"""
"6137190,""6139070"","" Es gibt nichts Falsches."",""Sprecher 2"""
"6139170,""6143810"","" Es ist wirklich einfach deine Antwort, wie du das empfunden hast."",""Sprecher 2"""
"6144170,""6146770"","" Wie gesagt, es gibt bei solchen Sachen nicht richtig und nicht falsch."",""Sprecher 2"""
"6147970,""6150030"","" Beim Alter gibt es richtig oder falsch."",""Sprecher 2"""
"6150310,""6151830"","" Ja, es ist immer richtig oder falsch."",""Sprecher 1"""
"6153350,""6155810"","" Wo ist denn da bitte schön ..."",""Sprecher 1"""
"6162530,""6164990"","" Okay, da muss man sich ein bisschen aufpassen jetzt hier."",""Sprecher 1"""
"6167950,""6172850"","" Also ich bin tatsächlich sehr neutral, was das angeht."",""Sprecher 1"""
"6178170,""6179910"","" Ich erkläre im Debriefing gleich."",""Sprecher 2"""
"6180630,""6180790"","" Okay."",""Sprecher 1"""
"6181330,""6194210"","" Also es ist tatsächlich so, politisch, wenn ich mich selber einordnen würde, viele kennen ja das Liberale, ich bin jetzt weder zu sehr links noch zu sehr rechts oder sonstiges."",""Sprecher 1"""
"6194610,""6195630"","" Ich würde sagen, sehr neutral."",""Sprecher 1"""
"6195770,""6198570"","" Ich betrachte das auch alles immer sehr nüchtern tatsächlich."",""Sprecher 1"""
"6200710,""6203290"","" Deswegen ja, ich bleibe mal da."",""Sprecher 1"""
"6203510,""6205350"","" Oder ist das schon die Mitte?"",""Sprecher 1"""
"6205930,""6207330"","" Genau, es ist die Mitte."",""Sprecher 2"""
"6208850,""6216010"","" Wenn man das in politischem Sprechdrehen einordnen möchte, muss man halt schauen."",""Sprecher 2"""
"6216210,""6220010"","" Man kann das ja mit den verschiedenen Parteien abgleichen, die man wählen würde."",""Sprecher 2"""
"6220970,""6222270"","" Wo die sind, auf welchen."",""Sprecher 2"""
"6222610,""6225350"","" Zum Beispiel die CDU kommt ein Stück vor der CSU."",""Sprecher 2"""
"6226850,""6227310"","" Verstehe."",""Sprecher 1"""
"6228090,""6234370"","" Pass auf, dann machen wir das mal eher so hier, weil ich dann doch eher ein bisschen sozialpolitisch ..."",""Sprecher 1"""
"6234370,""6238670"","" Also, wenn man tatsächlich eher sozialpolitisch geht, dann wahrscheinlich eher in diese Richtung."",""Sprecher 1"""
"6238930,""6241010"","" Genau, in die Richtung ist es so zu bewerten."",""Sprecher 2"""
"6241170,""6243790"","" Es ist aber auch eine persönliche Einschätzung seiner selbst."",""Sprecher 2"""
"6243890,""6245830"","" Deswegen gibt es da auch nichts richtiges."",""Sprecher 2"""
"6246570,""6249050"","" Es gibt einfach, wie man sich selber bewertet."",""Sprecher 2"""
"6249190,""6250430"","" Das kenne ich gar nicht."",""Sprecher 1"""
"6250550,""6252090"","" Einen Richtig und einen Falsch gibt es nicht."",""Sprecher 1"""
"6252170,""6253830"","" Es gibt immer einen Richtig und einen Falsch."",""Sprecher 1"""
"6255450,""6257210"","" Bei persönlichen Dingen oft nicht, nein."",""Sprecher 2"""
"6257350,""6257930"","" Ja, ja, okay."",""Sprecher 1"""
"6258330,""6259710"","" Nee, nee, schon richtig, ja."",""Sprecher 1"""
"6262050,""6264630"","" Da gibt es wieder einen Richtig und einen Falsch bei der Antwort."",""Sprecher 2"""
"6266090,""6270490"","" Ja, also, ich muss sagen, Fernsehen schaue ich so gut wie gar nicht."",""Sprecher 1"""
"6270690,""6273210"","" Gerade Nachrichtenformate eher weniger."",""Sprecher 1"""
"6275850,""6277050"","" Schon eher."",""Sprecher 1"""
"6280230,""6282070"","" Wer macht das heutzutage noch?"",""Sprecher 1"""
"6290580,""6291780"","" Ja, okay."",""Sprecher 1"""
"6292160,""6292940"","" Das ist ja täglich."",""Sprecher 1"""
"6292940,""6305780"","" Also, mit Messenger-Gruppen ist es tatsächlich sowas wie eine WhatsApp-Gruppe, die sich über solche Themen beschäftigen."",""Sprecher 1"""
"6307200,""6308120"","" Eher weniger."",""Sprecher 1"""
"6317550,""6322690"","" Also, ich werde das jetzt hier als sechs, also ich stimme das zu, dass ich das hinbekomme."",""Sprecher 1"""
"6322810,""6326870"","" Wahrscheinlich wird es gleich in dem Debriefing genau andersrum sein."",""Sprecher 1"""
"6338600,""6340800"","" Ja, das kenne ich."",""Sprecher 1"""
"6343060,""6344400"","" Yes, bin auch geschult."",""Sprecher 1"""
"6346230,""6348490"","" Yes, kann ich auch."",""Sprecher 1"""
"6348950,""6349090"","" Okay."",""Sprecher 1"""
"6350090,""6351050"","" Und absenden."",""Sprecher 2"""
"6352010,""6352670"","" Ich sende."",""Sprecher 1"""
"6353270,""6355010"","" Und unten gibt es noch mal einen Weiter-Button."",""Sprecher 2"""
"6355830,""6357070"","" Ich habe ihn gefunden."",""Sprecher 1"""
"6358470,""6359110"","" Ja!"",""Sprecher 2"""
"6359430,""6360870"","" Die Studie ist zu Ende."",""Sprecher 2"""
"6362790,""6363950"","" Herzlichen Dank."",""Sprecher 2"""
