"start,""end"",""text"",""speaker"""
"20960,""22760"","" Bist du bereit, dass wir damit beginnen?"",""Sprecher 2"""
"23020,""23140"","" Ja."",""Sprecher 2"""
"24640,""26640"","" Wunderbar, dann einmal herzlich willkommen."",""Sprecher 2"""
"27380,""32280"","" Einverständniserklärung, das ist meine Studie zu meiner Bachelorarbeit von der Bewertung zur Verifikation."",""Sprecher 2"""
"32400,""37620"","" Eine Studie zur körperlichen Bewertung von Nachrichten, Artikeln und Einsatz von LLMs zur Verifikation."",""Sprecher 2"""
"38440,""41460"","" Du nimmst am Single-Laut-Protokoll statt."",""Sprecher 2"""
"41580,""44980"","" Das heißt, du sollst während des Versuchs laut deine Gedanken äußern."",""Sprecher 2"""
"46640,""60800"","" Und es werden dabei Videoaufnahmen, Tonaufnahmen, Fragebögen als auch Chat-Protokolle gespeichert und danach ausgewertet."",""Sprecher 1"""
"61080,""63140"","" Hier ist die komplette Datenschutzerklärung."",""Sprecher 1"""
"63319,""66340"","" Alles wird nur so lange gespeichert, wie es notwendig ist."",""Sprecher 1"""
"67880,""70540"","" Einmal bitte hier den Namen eingeben."",""Sprecher 2"""
"85920,""89500"","" Wunderbar, du bist keine Studentin."",""Sprecher 2"""
"90460,""92480"","" Einmal bitte runterscrollen."",""Sprecher 2"""
"97280,""105160"","" Einmal das Formular absenken und einmal hier unten dann auf den Weiter-Button, damit es weitergehen kann."",""Sprecher 1"""
"106380,""108520"","" Dann beginnen wir auch schon mit der ersten Studie."",""Sprecher 1"""
"108640,""111160"","" Insgesamt gibt es drei Studienphasen."",""Sprecher 1"""
"111200,""118300"","" Die erste Studienphase besteht darin, dass vier Nachrichtenartikel gelesen werden."",""Sprecher 1"""
"118460,""126040"","" Das sind alles wirklich veröffentlichte Nachrichtenartikel, die aber im Plaintext dargestellt werden."",""Sprecher 1"""
"126200,""132440"","" Nach jedem Nachrichtenartikel kommt ein Fragebogen und man soll bitte laut dabei denken."",""Sprecher 2"""
"132580,""138400"","" Man muss nicht laut vorlesen, aber laut Gedanken äußern und danach die Glaubwürdigkeit bitte bewerten."",""Sprecher 2"""
"138960,""144520"","" Es gibt immer einen Weiter-Button überall und manchmal ist der nach unten verschoben."",""Sprecher 2"""
"144800,""150020"","" Wenn es irgendwo Ladeprobleme gibt, kann passieren, einfach nochmal die Seite Renewen."",""Sprecher 2"""
"155990,""167370"","" Wenn es zu lange nicht laut gedacht wird, würde ich meinerseits bitte laut denken sagen."",""Sprecher 2"""
"264540,""265620"","" Bitte laut denken."",""Sprecher 2"""
"266080,""275240"","" Ja, schwieriges Thema, aber von der Schreibweise her recht neutral."",""Sprecher 1"""
"278030,""279770"","" Mal weiterlesen, wie es weitergeht."",""Sprecher 1"""
"280990,""288130"","" Es muss nicht laut gelesen werden."",""Sprecher 1"""
"332460,""350420"","" Die Auszeichnung wird da ja direkt ad absurdum geführt, indem man eben Tatsachenzeugen aus Georgien nimmt, die anscheinend ganz andere Erfahrungen haben als das, was da ausgezeichnet worden ist und wie das begründet wurde."",""Sprecher 1"""
"350420,""430060"","" Der Satz der Kuratorin Ratschenko, dass der Soldat sich freiwillig entschieden hat und entscheiden heißt für mich in dem Sinne vielleicht freiwillig, die jetzt so nicht unterstreichen, weil ich weiß nicht, ob sich jeder russische Soldat freiwillig entscheidet zu kämpfen, das glaube ich nämlich nicht."",""Sprecher 1"""
"628740,""629800"","" Bitte laut denken."",""Sprecher 2"""
"630300,""661720"","" Ja, ich kann das verstehen, dass sie gerade ukrainische Journalistinnen und Journalisten sich da wirklich beschämt fühlen, wenn solche Fotos ausgewählt werden und dann auch so eine komische Formulierung kommt, weil es anonym ist, könnte man da nichts gegen machen oder jetzt erst im Nachgang hatte Geschmäckle, sagen wir mal so."",""Sprecher 1"""
"681150,""684630"","" Genau, wenn man fertig ist auf weitere, dann öffnen wir den Fragebogen."",""Sprecher 2"""
"690720,""694720"","" Bitte T11 Stattname eingeben, so kann ich unterscheiden."",""Sprecher 2"""
"697060,""718690"","" Ja, man kann auch einfach so schreiben."",""Sprecher 2"""
"724630,""753900"","" Wir müssen jetzt nur ganz kurz die Teile vorskippen."",""Sprecher 2"""
"766080,""768160"","" Bitte nochmal T11 eintragen."",""Sprecher 2"""
"803880,""808240"","" Genau, hier laut denken, wie die Merkmale dich beeinflusst haben."",""Sprecher 2"""
"810780,""813280"","" Sprachstil, emotional, gegensachlich."",""Sprecher 1"""
"813340,""820200"","" Entweder du bewertest hier, wie der Sprachstil ist oder wie stark dich das Merkmal beeinflusst hat bei deiner Wortschreisverhöhung."",""Sprecher 2"""
"822140,""826700"","" Ja, also T11, Informationsgehalt und Faktendichte."",""Sprecher 1"""
"827980,""830600"","" Nee, das war jetzt da ja sehr niedrig."",""Sprecher 1"""
"831780,""834020"","" Fakten waren da jetzt nicht so viele drin."",""Sprecher 1"""
"834920,""837220"","" Das waren ja alles nur persönliche Eindrücke."",""Sprecher 1"""
"841120,""842920"","" Strukturierung der Argumentation."",""Sprecher 1"""
"845100,""847120"","" Vorwissen und Fakten zu diesem Thema."",""Sprecher 1"""
"851560,""856020"","" Es gibt aber auch darum, wie einen diese Merkmale beeinflusst haben bei der Wortschreisverhöhung."",""Sprecher 1"""
"858720,""859900"","" Kann ich nochmal kommentieren?"",""Sprecher 1"""
"860160,""860980"","" Ja, klar."",""Sprecher 1"""
"862960,""865040"","" Lausibilität der Informationen."",""Sprecher 1"""
"894220,""899120"","" Längere und altere Artikel waren schon sehr ausführlich, also sehr lang."",""Sprecher 1"""
"904320,""905240"","" Ausführlichkeiten."",""Sprecher 1"""
"905240,""914920"","" Eindruck des Textes als journalistisch und professionell, das war jetzt schon relativ weit."",""Sprecher 1"""
"914920,""917300"","" Nee, noch weiter runter scrollen."",""Sprecher 2"""
"917660,""920500"","" Der ist noch nicht zu Ende und der muss abgesendet werden."",""Sprecher 2"""
"922040,""925000"","" Super, Entschuldigung, ich war im Falschschritt und bin ein bisschen nach unten gegangen."",""Sprecher 1"""
"926380,""928320"","" Eine Sekunde noch."",""Sprecher 1"""
"944940,""1033619"","" Bitte den Fragebogen absenden und dann erstmal weitergehen."",""Sprecher 1"""
"1101330,""1102890"","" Bitte laut denken."",""Sprecher 2"""
"1106540,""1116580"","" Das Thema ist interessant und scheint mir auch wahr zu sein, dass die Europäische Union das beschlossen hat."",""Sprecher 1"""
"1117000,""1120500"","" Es ist halt die Frage, ob sie es auch wirklich durchsetzen können."",""Sprecher 1"""
"1125820,""1142580"","" Es war, dass ein haftbefähigen Protein erlassen wurde."",""Sprecher 1"""
"1156370,""1158890"","" Die UN und das Vetorecht der Russen."",""Sprecher 1"""
"1245040,""1257580"","" Sieht mir eher aus wie ein Bemühen, um den Versuch der Gerechtigkeit jemanden zur Beantwortung zu ziehen, als dass es wirklich umsetzbar wäre in der Realität."",""Sprecher 1"""
"1265870,""1286660"","" Aber vielleicht wird ja eines Tages der Tag kommen, wo man es einsetzen kann und darf, wenn gesammelt und ermittelt wird, was passiert ist in diesem Krieg und was gegen bestehendes Völkerrecht verstößt, kann man vielleicht doch jemanden zur Verantwortung ziehen."",""Sprecher 1"""
"1286860,""1292180"","" Das hat man ja auch im Jugoslawien-Krieg gesehen, dass das auch nach Jahren und Jahrzehnten noch möglich ist."",""Sprecher 1"""
"1367250,""1421390"","" Ich denke, dass es darum geht, die Sprache zu übernehmen, die praktisch ist."",""Sprecher 1"""
"1424290,""1430790"","" Ich finde auch, die Strukturen und die Interessen sind klar wissenschaftlich."",""Sprecher 1"""
"1442850,""1445850"","" Ich habe noch ein Stückchen."",""Sprecher 1"""
"1455280,""1462700"","" Also nach vorne ist, eins ist eher sachlich und dahinten ist emotional."",""Sprecher 1"""
"1565360,""1572200"","" Es waren korrekte Informationen enthalten."",""Sprecher 1"""
"1581010,""1624960"","" Es wurde darauf hingewiesen, dass das nicht unbedingt so umgesetzt werden kann."",""Sprecher 1"""
"1634920,""1650560"","" Aber in dem Artikel kam einfach zum Ausdruck, dass es einfach schwierig ist, zwischen dem, was man gerne wollt oder was die Politik auch umsetzen möchte, dass es auch nicht so umgesetzt werden kann, weil dem einfach ganz viel entgegensteht."",""Sprecher 1"""
"1653880,""1675180"","" An internationalen Voraussetzungen, die eben gerade dadurch, dass Russland dieses Vetorecht in der UNO hat, da auch nicht alle Länder dieser Welt gegen die Russen sind, das ist eben dann auch nicht das, was die Europäer sich wünschen und umsetzen wollen oder erstellen wollen, dann eben auch in der Realität so gemacht werden kann."",""Sprecher 1"""
"1675320,""1693020"","" Aber wie ich schon vorhin gesagt habe, finde ich, dass es wichtig ist, dass es gemacht wird, weil eben klar ist, dass dieser Krieg hoffentlich irgendwann endet und man nicht weiß, ob man dann die Verantwortlichen nicht noch vor einen Gerichtshof stellen kann, um sie für das, was getan wurde in diesem Krieg, zur Verantwortung zu ziehen."",""Sprecher 1"""
"1693560,""1694740"","" So, absenden."",""Sprecher 1"""
"1700260,""1702180"","" Haben Sie etwas dazu gesagt?"",""Sprecher 2"""
"1702220,""1705640"","" Genau, Russland ist ein Friedenstifter, da wende ich jetzt Text 3."",""Sprecher 1"""
"1707560,""1707920"","" Genau."",""Sprecher 1"""
"1718180,""1722760"","" Also da ist von Anfang an klar, dieser Text ist absolut eingefärbt."",""Sprecher 1"""
"1724080,""1741120"","" Natürlich ist man voreingenommen, weil man da, wo wir stehen in Deutschland, nicht unbedingt Putin oder die Russen generell als Friedenstifter betrachten würde und auch nicht ein Land oder eine Nation das Völker rettet."",""Sprecher 1"""
"1742180,""1752500"","" Barmherzigkeit und Mitgefühl würde ich jetzt auch mal nicht unbedingt als in der DNA-Code verankerte Werte sehen, zumindest nicht generell."",""Sprecher 1"""
"1796760,""1816520"","" Wenn mich nicht alles täuscht, ist es zwar richtig, dass Türken und Armenier jetzt nicht unbedingt das beste Verhältnis haben, dass es auch diesen, die Armenier bezeichnen es glaube ich als Völkermord, in der länger zurückliegenden Vergangenheit gab."",""Sprecher 1"""
"1817680,""1822340"","" Aber ob da Russland wirklich irgendeine Rolle als Versöhnung gespielt hat, wage ich mal zu bezweifeln."",""Sprecher 1"""
"1832510,""1836250"","" Dass die Russen dem armenischen Volk die Hand gereicht haben."",""Sprecher 1"""
"1839050,""1859100"","" Außerdem glaube ich, bin ich mir noch nicht sicher, ob das nicht noch im Reich des Zaren lag zu dem Zeitpunkt, wo das passiert ist."",""Sprecher 1"""
"1863980,""1866240"","" Ja doch, Nikolaus ist es genau."",""Sprecher 1"""
"1900480,""1928850"","" Und selbst wenn das so gewesen ist, dass damals die Russen die Grenzen geöffnet haben, um die verfolgten Armenier aufzunehmen und ihnen zu helfen, ist das schon sehr lange her und kann man doch nicht generell so bezeichnen, dass es dann heute noch gilt, dass Russland dieses edle Volk ist, dass Putin seine Nation immer gerne darstellen möchte."",""Sprecher 1"""
"1955830,""1967770"","" Wo wir jetzt gerade in Berlin angekommen sind, das ist absolut nicht der Fall gewesen, dass die in ihrer Barmherzigkeit grenzenlos waren, das ist absoluter Quatsch."",""Sprecher 1"""
"1969470,""1978630"","" Wenn es nach Russland gegangen wäre, wäre Deutschland ein Agrarland geworden, die hätten uns nie wieder nach oben kommen lassen."",""Sprecher 1"""
"1978630,""1982870"","" Die Versöhnung lag eher auf Seifen der Amerikaner und der Franzosen."",""Sprecher 1"""
"2009530,""2033030"","" Allein die Fakten auf einen Einwohner pro Woche, es sollten 500 Gramm Fleisch, drei Kilo Brot, 350 Gramm Kaffee, Kartoffeln und Getreide kommen und die Kinder noch Milch dazu, ist absoluter Blödsinn, weil das damals überhaupt nirgendwo vorhanden war, weder in Russland noch in Europa sonst irgendwo, dass jeder Einwohner pro Woche so viel bekommen hätte können."",""Sprecher 1"""
"2047179,""2049340"","" Es ist nett, dass man uns vor dem Hunger tot bewahrte."",""Sprecher 1"""
"2057980,""2061719"","" Der ganze Text kommt als reine russische Propaganda daher."",""Sprecher 1"""
"2133810,""2155300"","" Informationsgehalt und Faktendichte haben mich in der Weise sehr beeinflusst, denn es gab keine Informationen, zumindest keine korrekten Informationen."",""Sprecher 1"""
"2160100,""2166660"","" Struktur und Logik der Argumentation, das war keine Argumentation, das ist Propaganda."",""Sprecher 1"""
"2168720,""2172880"","" Das hat mich auch sehr beeinflusst."",""Sprecher 1"""
"2175080,""2181360"","" Mein Vorwissen zu diesem Thema ist schon vorhanden, würde ich sagen."",""Sprecher 1"""
"2182100,""2183660"","" Ich habe mich damit sehr beschäftigt."",""Sprecher 1"""
"2185300,""2191640"","" Lausibilität der Informationen, das Gleiche wieder, welche Informationen?"",""Sprecher 1"""
"2192220,""2213730"","" Es gab keine, zumindest keine korrekten, bis auf das mit dem armenischen Volk, aber das, Länge und Ausführlichkeit, das hat mich nicht bei diesem Artikel so sehr beeinflusst."",""Sprecher 1"""
"2214590,""2218810"","" Es hätte länger oder kürzer sein können, dann hätte ich es trotzdem nicht besser gefunden."",""Sprecher 1"""
"2221850,""2226590"","" Eindruck des Textes als journalistisch oder professionell?"",""Sprecher 1"""
"2227750,""2228990"","" Sehr niedrig."",""Sprecher 1"""
"2230550,""2236090"","" Bauchgefühl und Intuition haben mich da schon auch relativ beeinflusst, gebe ich zu."",""Sprecher 1"""
"2236890,""2237770"","" Das fängt schon an."",""Sprecher 1"""
"2237770,""2368790"","" Dann mache ich das noch weiter."",""Sprecher 1"""
"2371180,""2373040"","" Genau, und dann nochmal die 11."",""Sprecher 2"""
"2373980,""2376340"","" Ja, ja, den Fragebogen habe ich ja schon beantwortet."",""Sprecher 1"""
"2376440,""2378920"","" Genau, und dann fängt die nächste Phase an."",""Sprecher 2"""
"2378980,""2381620"","" Oh, kann es sein, dass ich vergessen habe abzuschicken?"",""Sprecher 1"""
"2383670,""2384470"","" Kann sein."",""Sprecher 2"""
"2384850,""2386530"","" Ihre Antwort wurde gesendet."",""Sprecher 1"""
"2390220,""2391400"","" Dann ist es abgeschickt."",""Sprecher 2"""
"2392240,""2394440"","" Und jetzt, wenn ich weiter runtergekommen bin?"",""Sprecher 1"""
"2396100,""2398640"","" Doch, manchmal sind die ganz weit unten."",""Sprecher 2"""
"2399580,""2400120"","" Ach so."",""Sprecher 1"""
"2403580,""2405360"","" Der ist auch unterschiedlich."",""Sprecher 1"""
"2405900,""2407920"","" Okay, deswegen habe ich gedacht."",""Sprecher 1"""
"2411700,""2416320"","" Europäische Eliten wollen jeden Gesetzentwurf unter, gegen Marine Le Pen."",""Sprecher 1"""
"2459440,""2461640"","" Da kannst du mal einfahren, ich glaube, da kommt ein Wind."",""Sprecher 1"""
"2463900,""2476520"","" Bei diesem Artikel kann ich bis jetzt noch nicht einen Fakt für die Behauptungen feststellen, die hier gemacht werden, die Selbstbedienungslagen."",""Sprecher 1"""
"2478220,""2482020"","" Und man wird immer seine Parteifreunde irgendwie unterbringen."",""Sprecher 1"""
"2487650,""2491030"","" Es wird sich direkt anscheinend schon sehr auf die Grünen eingeschossen."",""Sprecher 1"""
"2496180,""2513500"","" Die Sprache ist sarkastisch."",""Sprecher 1"""
"2533890,""2536770"","" Es geht für jede Parteiausnahme umfangt."",""Sprecher 1"""
"2541630,""2545310"","" Ich bezweifle, dass es alles Parteifreunde sind."",""Sprecher 1"""
"2547170,""2553930"","" Denn es wird hier auch nicht faktisch unterlegt, dass es so ist, sondern es wird nur eine Behauptung erstellt."",""Sprecher 1"""
"2557280,""2565060"","" Es sind nämlich teilweise auch Beamten in der Regierung, die nicht unbedingt von Parteien ernannt werden können."",""Sprecher 1"""
"2566900,""2570460"","" Deswegen, parteilose Experten und Fachkräne kommen eher selten zum Zuge."",""Sprecher 1"""
"2571400,""2573640"","" Politische Gegner mit Sicherheit gar nicht."",""Sprecher 1"""
"2574580,""2577180"","" Letzteres wäre ja auch ganz ohne Ironie und Sinn verrückt."",""Sprecher 1"""
"2577180,""2581960"","" Warum spricht man dann so einen Satz aus, wenn man ihn schon selber als verrückt ansieht?"",""Sprecher 1"""
"2619200,""2621880"","" Dieser Artikel unterstellt Korruption."",""Sprecher 1"""
"2622300,""2633080"","" Ich korrumpiere meine Mitarbeiter, wenn ich später mal innerparteilich ein Problem habe, indem ich sie dann dazu zwinge, indem ich ihnen eine Arbeit gegeben habe, total loyal zu mir zu sein."",""Sprecher 1"""
"2634940,""2637780"","" Ohne irgendein Fakt, ohne irgendein Beispiel."",""Sprecher 1"""
"2637940,""2639780"","" Einfach mal in den Raum geschmissen."",""Sprecher 1"""
"2690280,""2695200"","" Ein Treffen mit Parteifreunden ist nicht unbedingt auch immer ein Treffen mit Wählern."",""Sprecher 1"""
"2695340,""2700000"","" Wenn die eh schon in meiner eigenen Partei sind, dann werden sie wahrscheinlich keine anderen wählen."",""Sprecher 1"""
"2700660,""2702460"","" Wähler sind dann für mich etwas anderes."",""Sprecher 1"""
"2702900,""2707060"","" Das ist ein anderes Treffen als das mit meinen Parteifreunden."",""Sprecher 1"""
"2710260,""2719480"","" Außerdem sind das teilweise ganz normale Vorgänge, wenn man sich mit seinen Parteifreunden treffen muss, weil eben auch Dinge zu bearbeiten sind."",""Sprecher 1"""
"2719480,""2720760"","" Innerparteilichheit auch immer."",""Sprecher 1"""
"2731930,""2740170"","" Es gibt sicherlich Institutionen, die gewisse Arbeitsvorgehensweisen im deutschen Parlament überwachen."",""Sprecher 1"""
"2740390,""2743190"","" Das ist alles so ganz ohne ist, glaube ich einfach nicht."",""Sprecher 1"""
"2745170,""2814630"","" Wenn ich meinen Arbeitsalltag nicht beschreiten kann, gar nichts sagen kann zu dem, was ich da parlamentarisch tue für diese Partei, dann denke ich mir doch, dass ich dann wirklich überhaupt keinerlei Einblick habe."",""Sprecher 1"""
"2814830,""2818710"","" Auch nicht, wenn ich als Leibwächter vielleicht nicht mit ins Parlamentsgebäude gehe."",""Sprecher 1"""
"2819210,""2831150"","" Aber dann weiß ich doch trotzdem über Treffen, über Arbeiten, wie lang war der Arbeitstag von Fran Le Pen oder ihren sonstigen Abgeordneten bis zum Assemblement."",""Sprecher 1"""
"2832450,""2834290"","" Das kann ich aber wenigstens sagen."",""Sprecher 1"""
"2834390,""2840530"","" Aber wenn ich gar nichts sagen kann, dann ist das schon ein Fakt, der doch sehr zu denken gibt."",""Sprecher 1"""
"2860450,""2866350"","" Eine Sekretärin sollte ihre Chefin schon sehen oder ihren Chef, weil es gibt auch immer gerade bei denen was zu unterschreiben."",""Sprecher 1"""
"2866890,""2871770"","" Ich weiß nicht, ob das denn immer so hin und her gemailt werden kann, ausgedruckt oder zurückgeschickt."",""Sprecher 1"""
"2871870,""2873950"","" Manches muss einfach auch im Original vorliegen."",""Sprecher 1"""
"2874090,""2874830"","" Das ist Blödsinn."",""Sprecher 1"""
"2876510,""2881010"","" Grafikdesigner, ich weiß nicht, warum unbedingt ein Grafikdesigner bei Le Pen angestellt sein muss."",""Sprecher 1"""
"2881470,""2883710"","" Das wäre eher eine parteiliche Angelegenheit."",""Sprecher 1"""
"2891880,""2894520"","" Sie sind ja auch nicht die persönlichen Assistenten von Elon Musk."",""Sprecher 1"""
"2894520,""2896400"","" Ich glaube, der kennt ihn schon ziemlich genau."",""Sprecher 1"""
"2921450,""2934490"","" Ich denke mir, in einem demokratischen Land wie Frankreich kann die französische Justiz nicht in einen nichtjustizierbaren Bereich einvorstoßen."",""Sprecher 1"""
"2936450,""2937350"","" So, jetzt kommen wir mal."",""Sprecher 1"""
"2937390,""2939850"","" Als erstes werden wieder die Grünen und dann kommen direkt die Linken."",""Sprecher 1"""
"2939910,""2940490"","" Sehr schön."",""Sprecher 1"""
"2940810,""2943030"","" Und dann erst die Liberalen und Systemkonservativen."",""Sprecher 1"""
"2943190,""2946830"","" Also es hat schon wieder ein Geschmäckle, dass man sich da besonders auf Grün und Linke einschießt."",""Sprecher 1"""
"2946830,""2952470"","" Aber besonders eben die Grünen hier, der Buhmann sein sollen für die deutsche Politik."",""Sprecher 1"""
"2978280,""2996480"","" Und selbst wenn bei dem Urteil gegen Le Pen ein gewisser parteipolitisches oder machtaktisches Spiel ist, es ändert dann eventuell doch nichts an der Tatsache, dass die Justiz etwas gefunden hat, die auch in Frankreich unabhängig ist, was wirklich gegen Geltungsrecht verstößt."",""Sprecher 1"""
"3003740,""3026810"","" Und da wir nicht in Amerika sind, wo ein Präsident gewählt werden kann, auch wenn er im Gefängnis sitzt, kann es natürlich sein, dass wenn das Urteil rechtskräftig wird, Marie Le Pen nicht bei den Präsidentschaftskandidaten antreten darf, was dann aber nach geltendem Recht geschieht, zum Erfüllungsgehilfen."",""Sprecher 1"""
"3026930,""3044870"","" Also man stellt auch die Unabhängigkeit der französischen Justiz hier infrage und natürlich steckt überall Emmanuel Macron, das ist ein sehr verschwerungsmäßiger und dessen Politklicker, dann auch worttechnisch sehr eindeutig und Hintermänner."",""Sprecher 1"""
"3046110,""3059210"","" Hört sich wirklich an, als ob sie da gegen eine kriminelle direkt sprechen, wenn sie über Macron und seine Partei reden."",""Sprecher 1"""
"3074170,""3093030"","" Also alles, was ihnen nicht gefällt, jeder rechte Politiker in Europa, der von irgendeinem Gericht, das meistens doch noch demokratisch ist, wird alles infrage gestellt, dass es nicht demokratisch ist und gegen Verfassungsrecht verstößt."",""Sprecher 1"""
"3107240,""3112020"","" Und was denn für verfassungsrechtlich weit fragwürdige Entscheidungen des Bundesverfassungsberichts?"",""Sprecher 1"""
"3114450,""3122150"","" Die weit vorangeschrittenen Debatten um ein Verbot der AfD, wir sind ein demokratisches Land, da darf man auch darüber diskutieren."",""Sprecher 1"""
"3122290,""3123990"","" Das heißt nicht, dass die AfD verboten wird."",""Sprecher 1"""
"3125570,""3134550"","" Es wird nur darüber diskutiert, dass sie eindeutig als rechtsextrem vom Verfassungsschutz eingeordnet ist, ob man das eventuell anschließen sollte."",""Sprecher 1"""
"3140050,""3142250"","" Dann reden wir wieder von den Eliten."",""Sprecher 1"""
"3142510,""3146650"","" Ja klar, auch da ist die Wortwahl sehr eindeutig."",""Sprecher 1"""
"3147510,""3162630"","" Fest eingeplanter Krieg, europäische Demokratie in Anführungsstrichen, europäische Werte in Anführungsstrichen."",""Sprecher 1"""
"3164380,""3165640"","" Okay, erledigt."",""Sprecher 1"""
"3166720,""3167660"","" Machen wir mal weiter."",""Sprecher 1"""
"3168020,""3170920"","" Na, und die letzte Frage wurde für Phase 1."",""Sprecher 2"""
"3172040,""3172540"","" Bisschen."",""Sprecher 2"""
"3329800,""3330540"","" Bisschen?"",""Sprecher 1"""
"3330840,""3331040"","" Ja."",""Sprecher 1"""
"3331840,""3332580"","" Ja."",""Sprecher 2"""
"3338780,""3339500"","" Ehrlich?"",""Sprecher 2"""
"3340520,""3341400"","" Ich bin schon raus."",""Sprecher 2"""
"3398970,""3400950"","" Phase 2, interaktive Hörung."",""Sprecher 1"""
"3400950,""3403070"","" Genau, jetzt fängt Phase 2 an."",""Sprecher 2"""
"3403170,""3407450"","" An der rechten Seite werden die jetzt alle an der Chatbot angezeigt."",""Sprecher 2"""
"3407550,""3414250"","" Auf der linken Seite, es ist ein selbstprogrammierter Chatbot, die Nachrichtenartikel, die gerade schon da waren."",""Sprecher 2"""
"3414730,""3419030"","" Und jetzt soll man die Nachrichtenartikel auf ihre Glaubwürdigkeit verifizieren."",""Sprecher 2"""
"3419290,""3422250"","" Es gibt keine richtige und keine falsche Vorgehensweise."",""Sprecher 2"""
"3422690,""3429330"","" Der Chatbot kann manchmal etwas länger brauchen in der Bearbeitungszeit, weil ich nicht dieselbe Rechnungsleistung habe wie große Tech-Unternehmen."",""Sprecher 2"""
"3430230,""3431650"","" Was muss ich jetzt hier machen?"",""Sprecher 1"""
"3432330,""3433150"","" Hier starten, oder?"",""Sprecher 1"""
"3433830,""3435350"","" Nein, das ist ein Notizbord."",""Sprecher 1"""
"3436410,""3438010"","" Das ist nochmal der gleiche."",""Sprecher 1"""
"3438050,""3439330"","" Das sind die identischen Artikel."",""Sprecher 1"""
"3439830,""3441950"","" Und wenn man runterspringt, ist hier das Eingabebit."",""Sprecher 1"""
"3442870,""3444450"","" Was muss ich da jetzt anschreiben?"",""Sprecher 1"""
"3445590,""3452390"","" Die Nachrichtenartikel sollen jetzt mit einem Chatbot verifiziert werden, auf ihre Glaubwürdigkeit überprüft."",""Sprecher 1"""
"3583660,""3584080"","" Ah, klar."",""Sprecher 2"""
"3680080,""3682740"","" Der Artikel steht dem ganz nicht zur Verfügung, sondern..."",""Sprecher 2"""
"3728560,""3729600"","" Ja, aber..."",""Sprecher 1"""
"3731780,""3763030"","" Nein, das kann ich jetzt überhaupt nichts mit anschauen."",""Sprecher 1"""
"3764730,""3766550"","" Ich weiß jetzt nicht, was ich dem Bot schreiben soll."",""Sprecher 1"""
"3771840,""3774800"","" Hast du das genauso zu verwenden wie Chat-JPG?"",""Sprecher 1"""
"3775020,""3775880"","" Das ist mir schon klar."",""Sprecher 1"""
"3840520,""3842360"","" Interessant, er findet also den Namen."",""Sprecher 1"""
"3951570,""3953150"","" Hat er jetzt geantwortet?"",""Sprecher 1"""
"3965740,""3966040"","" Mhm."",""Sprecher 1"""
"3966040,""3970910"","" Was soll das?"",""Sprecher 1"""
"4035910,""4037630"","" Ich bin ganz kurz einmal drin."",""Sprecher 2"""
"4041690,""4047070"","" Der Bot kann ein Leerzeichen mit einziehen."",""Sprecher 2"""
"4049780,""4050980"","" Ist das deine..."",""Sprecher 2"""
"4052280,""4053260"","" Ja, ich sehe."",""Sprecher 2"""
"4053540,""4054320"","" Jetzt ist mal nichts."",""Sprecher 2"""
"4066250,""4067730"","" Dann schauen wir mal, was er jetzt sagt."",""Sprecher 1"""
"4124390,""4125390"","" Ist das eine Umdauer?"",""Sprecher 1"""
"4125689,""4127609"","" Nee, da ist halt die Anfassung."",""Sprecher 1"""
"4127890,""4128210"","" Achso."",""Sprecher 1"""
"4148069,""4151270"","" Hier steht Telefongespräch mit der FAZ."",""Sprecher 1"""
"4151270,""4158490"","" Hätte ich jetzt erwartet, dass vielleicht da auch was in der FAZ erschienen wäre."",""Sprecher 1"""
"4161300,""4169859"","" Okay, weitere Fragen habe ich jetzt nicht dann dazu, weil es gibt keine spezifischen Notifikationen zu diesem Text."",""Sprecher 1"""
"4172220,""4173800"","" Dann kannst du einfach auf Weiter gehen."",""Sprecher 1"""
"4174000,""4175479"","" Ja, bitte die Seite verlassen."",""Sprecher 2"""
"4177560,""4179580"","" Und dann kommt der Fragebogen dazu."",""Sprecher 2"""
"4180180,""4180560"","" Okay."",""Sprecher 2"""
"4180560,""4180680"","" Okay."",""Sprecher 2"""
"4184520,""4186560"","" Ah ja, ich muss wieder TLT."",""Sprecher 2"""
"4197220,""4201580"","" Ja, das war natürlich schon wieder eine ganz andere Ecke."",""Sprecher 1"""
"4203500,""4207280"","" Natürlich wesentlich weniger Glauben hätte ich gelesen."",""Sprecher 1"""
"4217930,""4221370"","" Sind Sie sich in Ihrer Einschätzung..."",""Sprecher 1"""
"4249280,""4249640"","" Nein."",""Sprecher 1"""
"4250940,""4254260"","" Das ist nicht so weniger glaubwürdig als zuvor."",""Sprecher 1"""
"4263100,""4265680"","" Der Mann war auch nicht zuständig."",""Sprecher 1"""
"4277460,""4279220"","" Er hat keine Quellen angegeben."",""Sprecher 1"""
"4294750,""4295070"","" Okay."",""Sprecher 1"""
"4312880,""4315220"","" Weil ich habe die überhaupt nicht verstanden."",""Sprecher 1"""
"4315520,""4317860"","" Er hat nämlich keine Quellen gemacht."",""Sprecher 1"""
"4480120,""4481780"","" So, das habe ich auch abgesendet."",""Sprecher 1"""
"4483420,""4487100"","" Und dann wieder runter scrollen, bis der Weiter-Button da ist."",""Sprecher 2"""
"4488420,""4490420"","" Und dann der nächste Teilchen."",""Sprecher 2"""
"4735540,""4737320"","" Das ist in der Planung."",""Sprecher 1"""
"4738000,""4742240"","" Das ist durchaus Überlegungen und Quellen."",""Sprecher 1"""
"4743400,""4749540"","" Überlegungen gibt es in verschiedenen Foren, dass das gemacht wird, aber noch eine konkrete Umsetzung nicht gegeben ist."",""Sprecher 1"""
"4749800,""4751300"","" Ja, kann ich weiter?"",""Sprecher 1"""
"4757940,""4759280"","" Dann muss ich verlassen, ne?"",""Sprecher 1"""
"4759280,""4761280"","" Dann kommt wieder der Fragebogen."",""Sprecher 1"""
"4867280,""4871700"","" Das ist ein Pflichtfeld."",""Sprecher 1"""
"4930720,""4933820"","" Bitte einmal den Weiter-Button suchen."",""Sprecher 2"""
"5344980,""5348500"","" Und wieder den Weiter-Button suchen."",""Sprecher 2"""
"5358340,""5366340"","" Wir sind schon beim letzten."",""Sprecher 2"""
"5367440,""5369400"","" Genau, bitte laut denken."",""Sprecher 1"""
"5370720,""5375240"","" So, dann schauen wir mal, was da hier zu prüfen am besten geeignet ist."",""Sprecher 1"""
"5545950,""5547310"","" Auch gerne wieder laut denken."",""Sprecher 2"""
"5547810,""5562330"","" Also, ich habe jetzt gefragt, ob es in Deutschland für Parlamentarier und ihre Mitarbeiter für ihre parlamentarische Arbeit im Bundestag und für den Bundestag Überwachungsinstitutionen oder Überwachungsstellen gibt."",""Sprecher 1"""
"5562510,""5565470"","" Und da hat der Chatbot eindeutig geantwortet."",""Sprecher 1"""
"5565470,""5569750"","" Dann habe ich auch gefragt, ob es das Gleiche in Frankreich gibt."",""Sprecher 1"""
"5569850,""5583630"","" Auch hier gibt es diverse parlamentarische Ausschüsse, Verfassungsrat, Ethikrat, die die Arbeit und das Verhalten der Parlamentarier der gewählten demokratischen überprüft."",""Sprecher 1"""
"5585110,""5591590"","" Und damit, um das, was in diesem Artikel steht, zu verifizieren."",""Sprecher 1"""
"5591690,""5594150"","" Es ist also nicht so, dass jeder machen kann, was er möchte."",""Sprecher 1"""
"5594730,""5596630"","" Und frei ist von allem."",""Sprecher 1"""
"5597710,""5602010"","" Und nur seine Freunde und Buddys da reinbringen kann in die Institutionen."",""Sprecher 1"""
"5602090,""5603230"","" Und man sich da bereichert."",""Sprecher 1"""
"5603950,""5606690"","" Sondern da gibt es dann auch wirklich Vorgaben."",""Sprecher 1"""
"5606890,""5611230"","" Also denke ich mir, dass Marine Le Pen wirklich dagegen verstoßen hat."",""Sprecher 1"""
"5611570,""5620710"","" Und es ist wirklich eine Begründung gab, dass sie verurteilt worden ist für das, was sie da getan hat mit ihren Angestellten."",""Sprecher 1"""
"5621570,""5627710"","" Dadurch wurde eigentlich mein vorheriges Einschätzen dieses Artikels bestätigt."",""Sprecher 1"""
"5629330,""5630970"","" Verlassen wir den jetzt mal wieder."",""Sprecher 1"""
"5899300,""5979590"","" Und jetzt muss ich wieder auf weiter."",""Sprecher 1"""
"5996580,""5997980"","" Kommt da jetzt noch was?"",""Sprecher 1"""
"5998600,""6004040"","" Ja, jetzt kommt der Abschlussfragebogen noch über medienlose und KI-Geschützsysteme."",""Sprecher 2"""
"6220420,""6221040"","" Wirtschaftsforschung?"",""Sprecher 1"""
"6221340,""6222820"","" Nein, das muss gut sein."",""Sprecher 1"""
"6326080,""6327940"","" Und Empfängerung habe ich auch."",""Sprecher 1"""
"6328140,""6329320"","" Da gehe ich jetzt auf weiter."",""Sprecher 1"""
"6330680,""6331240"","" Vielen Dank."",""Sprecher 1"""
"6331860,""6332480"","" Fertig."",""Sprecher 1"""
"6333000,""6334320"","" Perfekt, herzlichen Dank."",""Sprecher 2"""
"6334380,""6338360"","" Wir machen jetzt kurz alles fertig."",""Sprecher 2"""
"6339720,""6340750"","" Und gehen ins Debriefing."",""Sprecher 2"""
"6342560,""6344380"","" Ich öffne gerade das weitere Programm."",""Sprecher 2"""
"6347530,""6348150"","" Stoppen."",""Sprecher 2"""
"6349710,""6350330"","" Wunderbar."",""Sprecher 1"""
