"start,""end"",""text"",""speaker"""
"100170,""101230"","" Hi!"",""Sprecher 2"""
"102310,""102710"","" Hallo!"",""Sprecher 1"""
"103890,""106630"","" Hallo, vielen Dank, dass du dir die Zeit genommen hast."",""Sprecher 1"""
"106650,""107170"","" Ja, gerne."",""Sprecher 1"""
"108350,""109390"","" Wollen wir gleich starten?"",""Sprecher 1"""
"109970,""111670"","" Ja, brauchen wir Kamera von mir?"",""Sprecher 1"""
"112490,""114390"","" Nicht unbedingt, wenn du dabei redest."",""Sprecher 1"""
"114510,""127210"","" Kamera ist super, weil dann sehe ich dich dabei, auch wenn ich nicht viel sagen darf in der Zeit, aber dann sehe ich dich, beziehungsweise dann kann man genau mit aufzeichnen, wann du was sagst, wo du da gerade bist, in welchem Teil."",""Sprecher 2"""
"127850,""130070"","" Okay, aber wenn du es nicht möchtest, ist es auch voll fein."",""Sprecher 2"""
"131010,""133970"","" Okay, dann lieber ohne, ich sehe nämlich ziemlich grauslich aus."",""Sprecher 1"""
"135450,""137250"","" Es ist sonnenkrank nach dem Tag."",""Sprecher 2"""
"138250,""139710"","" Und es hat viel zu viele Grad."",""Sprecher 2"""
"140450,""141610"","" Das ist absolut wahr."",""Sprecher 2"""
"142330,""149690"","" Wie du gemerkt hast, muss ich das Ganze aufzeichnen, das ist eben dieses ThinkAloud-Protokoll, weil sonst habe ich das nicht, weil ich es auch nicht so schnell machen kann."",""Sprecher 2"""
"150270,""159590"","" Genau, im Chat ist jetzt für dich der Link zu meiner Studie, wenn du es geöffnet hast, kannst du bitte mit mir dein Bildschirm teilen."",""Sprecher 2"""
"160570,""162090"","" Du sagst es, als würde ich das können."",""Sprecher 1"""
"162370,""163570"","" Okay, warte, geht mein Monitor?"",""Sprecher 1"""
"163590,""165930"","" Link öffnen, zurück in Zoom gehen."",""Sprecher 1"""
"167730,""168250"","" Yes."",""Sprecher 1"""
"169350,""172150"","" Unten ist in der Zeile dann Freigeben."",""Sprecher 1"""
"172790,""173310"","" Okay."",""Sprecher 1"""
"174030,""177930"","" Du gehst auf Freigeben und wählst den Monitor aus, auf dem das drin ist."",""Sprecher 1"""
"180540,""183860"","" Muss ich gucken, ob das geöffnet hat."",""Sprecher 1"""
"184640,""185240"","" Genau."",""Sprecher 2"""
"185740,""188120"","" Meistens ist einfach Desktop 1 mit drin."",""Sprecher 2"""
"188300,""196570"","" Wenn nicht, kannst du mir auch sagen, was da angezeigt wird."",""Sprecher 2"""
"197570,""199270"","" Wir probieren jetzt einfach Desktop 1."",""Sprecher 1"""
"204950,""206470"","" Ja, darf er."",""Sprecher 1"""
"214820,""218220"","" ZoomOS kann bis zum Beenden deinen Bildschirminhalt nicht aufzeichnen."",""Sprecher 1"""
"218300,""219120"","" Was soll das bedeuten?"",""Sprecher 1"""
"221680,""223560"","" Das funktioniert eigentlich irgendwie."",""Sprecher 2"""
"225840,""228040"","" Warte, ich mache mal Beenden und erneut öffnen."",""Sprecher 1"""
"228140,""229440"","" Vielleicht muss ich gleich nochmal reinkommen."",""Sprecher 1"""
"231590,""231910"","" Gut."",""Sprecher 1"""
"282480,""283260"","" Hello again."",""Sprecher 2"""
"283920,""284220"","" Hello."",""Sprecher 1"""
"286200,""287740"","" So, es hat eigentlich geklappt."",""Sprecher 1"""
"288980,""290700"","" Ich habe die Studie noch offen."",""Sprecher 1"""
"290760,""292140"","" Ist das fein so dann?"",""Sprecher 1"""
"292320,""294260"","" Ja, das ist voll fein."",""Sprecher 2"""
"295060,""296540"","" Ah, okay."",""Sprecher 1"""
"297160,""298800"","" Jetzt kann ich sie dann auch freigeben."",""Sprecher 1"""
"299460,""301100"","" Perfekt, großartig."",""Sprecher 2"""
"301520,""301800"","" Okay."",""Sprecher 2"""
"306800,""308080"","" Dann, genau."",""Sprecher 2"""
"308480,""311400"","" Herzlich willkommen bei meiner Online-Studie im Rahmen meiner Bachelorarbeit."",""Sprecher 2"""
"311400,""315420"","" Sobald du dich bereit fühlst zu starten, kannst du den Start-Button drücken."",""Sprecher 2"""
"316160,""316520"","" Okay."",""Sprecher 1"""
"318480,""336800"","" Hier ist einmal die Einverständniserklärung zur Teilnahme an der Studie und zur Verwendung aller Audio-Video-Aufnahmen, alle angefertigten Fragebögen, alle Chat-Protokolle, die aufgenommen werden, beziehungsweise die automatisch gespeichert werden."",""Sprecher 2"""
"337300,""338820"","" Das ist der genaue Studienablauf."",""Sprecher 2"""
"338900,""341600"","" Der besteht aus Erstlesen der Nachrichtenartikel."",""Sprecher 2"""
"341600,""349360"","" Danach kommt zu jedem Artikel ein Fragebogen, der eben Glaubwürdigkeit bewertet."",""Sprecher 2"""
"349440,""351500"","" Der dritte, also das ist eine dreistufige Studie."",""Sprecher 2"""
"351880,""360920"","" Der zweite Studienabschnitt ist eben die Bewertung der vorher schon gelesenen Artikel hinsichtlich ihrer Glaubwürdigkeit mit KI."",""Sprecher 2"""
"361080,""363660"","" Also du sollst sie dann verifizieren, wie glaubwürdig die sind."",""Sprecher 2"""
"364600,""367440"","" Alle Artikel sind aus echten Quellen."",""Sprecher 2"""
"367580,""375640"","" Das heißt, kein Artikel ist mit KI generiert, keiner der Artikel ist aus sozialen Medien entnommen."",""Sprecher 2"""
"376520,""384400"","" Und danach, nach der KI-Verifizierung, macht man eben wieder einen Fragebogen, dann eben über den Verifikationsablauf."",""Sprecher 2"""
"384640,""388020"","" Und dann gibt es noch die dritte Studienphase, die ist ganz kurz."",""Sprecher 2"""
"388440,""392900"","" Da werden Medien noch einen Fragebogen ausgeführt über Mediennutzung und ähnliche."",""Sprecher 2"""
"393360,""393760"","" Okay."",""Sprecher 1"""
"395400,""395960"","" Genau."",""Sprecher 2"""
"400360,""404660"","" Soll ich dann quasi währenddessen dir erzählen, was ich für Gedanken habe?"",""Sprecher 1"""
"404980,""406260"","" Genau, das ist das Wichtige."",""Sprecher 1"""
"408080,""419320"","" Du sollst während der Studie eben, das ist eben der Fall beim Think-Aloud-Protokoll, das wir hier in dem Format haben, deine Gedanken laut äußern."",""Sprecher 2"""
"419400,""422940"","" Wenn du zu lange ruhig bist, werde ich immer sagen, bitte laut denken."",""Sprecher 2"""
"423680,""424780"","" Okay, alles klar."",""Sprecher 1"""
"425720,""429020"","" Ich beende das mal ganz kurz, bevor du jetzt noch 20 Mal hier reinhopfst."",""Sprecher 1"""
"431020,""433180"","" Gut, dann Formular jetzt absenden?"",""Sprecher 1"""
"433540,""433760"","" Genau."",""Sprecher 1"""
"434200,""434700"","" Okay."",""Sprecher 1"""
"435880,""436680"","" Und dann noch weiter."",""Sprecher 1"""
"437300,""437620"","" Genau."",""Sprecher 2"""
"438400,""438860"","" Okay."",""Sprecher 2"""
"439760,""441940"","" Genau, hier herzlich willkommen bei meiner Studie eben nochmal."",""Sprecher 2"""
"442120,""464840"","" Meine Studie ist im Rahmen meiner Bachelorarbeit von der Bewertung zur Verifikation, eine Studie zur Bewertung von Nachrichtenartikeln und Verifikation mittels LLMs, also Large Language Models, heute besser bekannt oft als CGPT, weil das die größte Firma dazu ist, beziehungsweise der meistverwendete Bot oder von vielen eben KI genannt."",""Sprecher 2"""
"466520,""469720"","" Jetzt ist eben die erste Bewertungsphase von den Nachrichtenartikeln so."",""Sprecher 2"""
"470220,""477760"","" Wundere dich bitte nicht, es ist alles in Plain Text gehalten, es sind keine Autorenntschaften und Ähnliches, der Ursprung auch nicht."",""Sprecher 2"""
"478380,""482220"","" Genau, und danach sollen die hinsichtlich ihrer Glaubwürdigkeit bewertet werden."",""Sprecher 2"""
"482560,""484720"","" Wenn du bereit bist, bitte auf Weiter."",""Sprecher 2"""
"485420,""490750"","" Okay, alles klar."",""Sprecher 1"""
"492880,""496500"","" Gut, das ist jetzt der erste Artikel, den ich lesen und bewerten muss, oder?"",""Sprecher 1"""
"497000,""497240"","" Genau."",""Sprecher 1"""
"497860,""498180"","" Okay."",""Sprecher 1"""
"498800,""505200"","" Erst lesen, dabei eben laut denken und wenn du fertig bist, ist unten der Weiter-Button und dann kommst du auf die Seite mit Fragen oben."",""Sprecher 2"""
"505980,""506580"","" Alles klar."",""Sprecher 1"""
"517049,""520090"","" Gut, ich erzähle dir jetzt quasi auch währenddessen, welche Gedanken ich habe, oder?"",""Sprecher 1"""
"522230,""523110"","" Alles klar."",""Sprecher 1"""
"523890,""535570"","" Gut, beim Einstieg, also hier in diesem Bereich, denke ich mir, von der Dame habe ich schon mal was gehört, aber nichts Genaues, deswegen freue ich mich darauf, was mich der Artikel lehren kann."",""Sprecher 1"""
"558700,""568340"","" Gut, hier frage ich mich ein bisschen, ob das tatsächlich so derbe ist, wie es formuliert ist und ziemlich missbilligend, denke ich mir."",""Sprecher 1"""
"577190,""588910"","" Dem hier muss ich bedingt zustimmen, aber ich finde auch die Formulierung relativ derbe und eher, ich weiß nicht mal, wie ich es richtig ausdrücken soll, aber eher unneutral, sagen wir es so."",""Sprecher 1"""
"588910,""601430"","" Naja, hier auch wieder ein bisschen missbilligend."",""Sprecher 1"""
"603050,""613950"","" Lässt darauf schließen, dass der Autor denkt, die Parteiarbeit würde grundsätzlich nicht in ihrer Freizeit oder ehrenamtlich passieren, sondern eher performativ nach außen."",""Sprecher 1"""
"625120,""626480"","" Eben glaube ich gar nicht."",""Sprecher 1"""
"627580,""629700"","" Bisher hat sich nämlich schon das Gegenteil bewiesen."",""Sprecher 1"""
"676450,""683110"","" Hier wundert es mich nicht, dass etwas, was vor doch längerer Zeit passiert ist, noch thematisiert wird."",""Sprecher 1"""
"683230,""686830"","" Man weiß natürlich auch nicht, glaube ich, von wann der Artikel ist."",""Sprecher 1"""
"687590,""693570"","" Aber es passiert ja auch öfter, auch bei deutschen Politikern, dass Jahre später mal irgendwelche Skandale auftreten."",""Sprecher 1"""
"693750,""696590"","" Also grundsätzlich finde ich es nicht komisch, dass darüber berichtet wird."",""Sprecher 1"""
"710220,""720320"","" Hier steht, heißt es, während Gründe aufgenommen wurden, warum die Person wohl etwas eher Unkorrektes gemacht hat."",""Sprecher 1"""
"720320,""725500"","" Ich weiß jetzt nicht, ob das Teil der Studie ist, dass hier quasi keine Quellen angegeben sind."",""Sprecher 1"""
"725920,""734420"","" Aber grundsätzlich würde ich mir in dem Fall schon konkrete Quellen wünschen, wo auch eben aufgeführt wird, was hier der Dame vorgeworfen wird."",""Sprecher 1"""
"748820,""752080"","" Ich muss dazu sagen, alle Artikel sind genau im Original."",""Sprecher 2"""
"752440,""756480"","" Also die sind genau so, wie sie veröffentlicht sind."",""Sprecher 2"""
"756880,""759080"","" Weder Sprache noch Inhalt habe ich verändert."",""Sprecher 2"""
"759740,""762740"","" Alles klar, quasi nur im Plaintext-Format."",""Sprecher 1"""
"762740,""765120"","" Genau, es ist nur Plaintext-Format."",""Sprecher 1"""
"765200,""769020"","" Und ich habe natürlich die ganzen Anzeigen von anderen Artikeln und Ähnlichem rausgezogen."",""Sprecher 1"""
"769300,""769540"","" Okay."",""Sprecher 1"""
"772020,""775560"","" Hier auch wieder ziemlich missbildigende Formulierung bezüglich Politikern."",""Sprecher 1"""
"775880,""781540"","" Dieses, die werden von einer Veranstaltung zur anderen kutschiert, wirkt schon eher so herablassend."",""Sprecher 1"""
"782700,""789680"","" Beziehungsweise so nach dem Motto, ja, die werden wirklich kutschiert, wie die Götter, nicht die Götter, die Könige und Königinnen damals."",""Sprecher 1"""
"823760,""828720"","" Hier habe ich auch das Gefühl, bei diesem Satz, dass es ein bisschen negativ wirkt."",""Sprecher 1"""
"828780,""831560"","" Im Sinne von, ja okay, ist ja egal, was die Politiker machen."",""Sprecher 1"""
"832580,""834980"","" Gerichtlich kann das eh nicht kontrolliert werden."",""Sprecher 1"""
"835200,""836520"","" Oder da traut sich keiner ran."",""Sprecher 1"""
"836920,""839900"","" Obwohl die Personen ja im Grunde auch nur Menschen sein sollten."",""Sprecher 1"""
"861640,""865260"","" Hier erkennt man, finde ich, eine deutliche Abwertung bezüglich der Justiz."",""Sprecher 1"""
"865360,""875080"","" Im Sinne von, die haben sich gegen Macron und sämtlichen anderen seiner Angestellten im Parlament, beziehungsweise Mitstreiter im Parlament geschmissen."",""Sprecher 1"""
"875930,""884600"","" Um halt eben dieser Person hier vielleicht ein stärkeres Urteil zu geben, als es sinnvoll wäre oder gerechtfertigt wäre."",""Sprecher 1"""
"907750,""909630"","" Auch hier dadurch, dass die"",""Sprecher 1"""
"910410,""911730"","" europäische Demokratie"",""Sprecher 1"""
"911730,""913630"","" und die europäischen Werte in Anführungszeichen"",""Sprecher 1"""
"913630,""915370"","" gesetzt sind, denke ich,"",""Sprecher 1"""
"915450,""917410"","" dass die Person, die das geschrieben hat,"",""Sprecher 1"""
"917530,""918910"","" grundsätzlich denkt, dass es halt"",""Sprecher 1"""
"919580,""921330"","" diese Systeme nicht"",""Sprecher 1"""
"921830,""923510"","" wirklich gibt, sondern dass halt"",""Sprecher 1"""
"923510,""925550"","" Dinge gemacht werden,"",""Sprecher 1"""
"925550,""927090"","" die einer Demokratie oder"",""Sprecher 1"""
"927090,""928950"","" europäischen Werten ähneln, aber"",""Sprecher 1"""
"928950,""930310"","" in sich selbst"",""Sprecher 1"""
"931070,""933610"","" soweit nicht was Konkretes"",""Sprecher 1"""
"933610,""936170"","" für die komplette Europäische Union gilt."",""Sprecher 1"""
"936530,""938390"","" Vielleicht auch ein bisschen verhöhnend."",""Sprecher 1"""
"939910,""946530"","" Und allgemein muss ich sagen, hat eher eine unneutrale Sprache, finde ich, der Artikel."",""Sprecher 1"""
"947330,""960870"","" Man erkennt schon hin und wieder, finde ich, dass die Person dem ganzen Treiben sehr missbildend entgegenblickt und auch vielleicht allgemein eine schlechtere Meinung, sage ich jetzt mal, über Politiker hat."",""Sprecher 1"""
"960930,""968890"","" Nicht nur unbedingt in Frankreich, es werden ja auch rumänische Probleme oder deutsche Probleme angesprochen."",""Sprecher 1"""
"971920,""974020"","" Genau, das war es jetzt soweit zum Artikel."",""Sprecher 1"""
"974220,""975560"","" Dann kann ich hier weitergehen, oder?"",""Sprecher 1"""
"977840,""979820"","" Und jetzt lädt sich der Fragebogen dazu."",""Sprecher 1"""
"979900,""989780"","" Du bist T5, bitte, statt Name, bitte T5, dann kann ich mich genau immer differenzieren, wer laut hatte und wer normal teilgenommen hat."",""Sprecher 2"""
"990380,""995820"","" Okay, du bist T5?"",""Sprecher 1"""
"996320,""996620"","" Genau."",""Sprecher 1"""
"1002930,""1015090"","" Ich würde den relativ mittig platzieren, einfach weil ich mir vorstellen kann, dass sowas passiert."",""Sprecher 1"""
"1016070,""1020870"","" Glaubwürdig, ich kann nicht sagen, es ist nicht glaubwürdig oder vollkommen glaubwürdig."",""Sprecher 1"""
"1021330,""1027109"","" Ich bin halt einfach für eine politische Berichterstattung ein bisschen zu unneutral formuliert."",""Sprecher 1"""
"1027430,""1029210"","" Kann für mich in beide Richtungen schlagen."",""Sprecher 1"""
"1029770,""1029990"","" Mhm."",""Sprecher 1"""
"1032880,""1033460"","" Okay."",""Sprecher 1"""
"1034400,""1035900"","" Ich bin mir ziemlich sicher."",""Sprecher 1"""
"1039460,""1045400"","" Okay, gut."",""Sprecher 1"""
"1046900,""1053580"","" Eins ist quasi sehr emotional, sieben sehr sachlich, sehr niedrig, sehr hoch, überhaupt nicht so stark."",""Sprecher 1"""
"1053760,""1053980"","" Okay."",""Sprecher 1"""
"1055340,""1059700"","" Sprachlich emotional versus sachlich finde ich schon relativ hoch."",""Sprecher 1"""
"1059820,""1062080"","" Ich glaube, es geht noch stärker."",""Sprecher 1"""
"1063340,""1073000"","" Aber würde ich schon sagen, allgemein sehr emotional, nicht unbedingt sachlich."",""Sprecher 1"""
"1073680,""1074880"","" Was muss ich denn da ankreuzen?"",""Sprecher 1"""
"1074980,""1076480"","" Ich bin ein bisschen verwirrt von der Skala."",""Sprecher 1"""
"1076660,""1079740"","" Eins ist sehr emotional und sieben ist in dem Punkt sehr sachlich."",""Sprecher 1"""
"1080260,""1080780"","" Okay."",""Sprecher 1"""
"1080780,""1083160"","" Genau, das wäre sehr sachlich, sieben."",""Sprecher 1"""
"1083340,""1084680"","" Und eins ist sehr emotional."",""Sprecher 1"""
"1085380,""1086680"","" Okay, gut."",""Sprecher 1"""
"1087040,""1090780"","" Dann würde ich eher zu emotional tendieren."",""Sprecher 1"""
"1092860,""1097140"","" Informationsgehalt und Faktendichte finde ich sehr niedrig."",""Sprecher 1"""
"1097280,""1105400"","" Eben auch dadurch, dass man keine Quellen bekommen hat für Problematiken, die wohl auch bestehen oder halt eben diese konkret aufgeführten Beispiele."",""Sprecher 1"""
"1108460,""1116840"","" Struktur und Logik der Argumentation würde ich relativ mittig bewerten."",""Sprecher 1"""
"1118040,""1120640"","" Struktur finde ich ein bisschen schwierig."",""Sprecher 1"""
"1120920,""1126200"","" Dadurch, dass ich finde, dass bestimmte Punkte ausgiebig genug erläutert wurden."",""Sprecher 1"""
"1126800,""1127480"","" Logik."",""Sprecher 1"""
"1128340,""1130540"","" Ich meine, ich kann die Logik dahinter nachvollziehen."",""Sprecher 1"""
"1131140,""1138160"","" Diesen Arrest dieser Dame, beziehungsweise die Untersuchung der Dame so bewerten zu wollen."",""Sprecher 1"""
"1138700,""1142380"","" Ob das logisch ist, das kommt, glaube ich, auch ein bisschen auf die Person drauf an."",""Sprecher 1"""
"1142480,""1144560"","" Ich würde hier mal mit relativ mittig gehen."",""Sprecher 1"""
"1146500,""1153180"","" Vorwissen zu Themen oder Fakten kann ich bezüglich der berichterstattenden Person nicht bewerten."",""Sprecher 1"""
"1153800,""1155540"","" Es ging jetzt nur um diesen konkreten Vorfall."",""Sprecher 1"""
"1155660,""1162340"","" Er hat aber auch noch, oder der Autor, sage ich jetzt mal, hat in dem Fall aber auch noch Situationen von anderen Ländern angesprochen."",""Sprecher 1"""
"1162880,""1169660"","" Deswegen würde ich hier davon ausgehen, dass er schon relatives Vorwissen zum Thema Politik hat."",""Sprecher 1"""
"1169980,""1177540"","" Auch durch diese emotionale Nuance im Text selber würde ich mir denken, dass die Person sich damit ein bisschen beschäftigt hat."",""Sprecher 1"""
"1178020,""1180140"","" Würde ich jetzt mal auf eine 5 gehen."",""Sprecher 1"""
"1181060,""1182220"","" Wenn das richtig ist."",""Sprecher 1"""
"1182360,""1186300"","" Wenn die 1 mehr Vorwissen ist, dann würde ich eher die Richtung gehen."",""Sprecher 1"""
"1188020,""1189720"","" Nee, die 1 ist nicht mehr Vorwissen."",""Sprecher 1"""
"1190040,""1190740"","" Okay, gut."",""Sprecher 1"""
"1191040,""1191600"","" Alles klar."",""Sprecher 1"""
"1193560,""1198160"","" Plausibilität der Informationen würde ich relativ niedrig einschätzen."",""Sprecher 1"""
"1198400,""1202240"","" Eben dadurch, dass man keine genauen Quellen oder ähnliches bekommen hat."",""Sprecher 1"""
"1202380,""1207220"","" Auch keine genauere Umschreibung von dem, was passiert ist und was genau die Vorwürfe sind."",""Sprecher 1"""
"1208740,""1216520"","" Länge und Ausführlichkeit des Artikels würde ich als relativ gut bewerten."",""Sprecher 1"""
"1217360,""1222460"","" Ich gehe jetzt nicht davon aus, dass es ein großartig längerer Artikel hätte werden sollen."",""Sprecher 1"""
"1222600,""1226560"","" Ich finde, in seinem Text selber hätte er noch ein bisschen ausführlicher sein können."",""Sprecher 1"""
"1226960,""1230600"","" Aber für den kurzen Bericht würde ich sagen, ist es soweit in Ordnung."",""Sprecher 1"""
"1232000,""1236920"","" Deswegen würde ich hier bei der 5 auch sein."",""Sprecher 1"""
"1238000,""1243560"","" Eindruck des Textes als professionell-journalistisch finde ich relativ gering."",""Sprecher 1"""
"1243940,""1246600"","" Ich meine, es gab offensichtlich ein gewisses Vorwissen."",""Sprecher 1"""
"1246760,""1248840"","" Auch es gab Gedanken zu diesem Thema."",""Sprecher 1"""
"1249660,""1258360"","" Aber ich empfinde es als ein bisschen weniger professionell beziehungsweise journalistisch, weil es sich schon eher fast ein bisschen wie so ein Thinkpiece angehört hat."",""Sprecher 1"""
"1258520,""1260080"","" Deswegen würde ich hier bei der 2 gehen."",""Sprecher 1"""
"1261220,""1265580"","" Bauchgefühl oder Intuition würde ich 3 gehen."",""Sprecher 1"""
"1265700,""1268240"","" Ich habe ein paar Punkte besser bewertet, ein paar schlechter."",""Sprecher 1"""
"1269380,""1272480"","" Ich glaube 3 kann ich nicht so verkehrt legen."",""Sprecher 1"""
"1274940,""1275340"","" Okay."",""Sprecher 1"""
"1280750,""1294450"","" Allgemein eher emotionalere Sprache, Begriffe, die abwertend gelesen werden können."",""Sprecher 1"""
"1296760,""1303980"","" Allgemein der Ton des Artikels, wenn man versteht, was ich damit meine."",""Sprecher 1"""
"1304140,""1306700"","" Also so allgemein ein bisschen herablassend."",""Sprecher 1"""
"1312030,""1320710"","" Und keine konkreten Wellen oder Sachverhaltsdarstellungen."",""Sprecher 1"""
"1326040,""1326200"","" Okay."",""Sprecher 1"""
"1326820,""1328100"","" Dann kann ich auf Absenden gehen, oder?"",""Sprecher 1"""
"1328460,""1328700"","" Genau."",""Sprecher 1"""
"1329560,""1330200"","" Alles klar."",""Sprecher 1"""
"1330880,""1334200"","" Und unten auch weiter kommt man dann zum nächsten Artikel."",""Sprecher 1"""
"1334860,""1334960"","" Okay."",""Sprecher 1"""
"1335640,""1337000"","" Ich muss kurz was trinken."",""Sprecher 1"""
"1346700,""1347500"","" Okay."",""Sprecher 2"""
"1354600,""1365560"","" Ich finde die Überschrift tatsächlich ein bisschen geladen, ausgehend von unserem aktuellen politischen Klima, beziehungsweise ein bisschen gewagt, zu behaupten, dass Russland ein Friedensstifter ist."",""Sprecher 1"""
"1367080,""1375760"","" Aber im ersten Absatz geht es ja damit los, dass beschrieben wird, im Laufe seiner Geschichte war Russland ein Land der Friedensstifter."",""Sprecher 1"""
"1376480,""1383660"","" Das heißt, es wird sich wohl auf ein bisschen eine längere Zeitspanne beziehen und nicht unbedingt konkret zum aktuellen Zeitpunkt."",""Sprecher 1"""
"1387520,""1388000"","" Ah, okay."",""Sprecher 1"""
"1388100,""1404300"","" Hier steht in unserem DNA-Code, ich gehe jetzt mal davon aus, dass hier Russland als Friedensstifter und ein Land, der beim Herzlichkeit, Mitgefühl und Empathie bezeichnet wird, die Person, die sich damit mit Unserem bezeichnen möchte, eine russische Person ist."",""Sprecher 1"""
"1410600,""1422420"","" Hier muss ich mir denken, schwierig, nur weil man in einem bestimmten Land geboren wurde oder lebt, heißt das nicht, dass man automatisch gleich mit einem bestimmten Set an Charakterzügen geboren wird, beziehungsweise diese beibehält."",""Sprecher 1"""
"1430540,""1444840"","" Ich gehe jetzt mal hier davon aus, dass auf den Holocaust angespielt werden möchte, weil hier auch eine reine türkische Nation angesprochen wird und das war ja auch das Ziel von Hitler, ein reines Deutschland zu schaffen."",""Sprecher 1"""
"1470330,""1475270"","" Hier würde ich mir auch wünschen, dass ein bisschen genauer ausgeführt wird, beziehungsweise Quellen angegeben werden."",""Sprecher 1"""
"1497260,""1503040"","" Das finde ich auch wieder schwierig, ich meine, das kann man sagen, aber in dem Fall jetzt nicht nachvollziehen."",""Sprecher 1"""
"1509950,""1510510"","" Ah, okay."",""Sprecher 1"""
"1510950,""1514510"","" Hier bekommt man einen Einblick von einem armenischen Schriftsteller."",""Sprecher 1"""
"1551920,""1562520"","" Hier auch die Formulierung des russischen Soldaten, finde ich halt schon sehr, ich weiß nicht, wie ich es genau ausdrucken soll, aber es gibt nicht diesen einen russischen Soldaten."",""Sprecher 1"""
"1562740,""1565420"","" Die russische Armee besteht auch aus ganz, ganz vielen verschiedenen Menschen."",""Sprecher 1"""
"1566100,""1575180"","" Hier wird quasi ein Symbol der Großherzigkeit und Barmherzigkeit des russischen Soldaten übertragen auf die komplette russische Armee gestellt werden."",""Sprecher 1"""
"1577210,""1580030"","" Finde ich persönlich schwierig, das so zu bezeichnen."",""Sprecher 1"""
"1580170,""1593700"","" Ich meine, eine Armee kann großherzig und barmherzig sein, ja, aber grundsätzlich ist eine Armee immer noch ein Werkzeug des Kriegs und wird eingesetzt von Kriegtreibenden."",""Sprecher 1"""
"1594460,""1607880"","" Ob da einzelne Personen großherzig oder barmherzig sind oder eben auch nicht, das soll in einer gut funktionierenden Armee ja nach den Zielen des Kriegsführers eigentlich egal sein."",""Sprecher 1"""
"1607960,""1615260"","" Die sollen die Befehle ausführen, am besten keine Fragen stellen und das Ziel des Kriegsführers voranbringen."",""Sprecher 1"""
"1616360,""1636740"","" In einer Armee ist ja eben genau das Ziel, dass die persönlichen Eigenschaften der Soldaten in den Hintergrund gestellt werden und dadurch, dass hier die Großherzigkeit und Barmherzigkeit des russischen Soldaten bezeichnet wird, kann ich mir vorstellen, dass so eine Art Glorifizierung der russischen Armee passieren soll."",""Sprecher 1"""
"1636840,""1641500"","" Der russische Soldat ist hilfsbereit, er nimmt die armenischen Flüchtlinge auf, bzw."",""Sprecher 1"""
"1641660,""1652020"","" er öffnet die Grenzen für die Flüchtlinge aus Armenien damals und wird so ein bisschen auf den ersten Trophäenplatz geschickt."",""Sprecher 1"""
"1674900,""1684320"","" Wenn das eine freigegebene Bescheinigung des Staatsarchivs ist, hätte ich mir gewünscht, dass da vielleicht auch noch eine genauere Quelle angegeben wird."",""Sprecher 1"""
"1684460,""1690700"","" Ich meine, es wird behauptet, dass es so eine Bescheinigung des Staatsarchivs gibt, aber nicht, wo man die zum Beispiel einsehen kann."",""Sprecher 1"""
"1691220,""1704860"","" Als jemand, der den Artikel liest, würde ich mich schon dafür interessieren, dass ich das auch verifizieren kann, was die Person berichtet und dementsprechend auch selber eigenständig die Quellen anschauen kann, bzw."",""Sprecher 1"""
"1705100,""1708200"","" zumindest weiß, wo ich sie finden könnte, auch wenn ich es nicht unbedingt einsehen kann."",""Sprecher 1"""
"1731650,""1742250"","" Ich finde die Aussage falsch, selbst wenn man bedenkt, dass Russland damals Hilfspakete nach Deutschland geschickt hat, bzw."",""Sprecher 1"""
"1742630,""1744910"","" ins damalige Deutschland."",""Sprecher 1"""
"1746370,""1771600"","" Es war nicht nur Russland alleine, es ging immer um die alliierten Kräfte und ich finde es falsch, persönlich ein Land oder eine Nation, sage ich jetzt mal als Befreier und Friedensstifter zu bezeichnen, wenn in diesem Krieg mehrere Länder involviert waren und auch mehrere Länder auf beiden Seiten sich zusammengeschlossen haben, um eben ihr Ziel durchzusetzen."",""Sprecher 1"""
"1772560,""1795320"","" Ich finde es ist auch wieder sehr statuierend, im Sinne von Russland ist der Befreier und der Friedensstifter der Einzigwarte, nicht ein Teil von den Kräften, die damals die Personen aus den Konzentrationslagern befreit haben oder Hilfspakete geschickt haben, sondern nur Russland allein war es."",""Sprecher 1"""
"1812660,""1829660"","" Die Lügen und Unterstellungen westlicher korrupter Figuren, grundsätzlich lasse ich die Möglichkeit schon zu, dass Lügen und Unterstellungen bezeichnet werden, auch im Bezug auf Russland und auf ihre Rolle im aktuellen Krieg."",""Sprecher 1"""
"1830340,""1844060"","" Grundsätzlich aber mal alle entgegengesetzten Behauptungen oder gegenteiligen Aussagen zu dem, was Russland gerade macht oder sagt, als Lügen und Unterstellungen zu bezeichnen, finde ich schwierig."",""Sprecher 1"""
"1844360,""1845900"","" Es gibt immer ein Hin und Her."",""Sprecher 1"""
"1846880,""1850140"","" Ich finde allgemein, der Artikel ist sehr pro-Russland geschrieben."",""Sprecher 1"""
"1850740,""1855820"","" Macht auch Sinn, wenn die Person, die den Artikel geschrieben hat, eben selbst eine russische Person ist."",""Sprecher 1"""
"1858220,""1862220"","" Ich hätte mir auch hier gerne mehr genauere Infos oder Quellen gewünscht."",""Sprecher 1"""
"1864200,""1871300"","" Hier wird eine Geschichte von einem armenischen Schriftsteller mit aufgenommen."",""Sprecher 1"""
"1871820,""1876960"","" Aber man weiß zum Beispiel auch nicht, ist dieser Schriftsteller damals selber von dieser Krise betroffen gewesen?"",""Sprecher 1"""
"1877700,""1879720"","" Ist es etwas, was er selbst gehört hat?"",""Sprecher 1"""
"1880320,""1883480"","" Wie viele entgegengesetzte Meinungen gibt es dazu?"",""Sprecher 1"""
"1883720,""1885680"","" Wie ist es genau tatsächlich abgelaufen?"",""Sprecher 1"""
"1888060,""1893780"","" Allgemein wieder sehr quellenlos, würde ich sagen."",""Sprecher 1"""
"1894460,""1894920"","" Okay."",""Sprecher 1"""
"1899770,""1902590"","" Dann hier quasi wieder das Gleiche."",""Sprecher 1"""
"1902730,""1902970"","" Genau."",""Sprecher 1"""
"1904430,""1904890"","" Okay."",""Sprecher 1"""
"1906890,""1913150"","" Grundsätzlich würde ich sagen, der Artikel ist auch relativ glaubwürdig."",""Sprecher 1"""
"1913870,""1917650"","" Ich persönlich habe nicht genug historisches Wissen, um das so zu verifizieren."",""Sprecher 1"""
"1918610,""1920890"","" Ich kann mir gut vorstellen, dass es so passiert ist."",""Sprecher 1"""
"1920990,""1924830"","" Genauso gut kann ich mir vorstellen, dass es nicht so passiert ist, wie im Artikel geschildert."",""Sprecher 1"""
"1926970,""1939350"","" Grundsätzlich würde ich wahrscheinlich aber tatsächlich eher dazu tendieren, dass es vielleicht ein bisschen aufgebauscht ist, beziehungsweise ein bisschen die Wogen geglättet wurden, um die Darstellung so positiv wie möglich zu halten."",""Sprecher 1"""
"1940030,""1942930"","" Auch allgemein, wie sich der Artikel gelesen hat."",""Sprecher 1"""
"1945280,""1948460"","" Da bin ich mir ziemlich sicher."",""Sprecher 1"""
"1951410,""1970270"","" Sprachstil finde ich auch wieder sehr emotional, eben auch, dass Sachen mit eingebracht wurden, wie unser Präsident hat gesagt, wir können gar nicht anders und Russland möchte sich mit seiner Großherzigkeit, Barmherzigkeit usw."",""Sprecher 1"""
"1970470,""1970930"","" durchsetzen."",""Sprecher 1"""
"1971050,""1987290"","" Das ist schon relativ emotional in dem Sinne von, ja man möchte vielleicht ein Gefühl schaffen von Zusammengehörigkeit und wir sind so und wir werden uns so durchsetzen."",""Sprecher 1"""
"1987410,""1988690"","" Einfach so ein bisschen motivierend."",""Sprecher 1"""
"1991210,""1998370"","" Informationsgehalt und Faktendichte finde ich relativ hoch beim Informationsgehalt."",""Sprecher 1"""
"1999010,""2002990"","" Faktendichte ein bisschen schwieriger, weil man es nicht nachvollziehen kann."",""Sprecher 1"""
"2003090,""2004850"","" Ich würde hier mit 1 oder 5 gehen."",""Sprecher 1"""
"2006490,""2012350"","" Struktur und Logik der Argumentation finde ich beides relativ mittig."",""Sprecher 1"""
"2012570,""2014550"","" Ich finde es ziemlich gut strukturiert."",""Sprecher 1"""
"2015490,""2017870"","" Logik, wieder das gleiche wie beim vorherigen Antitel."",""Sprecher 1"""
"2018030,""2019810"","" Es kann für die Person sehr logisch erscheinen."",""Sprecher 1"""
"2020870,""2022030"","" Muss aber nicht."",""Sprecher 1"""
"2022370,""2024230"","" Hier würde ich tatsächlich auch sehr mittig gehen."",""Sprecher 1"""
"2026230,""2034690"","" Vorwissen zu Themen oder Fakten würde ich hier ein bisschen besser bewerten, da ja vorherige Geschehnisse oder vermeintliche Geschehnisse mit angebracht wurden."",""Sprecher 1"""
"2034930,""2053690"","" Wenn es tatsächlich so ist, wie es passiert ist, dann finde ich den Blick auf Russland vor Jahren und Jahrzehnten relativ gut, dass man auch mal sehen kann, in vorherigen Kriegen oder Krisenzeiten von anderen Ländern hat Russland so wie beschrieben agiert."",""Sprecher 1"""
"2054150,""2055830"","" Würde ich hier auch mit einer 5 gehen."",""Sprecher 1"""
"2056929,""2060110"","" Plausibilität der Informationen finde ich relativ mittig."",""Sprecher 1"""
"2060210,""2070739"","" Es hört sich plausibel an, aber dadurch, dass man es nicht genau nachvollziehen kann, würde ich mich jetzt auch nicht zu weit aus dem Fenster lehnen wollen und sagen, es ist total plausibel und es genau so passiert."",""Sprecher 1"""
"2071659,""2075980"","" Längere Ausführlichkeit des Artikels finde ich ein bisschen besser als beim ersten Artikel."",""Sprecher 1"""
"2076260,""2084320"","" Es wurde ein bisschen mehr mit reingenommen, eben auch die Erzählung von dem Schriftsteller oder das Zitat von dem Schriftsteller würde ich hier auch mit einer 5 gehen."",""Sprecher 1"""
"2085280,""2095239"","" Eindruck des Textes als professionell-journalistisch würde ich hier relativ gering gehen, einfach weil es allgemein so ein bisschen motivierenden Unterton hat."",""Sprecher 1"""
"2095800,""2106600"","" Fast schon ein bisschen wie Propaganda, eben durch auch Begriffe wie wir können gar nicht anders und Russland war der Friedens- oder ist der Friedensstifter."",""Sprecher 1"""
"2109100,""2114620"","" Isoliert kann man die Sätze so nicht als wahr oder falsch einstufen."",""Sprecher 1"""
"2114800,""2125360"","" Es gibt bestimmt Situationen, wo beides der Fall ist, aber es fühlt sich für mich eher so an, als würden diese schlechten Situationen eben explizit verdrängt werden wollen."",""Sprecher 1"""
"2125480,""2127800"","" Deswegen würde ich hier mit einer 2 gehen."",""Sprecher 1"""
"2128980,""2132860"","" Bauchgefühl oder Intuition finde ich in der Sache auch relativ klar bei mir."",""Sprecher 1"""
"2134420,""2138240"","" Das ist sehr stark in dem Fall."",""Sprecher 1"""
"2138320,""2139420"","" Da muss ich hier lang gehen, gell?"",""Sprecher 1"""
"2140300,""2141420"","" Sehr starkes Bauchgefühl."",""Sprecher 1"""
"2141520,""2141740"","" Okay."",""Sprecher 1"""
"2144620,""2149020"","" Dann hier auch wieder emotionale Schreibweise."",""Sprecher 1"""
"2152300,""2163210"","" Keine konkreten Quellenmöglichkeit der Nachvollziehbarkeit."",""Sprecher 1"""
"2166530,""2177860"","" Personen, die dem selbst russisch zu sein."",""Sprecher 1"""
"2187200,""2198840"","" Ich weiß nicht, wie ich das ausdrücken soll, aber natürlich möchte ein russischer Mensch, der von seinem Präsidenten überzeugt ist und der von seinem Land überzeugt ist, natürlich auch sich positiv schildern."",""Sprecher 1"""
"2200980,""2207290"","" Ich möchte ein perfektes Bild sagen."",""Sprecher 1"""
"2210550,""2213470"","" Abgeben, auch wenn das verfälscht ist."",""Sprecher 1"""
"2224200,""2224840"","" Okay."",""Sprecher 2"""
"2260410,""2270410"","" Hier gefällt mir, dass eine Person genannt wird und auch gleich erklärt wird, wer das ist und welche Position eben diese Person hat."",""Sprecher 1"""
"2272510,""2278850"","" Es ist leichter, genauer nachzuvollziehen, was für eine Bedeutung das hat, was eine Person sagt."",""Sprecher 1"""
"2303100,""2310140"","" Hier hätte ich mir gerne noch mehr Ausführungen gewünscht, inwiefern konnte da kein Ansatzpunkt gefunden werden, aus welchen Gründen."",""Sprecher 1"""
"2311020,""2331480"","" Das würde ich mich fragen, wenn ich den Artikel lese, inwieweit kann man hier vielleicht noch mehr ansetzen und mehr mitteilen, damit auch der Leser versteht, okay, was wären denn Ansatzpunkte gewesen, warum kam es überhaupt so weit, dass eben kein völkerrechtlicher Widerstand geleistet werden konnte zu dem Zeitpunkt."",""Sprecher 1"""
"2344090,""2351770"","" Hier finde ich auch schön, dass da internal des Strafgerichtshofs erklärt wird, dass der für Kriegsverbrechen und Verbrechen gegen die Menschlichkeit zuständig ist."",""Sprecher 1"""
"2370710,""2388290"","" Ich finde auch schön, dass hier erklärt wird, dass die Strafbarkeitslücke, wie sie es bezeichnen, besteht und deswegen dieses Sondertribunal gegründet wurde, weil mit dem normalen UN-Sicherheitsrat es nicht möglich gewesen wäre, da Russland ein Vetorecht hat."",""Sprecher 1"""
"2388290,""2407770"","" Ich gehe ausbezüglich der Errichtung eines Sondertribunals und das natürlich nicht im Interesse von Russland ist, für ein Tribunal zustimmendes potenziell seine politische Aktivität, sagen wir es mal so, potenziell unter Strafe stellen könnte."",""Sprecher 1"""
"2450130,""2461710"","" Hier finde ich auch schön, dass man Informationen bekommt, wie das umgesetzt werden soll und nicht nur, okay, das soll passieren und bis dahin soll es soweit sein, also bis zu welchem Zeitpunkt das Tribunal errichtet werden sollte."",""Sprecher 1"""
"2486150,""2492930"","" Hier würde mich noch interessieren, inwiefern sich diese Berechtigungen dieses Tribunals ergeben."",""Sprecher 1"""
"2493670,""2520350"","" Also ich finde es gut, wenn hier noch ein Nebensatz oder ein weiterer Satz ausführen würde, dass diese Berechtigungen irgendwie bereits durch irgendwelche Bündnisse oder irgendwelche Bündnisverträge zwischen Ländern bestehen oder ob das einfach grundsätzlich so ist, also woher ergibt sich die Möglichkeit zum Beispiel Material zu sammeln."",""Sprecher 1"""
"2533450,""2534190"","" Ah, okay."",""Sprecher 1"""
"2534530,""2552520"","" Hier gibt es unten nochmal eine kurze Erklärung dazu, warum die funktionale Immunität diese oben genannten Personen schützen kann, aber andere Staatsorgane der Russischen Föderation eben nicht."",""Sprecher 1"""
"2574470,""2601200"","" Ich finde grundsätzlich, dass der Artikel auch in Anführungszeichen relativ unneutral ist, aber grundsätzlich ist ja meiner Meinung nach das Klima eher so, dass die Ukraine unterstützt wird und Russland natürlich als die Partei, die angegriffen hat, jetzt das Land ist, gegen das man vorgehen muss."",""Sprecher 1"""
"2602260,""2615400"","" Deswegen finde ich den Ton von dem Artikel hier eingeordnet in die jetzige zeitliche Situation, sage ich jetzt mal, soweit nicht extrem unneutral."",""Sprecher 1"""
"2615720,""2642130"","" Also es macht Sinn, dass ein Artikel, der insbesondere Strafverfolgung gegen die russische politische Führung thematisiert, dass dieser Artikel eher unneutral Russland gegenüber steht, aber grundsätzlich finde ich, werden hier nur Fakten berichtet, im Sinne von, das ist passiert, das wird passieren oder das soll passieren."",""Sprecher 1"""
"2642970,""2652410"","" Bei gewissen Sachen hätte ich mir auch noch mehr Infos gewünschen, aber grundsätzlich finde ich, vergleichbar zu den Artikeln davor, wirkt es etwas neutraler."",""Sprecher 1"""
"2658560,""2658920"","" Okay."",""Sprecher 1"""
"2661660,""2664740"","" Ich würde den auch auf die Nummer 6 einordnen."",""Sprecher 1"""
"2665840,""2673600"","" Vollkommen glaubwürdig finde ich persönlich schwierig, Artikel einzuordnen, vor allen Dingen welche, die keine Quellen angeben, weil man es einfach selber nicht nachvollziehen kann."",""Sprecher 1"""
"2674180,""2677920"","" Grundsätzlich schon immer schwierig, wenn man Berichte liest."",""Sprecher 1"""
"2679760,""2694180"","" Solange man nicht selbst dabei war oder es selbst gesehen hat, würde ich persönlich nie sagen, dass ein Artikel 100% glaubwürdig ist, zumindest solange es keine Videoaufzeichnungen, Audioaufzeichnungen oder einfach Beweise davon gibt, was beschrieben wird."",""Sprecher 1"""
"2698600,""2708160"","" Glaubwürdigkeitseinschätzung würde ich mir hier zwischen 5 und 6 schwanken, würde es aber tatsächlich auch mit der 6 geben."",""Sprecher 1"""
"2710840,""2716220"","" Sprachstil fand ich hier deutlich neutraler, aber trotzdem nicht komplett neutral."",""Sprecher 1"""
"2716700,""2718160"","" Ich würde es auch nur auf die 5 geben."",""Sprecher 1"""
"2719740,""2722920"","" Informationsgehalt und Faktendichte fand ich dafür ziemlich gut."",""Sprecher 1"""
"2723120,""2724500"","" Würde ich sogar die 7 vergeben."",""Sprecher 1"""
"2725840,""2731720"","" Logik der Argumentation finde ich insbesondere gut, dass Personen und Begriffe erklärt wurden."",""Sprecher 1"""
"2732460,""2734080"","" Würde ich auch die 7 geben."",""Sprecher 1"""
"2736270,""2742610"","" Vorwissen zu Themen oder Fakten glaube ich war relativ gering angesiedelt."",""Sprecher 1"""
"2742770,""2751030"","" Es wurde allgemein umrissen, dass Russland eben den Krieg gestartet hat und es bereits ein Haftbefehl gegen ihn gab beziehungsweise einen gibt."",""Sprecher 1"""
"2753870,""2765410"","" Ist jetzt aber auch ein Artikel, der sich eher auf was zukünftiges oder auf was aktuelles bezieht, würde ich mit einer 6 gehen."",""Sprecher 1"""
"2766410,""2769350"","" Plausibilität der Informationen wirkt ziemlich plausibel."",""Sprecher 1"""
"2770110,""2773770"","" Länge und Ausführlichkeit des Artikels würde ich auch eine 6 vergeben."",""Sprecher 1"""
"2773930,""2776750"","" Ich habe mir an gewissen Stellen noch mehr Ausführungen gewünscht."",""Sprecher 1"""
"2777990,""2783090"","" Eindruck des Textes als professionell journalistisch würde ich relativ hoch einstufen."",""Sprecher 1"""
"2784370,""2796990"","" Dadurch eben auch, dass politische Personen erklärt wurden oder politische Funktionen wie eben dieses Sondertribunal, wo man ein bisschen strukturelle Infos dazu bekommen hat, was das überhaupt ist und was da passiert, würde ich auch eine 6 vergeben."",""Sprecher 1"""
"2798570,""2809870"","" Bauchgefühl oder Intuition bin ich mir hier tatsächlich ein bisschen unsicherer als die zwei Artikel davor, weil die konnte ich für mich selber schon als relativ emotional und einseitig gelagert einstufen."",""Sprecher 1"""
"2810530,""2814470"","" Hier persönlich, ich muss sagen, ich habe noch nichts von diesem Tribunal gehört."",""Sprecher 1"""
"2814610,""2816130"","" Ich weiß nicht, ob das tatsächlich so ist."",""Sprecher 1"""
"2816190,""2817870"","" Der ganze Artikel könnte ja auch fake sein."",""Sprecher 1"""
"2818730,""2823790"","" Hier bin ich mir tatsächlich ein bisschen unsicherer, würde aber trotzdem mit einer 5 gehen."",""Sprecher 1"""
"2825670,""2829770"","" Und hier finde ich ein bisschen sachlichere Schreibweise."",""Sprecher 1"""
"2831930,""2842930"","" Informationen zu benannten Personen oder Organen, würde ich jetzt mal behaupten."",""Sprecher 1"""
"2851620,""2855800"","" allgemein finde ich die Strukturierung vom Artikel recht gut, dass wir erstmal mit eingestiegen sind."",""Sprecher 1"""
"2856300,""2859040"","" Das ist jetzt der Status Quo und das soll passieren."",""Sprecher 1"""
"2859740,""2867320"","" Aber auch die Folgen von diesem Tribunal aufgezeigt wurden."",""Sprecher 1"""
"2867500,""2872460"","" Also allgemein die Struktur des Artikels hat mir gefallen."",""Sprecher 1"""
"2874150,""2879570"","" Und dann schon für heute der letzte Artikel dann."",""Sprecher 2"""
"2881310,""2883510"","" In der ersten Studienphase."",""Sprecher 2"""
"2884910,""2885310"","" Okay."",""Sprecher 1"""
"2890620,""2892620"","" Was der Aggressor anrichtet."",""Sprecher 1"""
"2894100,""2894640"","" Okay."",""Sprecher 1"""
"2895460,""2906300"","" Hier wird deutlich schon mal Position bezogen, dass in folgenden Artikel eine Partei, eine Person, eine Einheit, sage ich jetzt mal, als Aggressor bezeichnet wird."",""Sprecher 1"""
"2924050,""2925130"","" Weiß ich nicht."",""Sprecher 1"""
"2925310,""2928130"","" Könnte passiert sein, könnte nicht passiert sein."",""Sprecher 1"""
"2929270,""2930150"","" Woher weiß man?"",""Sprecher 1"""
"2930510,""2934570"","" Also hat die Frau Radchenko das mitgeteilt."",""Sprecher 1"""
"2934670,""2936710"","" Gibt es irgendwie ein Artikel oder ähnliches dazu?"",""Sprecher 1"""
"2941860,""2946480"","" Auch hier finde ich schön, dass wieder beschrieben wird, welche Personen bezeichnet werden."",""Sprecher 1"""
"2950120,""2951920"","" Auch die Vorgeschichte."",""Sprecher 1"""
"2953320,""2962320"","" Jetzt in diesem Fall mit dem World Press Photo Award finde ich gut, dass mitgeteilt wird, dass die Person, um die es hier geht, selbst Jurymitglied war."",""Sprecher 1"""
"2981360,""2988820"","" Hier hoffe ich, dass noch genauer ausgeführt wird, inwiefern der Russlandbezug besteht und warum Kritik gekommen ist."",""Sprecher 1"""
"2990300,""3001960"","" Ich finde es auch schön, dass hier direkte Zitate genannt werden."",""Sprecher 1"""
"3023730,""3042880"","" Ich würde interpretieren, dass diese Aussage hier, die der Fotograf getätigt hat, obwohl ein bisschen vermindern soll, was tatsächlich passiert ist."",""Sprecher 1"""
"3043260,""3053860"","" Eben durch Formulierungen wie leichtes Tränen in Gas, auch Demonstranten hätten Feuerwerkskörper verwendet, betont er, wirkt für mich so, dass er erzählt, so und so war es."",""Sprecher 1"""
"3054620,""3063280"","" Hätte ich mir noch einen kleinen Faktencheck dazu gewünscht, dass vielleicht mitgeteilt wird, ja aber tatsächlich war es vielleicht so oder so."",""Sprecher 1"""
"3063280,""3065660"","" Oder damit hatte der Fotograf recht."",""Sprecher 1"""
"3122290,""3134790"","" Hier hätte ich mir auch noch gewünscht, dass noch ein bisschen genauer dabei steht, inwiefern zum Beispiel bei dieser Person hier, was damals passiert ist, auch größtenteils aus eigenem Interesse."",""Sprecher 1"""
"3134910,""3146550"","" Ich meine, ich kann mir zwar denken, dass sie eben in Georgien auf irgendeine Art und Weise Freiheitskampf betrieben hat, aber mich persönlich hätte noch ein bisschen mehr Hintergrundwissen interessiert."",""Sprecher 1"""
"3185270,""3203510"","" Hier finde ich auch schön, dass angegeben wird, dass die Person sich in einem Facebook-Beitrag geäußert hat, also man kann ganz konkret nachverfolgen, was dieser Herr geschrieben hat und man findet auch, wenn es noch online ist, man hat die Möglichkeit, noch den Artikel bzw."",""Sprecher 1"""
"3203550,""3206430"","" den Beitrag zu finden, sofern der noch online ist."",""Sprecher 1"""
"3293030,""3298850"","" Ich finde auch hier schön, dass man noch mal eine Zusammenfassung von dem bisher gelesenen bekommt, bzw."",""Sprecher 1"""
"3300430,""3305450"","" allgemein eine ganz Kurzfassung vom Artikel, was die Hauptproblematik ist, die thematisiert wird."",""Sprecher 1"""
"3319040,""3336190"","" Ich finde auch schön, dass mit eingegliedert wird, wie World Press Photo reagiert hat, weil ich persönlich finde es immer sehr wichtig, wenn Kritik geäußert wird, dass die Personen, die kritisiert werden, auch die Stellung dazu beziehen."",""Sprecher 1"""
"3375580,""3379300"","" Also hier muss ich die Glaubwürdigkeit sehr hoch einordnen."",""Sprecher 1"""
"3379780,""3382240"","" Tatsächlich würde ich aber trotzdem nur bei der Sex bleiben."",""Sprecher 1"""
"3383920,""3387120"","" Wie gesagt, es kann passiert sein, es kann so nicht passiert sein."",""Sprecher 1"""
"3387880,""3409440"","" Ich finde es aber schon sehr bezeichnend, dass genaue Zitate verwendet wurden und dass zum Beispiel im Fall des Fotografen auch mit aufgenommen wurde, dass es ein Facebook-Beitrag war oder dass andere Personen sich, wie sie sich geäußert haben, das verleiht dem Ganzen schon deutlich mehr Realitätsbezug und meiner Meinung nach auch Glaubwürdigkeit."",""Sprecher 1"""
"3412300,""3415260"","" Hier bin ich mir sehr sicher, einfach grundsätzlich."",""Sprecher 1"""
"3415480,""3418480"","" Ich finde, der Artikel ist soweit sehr glaubwürdig."",""Sprecher 1"""
"3418600,""3431600"","" Es ist halt eher so meine eigene Einstellung, sag ich jetzt mal, zu politischen Artikeln, dass man das alles erstmal grundsätzlich immer mindestens ein bisschen suspekt ist, vor allen Dingen, wenn ich es nicht selber nachprüfen kann."",""Sprecher 1"""
"3434400,""3451240"","" Hier muss ich sagen, ist er schon, der Artikel ist emotional, hat emotionale Themen, wurde aber selber nicht direkt emotional geschrieben, sondern eher die Zitate, die verwendet wurden, sind emotional, also allgemein schon eher einen emotionalen Ton."",""Sprecher 1"""
"3451600,""3464000"","" Aber die Schreibweise selber würde ich ziemlich sachlich bezeichnen, deswegen würde ich hier auf eine 6 gehen, weil der Sprachstil ja grundsätzlich relativ sachlich ist, aber halt auch deutlich auf eine gewisse Seite hinschließen lässt."",""Sprecher 1"""
"3465780,""3469580"","" Informationsgrad und Faktendichte finde ich hier sehr gut, es waren sehr viele Informationen."",""Sprecher 1"""
"3470620,""3477860"","" Ich gehe jetzt auch mal davon aus, dass die bezeichneten Zitate soweit richtig sind, dementsprechend auch eine hohe Faktendichte meiner Meinung nach."",""Sprecher 1"""
"3479540,""3502820"","" Grundsätzlich das Erzählte handelt ja nicht von sonderlich vielen Anführungszeichen, es handelt halt darum, dass bei diesem World Press Photo Award eben auch russische Fotografen beziehungsweise russische Fotografie-Kunstwerke mit aufgenommen wurden, die halt grundsätzlich mal das Potenzial haben, den Krieg zu verherrlichen oder Russland eher als das Opfer darstellen zu lassen."",""Sprecher 1"""
"3504960,""3507800"","" Deswegen finde ich es schwierig, die Faktendichte zu bewerten."",""Sprecher 1"""
"3508860,""3516540"","" Ich meine, so viele Fakten gibt es für mich nicht, so der Award ist passiert, die und die Fotos wurden mit aufgenommen, die und die Personen haben das dazu gesagt."",""Sprecher 1"""
"3517000,""3522840"","" Ich bewerte es aber trotzdem als relativ gut, weil es für mich schlüssig erscheint, was dazu gesagt wurde."",""Sprecher 1"""
"3523640,""3552760"","" Struktur und Logik der Argumentation finde ich schwierig zu bewerten, weil ich finde die größte Argumentation haben wir im Artikel durch die Aussagen der bezeichneten Leute bekommen und weniger selbst durch, was die artikelverfassende Person für Argumentationen bringt, aber trotzdem wenn ich natürlich in Anführungszeichen nur die eine Sicht mit aufnehme, dann positioniere ich mich auch damit."",""Sprecher 1"""
"3553220,""3558580"","" Deswegen würde ich das ja auch mit einer 6 bewerten, weil das, was geschrieben wurde, finde ich macht Sinn und hat eine gute Struktur."",""Sprecher 1"""
"3559580,""3562880"","" Vorwissen zu Thema oder Fakten finde ich sehr gut."",""Sprecher 1"""
"3563020,""3571460"","" Es wurde nämlich auch bei den Personen, die genannt wurden, immer mit dazu geschrieben, inwiefern die schon mit diesem Thema oder Konflikt speziell Kontakt hatten."",""Sprecher 1"""
"3572680,""3577240"","" Plassibilität der Informationen würde ich auch als ziemlich hoch einschätzen."",""Sprecher 1"""
"3577680,""3581980"","" Würde ich hier vielleicht sogar auf eine 7 gehen, weil das, was gesagt wurde, finde ich plausibel."",""Sprecher 1"""
"3583400,""3586920"","" Länge und Ausführlichkeit des Artikels finde ich auch gut."",""Sprecher 1"""
"3589160,""3595440"","" Klar, es könnte natürlich immer noch länger und ausführlicher sein, da ist aber natürlich auch die Frage, wann sind die Grenzen für einen Artikel erreicht."",""Sprecher 1"""
"3596140,""3597460"","" Würde ich hier mit einer 6 bewerten."",""Sprecher 1"""
"3597640,""3602200"","" Ich persönlich hätte mir noch ein paar mehr Infos gewünscht, aber ich bin halt auch einfach neugierig."",""Sprecher 1"""
"3603480,""3609900"","" Eindruck des Textes als professionell und journalistisch würde ich auch relativ hoch einstufen."",""Sprecher 1"""
"3611740,""3618180"","" Wie schon gesagt, ich hätte mir noch ein paar mehr Infos gewünschen, aber das, was geliefert wurde, finde ich war sehr gut."",""Sprecher 1"""
"3619480,""3626460"","" Und Bauchgefühl oder Intuition würde ich hier auch bei mir relativ hoch einstufen, weil ich mir auch bei dem sicherer bin als bei dem vorherigen."",""Sprecher 1"""
"3629120,""3630920"","" Dann die Begründung der Bewertung."",""Sprecher 1"""
"3630920,""3636080"","" Allgemein der neutrale Schreibstil."",""Sprecher 1"""
"3638100,""3648830"","" Wenig persönliche Meinung wurde vom Autor mit eingebracht."",""Sprecher 1"""
"3653990,""3670310"","" Trotzdem glaubwürdig Würdigkeit durch die aufgenommenen Zitate und zitierten Personen plus deren Hintergründe."",""Sprecher 1"""
"3671210,""3697710"","" Soll quasi bedeuten, die Person selber hat relativ wenig persönliche Meinung geschrieben, aber durch die Personen, die eben benannt wurden und zitiert wurden, und auch speziell durch die Nennung der Hintergründe zeigt sich schon ein Bild, inwiefern die Person die Handlung dieses Foto-Awards einschätzt."",""Sprecher 1"""
"3700690,""3701170"","" Perfekt."",""Sprecher 2"""
"3701510,""3708590"","" Der Weiter-Button ist ein bisschen nach unten abgehauen, bei jedem Unterschied irgendwie, und das ist auch irgendwo anders."",""Sprecher 2"""
"3708990,""3711050"","" Genau, und jetzt kommt die zweite Phase."",""Sprecher 2"""
"3711170,""3715410"","" An der linken Seite wirst du die Artikel immer wieder finden, die du gerade schon gelesen hast."",""Sprecher 2"""
"3715470,""3725730"","" An der rechten Seite ist ein KI-Bot und du sollst mithilfe der künstlichen Intelligenz Fragen zur Glaubwürdigkeit der einzelnen Aspekten oder bzw."",""Sprecher 2"""
"3725870,""3728390"","" halt die Glaubwürdigkeit des Artikels einsetzen."",""Sprecher 2"""
"3729050,""3730250"","" Weiter geht's weiter."",""Sprecher 2"""
"3733570,""3736750"","" Gut, und das kann ich jetzt quasi benutzen wie Chachipiti, ne?"",""Sprecher 1"""
"3737350,""3745170"","" Genau, er ist langsamer und er ist natürlich nicht ganz so wissensreich wie Chachipiti, denn ich bin keine milliardenschwere Firma."",""Sprecher 2"""
"3748790,""3751310"","" Aber ja, von der Verwendung und allem ist es gleich."",""Sprecher 2"""
"3751310,""3759030"","" Das wundere ich nicht, es braucht immer ein bisschen teilweise, wenn er die Antworten geben soll, aber es lässt sich, die Benutzerüberfläche ist sozusagen gleich."",""Sprecher 2"""
"3762930,""3763030"","" Gut."",""Sprecher 2"""
"3782960,""3786160"","" Das ist nämlich ein Punkt, der mich sehr gestört hat."",""Sprecher 1"""
"3787820,""3791300"","" Viele waren nicht in der Lage, ihren Arbeitsalltag zu beschreiben und so weiter."",""Sprecher 1"""
"3792060,""3793520"","" Welche Quellen gibt es hierfür?"",""Sprecher 1"""
"3793620,""3798020"","" Kann ich das kopieren und ihn fragen, wie viele Quellen es für diese Aussage gibt?"",""Sprecher 1"""
"3798020,""3800260"","" Das geht aber um deinen Weg."",""Sprecher 1"""
"3801140,""3801380"","" Okay."",""Sprecher 1"""
"3840400,""3843660"","" Ich glaube, das ist jetzt allgemein gehalten."",""Sprecher 1"""
"3901760,""3937720"","" Also hier finde ich schon mal spannend, dass er sagt, es gibt gar kein Urteil zu der Person."",""Sprecher 1"""
"3938440,""3942500"","" Kann natürlich sein, dass es jetzt tatsächlich so ist, dass es kein Urteil zu der Person gibt."",""Sprecher 1"""
"3942620,""3947780"","" Und nachdem du da einiges eingespielt hast, tendiere ich dazu, da auch zu glauben."",""Sprecher 1"""
"3948660,""3952060"","" Erscheint natürlich dann widersprüchlich gegenüber diesen Artikel."",""Sprecher 1"""
"3953600,""3970800"","" Aber dadurch, dass man ja gar nicht bewerten kann, inwiefern die Person hier ihre Quellen, wo sie die her hat, ob das überhaupt so ist, finde ich macht Sinn, dass es potenziell gar kein echter Artikel sein könnte oder es in Wahrheit nicht so passiert ist, wie es hier bezeichnet wird."",""Sprecher 1"""
"3975940,""3985110"","" Ich finde es auch spannend, dass die Frau Vorsitzende einer rechtsextremen Partei ist."",""Sprecher 1"""
"3985870,""3990170"","" Für mich war das nämlich nicht erschließbar."",""Sprecher 1"""
"3991050,""3995510"","" Durch den Artikel selber wird zwar genannt, zu welcher Partei sie gehört."",""Sprecher 1"""
"3996610,""3999770"","" Ich finde es jetzt bloß leider nicht, aber ich bin mir ziemlich sicher, das habe ich im Artikel gelesen."",""Sprecher 1"""
"4001230,""4013330"","" Aber für mich macht es dann persönlich auch relativ viel Sinn, dass dieser Artikel so kritisch war und vor allem politisch eher missbilligend angehaucht war."",""Sprecher 1"""
"4013910,""4015910"","" Ich kann mir vorstellen, dass es eine Person geschrieben hat,"",""Sprecher 1"""
"4015990,""4018230"","" die sich persönlich selber in der Partei"",""Sprecher 1"""
"4018230,""4020030"","" von dieser Frau"",""Sprecher 1"""
"4020030,""4021750"","" mit einbeziehen würde"",""Sprecher 1"""
"4021750,""4023770"","" und deswegen allgemein"",""Sprecher 1"""
"4026110,""4027930"","" eher mal grundsätzlich"",""Sprecher 1"""
"4027930,""4031380"","" die Machenschaften"",""Sprecher 1"""
"4031380,""4033720"","" von anderen Parteien und Politikern"",""Sprecher 1"""
"4033720,""4035200"","" als schlechter"",""Sprecher 1"""
"4035200,""4037100"","" anzieht, beziehungsweise so anzieht,"",""Sprecher 1"""
"4037220,""4038900"","" als ob es gegen die eigene Partei"",""Sprecher 1"""
"4038900,""4041260"","" gerichtet ist oder als ob es irgendeine Art"",""Sprecher 1"""
"4042100,""4043280"","" Conspiracy gegen"",""Sprecher 1"""
"4043280,""4045140"","" die eigene Partei oder gegen gewisse"",""Sprecher 1"""
"4045140,""4047000"","" Personen der eigenen Partei"",""Sprecher 1"""
"4047000,""4048280"","" geben würde."",""Sprecher 1"""
"4057120,""4064100"","" Hier finde ich auch, genau hier wird es bezeichnet, dass die Partei so heißt."",""Sprecher 1"""
"4066400,""4067440"","" Ressemblance nationale."",""Sprecher 2"""
"4068660,""4070600"","" Wolltest du noch ein bisschen aussprechen?"",""Sprecher 2"""
"4071220,""4073760"","" Ich hatte die Französisch und ich werde mich nicht blamieren."",""Sprecher 1"""
"4074140,""4075260"","" Ich weiß, du wirst es versuchen."",""Sprecher 1"""
"4076080,""4076680"","" Alles gut."",""Sprecher 2"""
"4077740,""4085080"","" Es ist Marine Le Pen und es ist Ressemblance nationale und früher der Frau National, wie bei dir eben gerade erwähnt."",""Sprecher 2"""
"4085100,""4085360"","" Okay."",""Sprecher 1"""
"4087800,""4096840"","" Ich finde es spannend, dass es nicht ins Deutsche übersetzt wurde, weil eben jemand, der sich mit französischer Politik, so wie ich, relativ wenig auskennt."",""Sprecher 1"""
"4098800,""4109220"","" Ich meine, es macht Sinn, durch das National, aber muss ja nicht unbedingt sein, dass es dann eher eine rechtsextremistisch angehauchte Partei ist."",""Sprecher 1"""
"4110399,""4128880"","" Und in meinen Erinnerungen zu bisherigen Artikeln war es schon eher so, dass die Personen, die dieser Gruppierung jetzt ganz breit angehören, nicht unbedingt damit hausieren gehen, welche Gruppierung sie angehören oder welche sie unterstützen."",""Sprecher 1"""
"4130300,""4136960"","" Aber ich finde es sehr spannend, dass die KI gesagt hat, es gibt gar keine Person, also es gibt schon eine Person, aber es gibt kein Urteil gegen sie."",""Sprecher 1"""
"4139660,""4143740"","" Das bestätigt für mich ein bisschen, dass sich das als eher unglaubwürdig eingeschätzt hat."",""Sprecher 1"""
"4145399,""4146700"","" Ich würde dann weitermachen."",""Sprecher 1"""
"4147279,""4147700"","" Ja, gerne."",""Sprecher 1"""
"4147700,""4153529"","" Jetzt kommt der Fragebogen und jetzt ist es wieder so wie vorher auch."",""Sprecher 2"""
"4153930,""4154330"","" Okay."",""Sprecher 1"""
"4158240,""4161380"","" Ich würde sagen, zwei."",""Sprecher 1"""
"4162640,""4165380"","" Du hast ja gesagt, es sind zwei richtige Artikel."",""Sprecher 1"""
"4165540,""4170160"","" Vielleicht gab es irgendeinen ähnlichen Vorfall oder gab es ein..."",""Sprecher 1"""
"4170160,""4173300"","" Also es sind alles echte, veröffentlichte Artikel."",""Sprecher 2"""
"4174640,""4178760"","" Ob der Inhalt korrekt ist, eben das wird überprüft."",""Sprecher 2"""
"4178880,""4181340"","" Das ist eben das, was ihr überprüfen müsst."",""Sprecher 2"""
"4182040,""4182439"","" Eben."",""Sprecher 1"""
"4182580,""4186080"","" Also vielleicht gab es eine Situation, die so ähnlich war, wie das, was genannt wurde."",""Sprecher 1"""
"4186160,""4187680"","" Aber das wurde im Artikel hochgebauscht."",""Sprecher 1"""
"4187800,""4188380"","" Ich weiß es nicht."",""Sprecher 1"""
"4188460,""4191859"","" Ich würde es nicht als überhaupt nicht glaubwürdig einstufen."",""Sprecher 1"""
"4193560,""4197980"","" Eigentlich das gleiche Argument wie mit ich kann es nicht als vollkommen glaubwürdig einstufen."",""Sprecher 1"""
"4198080,""4202080"","" Ich war halt einfach nicht dabei und bei den Sachen fehlt mir auch tatsächlich das Wissen dazu."",""Sprecher 1"""
"4203660,""4206440"","" Ich bin mir ziemlich sicher meiner Einschätzung."",""Sprecher 1"""
"4208790,""4211510"","" Ich halte den Artikel für weniger glaubwürdig als zuvor."",""Sprecher 1"""
"4214030,""4217810"","" Die Antwort der KI war inhaltlich hilfreich, finde ich sehr."",""Sprecher 1"""
"4219250,""4221610"","" Gut, Quellen habe ich jetzt nicht gefragt."",""Sprecher 1"""
"4221750,""4224310"","" Vielleicht wäre es eine Möglichkeit, die direkt noch einzubauen."",""Sprecher 1"""
"4226410,""4231350"","" Ich würde hier jetzt mal aber angeben, was die KI grundsätzlich gesagt hat."",""Sprecher 1"""
"4231830,""4233630"","" Dass das schon relativ glaubwürdig ist."",""Sprecher 1"""
"4234250,""4234870"","" Aber der 5."",""Sprecher 1"""
"4235870,""4238770"","" Die Informationen der KI haben mir bei der Entscheidung geholfen, auf jeden Fall."",""Sprecher 1"""
"4238770,""4243570"","" Ich vertraue der Einschätzung, die mir das KI-System gegeben hat, bis zu einem gewissen Grad."",""Sprecher 1"""
"4244810,""4249250"","" Also für mich ist es ein großer Punkt, dass die KI gesagt hat, ja okay, so ein Urteil gibt es gar nicht."",""Sprecher 1"""
"4249930,""4253250"","" Ich hatte ja davor auch schon die Einschätzung, dass es nicht unbedingt glaubwürdig ist."",""Sprecher 1"""
"4253650,""4255410"","" So ein bisschen eine Mischung aus beiden."",""Sprecher 1"""
"4257010,""4260090"","" Ich habe die von der KI genannten Quellen überprüft."",""Sprecher 1"""
"4260170,""4260730"","" Darf ich das?"",""Sprecher 1"""
"4261030,""4263130"","" Darf ich das selber googeln, was mir die KI sagt?"",""Sprecher 1"""
"4263270,""4264110"","" Nein, nein, nein."",""Sprecher 2"""
"4264690,""4265030"","" Okay."",""Sprecher 2"""
"4267430,""4267850"","" Dann..."",""Sprecher 1"""
"4269050,""4271850"","" Aber du hättest ja die KI nach der geprüften fragen können."",""Sprecher 2"""
"4272010,""4272710"","" Das ist damit gemeint."",""Sprecher 2"""
"4272710,""4273670"","" Ah, okay."",""Sprecher 1"""
"4273830,""4274390"","" Gut zu wissen."",""Sprecher 1"""
"4275530,""4276390"","" Was wollte ich denn dann?"",""Sprecher 1"""
"4276510,""4277630"","" Ich habe ja nichts geprüft."",""Sprecher 1"""
"4277770,""4279250"","" Ich darf das nicht beeinflussen."",""Sprecher 2"""
"4279530,""4281610"","" Es geht nur darum, dass du nicht googeln darfst."",""Sprecher 2"""
"4281870,""4287740"","" Ja, würde ich auch sagen."",""Sprecher 1"""
"4294560,""4295760"","" Stimmt, das hätte ich machen können."",""Sprecher 1"""
"4295800,""4296340"","" Das merke ich mir."",""Sprecher 1"""
"4296380,""4298960"","" Ich habe gezielte Fragen zu bestimmten Behauptungen bestellt."",""Sprecher 1"""
"4302030,""4304630"","" Ich glaube, da wollte ich fragen, aber das habe ich nicht gemacht."",""Sprecher 1"""
"4309680,""4311500"","" Um meine Unsicherheit zu reduzieren."",""Sprecher 1"""
"4311900,""4314600"","" Ich hätte noch mehr fragen können, aber ich habe bestimmt was gefragt."",""Sprecher 1"""
"4317350,""4327870"","" Das ist auf jeden Fall, beziehungsweise nicht unbedingt mit meinem Vorwissen, sondern meiner vorherigen Einschätzung von allgemeinen Artikeln, die auf so eine Art und Weise geschrieben sind."",""Sprecher 1"""
"4329550,""4332750"","" Deswegen würde ich hier mal relativ in der Mitte bleiben."",""Sprecher 1"""
"4336020,""4336400"","" Okay."",""Sprecher 1"""
"4338540,""4351660"","" Die KI hat mir gesagt, dass es kein entsprechendes Urteil gegen die genannte Politikerin war."",""Sprecher 1"""
"4352520,""4353480"","" So."",""Sprecher 1"""
"4355600,""4356640"","" Muss ich ja auch wieder auf weiter?"",""Sprecher 1"""
"4357620,""4357880"","" Mhm."",""Sprecher 1"""
"4359780,""4361440"","" Genau, das ist ..."",""Sprecher 2"""
"4361440,""4362280"","" Geht weiter."",""Sprecher 2"""
"4363160,""4363640"","" Okay."",""Sprecher 2"""
"4403240,""4412320"","" Ich frage jetzt da nach, dass er mir bitte einschätzen soll, inwiefern die hier bezeichneten Jungtürken das armenische Volk beeinflusst haben."",""Sprecher 1"""
"4412800,""4414820"","" Ob es da überhaupt Konflikte gibt."",""Sprecher 1"""
"4422700,""4423160"","" Okay."",""Sprecher 2"""
"4431660,""4431940"","" Mhm."",""Sprecher 1"""
"4433340,""4438600"","" Ich überfliege das jetzt nur so grundsätzlich, ob das mit dem übereinstimmt, was im Artikel genannt wurde."",""Sprecher 1"""
"4440720,""4444760"","" Enteignungen, Vertreibungen, Massaker, Errichtung von Konzentrationslagern."",""Sprecher 1"""
"4445760,""4450380"","" Finde ich geht ziemlich gleich mit Umsiedlung und direkter Ausrottung."",""Sprecher 1"""
"4453500,""4456960"","" Und auch diese Türkisierung finde ich macht Sinn."",""Sprecher 1"""
"4460060,""4470200"","" Also nicht grundsätzlich, um Gottes Willen, aber dass die damals probiert haben, die verbleibenden Armenier soweit zu türkisieren, dass es im Endeffekt kein armenisches Volk mehr gibt."",""Sprecher 1"""
"4511940,""4518740"","" Ich finde nämlich, das wäre wichtig zu wissen, inwiefern Russland tatsächlich die Türkei besiegt hat."",""Sprecher 1"""
"4518960,""4524740"","" Auch, weil ich finde, das wirkt sich darauf aus, inwiefern die dann dem armenischen Volk helfen wollen oder wollten."",""Sprecher 1"""
"4534790,""4536730"","" Genau, Russland war Teil der Alliierten."",""Sprecher 1"""
"4536850,""4541190"","" Das Osmanische Reich war quasi auf unserer Seite."",""Sprecher 1"""
"4549120,""4551860"","" Also hier wird Sarikamisch auch genannt."",""Sprecher 1"""
"4551960,""4553840"","" Ich schätze, das ist einfach eine andere Schreibweise davon."",""Sprecher 1"""
"4554440,""4555520"","" Macht auf jeden Fall Sinn."",""Sprecher 1"""
"4563000,""4563460"","" Okay."",""Sprecher 1"""
"4565320,""4581480"","" Hier wird aber auch mit aufgeführt, dass das Osmanische Reich danach noch Erfolge gegen Russland erzielen konnte und der Krieg tatsächlich mit einem Waffenstillstand beendet wurde und die Türken wurden von den Russen besiegt."",""Sprecher 1"""
"4581600,""4603020"","" Im Sinne von, die sind direkt aufeinander getroffen und haben sich gegenseitig bekriegt, sondern es gab einen Waffenstillstand und eine Friedensverhandlung, welche Folgen hatte das für das armenische Reich bzw."",""Sprecher 1"""
"4603500,""4605580"","" die armenische Bevölkerung."",""Sprecher 1"""
"4607900,""4612060"","" Also quasi, dass das Osmanische Reich damals zerfallen ist."",""Sprecher 1"""
"4633260,""4639980"","" Ich finde, hier zeigt sich auch schon mal wieder, dass die Person, die den Artikel geschrieben hat, deutlich eher auf der Seite von Russland ist."",""Sprecher 1"""
"4641120,""4650480"","" Russland hat die Türken damals besiegt, die ja auch weiter oben im Endeffekt mit den Nationalsozialisten gleichgestellt werden bzw."",""Sprecher 1"""
"4650780,""4652980"","" mit der Hitler-Regierung."",""Sprecher 1"""
"4655520,""4657960"","" Aber Russland hat es geschafft, die zu besiegen."",""Sprecher 1"""
"4668110,""4686920"","" Das, finde ich, zeigt eigentlich ziemlich genau nochmal das, was der Artikelschreiber bezeichnet mit den Folgen für Armenien nach dem Zerfall des Osmanischen Reichs."",""Sprecher 1"""
"4699810,""4715860"","" Spannend finde ich, dass Armenien von sowjetischen Truppen besetzt wurde und hier heißt es ja, den armenischen Leuten wurden die Grenzen geöffnet, sie konnten in Russland Asyl finden bzw."",""Sprecher 1"""
"4717040,""4720420"","" wurden als Geflüchtete aufgenommen und ihnen wurde geholfen."",""Sprecher 1"""
"4721080,""4730260"","" Hier finde ich aber, ist es eher die gegenteilige Darstellung, so nach dem Motto, Russland hat sich dann gleich nochmal mit auf das eh schon zerrüttete und leidende Land geschmissen."",""Sprecher 1"""
"4731060,""4735940"","" Also eher nicht, wie er das bezeichnet, friedensstiftend."",""Sprecher 1"""
"4739900,""4760720"","" Jetzt würde mich noch interessieren, Russland, Russland, Deutschland mit Lebensmitteln besorgt nach dem 2."",""Sprecher 1"""
"4761180,""4761740"","" Weltkrieg."",""Sprecher 1"""
"4762000,""4766400"","" Weil das ja auch noch ein großes Thema ist, das er mit eingebracht hat in dem Artikel."",""Sprecher 1"""
"4798520,""4809780"","" Okay, das hat er auch in seinem Artikel mit aufgenommen, dass die russischen Leute, in Anführungszeichen die russischen Leute, aber die Personen der Sowjetunion damals, selber Probleme hatten Essen zu finden."",""Sprecher 1"""
"4817910,""4824430"","" Okay, hier steht aber, die sowjetische Besatzungsmacht in Deutschland konzentrierte sich vorrangig darauf, Reparationen zu sichern."",""Sprecher 1"""
"4825350,""4826390"","" Und so weiter und so fort."",""Sprecher 1"""
"4826530,""4830930"","" Also im Sinne des Gegenteils davon, was der Artikel sagt."",""Sprecher 1"""
"4831570,""4839230"","" Hier wird die KI, hier sagt die KI auch nochmal, es gibt keine nennenswerte direkte Versorgung Deutschlands mit Lebensmitteln durch die Sowjetunion."",""Sprecher 1"""
"4848110,""4862590"","" Okay, also die sowjetische Union hat damals eher versucht, Reparationen zu bekommen, haben sogar Produkte und Industrieanlagen aus Deutschland entnommen, anstatt zu helfen."",""Sprecher 1"""
"4866600,""4869240"","" Ganz im Gegenteil zu dem, was der Artikel sagt."",""Sprecher 1"""
"4875320,""4875640"","" Gut."",""Sprecher 1"""
"4879950,""4887030"","" Hier würde ich sogar schon fast sagen, überhaupt nicht leiderwürdig, weil die zwei größten Punkte, die ich hatte, an denen ich gezweifelt habe, wurden auch ein bisschen bestätigt."",""Sprecher 1"""
"4887570,""4889310"","" Meine Zweifel wurden bestätigt."",""Sprecher 1"""
"4889310,""4891410"","" Wie sicher bin ich mir?"",""Sprecher 1"""
"4892170,""4893150"","" Sechs, sehr sicher."",""Sprecher 1"""
"4893410,""4903950"","" Kann immer noch sein, dass die KI beispielsweise halluziniert oder Sachen nicht richtig verknüpft, die aber sich dann im echten Leben tatsächlich anders dargestellt haben wie beschrieben."",""Sprecher 1"""
"4906420,""4909160"","" Ja, ich hatte den Artikel für weniger glaubwürdiger als zuvor."",""Sprecher 1"""
"4912300,""4914860"","" Die Antwort der KI war inhaltlich hilfreich."",""Sprecher 1"""
"4915560,""4917160"","" Ach, ich hab schon wieder vergessen nach Quellen zu fragen."",""Sprecher 1"""
"4918060,""4921220"","" Aber allgemein, die Angaben waren glaubwürdig."",""Sprecher 1"""
"4921860,""4931040"","" Haben sich für mich glaubwürdig angehört und auch vernetzt und nicht nur alleinstehende Aussagen, die in beide Richtungen wahr oder falsch sein könnten."",""Sprecher 1"""
"4932660,""4934900"","" Aber muss ich wieder das auswählen, weil ich hab's ja nicht gefragt."",""Sprecher 1"""
"4936060,""4937640"","" Die Informationen haben mir geholfen."",""Sprecher 1"""
"4939480,""4942720"","" Vertraue ich fast vollständig."",""Sprecher 1"""
"4949740,""4954720"","" Die KI hat mir Informationen geliefert, die ich vorher nicht hatte, speziell bezüglich dem Osmanischen Reich."",""Sprecher 1"""
"4954920,""4956580"","" Würde ich auf jeden Fall mit 7 auswählen."",""Sprecher 1"""
"4959280,""4963960"","" Ich habe die KI nicht um eine Einschätzung des Artikels gebeten."",""Sprecher 1"""
"4964040,""4966000"","" Ich habe gezielte Fragen gestellt."",""Sprecher 1"""
"4966760,""4968540"","" Hab ich auch nicht gemacht."",""Sprecher 1"""
"4969080,""4970160"","" Das hab ich gemacht."",""Sprecher 1"""
"4971560,""4972720"","" Das auch."",""Sprecher 1"""
"5001660,""5002840"","" Achso, ja."",""Sprecher 1"""
"5004740,""5005100"","" Gut."",""Sprecher 1"""
"5005340,""5006540"","" Hat Artikel 3."",""Sprecher 1"""
"5007800,""5008780"","" Es geht voran."",""Sprecher 1"""
"5009560,""5009960"","" Yes."",""Sprecher 2"""
"5022390,""5022790"","" Gut."",""Sprecher 2"""
"5046330,""5049010"","" Würde mich mal interessieren, ob es das jetzt mittlerweile gibt."",""Sprecher 1"""
"5085010,""5086970"","" Kann auch sein, dass das dieses Jahr war."",""Sprecher 1"""
"5087070,""5087330"","" 14."",""Sprecher 1"""
"5087570,""5087790"","" Mai."",""Sprecher 1"""
"5123520,""5124160"","" Ich frage jetzt mal."",""Sprecher 1"""
"5124740,""5135650"","" Gab es bereits konkrete Pläne ein solches Tribunal einzurichten?"",""Sprecher 1"""
"5158540,""5162020"","" Oh Gott, ich hoffe, er weiß, was ich von ihm will, obwohl ich nicht einzurichten geschrieben habe."",""Sprecher 1"""
"5164350,""5164790"","" Okay."",""Sprecher 1"""
"5168080,""5169340"","" 3% okay."",""Sprecher 2"""
"5171120,""5171960"","" Sehr gut."",""Sprecher 1"""
"5176230,""5186730"","" Okay, im Endeffekt sagt er mir jetzt noch mal das gleiche, dass es zwar Überlegungen, beziehungsweise auch Diskussionen schon gab, aber jetzt noch kein konkretes Tribunal eingerichtet ist."",""Sprecher 1"""
"5188570,""5190230"","" Ich finde, das macht auch Sinn."",""Sprecher 1"""
"5190490,""5192410"","" Es dauert eine Zeit, bis es sowas gibt."",""Sprecher 1"""
"5192550,""5203170"","" Ich finde es ein bisschen schade, dass es nichts aktuelleres gibt, wobei ich aber auch sagen muss, ich bin ein absoluter Chat-GPT-Laie, also ich wüsste auch gar nicht, wie ich genau sowas nachfragen kann."",""Sprecher 1"""
"5204730,""5210570"","" Aber ich finde, der Artikel wirkt für mich jetzt nicht glaubhafter oder weniger glaubhafter durch."",""Sprecher 1"""
"5210690,""5211730"","" Deswegen mache ich mal weiter."",""Sprecher 1"""
"5215380,""5215500"","" Gut."",""Sprecher 1"""
"5216420,""5216600"","" So."",""Sprecher 1"""
"5220920,""5224100"","" Ich schreibe es ihm trotzdem als noch sehr glaubwürdig ein."",""Sprecher 1"""
"5229500,""5238900"","" Da ja der einen KI mir auch gesagt hat, es gab Diskussionen dazu, bin ich mir auch relativ sicher."",""Sprecher 1"""
"5240700,""5242780"","" Ich würde sagen, meine Einschätzung ist gleich geblieben."",""Sprecher 1"""
"5242900,""5250640"","" Ich bin mir nicht mehr ganz sicher, wie ich es davor eingeschätzt habe, aber weder extrem glaubwürdig noch extrem unglaubwürdig, glaube ich."",""Sprecher 1"""
"5253240,""5256380"","" Die Antwort der KI war inhaltlich hilfreich, finde ich schon."",""Sprecher 1"""
"5256560,""5260740"","" Ich hätte mir nur ein bisschen mehr Infos gewünscht, aber wie schon gesagt, vielleicht hätte ich da besser nachfragen müssen."",""Sprecher 1"""
"5260960,""5264140"","" Da bin ich selber ein bisschen beschränkt."",""Sprecher 1"""
"5265600,""5267180"","" Beim Wissen, wie das funktioniert."",""Sprecher 1"""
"5268080,""5270580"","" Die Quellen, die die KI angegeben hat, waren glaubwürdig."",""Sprecher 1"""
"5270840,""5272080"","" Ich habe nicht nachquellen gefragt."",""Sprecher 1"""
"5273040,""5275760"","" Die Informationen der KI haben mir bei meiner Entscheidung geholfen."",""Sprecher 1"""
"5276380,""5277720"","" Würde ich neutral bewerten?"",""Sprecher 1"""
"5277940,""5281180"","" Ich hatte davor, glaube ich, schon eine ähnliche Einschätzung dazu."",""Sprecher 1"""
"5282620,""5285560"","" Ich vertraue der Einschätzung, die mir das KI-System gegeben hat."",""Sprecher 1"""
"5286020,""5286940"","" Ja, auf jeden Fall."",""Sprecher 1"""
"5287080,""5289340"","" Vielleicht hätte es noch umfassendere Infos dazugegeben."",""Sprecher 1"""
"5289960,""5297460"","" Oder tatsächliche Nachrichtenartikel bezüglich einer Diskussion eines solchen Tribunals."",""Sprecher 1"""
"5303050,""5307430"","" Müsste ich jetzt verneinen, aber ich habe auch nur sehr eingeschränkt nachgefragt."",""Sprecher 1"""
"5311580,""5318220"","" Ich habe gezielte Fragen gestellt, aber nicht unbedingt zu bestimmten Behauptungen, sondern einfach zum Hauptthema vom Artikel."",""Sprecher 1"""
"5319980,""5321540"","" Hier habe ich nachgefragt."",""Sprecher 1"""
"5321540,""5323080"","" Würde ich so einschätzen."",""Sprecher 1"""
"5325360,""5326780"","" Nicht unendlich viele."",""Sprecher 1"""
"5327540,""5329960"","" Ich habe die KI mit meinem Vorwissen verglichen."",""Sprecher 1"""
"5330320,""5331740"","" Würde ich wieder auf mittig setzen."",""Sprecher 1"""
"5337510,""5344130"","" Meine Einschätzung hat sich nicht besonderlich geändert."",""Sprecher 1"""
"5348530,""5353050"","" Die KI, würde ich sagen, hat mich bekräftigt in meiner Einschätzung."",""Sprecher 1"""
"5361780,""5362380"","" So."",""Sprecher 2"""
"5369780,""5370340"","" Okay."",""Sprecher 2"""
"5374050,""5375070"","" Und der letzte."",""Sprecher 2"""
"5384940,""5387960"","" Hier tue ich mich sehr schwer, damit zu fragen."",""Sprecher 1"""
"5390020,""5393900"","" Weil ich das selber grundsätzlich als sehr glaubwürdig eingeschätzt habe."",""Sprecher 1"""
"5397020,""5398220"","" Ich schaue jetzt mal."",""Sprecher 1"""
"5398300,""5401420"","" Ich glaube, es wird einmal eine Bilderstrecke benannt."",""Sprecher 1"""
"5401500,""5402740"","" Die würde ich gerne googeln."",""Sprecher 1"""
"5404080,""5406260"","" Um herauszufinden, was die tatsächlich gibt."",""Sprecher 1"""
"5406260,""5412700"","" Also von einer Künstlerin, Fotografin, glaube ich, die da mitgemacht hat."",""Sprecher 1"""
"5412900,""5414560"","" Oder die nominiert wurde bei diesem Award."",""Sprecher 1"""
"5418860,""5419560"","" Ah ja, hier genau."",""Sprecher 1"""
"5427650,""5428850"","" Wie man dazu sagen kann."",""Sprecher 1"""
"5447340,""5447740"","" Okay."",""Sprecher 2"""
"5453860,""5456220"","" Mit der Aufsage weiß ich leider nicht, was ich anfangen soll."",""Sprecher 1"""
"5456260,""5458620"","" Dass es auf den ersten Blick nicht sofort erkennbar ist."",""Sprecher 1"""
"5459280,""5462280"","" Dass es nicht zu den weitverbreiteten oder allgemein bekannten Titeln gehört."",""Sprecher 1"""
"5464660,""5466840"","" Hier sagte mir, es soll wohl ein Buch sein."",""Sprecher 1"""
"5467020,""5471700"","" Gleichzeitig aber auch ein Kunstwerk oder ein wissenschaftliches Werk."",""Sprecher 1"""
"5496500,""5497300"","" Oh Gott."",""Sprecher 1"""
"5497720,""5498260"","" Kritik."",""Sprecher 1"""
"5499740,""5505640"","" Kritik auf russische Teilnehmer."",""Sprecher 1"""
"5506280,""5507860"","" Ob ich mir dazu besorgen kann."",""Sprecher 1"""
"5518580,""5518760"","" Okay."",""Sprecher 2"""
"5527960,""5534000"","" Wie gesagt, meine Trainingsdaten ist nicht der komplette Schatz von TGT."",""Sprecher 2"""
"5535240,""5536160"","" Gut."",""Sprecher 1"""
"5536540,""5540280"","" Hier sagt aber auf jeden Fall, es gibt wohl keine Kritik dazu."",""Sprecher 1"""
"5540480,""5542720"","" Vielleicht müsste man hier noch mal genauer nachfragen."",""Sprecher 1"""
"5549540,""5557740"","" Ich finde es halt in dem Fall sehr unwahrscheinlich, dass der Artikel so extrem falsch ist."",""Sprecher 1"""
"5557760,""5560380"","" Oder ich halte ihn dafür relativ glaubwürdig."",""Sprecher 1"""
"5561360,""5564820"","" Auch wenn die KI nicht sonderlich viel dazu weiß."",""Sprecher 1"""
"5564960,""5569220"","" Ich finde es sehr bezeichnend, dass da viele Personen genannt werden und auch zitiert werden."",""Sprecher 1"""
"5569700,""5575540"","" Ich weiß nicht, ob es möglich ist, das so weit zu faken, um einen ähnlichen Artikel zusammenzustellen."",""Sprecher 1"""
"5575680,""5576940"","" Ich meine, grundsätzlich ist alles möglich."",""Sprecher 1"""
"5580620,""5583720"","" Ich möchte aber auf jeden Fall noch mal diese Person hier googeln."",""Sprecher 1"""
"5605410,""5605810"","" Okay."",""Sprecher 2"""
"5615600,""5622540"","" Diese Person kennt er, teilt auch mit, dass es eine ukrainische Kulturmanagerin, Kuratorin und Fotografin ist."",""Sprecher 1"""
"5623160,""5626060"","" So wird sie, glaube ich, auch im Artikel bezeichnet."",""Sprecher 1"""
"5626340,""5627920"","" Genau, Kuratorin Dratschenko."",""Sprecher 1"""
"5632880,""5639480"","" Ich meine, ich halte den Artikel immer noch für glaubwürdig und würde deswegen mal auf weiter gehen."",""Sprecher 1"""
"5655300,""5657980"","" Ich würde immer noch sagen, ziemlich glaubwürdig."",""Sprecher 1"""
"5661410,""5662510"","" Eigentlich noch so wie davor."",""Sprecher 1"""
"5662710,""5666950"","" Ich bin mir ein bisschen verunsichert, ob ich nicht doch vielleicht geprankt wurde, aber wer weiß."",""Sprecher 1"""
"5673000,""5675920"","" Meine Einschätzung ist gleich geblieben, würde ich aber grundsätzlich sagen."",""Sprecher 1"""
"5676540,""5679740"","" Die Antwort der KI war inhaltlich hilfreich."",""Sprecher 1"""
"5679880,""5691080"","" So semi konnten wir zwar sagen, dass es die Person gibt, aber bezüglich der anscheinend bestehenden Kontroverse bezüglich dem Award konnte man leider nicht so viel sagen."",""Sprecher 1"""
"5694820,""5697800"","" Ich vertraue der Einschätzung, die man das KI-System gegeben hat."",""Sprecher 1"""
"5698240,""5705200"","" Bezüglich der Kuratorin, wo es mir tatsächlich was sagen könnte, würde ich schon sagen, dass ich jeder vertraue, aber allgemein habe ich leider nicht so viele Infos bekommen."",""Sprecher 1"""
"5705720,""5707100"","" Deswegen bleibe ich jetzt hier mal mittig."",""Sprecher 1"""
"5707980,""5711140"","" Ich habe die von der KI genannten Quelle nur geprüft."",""Sprecher 1"""
"5711400,""5713280"","" Habe ich nicht, weil ich habe keine erfragt."",""Sprecher 1"""
"5713940,""5719320"","" Die ich vorher noch nicht kannte, muss ich so auch ablehnen, beziehungsweise ein bisschen."",""Sprecher 1"""
"5720060,""5722900"","" Jetzt weiß ich, habe ich wenigstens ein paar Infos zu dieser Frau."",""Sprecher 1"""
"5724800,""5728040"","" Ich habe die KI um eine generelle Einschätzung des Artikels gebeten."",""Sprecher 1"""
"5728200,""5728580"","" Nein."",""Sprecher 1"""
"5728840,""5731280"","" Ich habe bestimmte Fragen gestellt."",""Sprecher 1"""
"5733660,""5734620"","" Auch nicht."",""Sprecher 1"""
"5735080,""5737780"","" Das habe ich schon gemacht, aber es hätten noch mehr sein können."",""Sprecher 1"""
"5740080,""5741000"","" Ja, auch ein bisschen."",""Sprecher 1"""
"5741520,""5745660"","" In dem Fall habe ich mich tatsächlich mehr auf mein Vorwissen verlassen, als auf die KI-Antwort."",""Sprecher 1"""
"5745800,""5748160"","" Deswegen würde ich hier so bei drei bleiben."",""Sprecher 1"""
"5748920,""5749040"","" Mhm."",""Sprecher 2"""
"5758740,""5764600"","" Die KI hat meine Meinung nicht wirklich geändert."",""Sprecher 1"""
"5768960,""5769520"","" Gut."",""Sprecher 1"""
"5777240,""5778400"","" Ja, auch wieder T5?"",""Sprecher 1"""
"5779800,""5780360"","" Ja."",""Sprecher 1"""
"5784130,""5789590"","" Haben sich Ihre Einschätzungen zur Glaubwürdigkeit der Artikel durch die Nutzung des KI-Tools insgesamt verändert?"",""Sprecher 1"""
"5793470,""5795870"","" Ich würde sagen, warte ganz kurz."",""Sprecher 1"""
"5800040,""5801840"","" Ich muss kurz meine Freundin zurückschreiben."",""Sprecher 1"""
"5803400,""5803600"","" Mhm."",""Sprecher 1"""
"5814740,""5816260"","" Hat gefragt, ob ich noch lebe."",""Sprecher 1"""
"5816860,""5817140"","" Warte."",""Sprecher 1"""
"5819000,""5823700"","" Haben sich Ihre Einschätzungen zur Glaubwürdigkeit der Artikel durch die Nutzung des KI-Tools insgesamt verändert?"",""Sprecher 1"""
"5823940,""5824820"","" Ich würde sagen, nein."",""Sprecher 1"""
"5825720,""5827940"","" Meine Einschätzungen sind alle relativ gleich geblieben."",""Sprecher 1"""
"5828760,""5833880"","" Wenn sich Ihre Einschätzungen verändert haben, in welche Richtungen gingen diese Veränderungen überwiegend?"",""Sprecher 1"""
"5835740,""5845140"","" Also, der eine Artikel schien mir danach weniger glaubwürdig, aber ich habe ihn von Anfang an schon ziemlich unglaubwürdig gehalten."",""Sprecher 1"""
"5845800,""5861140"","" Ich würde es aber tatsächlich so lassen, weil von den anderen Sachen finde ich, hat sich meine Einschätzung nicht so sehr verändert, dass ich jetzt sagen müsste, einer erschien mir extrem glaubwürdiger oder extrem unglaubwürdiger."",""Sprecher 1"""
"5864140,""5866920"","" Ich habe dem KI-System insgesamt vertraut."",""Sprecher 1"""
"5869530,""5871390"","" Würde ich mittig einschätzen?"",""Sprecher 1"""
"5871690,""5874030"","" Bei manchen Fragen kann es mir helfen, bei anderen nicht."",""Sprecher 1"""
"5874410,""5878710"","" Grundsätzlich traue ich KI jetzt nicht unbedingt so dolle."",""Sprecher 1"""
"5879930,""5882710"","" Die KI hat mich in meinen Einschätzungen bestärkt."",""Sprecher 1"""
"5883510,""5891930"","" Würde ich auch mittig gehen, weil manche Einschätzungen auf jeden Fall, bei anderen hat es mich ein bisschen unsicherer gemacht, wie zum Beispiel, dass es mir nichts zu diesem World Photo Award sagen konnte."",""Sprecher 1"""
"5893230,""5895690"","" Die KI hat mir geholfen, Fehleinschätzungen zu erkennen."",""Sprecher 1"""
"5898150,""5898510"","" Potenziell?"",""Sprecher 1"""
"5898810,""5902550"","" Ich meine, ich weiß ja nicht, ob es wahr ist oder nicht, was geschrieben wurde, bzw."",""Sprecher 1"""
"5902770,""5903910"","" wie ich es eingeschätzt habe."",""Sprecher 1"""
"5904010,""5907290"","" Deswegen ist es schwierig zu sagen, ob es mir geholfen hat, Fehleinschätzungen zu erkennen."",""Sprecher 1"""
"5908070,""5914910"","" Hat aber definitiv das Potenzial dazu und hat mich ja auch mit manchen Sachen in meiner Empfindung bestärkt."",""Sprecher 1"""
"5915050,""5917970"","" Deswegen würde ich hier eine 6 geben."",""Sprecher 1"""
"5919690,""5923630"","" Ich kannte die KI nichts dafür, dass ich mir einfach schon von Anfang an total sicher war."",""Sprecher 1"""
"5924630,""5928890"","" Ich war bei den Bewertungen nach der Verifikation sicherer als zuvor, das ist auf jeden Fall."",""Sprecher 1"""
"5930070,""5933690"","" Ich hatte den Eindruck, dass die KI inhaltlich korrekt gearbeitet hat."",""Sprecher 1"""
"5933850,""5935130"","" Würde ich schon sagen."",""Sprecher 1"""
"5936650,""5937910"","" Vielleicht ein Punktabzug."",""Sprecher 1"""
"5937910,""5946170"","" So bei der Nummer 5, weil ich finde, dass es an manchen Stellen noch ein bisschen ausweitender hätte sein können."",""Sprecher 1"""
"5946270,""5952090"","" Aber wie du ja gesagt hast, es ist nicht alles so intensiv eingespielt, wie jetzt bei anderen Anbietern, sage ich jetzt mal."",""Sprecher 1"""
"5952570,""5954430"","" Und die KI weiß ja nur das, was man ihr erzählt."",""Sprecher 1"""
"5954610,""5956750"","" Deswegen finde ich es aber trotzdem gut."",""Sprecher 1"""
"5957750,""5961810"","" Und ich konnte nachvollziehen, wie die KI zu ihren Aussagen gekommen ist, würde ich auch sagen."",""Sprecher 1"""
"5964380,""5968880"","" Wie wahrscheinlich ist es, dass sie ein solches System auch im Alltag einsetzen würden, um Nachrichten zu überprüfen?"",""Sprecher 1"""
"5969480,""5970080"","" Schwierig."",""Sprecher 1"""
"5970460,""5975820"","" Nachrichten überprüfen, ob sie so stimmen, eher unwahrscheinlich."",""Sprecher 1"""
"5976160,""5986440"","" Aber mir zum Beispiel Einschätzungen geben lassen oder weitere Infos zu irgendeinem benannten Fall würde ich mir auf jeden Fall geben lassen."",""Sprecher 1"""
"5987160,""5995220"","" Grundsätzlich auch eher, ich wäre wahrscheinlich schon dabei, das von der KI anschauen zu lassen, beziehungsweise mir halt eben mehr Infos geben zu lassen."",""Sprecher 1"""
"5996060,""6001320"","" Aber ich würde es auch nicht überprüfen lassen, im Sinne von okay, das was die KI danach sagt, das stimmt auf jeden Fall."",""Sprecher 1"""
"6002360,""6003400"","" Oder stimmt halt eben nicht."",""Sprecher 1"""
"6003500,""6005340"","" Deswegen würde ich so bei der Fünf bleiben."",""Sprecher 1"""
"6007000,""6013300"","" Gibt es bestimmte Momente oder Informationen während der KI-Vertifikation, die ihre Meinung besonders beeinflusst haben?"",""Sprecher 1"""
"6015640,""6023360"","" Als die KI die zwei im zweiten Artikel geschildert hat."",""Sprecher 1"""
"6037160,""6044700"","" Also eben bezogen auf die Situation, dass sie den armenischen Personen und dem deutschen Volk damals so tolle geholfen haben, wie im Artikel beschrieben."",""Sprecher 1"""
"6053450,""6055490"","" Fachabitur und Berufsausbildung kann ich beides?"",""Sprecher 1"""
"6059070,""6063590"","" Bei mir die Berufsausbildung ist dann sozusagen der höchste Bildungsabschluss."",""Sprecher 2"""
"6064410,""6067170"","" Ausbildungen gelten höher, weil sie später kommen."",""Sprecher 2"""
"6068090,""6070870"","" Alles gut."",""Sprecher 1"""
"6071210,""6075250"","" Das ist so eine Skala."",""Sprecher 2"""
"6076690,""6078410"","" Wie würden Sie sich politisch einordnen?"",""Sprecher 1"""
"6081160,""6083220"","" Schon sehr links, muss ich schon zugeben."",""Sprecher 1"""
"6086950,""6090780"","" Wie häufig nutzen Sie folgende Medien zur Information über aktuelle Nachrichten?"",""Sprecher 1"""
"6090960,""6092560"","" Fernsehen, Nachrichtenformate?"",""Sprecher 1"""
"6094140,""6095040"","" Eigentlich nie."",""Sprecher 1"""
"6096180,""6098880"","" Soziale Netzwerke, z.B. Twitter, Facebook?"",""Sprecher 1"""
"6099260,""6101820"","" Uh, Twitter gibt es doch schon gar nicht mehr."",""Sprecher 1"""
"6102600,""6106400"","" Ja, es heißt Ex, aber die meisten wissen nicht, was mit Ex anzufangen."",""Sprecher 2"""
"6106700,""6108020"","" Ich finde es auch total affig."",""Sprecher 1"""
"6110240,""6111360"","" Soziale Netzwerke?"",""Sprecher 1"""
"6112700,""6117540"","" Es gibt auf Instagram die Kanalseiten von Nachrichtenagenturen und ähnlichen."",""Sprecher 2"""
"6118180,""6120100"","" Das ist alles mit eingeschlossen."",""Sprecher 1"""
"6120920,""6122100"","" Dann die hier."",""Sprecher 1"""
"6122520,""6124080"","" Klassische Tageszeitungen?"",""Sprecher 1"""
"6124080,""6125340"","" Sehr selten."",""Sprecher 1"""
"6125400,""6127480"","" Ich lese hin und wieder mal welche online."",""Sprecher 1"""
"6129060,""6129620"","" Genau."",""Sprecher 1"""
"6129860,""6132180"","" Ich weiß nicht, ob das dann zur klassischen Tageszeitung fällt."",""Sprecher 1"""
"6133920,""6135560"","" Das ist eins weiter."",""Sprecher 1"""
"6136460,""6137420"","" Ah ja, gut."",""Sprecher 1"""
"6137820,""6138720"","" Dann nehme ich das weg."",""Sprecher 1"""
"6138880,""6140260"","" Das lese ich schon ziemlich häufig."",""Sprecher 1"""
"6140780,""6143040"","" Das andere ist wirklich die Printausgabe."",""Sprecher 1"""
"6143520,""6143740"","" Ok."",""Sprecher 1"""
"6144620,""6147140"","" YouTube-Podcasts oder alternative Kanäle?"",""Sprecher 1"""
"6147820,""6148480"","" Sehr hoch."",""Sprecher 1"""
"6149440,""6151760"","" Messengergruppen oder informelle Quellen?"",""Sprecher 1"""
"6152340,""6154160"","" Das hört sich bis hier nach Telegram an."",""Sprecher 1"""
"6154500,""6155420"","" Da bleibe ich weg davon."",""Sprecher 1"""
"6156380,""6157600"","" Wie schätzen Sie sich selbst an?"",""Sprecher 1"""
"6157680,""6161880"","" Ich fühle mich sicher, seriöse von unseriösen Nachrichtenquellen zu unterscheiden."",""Sprecher 1"""
"6163340,""6165420"","" Würde ich eine 5 geben?"",""Sprecher 1"""
"6166120,""6168500"","" Ich glaube, ich bin schon bis zu einem gewissen Grad anfällig."",""Sprecher 1"""
"6168580,""6172740"","" Auch einfach, weil je nachdem, was bezeichnet wird, es gibt so viel, was aktuell passiert."",""Sprecher 1"""
"6173060,""6180120"","" Das kann ich nie und nimmer alles insoweit wissen, dass ich mir sicher sein kann, ok, die Person erzählt jetzt Unwahrheiten in ihrem Bericht oder halt eben nicht."",""Sprecher 1"""
"6180600,""6190160"","" Aber grundsätzlich so, ich finde so vom Ton oder auch allgemein wie ein Artikel geschrieben wird, kann ich für mich selber schon einschätzen, ist das jetzt seriös oder unseriös."",""Sprecher 1"""
"6191600,""6194120"","" Deswegen tendiere ich zu 5."",""Sprecher 1"""
"6194760,""6194940"","" Mhm."",""Sprecher 1"""
"6196420,""6196820"","" Ja."",""Sprecher 1"""
"6197800,""6201860"","" Ich fühle mich sicher im Umgang mit digitalen Nachrichtenformaten."",""Sprecher 1"""
"6202260,""6203180"","" Auf jeden Fall."",""Sprecher 1"""
"6205760,""6209540"","" Ich weiß, wie ich Fakten aus Nachrichtenbeiträgen überprüfen kann."",""Sprecher 1"""
"6211440,""6212280"","" Grundsätzlich schon."",""Sprecher 1"""
"6212500,""6224700"","" Einfach eben durch eigene Recherche auch nachschauen, was zum Beispiel offizielle Seiten wie irgendwelche zum Beispiel Seiten vom dementsprechenden Bundesministerium in Deutschland oder ähnliches."",""Sprecher 1"""
"6225660,""6231480"","" Ich weiß aber auch nicht alles, wie man was nachprüfen kann, vor allen Dingen, wenn es in Bezug zu anderen Ländern hat."",""Sprecher 1"""
"6231660,""6240440"","" So ungefähr zum Beispiel in den USA weiß ich ein paar Medienfirmen sind ein bisschen seriöser, ein bisschen unseriöser oder wie die halt politisch gelagert sind."",""Sprecher 1"""
"6241000,""6242380"","" Hier würde ich auch auf eine 5 gehen."",""Sprecher 1"""
"6242600,""6247280"","" Ich glaube, ich könnte schon damit klarkommen, aber ich würde auch nicht alles packen."",""Sprecher 1"""
"6248100,""6250700"","" Ich fühle mich sicher im Umgang mit KI-Systemen."",""Sprecher 1"""
"6251280,""6257300"","" Schwierig zu beantworten, weil ich glaube es erstmal alles grundsätzlich nicht und muss dann sowieso selber nochmal nachschauen."",""Sprecher 1"""
"6258300,""6270160"","" Auch mit gewissen Fragestellungen und so tue ich mich schwer, weil ich bin tendenziell die Person, die dann lieber zu viele Infos liefert, wobei ich gar nicht weiß, ob das dann nicht vielleicht eher schlecht ist in dem Moment."",""Sprecher 1"""
"6270560,""6271980"","" Ich würde relativ mittig gehen."",""Sprecher 1"""
"6272480,""6276780"","" So für einfache Sachen fühle ich mich relativ sicher, weil wenn es komplexer wird, tue ich mich schwer."",""Sprecher 1"""
"6277800,""6280320"","" Ich habe viel Erfahrung mit KI-basierten Chatbots."",""Sprecher 1"""
"6280440,""6280700"","" Nein."",""Sprecher 1"""
"6282180,""6287680"","" Ich habe meinen Chat-TPT bisher gefragt, welches Shampoo er mir empfehlen kann oder ob mein Hund sterben wird, weil er brechen musste."",""Sprecher 1"""
"6287800,""6290300"","" Deswegen eher wenig."",""Sprecher 1"""
"6291500,""6291940"","" Okay."",""Sprecher 1"""
"6292980,""6293420"","" Na gut."",""Sprecher 1"""
"6294140,""6294700"","" Absenden."",""Sprecher 1"""
"6295180,""6296400"","" Und dann nochmal weiter?"",""Sprecher 1"""
"6296940,""6297220"","" Ja."",""Sprecher 1"""
"6298140,""6300060"","" Vielen Dank für deine Teilnahme."",""Sprecher 2"""
"6300220,""6300860"","" Wir sind drüben."",""Sprecher 2"""
"6301640,""6303360"","" Willst du ein Debriefing?"",""Sprecher 2"""
"6303860,""6304160"","" Ja."",""Sprecher 2"""
