"start,""end"",""text"",""speaker"""
"0,""220"","" Hallo."",""Sprecher 3"""
"780,""1680"","" Hallo, again."",""Sprecher 2"""
"3520,""6900"","" Es tut mir so leid, ich weiß nicht, was hier los ist."",""Sprecher 1"""
"7020,""9720"","" Es bricht die ganze Zeit die Internetverbindung ab."",""Sprecher 1"""
"9800,""11100"","" Zu allen WLANs in der Uni."",""Sprecher 1"""
"11240,""12420"","" Ach, selbstverständlich."",""Sprecher 1"""
"13220,""18400"","" Ich glaube eh, dass so viele einfach in dem Internet jetzt hier in der Uni sind, dass es einfach zu übelst überlastet ist."",""Sprecher 1"""
"21030,""21190"","" Ja."",""Sprecher 1"""
"23070,""23470"","" Perfekt."",""Sprecher 1"""
"23550,""25150"","" Was war das letzte, was du noch mitbekommen hast?"",""Sprecher 1"""
"25430,""27190"","" Also soll ich das wiederholen oder einfach weitermachen?"",""Sprecher 1"""
"27230,""27690"","" Ne, alles."",""Sprecher 2"""
"27830,""28770"","" Du kannst einfach weitermachen."",""Sprecher 1"""
"28910,""29350"","" Alles gut."",""Sprecher 1"""
"29650,""30410"","" Okay, perfekt."",""Sprecher 1"""
"31509,""32690"","" Weil die Aufnahme läuft ja."",""Sprecher 1"""
"33410,""34670"","" Oder hat die zu spät gestoppt?"",""Sprecher 1"""
"35510,""37230"","" Ganz kurz gestoppt, aber läuft wieder."",""Sprecher 1"""
"38450,""39210"","" Okay, perfekt."",""Sprecher 1"""
"40110,""45130"","" Ich weiß nicht, ob du mich dann irgendwie stoppen gehört hättest oder so, dass auf der Aufnahme so ist."",""Sprecher 1"""
"45290,""46870"","" Ich weiß halt nicht, wie das bei Zoom-Aufnahmen ist."",""Sprecher 1"""
"46890,""48530"","" Ne, es war mittendrin beim Einzug ab."",""Sprecher 1"""
"49450,""49710"","" Okay."",""Sprecher 1"""
"60010,""68870"","" Das macht halt wieder einfach dieser Schreibstil, das schon wieder so professionell ist und so erklären, macht halt einfach wieder die Glaubwürdigkeit sehr viel höher."",""Sprecher 1"""
"89330,""94390"","" Was mir halt genau dabei wieder einfällt, weil am Anfang war es wieder so, hey, gibt es da Quellen, gibt es da irgendwie eine Erklärung?"",""Sprecher 1"""
"95310,""106490"","" Und hier wäre mir das letztendlich aufgefallen, hey, kannst du mir Quellen oder so dazu sagen, weil ich könnte jetzt einfach, genau solche Sachen könnte ich jetzt nachgoogeln, einfach weil ich mehrere Daten dazu habe."",""Sprecher 1"""
"106670,""106770"","" Ja."",""Sprecher 1"""
"109770,""130630"","" Was für mich halt einfach dieser Punkt wäre, dass die Chance sehr viel kleiner ist, dass die jetzt lügen würden bei sowas und halt nicht bei der Wahrheit bleiben würden, weil es gibt immerhin noch mehrere Leute, die das nachgoogeln würden und würden halt die Wahrheit dabei herausfinden."",""Sprecher 1"""
"159920,""166420"","" Es ist auch so schön, dass die halt, wie gesagt, die ganze Zeit sehr sachlich bleiben und einfach nicht auf die emotionale Ebene gehen."",""Sprecher 1"""
"167140,""167380"","" Mhm."",""Sprecher 1"""
"176330,""178490"","" Alles klar, dann gehen Sie weiter."",""Sprecher 1"""
"179230,""179610"","" Mhm."",""Sprecher 1"""
"184400,""189920"","" Also einfach, ich würde einfach von dem Schreibstil würde ich jetzt sagen, es ist mehr glaubwürdig."",""Sprecher 1"""
"192880,""194580"","" Ich würde jetzt nicht selber sagen, ich glaube alles."",""Sprecher 1"""
"194800,""197160"","" Ich würde es, wenn noch, nochmal alles nachgoogeln."",""Sprecher 1"""
"197840,""200880"","" Also er wirkt auf jeden Fall sehr glaubwürdig, der Artikel schon mal."",""Sprecher 1"""
"202240,""204300"","" Ja, definitiv schon viel sicherer."",""Sprecher 1"""
"207530,""208410"","" Sehr sachlich."",""Sprecher 1"""
"211770,""214150"","" Es war halt keine emotionalen Punkte wirklich."",""Sprecher 1"""
"214330,""217510"","" Also man könnte die mit einem Finger, aber da waren jetzt auch nicht welche wirklich."",""Sprecher 1"""
"220800,""221980"","" Ja, schon sehr hoch."",""Sprecher 1"""
"225360,""227880"","" Na ja, argumentiert haben die jetzt auch nicht wirklich."",""Sprecher 1"""
"236070,""237970"","" Ja, doch, schon sehr glaubwürdig."",""Sprecher 1"""
"238330,""239730"","" Passt halt alles zusammen."",""Sprecher 1"""
"243420,""252580"","" Das ist auch wieder das Schöne bei der Länge, einfach so mit den Überschriften, mit den weiteren, macht es so viel angenehmer auch zum Lesen, was halt so ist."",""Sprecher 1"""
"254000,""257459"","" Ja, das finde ich halt unterbewusst auch sehr viel beeinflusst."",""Sprecher 1"""
"257860,""257960"","" Mhm."",""Sprecher 1"""
"261110,""263070"","" Also sehr journalistisch."",""Sprecher 1"""
"263990,""264670"","" Journalistisch, genau."",""Sprecher 1"""
"266810,""290880"","" Ja, okay."",""Sprecher 1"""
"290880,""292900"","" Ah, das sind wir im letzten Artikel."",""Sprecher 1"""
"294000,""294380"","" Nice."",""Sprecher 1"""
"294880,""295900"","" Für diese Studienphase."",""Sprecher 1"""
"297500,""297840"","" Was machen wir?"",""Sprecher 1"""
"297860,""299280"","" Du musst unten wieder weitergehen."",""Sprecher 1"""
"299660,""299920"","" Weiter."",""Sprecher 1"""
"301620,""306400"","" Manchmal spinnt halt mein Internet und ich war so, okay, das lädt einfach schon wieder so lange."",""Sprecher 1"""
"308640,""309680"","" Der letzte Artikel."",""Sprecher 1"""
"311780,""312260"","" Nice."",""Sprecher 1"""
"314630,""316350"","" Das sind alles eigenstehende Artikel, oder?"",""Sprecher 1"""
"317010,""317410"","" Ja."",""Sprecher 1"""
"318370,""318770"","" Okay."",""Sprecher 1"""
"319670,""328110"","" Das finde ich so schön, dass halt so eigenstehende Artikel, dass sie solche ähnlichen Wörter wie zum Beispiel einfach Aggressor oder so halt benutzen."",""Sprecher 1"""
"335360,""345050"","" Ja, dann schon wieder."",""Sprecher 2"""
"345510,""361420"","" Ich habe keinen Plan von den WPWRs, der halt wirklich jetzt absolut nur mit dem Lesen ..."",""Sprecher 1"""
"361420,""364320"","" Oh, oh mein Gott, ist das wie eine Geschichte geschrieben."",""Sprecher 1"""
"364700,""366260"","" Weiß ich jetzt nicht."",""Sprecher 1"""
"387650,""389510"","" Ich mag den Schreibstil nicht."",""Sprecher 1"""
"389510,""403330"","" Das ist so, okay, ich lese jetzt einfach irgendwie eine Geschichte oder so, klar, es kann schon alles stimmen, aber irgendwie so wurde so im Deutschunterricht wurde dir so eine Story davon einfach aufgeschrieben und du musst sie jetzt analysieren, was dann halt wieder so ist."",""Sprecher 1"""
"403670,""406430"","" Weiß ich jetzt nicht, ob ich das glauben würde."",""Sprecher 1"""
"407050,""407210"","" Mhm."",""Sprecher 1"""
"437560,""443420"","" Das sind mir zu viele Gänseflüsschen, sage ich jetzt."",""Sprecher 1"""
"453820,""467200"","" Es ist wieder schön, dass sie halt die ganzen Namen nennen und halt auch Zeiten, dass halt so, okay, würde ich schon eher glauben, würde ich dann auch definitiv nochmal nachgoogeln, weil der Schreibstil macht so viel ..."",""Sprecher 1"""
"467200,""471580"","" Ich habe halt bei dem Artikel jetzt hauptsächlich Schreibstile gegeneinander gelesen."",""Sprecher 1"""
"472120,""480040"","" Es ist wirklich so extrem stark, wie viel dieser Schreibstil einfach beeinflusst, vor allem bei denen."",""Sprecher 1"""
"498380,""515659"","" Es ist aber wieder schön, dass die auch zum Beispiel Zitate nehmen und halt auch dazu schreiben, wo sie das gesagt hat, weil es einfach halt, das ist empörend, sage ich, im telefonischen Gespräch mit der FAZ, gibt wieder der Glaubwürdigkeit ein paar Punkte."",""Sprecher 1"""
"543730,""545810"","" Das ist mir ..."",""Sprecher 1"""
"545810,""560110"","" Bei dem Assassin ist es alles so viel, wenig Information auf einmal, wo ich so weiß, wollen die das einfach kurz erwähnen, dass man jetzt mit denen irgendwie mitfühlt?"",""Sprecher 1"""
"562290,""567090"","" Dass man halt einfach von der Glaubwürdigkeit was abnimmt."",""Sprecher 1"""
"589880,""594220"","" Okay, dann wäre es wieder cool, die Bilder zu sehen, was halt auch wieder sehr viel ..."",""Sprecher 1"""
"594220,""599160"","" Bilder, finde ich, machen auch eine Menge aus für die Glaubwürdigkeit."",""Sprecher 1"""
"600280,""606060"","" Aber wenn die Bilder halt drin haben, dass die die direkt aufgreifen und halt mit reinbringen."",""Sprecher 1"""
"606940,""607200"","" Genau."",""Sprecher 1"""
"621230,""622230"","" Eine Manipulation."",""Sprecher 1"""
"622230,""624190"","" Ihr russisches Geldwashing-Mitschreibt."",""Sprecher 1"""
"624290,""625550"","" Ich liebe diesen Titel."",""Sprecher 1"""
"641000,""642280"","" Bringt schon ..."",""Sprecher 1"""
"642280,""644240"","" Fühlt wieder die ganze Zeit ..."",""Sprecher 1"""
"644240,""644680"","" Ach so nicht."",""Sprecher 1"""
"645140,""649490"","" Okay, das war alles ein Satz von ihr."",""Sprecher 1"""
"649670,""650190"","" Ein Zitat."",""Sprecher 1"""
"657800,""663600"","" Generell, finde ich, machen Zitate wieder eine Menge glaubwürdig."",""Sprecher 1"""
"664200,""675300"","" Aber zu viele Zitate nehmen dann wieder schon von diesem Aspekt einfach weg, weil gefühlt wollen die sehr viele Zitate mit reinbringen."",""Sprecher 1"""
"675440,""678480"","" Mit so, ah ja, das kann man sich so und so hindeuten."",""Sprecher 1"""
"678760,""682160"","" Und jeder kann seine eigene Bedeutung reinbringen."",""Sprecher 1"""
"682420,""684560"","" Dass die wenige wirkliche Fakten mit reinbringen."",""Sprecher 1"""
"696270,""702810"","" Aber auch wieder schön, dass die wirklich, so zum Beispiel den Originalartikel, dass sie so was halt erwähnen."",""Sprecher 1"""
"703610,""704950"","" Vieles Recherchieren danach."",""Sprecher 1"""
"732890,""736070"","" Schon wieder so lebendig geschrieben, die ganze Zeit."",""Sprecher 1"""
"738890,""739690"","" Weiß ich nicht."",""Sprecher 1"""
"763320,""767440"","" Es ist schon wieder so ein Großteil, dass die das so bildlich schreiben."",""Sprecher 1"""
"768280,""772480"","" Einfach so während sie durch die Bilder der Serie scrollt."",""Sprecher 1"""
"773900,""775840"","" Erstens, dieses ..."",""Sprecher 1"""
"777150,""780110"","" Gibt es hier überhaupt ein deutsches Wort für scrollt?"",""Sprecher 1"""
"780150,""782910"","" Aber generell so dieses Teil Englische."",""Sprecher 1"""
"784190,""787450"","" Und dann dazu halt noch das Ganze lebendig machen."",""Sprecher 1"""
"787990,""790830"","" Fühlt sich gar nicht glaubwürdig an."",""Sprecher 1"""
"825160,""829480"","" Aber das Ende macht es ein bisschen glaubwürdig her."",""Sprecher 1"""
"829700,""831380"","" Einfach die Schreiber."",""Sprecher 1"""
"831460,""836300"","" Ich kann es gerade schlecht beschreiben, aber dieses halt zusammenfassen irgendwie."",""Sprecher 1"""
"883540,""891920"","" Es ist wieder schön, wie du vorher schon gesagt hast, dass sie das noch mal alles zusammen aufgreifen, was jetzt das Fazit ist."",""Sprecher 1"""
"894240,""896520"","" Macht ein bisschen wieder die Glaubwürdigkeit her."",""Sprecher 1"""
"896980,""901880"","" Dass sie halt nicht versuchen, vom Thema abzulenken, mit halt wieder komplett was anderem, diesem Emotional."",""Sprecher 1"""
"902180,""904920"","" Sondern halt, hey, so ist es gerade."",""Sprecher 1"""
"906840,""907000"","" Ja."",""Sprecher 1"""
"920640,""922420"","" Frage ist ..."",""Sprecher 1"""
"923240,""924560"","" Ja, na ja."",""Sprecher 1"""
"925060,""925740"","" Sagen wir mal, na ja."",""Sprecher 1"""
"929630,""931330"","" Ich bin nicht sehr unsicher, bin ich ehrlich."",""Sprecher 1"""
"932850,""934430"","" Ja, doch, schon sehr unsicher."",""Sprecher 1"""
"938840,""940200"","" Es war schon sehr emotional."",""Sprecher 1"""
"941820,""943140"","" Ja, emotional ist eins."",""Sprecher 1"""
"943860,""944500"","" Ah ja, stimmt."",""Sprecher 1"""
"944940,""945760"","" Das war der Grund, ja."",""Sprecher 1"""
"951280,""959130"","" Da ist ein Vorwürfchen dazu."",""Sprecher 2"""
"974640,""975440"","" Ja, doch."",""Sprecher 2"""
"984320,""987980"","" Ja, viel braucht es einfach auch, weil ich nicht mit diesem Vorwürfchen was hatte."",""Sprecher 1"""
"1001650,""1003390"","" Ja, war auch der Hauptwort."",""Sprecher 1"""
"1003470,""1003890"","" Ah, und?"",""Sprecher 1"""
"1009260,""1010000"","" Ja, perfekt."",""Sprecher 2"""
"1013070,""1015550"","" Der ist runter, der ist irgendwo unten."",""Sprecher 1"""
"1017270,""1017450"","" Oh."",""Sprecher 1"""
"1020010,""1020470"","" Schön."",""Sprecher 1"""
"1021590,""1022630"","" Er ist im Template richtig."",""Sprecher 1"""
"1024250,""1024710"","" Nice."",""Sprecher 1"""
"1027720,""1028760"","" Nee, du hast ihn nicht gedrückt."",""Sprecher 1"""
"1030619,""1031260"","" Ah, jetzt, okay."",""Sprecher 1"""
"1031780,""1033579"","" Genau, und jetzt geht es um die zweite Phase."",""Sprecher 1"""
"1033900,""1038800"","" An der linken Monitorseite siehst du den Artikel, den du gerade schon gelesen hast."",""Sprecher 1"""
"1038900,""1040540"","" Und an der rechten ist ein Chatbot."",""Sprecher 1"""
"1040540,""1043099"","" Und der Bot braucht immer ein bisschen länger."",""Sprecher 1"""
"1043640,""1045720"","" Der ist nicht so schnell wie ChattyPicky."",""Sprecher 1"""
"1047079,""1056020"","" Und du sollst jetzt mittels der KI, oder mittels des Bots, die Nachrichtenartikel verifizieren."",""Sprecher 1"""
"1057180,""1058280"","" Alles klar."",""Sprecher 1"""
"1060820,""1061340"","" Ah, da war es."",""Sprecher 1"""
"1071820,""1076340"","" Ich kann jetzt nicht den ganzen Text gucken und fragen, ist das real oder?"",""Sprecher 1"""
"1077220,""1078520"","" Du kannst es machen, wie du möchtest."",""Sprecher 1"""
"1079420,""1080420"","" Ah, okay, okay."",""Sprecher 1"""
"1081100,""1091780"","" Ja, weil ich weiß, ChattyPicky hat manchmal eine Maximalanzahl an Wörtern und so."",""Sprecher 1"""
"1092960,""1095680"","" Deswegen war die Frage, ob das auch hier ist."",""Sprecher 1"""
"1116780,""1118180"","" Okay, aber der lädt."",""Sprecher 1"""
"1118660,""1118760"","" Ah, ja."",""Sprecher 1"""
"1142580,""1145700"","" Okay, mehr würde ich eigentlich den Chatbot nicht fragen."",""Sprecher 1"""
"1148680,""1149440"","" Auch verlassen dann."",""Sprecher 1"""
"1150820,""1151900"","" Da ist irgendwie ein Fehler drin."",""Sprecher 1"""
"1153580,""1154040"","" Kannst du das?"",""Sprecher 1"""
"1178910,""1179390"","" Ja."",""Sprecher 1"""
"1182110,""1187890"","" Wenn ich keine Quellen angegeben hatte, dann einfach hier drücken, oder?"",""Sprecher 1"""
"1193200,""1194980"","" Es gibt kein Richtig und kein Falsch dabei."",""Sprecher 1"""
"1195540,""1198000"","" Und du kommentierst es ja dann immer noch mit dazu."",""Sprecher 1"""
"1198080,""1199340"","" Deswegen ist es ja alles."",""Sprecher 1"""
"1199440,""1200100"","" Ja, stimmt."",""Sprecher 1"""
"1200820,""1206380"","" Okay, ich hatte keine."",""Sprecher 1"""
"1206600,""1207380"","" Das ist die Mitte."",""Sprecher 1"""
"1212120,""1212380"","" Oh, ja."",""Sprecher 1"""
"1217110,""1219970"","" Ja, aber nicht ganz."",""Sprecher 1"""
"1224480,""1225700"","" Habe ich gar nicht."",""Sprecher 2"""
"1226480,""1227440"","" Habe ich keine Ahnung."",""Sprecher 2"""
"1239440,""1243260"","" Ja, auch so nö."",""Sprecher 2"""
"1245500,""1245940"","" Nö."",""Sprecher 2"""
"1298520,""1299740"","" Und da waren dann Strikes."",""Sprecher 1"""
"1302000,""1303040"","" Ich verliere mich die ganze Zeit."",""Sprecher 1"""
"1320040,""1320460"","" Oh Gott."",""Sprecher 2"""
"1324830,""1328690"","" Halt immer die Anfangsfrage erst mal fragen, ob alles klar ist."",""Sprecher 1"""
"1329950,""1333170"","" Wenn ich mir jetzt wieder sage, es gibt nichts, dann wird nachgedacht."",""Sprecher 1"""
"1334570,""1335070"","" Ah, okay."",""Sprecher 1"""
"1389670,""1391970"","" Ich habe mir nicht meine Frage beantwortet."",""Sprecher 2"""
"1398740,""1399260"","" Ah, okay."",""Sprecher 2"""
"1408350,""1408950"","" Okay."",""Sprecher 2"""
"1436970,""1437990"","" Nein, nein."",""Sprecher 2"""
"1441160,""1442020"","" Ich habe den Teaser vergessen."",""Sprecher 2"""
"1464520,""1465120"","" Aha."",""Sprecher 2"""
"1466700,""1467240"","" Gute Quellen."",""Sprecher 2"""
"1467760,""1468360"","" Ah, da hast du."",""Sprecher 2"""
"1487230,""1487830"","" Okay."",""Sprecher 2"""
"1505600,""1508440"","" Ich habe mir jetzt nicht wirklich was gebraucht."",""Sprecher 1"""
"1518550,""1519630"","" Oh, was hatte ich davor?"",""Sprecher 1"""
"1523220,""1524420"","" Ja, schauen wir mal so."",""Sprecher 2"""
"1530170,""1532430"","" Nicht wirklich hilfreich."",""Sprecher 2"""
"1535140,""1536160"","" Ah, das war..."",""Sprecher 1"""
"1536160,""1536540"","" Nö."",""Sprecher 1"""
"1542270,""1543510"","" Ja, bisschen."",""Sprecher 2"""
"1555400,""1556700"","" Verliere ich erst mal hier lustig."",""Sprecher 1"""
"1568080,""1569860"","" Ja, eigentlich geht es meistens halt."",""Sprecher 2"""
"1575400,""1576620"","" Ja, habe ich."",""Sprecher 2"""
"1582740,""1583040"","" Nö."",""Sprecher 2"""
"1585860,""1586440"","" Ja."",""Sprecher 2"""
"1590540,""1590880"","" Ja."",""Sprecher 2"""
"1598660,""1603370"","" Ich habe nicht meine Frage beantwortet."",""Sprecher 1"""
"1612960,""1613480"","" Aha."",""Sprecher 2"""
"1737820,""1739140"","" Hätte ich jetzt auch nicht gefunden."",""Sprecher 2"""
"1748070,""1749090"","" Ah."",""Sprecher 2"""
"1751350,""1752090"","" Nichts drin."",""Sprecher 2"""
"1756760,""1757920"","" Oh, 50-50."",""Sprecher 2"""
"1762250,""1762950"","" Ach so, hier."",""Sprecher 1"""
"1763110,""1767780"","" Ich habe keine Quellen bekommen."",""Sprecher 1"""
"1784560,""1785760"","" Ich habe ja keine bekommen."",""Sprecher 2"""
"1788990,""1789490"","" Wirklich."",""Sprecher 2"""
"1791270,""1791670"","" Ja."",""Sprecher 2"""
"1794290,""1795010"","" Ja."",""Sprecher 2"""
"1798660,""1799200"","" Ja."",""Sprecher 2"""
"1802400,""1802940"","" Ja."",""Sprecher 2"""
"1826720,""1827500"","" Alright."",""Sprecher 2"""
"1832780,""1833480"","" Und die letzte?"",""Sprecher 1"""
"1851040,""1852600"","" Kommt danach noch mal was?"",""Sprecher 1"""
"1852600,""1852780"","" Oder?"",""Sprecher 1"""
"1853320,""1855740"","" Nur noch die demokratische und die Mitleidenschaftsfrage."",""Sprecher 1"""
"1856180,""1858980"","" Also jetzt noch die letzte Frage und dann die andere."",""Sprecher 1"""
"1860000,""1860640"","" Alles klar."",""Sprecher 1"""
"1861000,""1863300"","" Weil ich muss dann sogar so langsam dann wieder weg."",""Sprecher 1"""
"1900930,""1903170"","" Dann würde ich die ganze Zeit eh über Quellen fragen."",""Sprecher 1"""
"1903330,""1911550"","" Aber wenn du mir keine liefert, schlecht, ganz schlecht."",""Sprecher 1"""
"1920600,""1922400"","" So hilfreich war die jetzt auch nicht."",""Sprecher 2"""
"1927120,""1927640"","" Kann ich kommen?"",""Sprecher 2"""
"1932100,""1932340"","" Ja."",""Sprecher 1"""
"1933220,""1937160"","" Ich erinnere mich, dass du mir jetzt beziehungsweise ein bisschen beantwortest."",""Sprecher 1"""
"1937160,""1937800"","" Und du bewusst."",""Sprecher 1"""
"1940530,""1942730"","" Nein, das würde ich jetzt nicht sagen."",""Sprecher 1"""
"1945080,""1945920"","" Aber ich kann kommen."",""Sprecher 2"""
"1949100,""1950080"","" Das auch nicht unbedingt."",""Sprecher 2"""
"1951980,""1952400"","" Ja."",""Sprecher 2"""
"1954020,""1954660"","" Nö."",""Sprecher 2"""
"1956280,""1956920"","" Ja."",""Sprecher 2"""
"1962050,""1962790"","" Einmal zwei."",""Sprecher 1"""
"1963130,""1964070"","" Das auch nicht wirklich."",""Sprecher 1"""
"1965310,""1965930"","" Jetzt doch."",""Sprecher 1"""
"1968810,""1969050"","" Nö."",""Sprecher 1"""
"1969690,""1970670"","" Aber ich kann sowas machen."",""Sprecher 1"""
"1971350,""1971990"","" Wirklich."",""Sprecher 1"""
"1973450,""1976610"","" Ich habe immer noch keine Quellen bekommen."",""Sprecher 1"""
"1983970,""1984610"","" Und?"",""Sprecher 1"""
"1985470,""1986110"","" Sechs."",""Sprecher 1"""
"1986630,""1987570"","" Und der letzte."",""Sprecher 1"""
"1989470,""1989970"","" Nice."",""Sprecher 1"""
"1990890,""1991130"","" Genau."",""Sprecher 1"""
"1993810,""1994390"","" Sieben."",""Sprecher 1"""
"2002050,""2003930"","" Ja, eigentlich schon nicht ganz weit."",""Sprecher 1"""
"2006380,""2008220"","" Naja, bis auf die letzten."",""Sprecher 1"""
"2008540,""2014280"","" Aber es waren ja immer noch wenige, glaube ich."",""Sprecher 1"""
"2017090,""2017310"","" Ja."",""Sprecher 1"""
"2018150,""2019590"","" Insgesamt vertraut ja."",""Sprecher 1"""
"2019890,""2020130"","" Ja."",""Sprecher 1"""
"2030430,""2031390"","" Richtig richtig."",""Sprecher 2"""
"2031390,""2037830"","" Nicht unbedingt."",""Sprecher 2"""
"2042870,""2043290"","" Nö."",""Sprecher 2"""
"2046280,""2046660"","" Nö."",""Sprecher 2"""
"2048020,""2049120"","" Naja, doch schon."",""Sprecher 2"""
"2056850,""2057909"","" Absolut unwahrscheinlich."",""Sprecher 1"""
"2064199,""2066460"","" Wenn es keine Quellen gab."",""Sprecher 1"""
"2070510,""2072230"","" Ja, ich bin nicht so alt."",""Sprecher 2"""
"2074020,""2074760"","" Was bin ich?"",""Sprecher 2"""
"2076159,""2077719"","" Ich hab noch halbe Tür."",""Sprecher 2"""
"2086770,""2087670"","" Ja, eher so."",""Sprecher 1"""
"2120920,""2124980"","" Ich würde an sich fünf sagen."",""Sprecher 1"""
"2132730,""2134710"","" Kommt darauf an, bei welchen Themen."",""Sprecher 1"""
"2144110,""2144370"","" Ja."",""Sprecher 1"""
"2147820,""2148440"","" Absolut."",""Sprecher 1"""
"2154610,""2155230"","" Perfekt."",""Sprecher 1"""
"2156810,""2158170"","" Perfekt, wir sind fertig."",""Sprecher 1"""
"2158310,""2160010"","" Magst du ein kurzes Debriefing haben?"",""Sprecher 1"""
"2161790,""2162190"","" Ja."",""Sprecher 1"""
"2162370,""2163490"","" Danke für deine Teilnahme."",""Sprecher 1"""
