"start","end","text","speaker"
"756640","758060"," Ich höre dich, hörst du mich?","Sprecher 2"
"758500","759780"," Ich höre dich auch perfekt, ja.","Sprecher 2"
"759780","760400"," Okay, cool.","Sprecher 2"
"761960","764240"," Hervorragend, vielen Dank, dass du an meiner Studioteilung...","Sprecher 2"
"764240","769460"," Ja gerne, ich habe es ja nicht kapiert, aber klar, du brauchst ja eher eigentlich Finkelaut-Leute, ne.","Sprecher 1"
"770940","779340"," Ja genau, wir testen beides aus, aber Finkelaut-Leute sind auch schwieriger zu finden.","Sprecher 2"
"779520","783740"," Genau, nee, dann macht es ja natürlich Sinn, dass ich da mitmache.","Sprecher 1"
"785560","786420"," Perfekt, mega.","Sprecher 2"
"787180","788660"," Wollen wir dann gleich starten?","Sprecher 2"
"789080","789440"," Na klar.","Sprecher 2"
"790180","795080"," Im Chat ist schon der Link, den du öffnen kannst und dann bitte deinen Bildschirm freigeben.","Sprecher 2"
"799530","801290"," Im Chat?","Sprecher 2"
"801810","803530"," Ja, siehst du den schon?","Sprecher 2"
"804270","806110"," Warte, ich schicke ihn nochmal rein.","Sprecher 2"
"826140","829680"," Link habe ich, dann teile ich mal meinen Bildschirm.","Sprecher 1"
"833340","834580"," Wie geht das?","Sprecher 1"
"835480","836280"," Freigeben, gell?","Sprecher 1"
"841950","844430"," Gesamter Bildschirm oder das Anwendungsfenster?","Sprecher 1"
"844430","847170"," Das ist mir egal, was dir lieber ist.","Sprecher 1"
"851280","858890"," Anwendungsfenster, großartig.","Sprecher 2"
"860250","865170"," Herzlich willkommen in meiner Studie im Rahmen meiner Bachelorarbeit.","Sprecher 2"
"865950","869650"," Wenn du dich bereit fühlst, dass wir starten, bitte einmal den Startbutton klicken.","Sprecher 2"
"870350","871470"," Ich fühle mich bereit.","Sprecher 1"
"873370","873930"," Großartig.","Sprecher 1"
"875690","879270"," Hier ist einmal die Einverständniserklärung mit der Leiterung, wie die Studie ist.","Sprecher 2"
"879350","880170"," Die Studie dauert ca.","Sprecher 2"
"880270","883730"," 60 Minuten, es kann allerdings durch das Pinkelaut auch länger dauern.","Sprecher 2"
"884990","887870"," Das ist die Studie zu meiner Bachelorarbeit.","Sprecher 2"
"888290","897810"," Meine Bachelorarbeit hat den Titel von der Bewertung zur Verifikation eine Studie zur Glaubwürdigkeitsbewertung von Nachrichtenartikeln und im Einsatz von LLMs zur Verifikation.","Sprecher 2"
"898530","902530"," Die Studie ist insgesamt dreiphasig.","Sprecher 2"
"902770","908230"," In der ersten werden dir Nachrichtenartikel gezeigt, die du bitte durchlesen sollst.","Sprecher 2"
"909270","916970"," Nach jedem Nachrichtenartikel kommt ein Bewertungsfragebogen, mit der Glaubwürdigkeit, dass du den Artikel durchgehst.","Sprecher 2"
"917410","927510"," In der zweiten Phase werden dir die identischen Artikel noch einmal gezeigt, also an der linken Bildschirmseite vor dir.","Sprecher 2"
"928090","932250"," In der rechten Seite ist ein Chatbot integriert in die Website.","Sprecher 2"
"933050","940310"," Du sollst in dieser Phase dann mithilfe des Chatbots eine Verifikation des Artikels durchführen.","Sprecher 2"
"940630","947370"," Und die dritte Phase geht darüber, deine demografischen Daten zu erheben und dein Mediennutzungsverhalten.","Sprecher 2"
"948990","966270"," Es werden dabei Ton- und Sprachaufnahmen aufgezeichnet und der komplette Chat mit dem Bot wird im Hintergrund von mir gespeichert, damit ich die Chatprotokolle habe und sie auch zuweisen kann.","Sprecher 2"
"966590","971850"," Alle Daten werden natürlich so schnell wie möglich nach der Studie gelöscht.","Sprecher 2"
"974110","977570"," Zur Einverständnis einmal das Formular dann abgeben.","Sprecher 2"
"980670","982710"," Genau, brauchst du noch VP-Stunden?","Sprecher 2"
"983370","984110"," Brauche ich nicht.","Sprecher 1"
"984230","987870"," Ich bin eh voll, habe es auch schon abgegeben und eine Matrikelnummer habe ich gerade nicht im Kopf.","Sprecher 1"
"988290","988750"," Also einfach.","Sprecher 1"
"988930","993870"," Falls es sein sollte, dass du doch noch welche brauchst, kann ich dir noch liefern.","Sprecher 2"
"995050","996530"," Formular jetzt absenden, oder?","Sprecher 1"
"996870","997050"," Genau.","Sprecher 2"
"1001080","1002580"," Okay, dann geht's los, oder?","Sprecher 1"
"1002940","1006560"," Wir starten jetzt mit dem Teil 1 der Studie.","Sprecher 2"
"1007560","1009420"," Auf dem Weiter-Button, genau.","Sprecher 2"
"1010700","1014220"," Hier ist einmal nur noch kurz die Beschreibung drin, was ich dir auch gerne sage.","Sprecher 2"
"1014260","1023819"," Dass es dreistufig ist, dass es ungefähr 60 Minuten dauert, dass natürlich alle Daten danach anonymisiert nur ausgewertet werden.","Sprecher 2"
"1024460","1027099"," Es gibt keine falschen Antworten.","Sprecher 2"
"1027339","1029460"," Es gibt auch kein richtiges Vorgehen dabei.","Sprecher 2"
"1030460","1034780"," Und es sind eben in der ersten Phase vier Artikel.","Sprecher 2"
"1035960","1039400"," Du sollst bitte dabei laut denken, was du von den Artikeln kennst.","Sprecher 2"
"1039920","1045760"," Und falls du zu lange schweigen würdest, würde ich dich daran erinnern mit bitte laut denken.","Sprecher 2"
"1046280","1050160"," Okay, also ich soll einfach alles kommentieren und laut denken?","Sprecher 1"
"1050340","1050440"," Genau.","Sprecher 1"
"1050440","1052160"," Okay, gut, das kann ich immer gut.","Sprecher 1"
"1053640","1056680"," Wenn wir starten können, dann bitte wieder den Weiter-Button.","Sprecher 2"
"1056920","1057720"," Alles klar.","Sprecher 1"
"1062620","1064120"," Okay, Start.","Sprecher 1"
"1067320","1068120"," Das ist der Artikel.","Sprecher 1"
"1068580","1069520"," Okay, oh Gott.","Sprecher 1"
"1071100","1072360"," Keine Bildchen.","Sprecher 1"
"1073560","1092160"," Oh, ich muss sagen, es sind keine Autoren und keine Quellen genannt in den Artikeln, sondern alle Artikel werden identisch als Plaintext präsentiert, damit da kein Bias entsteht.","Sprecher 2"
"1092340","1093240"," Den haben wir rausgesucht.","Sprecher 2"
"1093720","1100560"," Deswegen findest du weder Veröffentlichungsdatum noch Plattform, auf der sie veröffentlicht worden sind.","Sprecher 2"
"1100660","1105980"," Aber alles sind real in Deutschland abrufbare Artikel, die von Medieninstituten veröffentlicht worden sind.","Sprecher 2"
"1106820","1108060"," Ach, okay, das ist real.","Sprecher 1"
"1108380","1108540"," Okay.","Sprecher 1"
"1108740","1109100"," Ja, genau.","Sprecher 2"
"1109260","1110060"," Das ist alles real.","Sprecher 2"
"1110200","1110620"," Okay, okay.","Sprecher 1"
"1111140","1111880"," Okay, gut.","Sprecher 1"
"1112200","1114000"," Dann soll ich auch laut lesen?","Sprecher 1"
"1114560","1116440"," Nein, du musst nicht laut lesen.","Sprecher 2"
"1132240","1133020"," Wusste ich nicht.","Sprecher 1"
"1134460","1136640"," Also, wenn das stimmt, dann muss das nicht.","Sprecher 1"
"1141040","1145420"," In der Arbeit lese ich ab und zu mal, wenn gerade der Kaffee durchläuft, die Mittelbayerische.","Sprecher 1"
"1148140","1151160"," Da kriegt man wahrscheinlich nicht so viele Infos.","Sprecher 1"
"1191500","1192700"," Bitte laut denken.","Sprecher 2"
"1193180","1202340"," Ich denke gerade, weil ich diese Gedankenstriche sehe und ich irgendwie gehört habe, dass so Chattyptees, LLMs das so gerne machen.","Sprecher 1"
"1203200","1205000"," Aber ich bleib neutral.","Sprecher 1"
"1206240","1209600"," Nein, es ist kein Artikel von einer künstlichen Intelligenz geschrieben worden.","Sprecher 2"
"1210040","1210540"," Okay.","Sprecher 1"
"1231190","1242390"," Soll ich noch kurz erwähnen, es ist eben nicht, die sind alle nicht aus sozialen Medien, sie sind alle nicht von künstlicher Intelligenz geschrieben worden, sondern es geht um die Glaubwürdigkeit des Artikels.","Sprecher 2"
"1243210","1243630"," Ah, okay.","Sprecher 1"
"1243950","1244110"," Genau.","Sprecher 1"
"1244310","1251550"," Sie haben unterschiedliche Glaubwürdigkeitsgehälter und es geht eben dann in dem Chatbot nur darum, wie man sie verifizieren kann.","Sprecher 2"
"1256610","1266230"," Das ist also ganz ehrlich, das ist ein Artikel, den würde ich tatsächlich nicht lesen, weil das echt so trocken ist.","Sprecher 1"
"1268250","1275330"," Deshalb lese ich dann wahrscheinlich die Mittelbayerische, weil das dann wieder ein bisschen nicht so deep ist.","Sprecher 1"
"1277430","1280810"," Offiziellen Verlautbarungen der französischen Justiz.","Sprecher 1"
"1287020","1289560"," Deshalb mache ich nichts mit Sprachen.","Sprecher 1"
"1317260","1319080"," Um was geht es denn da?","Sprecher 1"
"1319380","1321660"," Ganz ehrlich, ich verstehe den Text nicht.","Sprecher 1"
"1386540","1387840"," Bitte laut denken.","Sprecher 1"
"1389680","1398060"," Gerade kam mir so ein Gefühl, ich weiß nicht, was für Fragen kommen werden, aber der Text für mich eher glaubwürdig ist.","Sprecher 1"
"1401280","1410640"," Ich habe das Gefühl, da ist eine Meinung drin, von einem Journalisten, von einem Autor.","Sprecher 1"
"1413440","1417260"," Das könnte für mich so ein Zeichen sein, dass es glaubwürdig ist.","Sprecher 1"
"1417540","1419120"," Aber mal gucken, was für Fragen kommen.","Sprecher 1"
"1420440","1422040"," So, erster Impuls einfach.","Sprecher 1"
"1425260","1425900"," Okay.","Sprecher 1"
"1428730","1430630"," Jetzt kommt die erste Frage dazu.","Sprecher 2"
"1431490","1432830"," Einmal bitte T2.","Sprecher 2"
"1435900","1436740"," Wie, B2?","Sprecher 1"
"1437280","1438000"," T2.","Sprecher 1"
"1438420","1438700"," P?","Sprecher 1"
"1438920","1439360"," T2.","Sprecher 1"
"1440600","1443020"," Ach, T2.","Sprecher 1"
"1444080","1445560"," T2, okay.","Sprecher 1"
"1445700","1446680"," Du bist T2.","Sprecher 1"
"1447320","1448680"," Ich bin T2, okay.","Sprecher 1"
"1449500","1450460"," Wie glaubwürdig?","Sprecher 1"
"1453040","1455820"," Überhaupt nicht glaubwürdig, vollkommen glaubwürdig.","Sprecher 1"
"1456080","1463620"," Also ich würde sagen, es ist für mich eher glaubwürdig.","Sprecher 1"
"1468230","1477530"," Ich bewerte den mal mit einer 6, weil ich da eine Meinung rauslese.","Sprecher 1"
"1481050","1490550"," Also vom Stil her klingt es für mich nicht sehr generisch, sondern ja, es war schon fast persönlich.","Sprecher 1"
"1492990","1494130"," Wie sicher sind Sie sich?","Sprecher 1"
"1494210","1496470"," Ich bin mir schon sehr sicher.","Sprecher 1"
"1499070","1503890"," Bitte geben Sie an, inwieweit die folgenden Merkmale Ihre Bewertung beeinflusst haben.","Sprecher 1"
"1503970","1504390"," Ah, okay.","Sprecher 1"
"1504990","1506210"," Sprachstil, ja.","Sprecher 1"
"1506670","1506850"," Genau.","Sprecher 2"
"1507030","1509190"," Eins ist emotional sachlich, ist 7.","Sprecher 2"
"1513640","1517300"," Aber schon eher emotionaler.","Sprecher 1"
"1517300","1523260"," Dann eben das Nächste ist, wie viel was beeinflusst hat, Informationsgehalt und Faktendichte.","Sprecher 2"
"1526310","1530750"," Ja, war schon vorhanden.","Sprecher 1"
"1531010","1533270"," Also Moment, Informations…","Sprecher 1"
"1533270","1534930"," Achso, überhaupt nicht und sehr stark.","Sprecher 1"
"1535030","1535570"," Aber warte mal.","Sprecher 1"
"1535750","1539350"," Sprachstil, also eins ist emotional und sieben sachlich.","Sprecher 1"
"1539570","1541990"," Genau, also das ist überhaupt nicht.","Sprecher 2"
"1542470","1546530"," Und stark, also das ist immer die Skala von eins bis sieben.","Sprecher 2"
"1546610","1547470"," Einmal überhaupt nicht.","Sprecher 2"
"1547790","1548370"," Ah, okay.","Sprecher 1"
"1548630","1549070"," Genau.","Sprecher 1"
"1549270","1549610"," Okay, okay.","Sprecher 1"
"1549730","1550770"," Dann muss es andersrum.","Sprecher 1"
"1551030","1552970"," Ja, ich dachte, emotional ist die eins.","Sprecher 1"
"1554010","1554870"," Doch, genau.","Sprecher 2"
"1555030","1556170"," Da ist es die eins.","Sprecher 2"
"1556390","1557810"," Du hattest es richtig für dich.","Sprecher 2"
"1558450","1558590"," Achso.","Sprecher 1"
"1559090","1559250"," Genau.","Sprecher 2"
"1559610","1562910"," Nur hier ist es zum Beispiel, wie hoch ist der Informationsgehalt?","Sprecher 2"
"1563810","1566190"," Dann überhaupt nicht oder sehr stark mit sieben.","Sprecher 1"
"1566190","1566550"," Ja, genau.","Sprecher 2"
"1567150","1567350"," Okay.","Sprecher 1"
"1572520","1574520"," Informationsgehalt, war schon drin.","Sprecher 1"
"1577100","1578440"," Fakten auch.","Sprecher 1"
"1585510","1589710"," Struktur und Logik, der hat das schon auch begründet.","Sprecher 1"
"1594440","1605780"," Vorwissen zum Thema, habe ich jetzt nicht so rausspüren können.","Sprecher 1"
"1608280","1613620"," Ja, doch, doch, doch.","Sprecher 1"
"1614100","1617300"," Also vom Argumentations…","Sprecher 1"
"1617300","1621940"," Vom roten Faden fand ich schon, also die Infos, die verteilt wurden, schon plausibel.","Sprecher 1"
"1624060","1626660"," Ein bisschen mir jetzt…","Sprecher 1"
"1628930","1638030"," Die Länge hat…","Sprecher 1"
"1638030","1639650"," Nee, schon sehr…","Sprecher 1"
"1639650","1641050"," Ja, mag das nicht.","Sprecher 1"
"1642190","1642610"," Okay.","Sprecher 1"
"1643190","1644250"," Offene Begründung.","Sprecher 1"
"1648370","1658290"," So, meine Bewertung stützt sich auf…","Sprecher 1"
"1661010","1662470"," Wie nennt man das?","Sprecher 1"
"1663450","1665430"," Die Farbe der Sprache, ist das klar?","Sprecher 1"
"1666010","1666110"," Ja.","Sprecher 2"
"1667350","1671450"," Der Sprache des Inhalts.","Sprecher 1"
"1671810","1692280"," Ich hatte das Gefühl, eine persönliche Meinung rauslesen zu können.","Sprecher 1"
"1692740","1693580"," Punkt.","Sprecher 1"
"1694700","1697540"," Daher schätze ich…","Sprecher 1"
"1703800","1704380"," Okay.","Sprecher 1"
"1708020","1717580"," Und weiter geht's dann, wenn du auf weiter drückst, unten wieder auf den Button, geht's dann zum nächsten Artikel.","Sprecher 2"
"1718100","1718440"," Okay.","Sprecher 1"
"1731840","1733420"," Bitte laut denken.","Sprecher 1"
"1734380","1736340"," Ach, der erste Satz.","Sprecher 1"
"1739360","1742940"," Ja, dass Russland ein Land der Friedensstifter ist.","Sprecher 1"
"1743060","1747080"," Aber mal schauen, vielleicht ist das auch ironisch gemeint.","Sprecher 1"
"1750500","1752700"," Ist das von Russia Today?","Sprecher 1"
"1756160","1756920"," Was?","Sprecher 1"
"1757560","1759280"," Ich habe nichts gesagt.","Sprecher 1"
"1761620","1763860"," Nee, nee, ich lese.","Sprecher 1"
"1764540","1767200"," Ich habe ja dein Video eh klein gemacht.","Sprecher 1"
"1767360","1768860"," Ich sehe dich ja gar nicht.","Sprecher 1"
"1769800","1774880"," Ich habe gerade was gesagt in unserem DNA-Code.","Sprecher 1"
"1775160","1777640"," Ich glaube, der Artikel ist von Russia Today.","Sprecher 1"
"1780320","1782380"," Das tut weh.","Sprecher 1"
"1816550","1817990"," Bitte laut denken.","Sprecher 1"
"1818630","1819830"," Nee, ich…","Sprecher 1"
"1819830","1821410"," So, aha, als…","Sprecher 1"
"1821410","1823010"," Ah, Erster Weltkrieg, okay.","Sprecher 1"
"1823510","1824910"," Sarikamisch, kenne ich nicht.","Sprecher 1"
"1826930","1828230"," Nächste Auslösung.","Sprecher 1"
"1831180","1836380"," Ich wusste nicht, dass die Armenier in der Türkei waren.","Sprecher 1"
"1839060","1840360"," Falls das stimmt.","Sprecher 1"
"1868860","1875260"," Das ist wieder nur so ein Aha-Moment, da ich jetzt was zur Geschichte lese.","Sprecher 1"
"1933960","1941780"," Das triggert mich so, das zu lesen, diese Verherrlichung von Russland.","Sprecher 1"
"1947000","1951760"," Oh Gott.","Sprecher 1"
"1958590","1960330"," Jetzt kommen wieder Fragen dazu.","Sprecher 2"
"1961510","1962230"," T2.","Sprecher 1"
"1965630","1969010"," Wie glaubwürdig erscheint Ihnen der gerade gelesene Artikel?","Sprecher 1"
"1979210","1988550"," Ja, das Problem ist, ich glaube, dass so die Fakten aus, also diese einzelnen Fakten, die da genannt wurden, vielleicht sogar stimmen könnten.","Sprecher 1"
"1988810","1993950"," Aber das ist ja doch eine Weihräucherung von Russland.","Sprecher 1"
"1995370","1997630"," Deshalb bin ich gerade so hin- und hergerissen.","Sprecher 1"
"2008310","2012430"," Aber wenn ich das große Ganze sehe, ist das natürlich überhaupt nicht glaubwürdig.","Sprecher 1"
"2018340","2021660"," Ich muss, glaube ich, wirklich teils teils nehmen.","Sprecher 1"
"2023100","2024940"," Aber ein bisschen weniger als die Mitte.","Sprecher 1"
"2027450","2029230"," Wie sicher sind Sie sich?","Sprecher 1"
"2032390","2036570"," Ich bin mir nicht so sicher, weil ich gerade nicht weiß, wie ich bewerten möchte.","Sprecher 1"
"2039290","2047949"," Ich glaube, diese kleinen so Facts, die haben denen doch mal irgendwie Milch gebracht oder so, das könnte vielleicht stimmen.","Sprecher 1"
"2049850","2050290"," T4.","Sprecher 1"
"2053610","2058889"," Ja, das war ja, das war schon sehr emotional.","Sprecher 1"
"2066780","2071159"," Viel Inhalt war dann nicht drin.","Sprecher 1"
"2074600","2086320"," Das Problem ist, die haben sich natürlich da irgendwie, der Autor oder die Autorin hat sich dann so zwei, drei Sachen, die möglicherweise stimmen, rausgepickt, um da irgendwie so einen starken Artikel zu bauen.","Sprecher 1"
"2088480","2089380"," Boah, nee.","Sprecher 1"
"2090199","2092120"," Ist doch überhaupt nicht glaubwürdig.","Sprecher 1"
"2096300","2096920"," Struktur.","Sprecher 1"
"2097920","2098540"," Scheiße.","Sprecher 1"
"2109160","2119200"," Ich frage mich gerade, wenn ich Struktur scheiße fand, hat es mich dann nicht beeinflusst oder schon sehr stark beeinflusst?","Sprecher 1"
"2119320","2120100"," Also, weißt du, wie ich meine?","Sprecher 1"
"2121700","2126760"," Also, ich muss das vielleicht umschreiben, dass der niedrigste Wert der schlechteste ist.","Sprecher 2"
"2127060","2128780"," Okay, ja.","Sprecher 1"
"2130760","2133240"," Ich fand es schlecht, also zwei.","Sprecher 1"
"2135260","2135740"," Vorwissen.","Sprecher 1"
"2135740","2136220"," Schlecht.","Sprecher 1"
"2137880","2138100"," Nee.","Sprecher 1"
"2140680","2144980"," Die Länge hat mich gar nicht beeinflusst, also.","Sprecher 1"
"2145920","2147500"," Dann wäre gar nicht die Eins.","Sprecher 2"
"2157140","2162200"," Warte mal, also hier die Plausibilität der Information.","Sprecher 1"
"2162560","2166740"," Ich fand es nicht plausibel, aber deshalb hat es mich doch stark beeinflusst, oder?","Sprecher 1"
"2167440","2169180"," Da gibt es keine richtige Antwort.","Sprecher 2"
"2169740","2179340"," Nee, ich meine nicht, dass ich alles super bewerte, hoch bewerte, aber ich das ja scheiße finde, weißt du, wie ich meine?","Sprecher 1"
"2179640","2180840"," Ja, ich weiß, wie du meinst.","Sprecher 1"
"2181260","2187280"," Ich check gerade nicht, soll ich das bewerten, so bewerten, oder gibt es da keinen Falsch und Richtig und deshalb soll ich es ja?","Sprecher 1"
"2187280","2188040"," Falsch und Richtig.","Sprecher 2"
"2188340","2189360"," Okay, dann.","Sprecher 1"
"2190240","2196740"," Ich meine, ich denke ja dabei laut, dann ist es vielleicht, weiß man, worauf ich hinaus will.","Sprecher 1"
"2196840","2198680"," Eindruck des Textes.","Sprecher 1"
"2198740","2200900"," Ich fand es kacke.","Sprecher 1"
"2205460","2206200"," Bauchgefühl.","Sprecher 1"
"2210900","2214840"," Ja, mein Bauchgefühl beeinflusst mich schon.","Sprecher 1"
"2218320","2219680"," Was will ich schreiben?","Sprecher 1"
"2221980","2223160"," Triggernder Artikel.","Sprecher 1"
"2224520","2237660"," Hat mich im ersten Satz schon hart getriggert und beeinflusst.","Sprecher 1"
"2244110","2246150"," Ausländisch.","Sprecher 1"
"2247230","2249130"," Schlimm.","Sprecher 1"
"2249490","2259710"," Daher von dem Artikel.","Sprecher 1"
"2275060","2276720"," Antwort wurde gesendet.","Sprecher 1"
"2276840","2277120"," Weiter.","Sprecher 1"
"2279550","2281910"," Ein Tribunal gegen den Aggressor.","Sprecher 1"
"2282750","2283730"," Russlands Veto.","Sprecher 1"
"2314160","2330800"," Ich bin gerade bei diesem Mal wieder hängen geblieben, denn ich dachte, ah, jetzt kommt vielleicht so ein neutralerer Text und dieses Mal wieder fühlt sich für mich sehr bewertend an.","Sprecher 1"
"2397450","2398450"," Bitte laut denken.","Sprecher 1"
"2399390","2401610"," Ich lese einfach.","Sprecher 1"
"2402150","2403250"," Ich denke gerade gar nichts.","Sprecher 1"
"2463030","2463610"," Okay.","Sprecher 1"
"2470450","2473670"," Und wieder die Frage T2.","Sprecher 2"
"2474970","2478850"," Der schien mir schon sehr glaubwürdig.","Sprecher 1"
"2481020","2483740"," Ich bin mir auch sehr sicher.","Sprecher 1"
"2490460","2494280"," Ein sachlicher Artikel.","Sprecher 1"
"2501640","2502740"," Schon gut.","Sprecher 1"
"2511250","2525240"," Ich fand den schon doch eher professionell, falls das irgendwie so ein Kommentar ist oder so.","Sprecher 1"
"2526900","2529840"," Ich habe mich ein bisschen an dem Mal wieder aufgehängt.","Sprecher 1"
"2565040","2566440"," Wirkt vertrauensvoll.","Sprecher 1"
"2567940","2571060"," Würde ich vertrauenswürdig.","Sprecher 1"
"2583820","2584760"," Und perfekt.","Sprecher 2"
"2585300","2587340"," Dann wieder unten auf den Weiter-Button.","Sprecher 2"
"2587340","2589060"," Ich glaube, der ist ein bisschen verschoben nach unten.","Sprecher 2"
"2589300","2590000"," I don't know why.","Sprecher 2"
"2595030","2595270"," Genau.","Sprecher 2"
"2599660","2600360"," Und der letzte.","Sprecher 2"
"2703260","2704680"," Bitte laut denken.","Sprecher 1"
"2705920","2716460"," Ich lese sehr aufmerksam den Text, weil dieser Artikel mich abholt von Interesse.","Sprecher 1"
"2716640","2722160"," Und deshalb lese ich manche Sätze sogar zweimal.","Sprecher 1"
"2733460","2775160"," Ich habe kurz diesen Absatz nochmal gelesen.","Sprecher 1"
"2798240","2824470"," Wer ist denn das jetzt?","Sprecher 1"
"2829320","2831620"," Ist das dieser Autofotograf?","Sprecher 1"
"2862130","2867970"," Gerade hänge ich fest, weil ich nicht kapiere, warum jetzt ein Ermittlungsverfahren gegen sie läuft.","Sprecher 1"
"2997910","2999030"," Bitte laut denken.","Sprecher 1"
"3000030","3002670"," Ich bin gerade hier und lese nur.","Sprecher 1"
"3068900","3069360"," Interessant.","Sprecher 1"
"3069480","3070420"," Interessanter Artikel.","Sprecher 1"
"3075760","3076580"," T2.","Sprecher 1"
"3077860","3080800"," Der erschien mir schon sehr glaubwürdig.","Sprecher 1"
"3085150","3088740"," Ich bin sehr sicher.","Sprecher 1"
"3096010","3098070"," Das war irgendwie in der Mitte.","Sprecher 1"
"3101600","3104200"," War schon gehaltvoll.","Sprecher 1"
"3106950","3107750"," Logisch.","Sprecher 1"
"3116980","3120060"," War schon lang, aber das beeinflusst mich jetzt nicht.","Sprecher 1"
"3126240","3127660"," Aber die Ausführlichkeit.","Sprecher 1"
"3128800","3129220"," Ja, schon.","Sprecher 1"
"3132480","3133280"," Professionell.","Sprecher 1"
"3136500","3138120"," Ich habe da wenig Bauchgefühl.","Sprecher 1"
"3138360","3145990"," Es wirkt irgendwie klar.","Sprecher 1"
"3173260","3175780"," War schon informativ.","Sprecher 1"
"3178840","3180620"," Auch interessant zu lesen.","Sprecher 1"
"3185180","3194120"," Es ist ja klar, dass es dann auch solche Probleme gibt.","Sprecher 1"
"3194740","3204280"," Und daher, dass das über sowas geschrieben wird, wirkt es für mich also umso mehr glaubwürdiger.","Sprecher 1"
"3236180","3238260"," Plus die kritische Einstellung zu Russia Today.","Sprecher 1"
"3251720","3252720"," Phase zwei.","Sprecher 1"
"3253540","3253800"," Genau.","Sprecher 2"
"3253960","3255820"," Jetzt hast du dieselben Artikel nochmal.","Sprecher 2"
"3256140","3266220"," Wie gesagt, auf der linken Seite deines Displays, deines Monitors.","Sprecher 2"
"3266680","3268200"," Und auf der rechten Seite ist der Chatbot.","Sprecher 2"
"3268260","3271360"," Ich muss gleich dazu sagen, der Chatbot kann manchmal etwas Zeit dauern.","Sprecher 2"
"3271520","3276600"," Er ist natürlich nicht so leistungsstark wie ChatGPT von der Rechenleistung und allem.","Sprecher 2"
"3276760","3280040"," Deswegen dauert das Laden der Antworten eben Zeit.","Sprecher 2"
"3280540","3287540"," Und du kannst jetzt, du sollst jetzt bitte die Glaubwürdigkeit der Artikel überprüfen.","Sprecher 2"
"3288180","3291600"," Wenn du dich bereit fühlst, kannst du loslegen, indem du auf weiter gehst.","Sprecher 2"
"3307610","3309590"," Muss ich das dann raus kopieren?","Sprecher 1"
"3310990","3313090"," Es gibt kein richtig und kein falsch.","Sprecher 2"
"3313530","3325430"," Wie gesagt, es steht ja auch vorne, dass man eben den einzelnen Aspekte verifizieren kann.","Sprecher 2"
"3326050","3329190"," Es gibt keine Vorgehensweise welche.","Sprecher 2"
"3350780","3351600"," Was ist das?","Sprecher 1"
"3351960","3353220"," Das ist ein Notizfeld.","Sprecher 1"
"3388530","3390590"," Ist ausführlich dokumentiert.","Sprecher 1"
"3410550","3421220"," Ich sage Aha, weil der meint, dass das korrekt dargestellt wurde.","Sprecher 1"
"3422920","3425940"," Ja, es ist subjektiv, wie ich es gesagt habe.","Sprecher 1"
"3428640","3429120"," Ja, ja.","Sprecher 1"
"3430500","3431860"," Verschiedene Quellen, ja.","Sprecher 1"
"3434990","3435170"," Ups.","Sprecher 1"
"3435690","3437330"," Nee, kannst du bitte verlassen.","Sprecher 2"
"3438550","3439030"," Verlassen?","Sprecher 1"
"3440070","3441690"," Weiß nicht, wieso der Fehler passiert.","Sprecher 2"
"3441990","3443290"," Ja, aber das ist immer jetzt so.","Sprecher 2"
"3443890","3444390"," Ja, okay.","Sprecher 1"
"3444790","3446030"," Du verlässt sie nicht.","Sprecher 2"
"3449470","3449910"," T2.","Sprecher 1"
"3452980","3453580"," Ah, schon.","Sprecher 1"
"3455740","3458620"," Ich bin mir sehr sicher, weil ich übereinstimme mit der KI.","Sprecher 1"
"3462220","3467300"," Hatte ich es, als glaubwürdig?","Sprecher 1"
"3467600","3478260"," Ja, ich glaube, es war bei 4.","Sprecher 1"
"3480740","3483900"," Ja, deshalb glaubwürdig als davor.","Sprecher 1"
"3487270","3490030"," Ja, auf jeden Fall.","Sprecher 1"
"3492570","3494090"," Da habe ich keine Ahnung.","Sprecher 1"
"3494290","3495030"," Wahrscheinlich, ja.","Sprecher 1"
"3495130","3498950"," Da bin ich immer sass, aber ich vertraue dir trotzdem.","Sprecher 1"
"3501120","3502060"," Das schon.","Sprecher 1"
"3503200","3503460"," Ja.","Sprecher 1"
"3505200","3506260"," Nein, habe ich nicht.","Sprecher 1"
"3509280","3512880"," Die KI hat mir Informationen geliefert.","Sprecher 1"
"3514020","3518020"," Na ja, es hat auf jeden Fall bestätigt, dass das als korrekt dargestellt wurde, deshalb.","Sprecher 1"
"3519840","3521420"," Quelle, vertraue mir, Bruder.","Sprecher 1"
"3524470","3526150"," Wie sind sie ihm vorgegangen?","Sprecher 1"
"3528730","3530770"," Ja, das habe ich gemacht.","Sprecher 1"
"3531010","3532310"," Ich habe gezielte Fragen.","Sprecher 1"
"3532610","3534930"," Ich habe überhaupt nicht gezielt nachgefragt.","Sprecher 1"
"3535950","3537450"," Habe ich auch nicht.","Sprecher 1"
"3538550","3539730"," Nee, überhaupt nicht.","Sprecher 1"
"3541050","3541490"," Ja.","Sprecher 1"
"3544570","3548570"," Ich glaube, ich wäre sass, wenn die KI etwas anderes gesagt hätte.","Sprecher 1"
"3550010","3553730"," So, hey, nee, nee, der ist überhaupt nicht glaubwürdig.","Sprecher 1"
"3553790","3560650"," Der Artikel hätte ich genauer nachgefragt, aber der hat mich ja eigentlich eher in meinem Gefühl bestätigt.","Sprecher 1"
"3576500","3576940"," Bestätigt.","Sprecher 1"
"3588300","3594980"," Genau, wieder um das Strick herunterscrollen, dann ist der Warnsignal und das Nächste.","Sprecher 2"
"3601670","3639890"," Ja, ist ja klar.","Sprecher 1"
"3643680","3648080"," Also, es ist klar, dass er mir da keine spezifischen Quellen angeben kann.","Sprecher 1"
"3650560","3650740"," Na ja.","Sprecher 1"
"3703240","3704720"," Bin gespannt, was der sagt.","Sprecher 1"
"3711900","3723190"," Ja, das ist ja das, was ich gemeint habe.","Sprecher 1"
"3723450","3727490"," So diese Fakten aus der Vergangenheit, die können ja schon alle stimmen.","Sprecher 1"
"3728470","3731290"," Will ich ja gar nicht irgendwie schlecht reden oder so.","Sprecher 1"
"3754560","3768600"," Ja, vor allem zum Beispiel, also ich bin aus Polen und mir wurde immer so eingetrichtert von den Großeltern, dass also die Zeit mit den Russen, also die fühlten sich da gar nicht befreit und so.","Sprecher 1"
"3768840","3772120"," Also da, vielleicht habe ich da auch irgendwie so ein Bias oder so.","Sprecher 1"
"3773320","3774420"," Weiß ich jetzt nicht.","Sprecher 1"
"3783930","3785210"," Das ist so witzig.","Sprecher 1"
"3792420","3792540"," Hä?","Sprecher 1"
"3798500","3802880"," Ich sage hä, weil, warum jetzt 2014?","Sprecher 1"
"3805320","3808600"," Na ja.","Sprecher 1"
"3813500","3813660"," Hä?","Sprecher 1"
"3815160","3818380"," Die jüngsten Ereignisse seit 2014?","Sprecher 1"
"3818500","3819640"," Was waren noch 2014?","Sprecher 1"
"3836490","3843950"," Aber der sagt auch, also hier, zu positives Bild muss man kritisch sehen.","Sprecher 1"
"3844250","3846870"," Also sehe ich eigentlich genauso.","Sprecher 1"
"3871200","3871460"," Echt?","Sprecher 1"
"3871540","3874300"," War das 2014, die Krimannexion?","Sprecher 1"
"3875400","3875640"," Aha.","Sprecher 1"
"3916850","3917510"," T2.","Sprecher 1"
"3921530","3927090"," Ich finde den überhaupt nicht glaubwürdig, den Artikel.","Sprecher 1"
"3934360","3935940"," Bin schon sehr sicher.","Sprecher 1"
"3939920","3943720"," Also ich halte den jetzt, glaube ich, noch weniger glaubwürdig.","Sprecher 1"
"3947300","3949600"," Hilfreich war es auf jeden Fall.","Sprecher 1"
"3950960","3953180"," Ja, die Quellen waren doch, glaube ich, ganz gut.","Sprecher 1"
"3955620","3957500"," Auf jeden Fall geholfen.","Sprecher 1"
"3957960","3959480"," Ich vertraue dem.","Sprecher 1"
"3961840","3964880"," Nee, habe ich nicht über...","Sprecher 1"
"3964880","3967380"," Nee, ich habe ja kurz nachgefragt.","Sprecher 1"
"3967520","3968720"," Das ist ja nicht überprüft.","Sprecher 1"
"3968820","3970740"," Ja, wobei, das ist schon ein bisschen überprüft.","Sprecher 1"
"3973880","3977160"," Die KI hat mir Informationen geliefert.","Sprecher 1"
"3977620","3978020"," Ja.","Sprecher 1"
"3984080","3985460"," Ja, das habe ich.","Sprecher 1"
"3985800","3988300"," Und auch noch mal so gezielte Fragen.","Sprecher 1"
"3990140","3991660"," Externe Quellen.","Sprecher 1"
"3992300","3993760"," Nee, habe ich nicht.","Sprecher 1"
"3995140","3996060"," Nee, habe ich auch nicht.","Sprecher 1"
"3999040","3999740"," Nee, habe ich auch nicht.","Sprecher 1"
"4009620","4014220"," Ja, hat eigentlich...","Sprecher 1"
"4014220","4016620"," hat mein Bauchgefühl wieder verstärkt.","Sprecher 1"
"4025930","4029110"," Ist auf jeden Fall cool, Artikel mit der KI zu prüfen.","Sprecher 1"
"4038840","4040100"," Wir sind bei Artikel 3.","Sprecher 2"
"4042120","4044040"," Das war dieser zähe Text.","Sprecher 1"
"4045300","4051060"," Ja, das war ein schlimmer Text.","Sprecher 1"
"4059050","4066610"," Das Problem ist, da ich sowieso die Hälfte nicht verstanden habe, kann ja sonst noch was rauskommen.","Sprecher 1"
"4066930","4067170"," Naja.","Sprecher 1"
"4070810","4072190"," Auch Ressourcen.","Sprecher 1"
"4080160","4081520"," So, mal sehen.","Sprecher 1"
"4087430","4094350"," Ich würde aber sagen, dass der mich da bestätigt, weil der ist so zäh und trocken, der Text.","Sprecher 1"
"4094470","4095590"," Der muss glaubwürdig sein.","Sprecher 1"
"4104380","4105140"," Ah, okay.","Sprecher 1"
"4105500","4106300"," Bist schnell.","Sprecher 1"
"4108260","4109620"," Ja, ja, komplex.","Sprecher 1"
"4137819","4171340"," Ich finde es gerade komisch, dass er...","Sprecher 1"
"4171340","4176160"," Mir ist gerade hier aufgefallen, da steht nur jetzt hier Außenminister in einem Statement.","Sprecher 1"
"4176300","4177760"," Ja, welche Außenminister?","Sprecher 1"
"4181520","4182680"," Das ist auch keine Ahnung.","Sprecher 1"
"4185750","4187069"," Ah, vielleicht habe ich mich getäuscht.","Sprecher 1"
"4187290","4190649"," Vielleicht ist der Text doch nicht so glaubwürdig.","Sprecher 1"
"4192330","4194430"," Der Bot hat dir geantwortet.","Sprecher 2"
"4194490","4194750"," Bitte?","Sprecher 2"
"4195170","4196750"," Der Bot hat dir geantwortet.","Sprecher 2"
"4211490","4212710"," Okay, die gibt es zumindest.","Sprecher 1"
"4212870","4213590"," Das ist schon mal gut.","Sprecher 1"
"4243300","4244200"," Mal schauen, was er sagt.","Sprecher 1"
"4244360","4245960"," Ich habe nämlich gerade gar keine Ahnung.","Sprecher 1"
"4246960","4248000"," Das ist jetzt nur raten.","Sprecher 1"
"4289510","4290510"," Mal schauen, ob das klappt.","Sprecher 1"
"4290670","4292890"," Ich habe das irgendwo gesehen, dass man Hardprompt schreiben muss.","Sprecher 1"
"4307480","4309880"," Ich finde es komisch, dass er mir dann nicht hilft.","Sprecher 1"
"4310780","4312980"," Dass er mir sagt, ich soll selbst nachdenken.","Sprecher 1"
"4315640","4317360"," Weil ich es wahrscheinlich selbst nicht weiß.","Sprecher 1"
"4365790","4367330"," Er hilft mir gerade nicht weiter.","Sprecher 1"
"4425920","4427500"," Wie gesagt, leider braucht er...","Sprecher 2"
"4427500","4427840"," Ah, genau.","Sprecher 1"
"4428360","4429020"," Alles gut.","Sprecher 1"
"4471740","4473200"," Ich finde es seltsam, dass er...","Sprecher 1"
"4473200","4477500"," Also, vorhin hat er schon so klar gesagt, ja, hier passt glaubwürdig.","Sprecher 1"
"4477720","4481500"," Es ist eher glaubwürdig, aber weiß ich nicht.","Sprecher 1"
"4481600","4485140"," Jetzt will er sich selbst nicht so weit aus dem Fenster lehnen.","Sprecher 1"
"4491120","4491520"," Mittel.","Sprecher 1"
"4495440","4496680"," Ich bin mir auch nicht sicher.","Sprecher 1"
"4499380","4501740"," Ich glaube, ich halte ihn weniger glaubwürdig.","Sprecher 1"
"4505100","4509540"," Aber die Antwort war überhaupt nicht hilfreich.","Sprecher 1"
"4519910","4521530"," War es glaubwürdig?","Sprecher 1"
"4528700","4533900"," Ich meine, die Brocken, die er mir da hingeworfen hat, die können, die stimmen ja schon.","Sprecher 1"
"4534490","4535780"," Was ist mit den Haken?","Sprecher 1"
"4537820","4539480"," Ich weiß nicht.","Sprecher 1"
"4540880","4542760"," Er hat mir gar nicht geholfen.","Sprecher 1"
"4543380","4545680"," Ich vertraue dem nicht.","Sprecher 1"
"4551830","4554350"," Ja, aber ob die stimmen?","Sprecher 1"
"4560060","4561460"," Was habe ich gemacht?","Sprecher 1"
"4562340","4567530"," Geziebte Fragen habe ich gestellt.","Sprecher 1"
"4569050","4570350"," Ne, habe ich nicht.","Sprecher 1"
"4576230","4579790"," Klar habe ich es verglichen, aber bringt halt nichts.","Sprecher 1"
"4597820","4600820"," Und dann unten wieder klicken und auf weiter.","Sprecher 2"
"4601020","4601120"," Genau.","Sprecher 2"
"4601180","4602260"," Und wir sind bei der Letzten.","Sprecher 2"
"4603520","4604340"," Ah, das war ein cooler.","Sprecher 1"
"4604560","4605380"," Ich hoffe, der stimmt.","Sprecher 1"
"4644680","4696900"," Ja, schön, der fasst mir das zusammen, aber...","Sprecher 1"
"4696900","4697260"," Ah ja.","Sprecher 1"
"4706460","4708260"," Ja, gut.","Sprecher 1"
"4708680","4709880"," Klar, keine Quellen.","Sprecher 1"
"4717770","4719630"," Ich finde es trotzdem glaubwürdig.","Sprecher 1"
"4733760","4735240"," Ich finde es sehr glaubwürdig.","Sprecher 1"
"4740110","4741810"," Ich glaube, es ist gleich.","Sprecher 1"
"4743370","4745050"," Ne, es ist gleich geblieben.","Sprecher 1"
"4745610","4752440"," Also, ach ja.","Sprecher 1"
"4755380","4756000"," Keine Ahnung.","Sprecher 1"
"4758460","4769550"," Eigentlich hatte der jetzt nicht so einen großen Effekt, weil ich glaube, ich bin bei diesem Text einfach so sicher, dass...","Sprecher 1"
"4769550","4771450"," Ich glaube, der könnte mich nicht erschüttern.","Sprecher 1"
"4771870","4778030"," Also doch, natürlich, wenn er sagen würde, ne, ne, das stimmt auf gar keinen Fall, dann...","Sprecher 1"
"4780680","4781880"," Ne, habe ich nicht.","Sprecher 1"
"4784850","4788510"," Ne, ich hatte meine Entscheidung schon vorher getroffen bei dem Text.","Sprecher 1"
"4821140","4822980"," Und unten nochmal.","Sprecher 2"
"4824220","4824880"," Nochmal weiter?","Sprecher 2"
"4825500","4825860"," Yes.","Sprecher 2"
"4826040","4827040"," Und jetzt kommt die letzte Frage.","Sprecher 2"
"4827280","4830320"," Also jetzt kommt die letzte Seite, dass da Phase 3 beginnt.","Sprecher 2"
"4830940","4833180"," Und das ist die letzte Frage, worin der dauert, so zwei Minuten.","Sprecher 2"
"4843280","4844600"," Ne, wieder T2.","Sprecher 2"
"4845220","4845620"," Achso.","Sprecher 1"
"4853950","4859150"," Haben sich Ihre Einschätzungen so durch die Nutzung verändert?","Sprecher 1"
"4859670","4859790"," Nicht.","Sprecher 1"
"4865490","4866650"," Ist es gleich geblieben?","Sprecher 1"
"4874630","4876610"," Ich glaube, es ist eher gleich geblieben.","Sprecher 1"
"4880860","4884200"," Also es war jetzt nicht so, dass das...","Sprecher 1"
"4884200","4888480"," Ich glaube, bei keinem Artikel war doch so, dass ich gesagt habe, ne, ne, stimmt auf gar keinen Fall.","Sprecher 1"
"4889380","4890600"," Und wo ich es dann doch...","Sprecher 1"
"4890600","4891120"," Ah ja, gut.","Sprecher 1"
"4904950","4910930"," Es war ausgewogen, weil ich ja bei dem einen Russia Today Artikel ja sehr...","Sprecher 1"
"4910930","4911670"," immer noch...","Sprecher 1"
"4912610","4915850"," Also es gab ja Artikel, bei dem fand ich es ja eh glaubwürdig.","Sprecher 1"
"4915990","4918270"," Und das hat mich ja dann wieder bestärkt, dass es glaubwürdig ist.","Sprecher 1"
"4918470","4921150"," Und bei unglaubwürdig war es ja auch eher dann...","Sprecher 1"
"4921150","4924150"," Ja gut, ist dann unglaubwürdig.","Sprecher 1"
"4927260","4929400"," Ja, vertraut habe ich dem schon.","Sprecher 1"
"4929580","4931220"," Mich bestärkt auf jeden Fall.","Sprecher 1"
"4933740","4935200"," Fehleinschätzungen zu erkennen.","Sprecher 1"
"4936380","4937160"," Also mittel.","Sprecher 1"
"4939180","4941120"," Ich war auf jeden Fall sicherer.","Sprecher 1"
"4943560","4945540"," Ja, es ist okay.","Sprecher 1"
"4945900","4946460"," Es ist okay.","Sprecher 1"
"4949600","4954220"," Ja, ja.","Sprecher 1"
"4971420","4972940"," Gab es Momente?","Sprecher 1"
"4992220","4994920"," Also der hat jetzt nichts gesagt, wo...","Sprecher 1"
"4994920","4995620"," Weiß ich nicht.","Sprecher 1"
"4998740","4999640"," Eigentlich nicht.","Sprecher 1"
"5025190","5026110"," Noch nicht.","Sprecher 1"
"5032720","5034600"," Berufsausbildung höher als Abi.","Sprecher 1"
"5037980","5038740"," Was soll ich jetzt machen?","Sprecher 1"
"5038840","5040320"," Weil ich habe Industriekauffrau gelernt.","Sprecher 1"
"5040420","5042120"," Ist das dann ein Abi oder Berufsausbildung?","Sprecher 1"
"5042380","5045420"," Ja, das ist, weil es ein Darauffolgender ist.","Sprecher 2"
"5047740","5052380"," Also es ist nicht regulär höher als Abi, weil das Abitur der höchste Abschluss ist.","Sprecher 2"
"5052560","5054880"," Aber die Bildungen zählen halt Darauffolgendes.","Sprecher 2"
"5054940","5056860"," Der letzte Abschluss sozusagen, den du gemacht hast.","Sprecher 2"
"5058020","5059760"," Wird es transkribiert?","Sprecher 1"
"5061740","5062700"," Kriegt es David?","Sprecher 1"
"5063980","5064620"," Ja.","Sprecher 2"
"5067140","5068580"," Dann sage ich jetzt nichts.","Sprecher 1"
"5071800","5072320"," Warte.","Sprecher 1"
"5072980","5073300"," Ah, okay.","Sprecher 1"
"5080580","5080960"," Boah.","Sprecher 1"
"5081400","5081600"," Ne.","Sprecher 1"
"5086490","5087090"," Ich habe keinen.","Sprecher 1"
"5087990","5088310"," Ne.","Sprecher 1"
"5089650","5092090"," Also es gilt auch Instagram und alles.","Sprecher 2"
"5092330","5094930"," Also soziale Netzwerke zum Beispiel nur.","Sprecher 2"
"5097430","5098650"," Online-Angebote.","Sprecher 1"
"5098950","5099210"," Was ist das?","Sprecher 1"
"5099970","5103130"," Das ist wie die SzOnline, die Seite, die ist mittelbayerisch.","Sprecher 2"
"5103370","5105170"," Also ab und zu schaue ich mal rein.","Sprecher 1"
"5105910","5106770"," Na, dann eher das.","Sprecher 1"
"5107070","5111990"," Wenn ich mal Kaffee trinke und dann kurz mal reinblättern, die mittelbayerische, weil sie da ausliegt.","Sprecher 1"
"5113410","5115870"," Oh ja, meine rechte Telegram-Gruppe.","Sprecher 1"
"5118490","5119610"," Das war ein Witz.","Sprecher 2"
"5120210","5121730"," Ne, ich glaube, du hast oben eins vergessen.","Sprecher 2"
"5123390","5125250"," Oh, YouTube.","Sprecher 1"
"5125610","5126630"," Ne, habe ich nicht.","Sprecher 1"
"5128500","5130880"," Pi, schätzen Sie sich selbst ein.","Sprecher 1"
"5131180","5131880"," Ich führe...","Sprecher 1"
"5131880","5136880"," Und ich sollte mich bei sozialen Medien, da sind natürlich Kanäle wie die Tagesschau und ähnliches auch mit gemeint.","Sprecher 2"
"5137300","5140800"," Ich bin absolut uninformiert.","Sprecher 1"
"5140980","5141260"," Wirklich.","Sprecher 1"
"5141520","5150220"," Also wenn ich schon die fünf Minuten, wenn während der Kaffee da durchläuft, da kurz in die Zeitung reinblätter, ist schon das Höchste der Gefühle.","Sprecher 1"
"5150960","5151320"," Alles gut.","Sprecher 2"
"5151380","5154240"," Ich wollte nur sagen, weil ich einige Gedenken nur poste.","Sprecher 2"
"5154320","5156120"," Aber dann sind natürlich auch die offiziellen Kanäle.","Sprecher 2"
"5158610","5162230"," Ich fühle mich sicher seriöse von unser...","Sprecher 1"
"5162230","5164330"," Boah, schwierig.","Sprecher 1"
"5165190","5165850"," Keine Ahnung.","Sprecher 1"
"5169940","5171380"," Sicher, ungenau.","Sprecher 1"
"5172260","5172680"," Oh ja.","Sprecher 1"
"5175720","5176020"," Ja.","Sprecher 1"
"5180850","5181610"," Yes.","Sprecher 1"
"5187570","5188890"," Und dann ein letztes weiter.","Sprecher 2"
"5192860","5193440"," Vielen Dank.","Sprecher 2"
"5197540","5199840"," Ich würde die Aufzeichnung kurz stoppen.","Sprecher 2"
"5200040","5203040"," Möchtest du ein kurzes Debriefing noch mit Aufklärung?","Sprecher 2"
"5203340","5204300"," Ne, passt schon.","Sprecher 1"
"5206080","5208100"," Ne, ich meinte, was richtig und was falsch ist.","Sprecher 2"
"5208780","5209680"," Achso, ja, okay.","Sprecher 1"
