"start,""end"",""text"",""speaker"""
"14460,""18800"","" Hallo, vielen Dank, dass du an meiner Studie zu meiner Bachelorarbeit teilnimmst."",""Sprecher 1"""
"19160,""21660"","" Ich teile jetzt schon mal den Bild hier."",""Sprecher 1"""
"22340,""23340"","" Ich gebe den frei."",""Sprecher 1"""
"24100,""24540"","" Perfekt."",""Sprecher 1"""
"25600,""27760"","" Und dann können wir auch schon in die Oberfläche reingehen."",""Sprecher 1"""
"28220,""32920"","" Vielen Dank für deine Teilnahme bei meiner Online-Studie im Rahmen meiner Bachelorarbeit."",""Sprecher 1"""
"33700,""35680"","" Ich klicke mal ganz kurz einmal schon weiter."",""Sprecher 1"""
"35900,""37580"","" Tastatur und Maus sind angeschlossen."",""Sprecher 1"""
"38060,""40800"","" Hier ist einmal die Einverständniserklärung für deine Teilnahme an der Studie."",""Sprecher 1"""
"41300,""50260"","" Die Studie ist im Rahmen meiner Bachelorarbeit von der Bewertung zur Verifikation einer Studie zur Glaubwürdigkeitsbewertung von Nachrichtenartikeln und den Einsatz von LLMs zur Verifikation."",""Sprecher 1"""
"50740,""59020"","" Die Studie zeichnet die Chat-Protokolle, die Fragebögen, unsere gesprochenen Worte hier auf."",""Sprecher 1"""
"59520,""65400"","" Ich werde zum Großteil während der Studie schweigen, weil es halt darum geht, dass du laut denken sollst."",""Sprecher 1"""
"65840,""73520"","" Und bei dem Lautdenken sollst du deine Gedanken, was du von den Artikeln und so hältst, äußern, bei den Fragebögen und Ähnlichem."",""Sprecher 1"""
"75160,""76700"","" Die Stufe ist dreiteilig."",""Sprecher 1"""
"76840,""81540"","" Einmal liest du als erstes Nachrichtenartikel, die alle so veröffentlicht wurden."",""Sprecher 1"""
"81640,""85920"","" Das sind alles reale Nachrichtenartikel mit unterschiedlichen Glaubwürdigkeitsgraden bzw."",""Sprecher 1"""
"86700,""88260"","" eben was du auch dazu sagst."",""Sprecher 1"""
"88340,""92140"","" Als nächstes kommt dann jedes Mal ein Fragebogen zur Bewertung und dann klickst du immer weiter."",""Sprecher 1"""
"92460,""94080"","" Es ist auf jeder Seite ein Weiter-Button."",""Sprecher 1"""
"94440,""95680"","" Der ist nur manchmal ein bisschen verschoben."",""Sprecher 1"""
"95800,""96440"","" Du musst den suchen."",""Sprecher 1"""
"97400,""100160"","" Habe ich im Code nicht gekriegt, dass der richtig ist."",""Sprecher 1"""
"100520,""100680"","" Genau."",""Sprecher 1"""
"100840,""113660"","" Und dann in der zweiten Phase verifizierst du, also kommt nochmal der Nachrichtenartikel an der einen Seite vom Bildschirm und auf der anderen Seite ist selbst geschriebener Chatbot und du sollst dann die Nachrichtenartikel verifizieren oder falsifizieren."",""Sprecher 1"""
"114380,""122600"","" Und die letzte Phase ist dann einfach nur noch ein Fragebogen zu deiner Mediennutzung und Einsatz von KI und sowas bei dir."",""Sprecher 1"""
"123260,""123560"","" Genau."",""Sprecher 1"""
"123840,""128460"","" Dann bitte einmal deine Einverständnis geben."",""Sprecher 1"""
"144290,""145890"","" Du hast keine Matrikennummer."",""Sprecher 1"""
"148360,""148560"","" Genau."",""Sprecher 1"""
"148640,""149420"","" Einmal absenden."",""Sprecher 1"""
"150680,""154980"","" Damit hast du die Einverständnis an der Teilnahme gegeben und auf Weiter fängt es dann an."",""Sprecher 1"""
"155280,""158520"","" Hier ist dann noch einmal kurz die erste Studienphase beschrieben."",""Sprecher 1"""
"159940,""161500"","" Kannst du dir gerne durchlesen."",""Sprecher 1"""
"184520,""186340"","" Und hier ist auch schon der erste Artikel."",""Sprecher 1"""
"186880,""191920"","" Wenn du zu lange nicht laut denkst, werde ich dich kurz daran erinnern und sagen, bitte laut denken."",""Sprecher 1"""
"192500,""194940"","" Okay, also ich bewerte jetzt einfach das, was ich mir überdenke."",""Sprecher 1"""
"199800,""268540"","" Ich tue mich ein bisschen schwer, das so nachzuvollziehen, weil mir das nicht bekannt ist, was der World Press Photo erwartet."",""Sprecher 1"""
"280600,""298250"","" Ich finde allerdings, dass der Artikel relativ gut geschrieben ist, was jetzt für mich schon ein anderer Punkt ist, dass es glaubwürdiger ist."",""Sprecher 1"""
"310370,""316530"","" Ich finde allerdings, dass es ein bisschen, also ich finde den Verlauf des Textes ein bisschen verwirrend."",""Sprecher 1"""
"320420,""322760"","" Also die Zusammenhänge kann ich nicht so ganz nachvollziehen."",""Sprecher 1"""
"376830,""378870"","" Ich finde es mittlerweile sehr schwierig, das nachzuvollziehen."",""Sprecher 1"""
"396460,""398960"","" Ich tue mich schwer, weil ich finde, dass da oben keine gescheite Einleitung war."",""Sprecher 1"""
"414160,""417100"","" Ich finde es auch ein bisschen kritisch, dass so viele Zitate drin sind."",""Sprecher 1"""
"454460,""455920"","" Insgesamt hat mich der Text ein bisschen verwirrt."",""Sprecher 1"""
"460240,""462100"","" Genau, jetzt letztlich der erste Fragebogen."",""Sprecher 1"""
"462480,""465920"","" Du bist bitte T8, also nicht dein Name, der mir eingeht, sondern T8."",""Sprecher 1"""
"467060,""474020"","" So kann ich differenzieren zwischen den, die in Person teilgenommen haben und die, die so gemacht haben."",""Sprecher 1"""
"491960,""512260"","" Das ist jetzt unabhängig, ob es positiv oder negativ ist."",""Sprecher 2"""
"512559,""513820"","" Also nur, wie es mich beeinflusst hat."",""Sprecher 1"""
"654760,""658120"","" Absenden und wenn du fertig bist, dann auf den Weiterfragen hier drunter."",""Sprecher 1"""
"658720,""660180"","" Und hier kommt schon der nächste Artikel."",""Sprecher 1"""
"671490,""677530"","" Da finde ich von Anfang an die Einführung schon viel besser, als vergleichsweise zum ersten Text."",""Sprecher 1"""
"683260,""686280"","" Ich hätte es allerdings schöner gefunden, wenn es ein bisschen längerer einspannter gewesen wäre."",""Sprecher 1"""
"701320,""702940"","" Hier ist relativ schnell klar, um was es geht."",""Sprecher 1"""
"713530,""720470"","" Ich finde die Struktur viel besser tatsächlich, weil es nicht so zusammengewürfelt ist, sondern wie eine Linie ist, die auch strukturiert ist mit Überschriften."",""Sprecher 1"""
"734910,""739850"","" Ich finde, dass es gut aufeinander aufbaut, mal wieder zurückgeht, aber man kommt immer vom Sinn her ganz gut mit."",""Sprecher 1"""
"752480,""755240"","" Es ist ein bisschen unterteilt, einfach in verschiedene Abschnitte."",""Sprecher 1"""
"755380,""756280"","" Das finde ich super."",""Sprecher 1"""
"788480,""790920"","" Also den fand ich viel angenehmer zu lesen, als den ersten."",""Sprecher 1"""
"808100,""826660"","" Ich fand ihn verhältnismäßig glaubwürdiger als den ersten, weil einfach die Struktur besser war und der logische rote Faden viel nachvollziehbarer und man hat einen schnelleren, kompakten Inhalt bei sich als beim ersten."",""Sprecher 1"""
"826680,""837900"","" Beim ersten fand ich überhaupt den Inhalt etwas verwirrend und hier hat man sofort nach den ersten zwei, drei Sätzen gewusst, um was es geht und der Text hat er relativ gut abgeschlossen damit wieder."",""Sprecher 1"""
"839880,""844240"","" Also quasi eher ein bisschen geschichtenähnlich, mit einfach einem Sinn dahinter."",""Sprecher 1"""
"853280,""864200"","" Hier fand ich den Sprachstil relativ dem kompatibel, was man so kennt von solcher Art von Artikeln."",""Sprecher 1"""
"864360,""866300"","" Also deshalb fand ich ihn sehr glaubwürdig."",""Sprecher 1"""
"867980,""874420"","" Ich finde, es gab wahnsinnige Fakten, Dichte, aber der Informationsgehalt war für mich sehr prägnant."",""Sprecher 1"""
"875200,""878120"","" Die Logik war definitiv hier viel, viel besser."",""Sprecher 1"""
"879980,""890640"","" Das Vorwissen war bei mir jetzt nicht so da, also würde ich es eher auf mittig einstufen, allerdings eine ganz unbekannte."",""Sprecher 1"""
"891140,""897380"","" Die Plausibilität der Informationen hat sich alles sehr logisch angehört."",""Sprecher 1"""
"898580,""903260"","" Die Längenauswirklichkeit des Artikels fand ich auch angemessen, so wie man es eigentlich kennt."",""Sprecher 1"""
"904580,""913560"","" Ich empfand es als professionellen Artikel auf jeden Fall und meine Intuition über den auch ziemlich gut."",""Sprecher 1"""
"916160,""1019240"","" Da war ich tatsächlich von Anfang an ein bisschen verwirrt, nach dem, was aktuell läuft."",""Sprecher 1"""
"1019720,""1021720"","" Mich hat der erste Satz schon sehr irritiert."",""Sprecher 1"""
"1021880,""1024700"","" War Russland ein Land der Friedenstifter, ein Land der Retter?"",""Sprecher 1"""
"1025720,""1028880"","" Aktuell hat man da eher ein anderes Bild, also ich zumindest persönlich."",""Sprecher 1"""
"1030520,""1033460"","" Man weiß allerdings trotzdem relativ schnell, um was es geht."",""Sprecher 1"""
"1036060,""1037359"","" Es baut schön aufeinander auf."",""Sprecher 1"""
"1055340,""1057240"","" Ich finde, es ist sehr überspitzt dargestellt."",""Sprecher 1"""
"1058360,""1060460"","" Ich habe schon das Gefühl, dass in den Texten Emotionen sind."",""Sprecher 1"""
"1063700,""1067220"","" Von meinem Gefühl her hätte es etwas sachlicher alles formuliert gehört."",""Sprecher 1"""
"1082380,""1085740"","" Ich finde den Text sehr extrem von der Schreibweise."",""Sprecher 1"""
"1095010,""1096690"","" Ich habe ein bisschen Gänsehaut bei dem Text."",""Sprecher 1"""
"1117730,""1130300"","" Für mich erscheint es relativ glaubwürdig, dass der Inhalt des Artikels glaubwürdig ist."",""Sprecher 1"""
"1131700,""1138060"","" Es geht jetzt quasi darum, ob ich den Inhalt glauben soll."",""Sprecher 1"""
"1138800,""1143460"","" Das ist für mich schwierig zu beurteilen an der Stelle."",""Sprecher 1"""
"1144480,""1154060"","" Ich würde jetzt damit absprechen, ob da nicht teilweise Wahrheit dran ist, aber für mich ist der Artikel relativ emotional geschrieben bzw."",""Sprecher 1"""
"1154160,""1155800"","" sehr überspitzt dargestellt."",""Sprecher 1"""
"1156620,""1161620"","" Ich finde es relativ unsachlich, was mich sehr irritiert."",""Sprecher 1"""
"1161700,""1164960"","" Ich finde, er ist sehr emotionsgeladen und hätte für mich mehr Fakten gebraucht."",""Sprecher 1"""
"1166640,""1175060"","" Ich denke, es handelt sich mehr um eine persönliche Meinung bei dem Artikel, was da dargestellt wurde, als wirklich, ob das ganz harte Fakten sind."",""Sprecher 1"""
"1175980,""1178600"","" Deshalb würde ich tatsächlich ein bisschen geringer hier einstufen."",""Sprecher 1"""
"1180620,""1182900"","" Auf jeden Fall unter der Mitte ist es für mich schwierig."",""Sprecher 1"""
"1183060,""1185820"","" Ich denke, hier ist vorwiegend die Meinung im Vordergrund."",""Sprecher 1"""
"1188160,""1193500"","" Ich wäre bei drei, weil ich trotzdem nicht glaube, dass da nicht Wahrheiten dran sind."",""Sprecher 1"""
"1197020,""1199360"","" Hier bin ich mir tatsächlich sehr unsicher."",""Sprecher 1"""
"1199480,""1206680"","" Ich glaube schon, dass im Artikel Wahrheiten drin sind, aber ich mag die Darstellung nicht."",""Sprecher 1"""
"1209560,""1213940"","" Ich bin mir hier schon sehr unsicher, weil ich einfach die Geschichte dazu nicht kenne."",""Sprecher 1"""
"1216640,""1218600"","" Wie sicher bin ich bei drei?"",""Sprecher 1"""
"1219860,""1220840"","" Eher nicht so sicher."",""Sprecher 1"""
"1224540,""1227780"","" Der Sprachstil war sehr emotional."",""Sprecher 1"""
"1228840,""1230440"","" Das hat mich schon sehr beeinflusst, muss ich sagen."",""Sprecher 1"""
"1232260,""1240380"","" Die Faktendichte, wie das gestaltet wurde, hat mir auch nicht so gefallen, weil ziemlich viel in den Artikel reingeflossen ist."",""Sprecher 1"""
"1240640,""1242060"","" Da hätten vielleicht manche Dinge besser ausgeführt."",""Sprecher 1"""
"1242260,""1243200"","" Das hat mich auch sehr beeinflusst."",""Sprecher 1"""
"1243260,""1247640"","" Die Struktur und Logik haben mich auch sehr beeinflusst."",""Sprecher 1"""
"1247840,""1248860"","" Vorwissen zum Thema."",""Sprecher 1"""
"1250480,""1251580"","" Hier tatsächlich jetzt."",""Sprecher 1"""
"1252660,""1253440"","" Ja, doch."",""Sprecher 1"""
"1253580,""1263340"","" Dadurch, dass ich jetzt gerade aktuell meine persönliche Meinung zu dem Land Russland habe, wegen dem aktuellen Geschehen, würde ich schon sagen, eher höher als mal fünf."",""Sprecher 1"""
"1264340,""1272080"","" Passivität der Informationen ist für mich sehr schwierig zu beurteilen, würde ich mittig sagen."",""Sprecher 1"""
"1273000,""1279220"","" Länge und Ausführlichkeit des Artikels hat mich tatsächlich relativ wenig beeinflusst in dem Fall."",""Sprecher 1"""
"1280480,""1287020"","" Eindruck des Textes hat mich sehr beeinflusst, weil ich es eher unprofessionell die Schreibweise fand."",""Sprecher 1"""
"1287700,""1293200"","" Und meine Intuition hat mich auch sehr beeinflusst, weil ich beim Lesen schon Gänsehaut bekommen habe."",""Sprecher 1"""
"1296680,""1303980"","" Ich würde jetzt hier sagen, der Inhalt des Textes bzw."",""Sprecher 1"""
"1304500,""1307600"","" die Intention geht klar hervor."",""Sprecher 1"""
"1308060,""1323080"","" Meines Erachtens ist in dem Artikel die Meinung des Verfassers viel zu vordergründig."",""Sprecher 1"""
"1323480,""1338160"","" Es fehlt an Sachlichkeit und ebenso am Einbeziehen gegenläufiger Informationen."",""Sprecher 1"""
"1338340,""1345340"","" Damit meine ich, dass es ein bisschen neutraler erachtet werden sollte."",""Sprecher 1"""
"1347180,""1365250"","" Die Informationen werden bewusst, intensiv und es werden vor allem viele Informationen eingebaut."",""Sprecher 1"""
"1366570,""1379570"","" Es sollte sich meines Erachtens auf weniger beschränken, diese ausführlicher und glaubwürdiger."",""Sprecher 1"""
"1383250,""1390090"","" Hier ist er weiter, aber hat nach unten gerutscht."",""Sprecher 1"""
"1394500,""1404890"","" Okay, da finde ich schon die Überschrift top."",""Sprecher 1"""
"1405290,""1406490"","" Das ist so ein Eyecatcher."",""Sprecher 1"""
"1416460,""1417440"","" Die Einführung finde ich super."",""Sprecher 1"""
"1417720,""1418620"","" Sehr kurz, sehr begleitend."",""Sprecher 1"""
"1418740,""1419640"","" Man weiß sofort, worum es geht."",""Sprecher 1"""
"1419840,""1424220"","" Man muss wahrscheinlich gar nicht mehr viel weiterlesen, außer dass man das Ergebnis von dem Ganzen noch hören möchte."",""Sprecher 1"""
"1438360,""1440340"","" Okay, hier finde ich das viel zu emotional."",""Sprecher 1"""
"1441260,""1466190"","" Wenn ich den zweiten Absatz bin, finde ich das sehr provokant geschrieben, was ich nicht so gerne mag."",""Sprecher 1"""
"1495680,""1498900"","" Das müsste für mich faktenbasiert und viel sachlicher geschrieben werden."",""Sprecher 1"""
"1499000,""1505540"","" Ich finde das sehr grenzwertig für einen Artikel, der seriös sein soll."",""Sprecher 1"""
"1527180,""1529900"","" Ich finde auch die Wortwahl da sehr grenzwertig."",""Sprecher 1"""
"1535300,""1540960"","" Der letzte Absatz ist auch wieder irgendwie provokativ."",""Sprecher 1"""
"1554720,""1562600"","" Das finde ich sehr schwierig, weil da viel Emotionalität drin dabei ist und auch viel eigene Einschätzung."",""Sprecher 1"""
"1562760,""1564420"","" Die Sachlichkeit ist da relativ gering."",""Sprecher 1"""
"1579350,""1583110"","" Ich bin sicher, weil ich finde, dass der Text viel aus eigener Meinung besteht."",""Sprecher 1"""
"1587250,""1590790"","" Den Sprachstil fand ich katastrophal."",""Sprecher 1"""
"1592950,""1596550"","" Emotionsgehalt und Faktendichte fand ich eigentlich relativ fein."",""Sprecher 1"""
"1596670,""1598190"","" Das hat mich nicht wahnsinnig beeinflusst."",""Sprecher 1"""
"1601470,""1612130"","" Die Argumentation war auf der Logik des Verfassers aufgebaut und nicht irgendwie auf einer sachlichen Logik."",""Sprecher 1"""
"1612430,""1613850"","" Das hat mich schon auch sehr beeinflusst."",""Sprecher 1"""
"1614610,""1619750"","" Vorwissen hat mich in dem Fall nicht beeinflusst."",""Sprecher 1"""
"1623630,""1632610"","" Das spielt für mich auch wieder der Emotionsgehalt mit und dann finde ich das Ganze auch nicht so plausibel."",""Sprecher 1"""
"1634490,""1638930"","" Also hat mich auch die Einflusslänge des Artikels eigentlich gar nicht beeinflusst."",""Sprecher 1"""
"1640090,""1650990"","" Also wenn er zu kurz oder viel zu lang wäre, als man es gewohnt wäre."",""Sprecher 1"""
"1651070,""1657570"","" Der Eindruck des Textes hat mich sehr beeinflusst, weil ich es überhaupt nicht professionell fand."",""Sprecher 1"""
"1658090,""1664370"","" Bauchgefühl und Intuition war hier auch eher ungut."",""Sprecher 1"""
"1684780,""1688060"","" Die Überschrift war, finde ich, ein Eye-Catcher."",""Sprecher 1"""
"1748820,""1750380"","" Genau, und das Weitere ist wieder irgendwo unten."",""Sprecher 1"""
"1752760,""1755120"","" Wir beginnen mit Studienphase 2."",""Sprecher 1"""
"1756300,""1762620"","" Jetzt kriegst du als nächstes auf der linken Seite des Bildschirms den Artikel nochmal."",""Sprecher 1"""
"1764540,""1772880"","" Du sollst mithilfe des Chatbots versuchen, die Nachrichtenartikel zu verifizieren."",""Sprecher 1"""
"1775580,""1778660"","" Das kann manchmal ein bisschen dauern, bis der Chatbot antwortet."",""Sprecher 1"""
"1789360,""1796600"","" Ja, also der Chatbot ist wie Chatty Petey."",""Sprecher 1"""
"1796820,""1798200"","" Also verifiziere mir den Artikel."",""Sprecher 1"""
"1801740,""1802700"","" Chatbot einfach, oder?"",""Sprecher 1"""
"1803080,""1803840"","" Ja, genau."",""Sprecher 1"""
"1805200,""1818140"","" Er kann nicht zugreifen."",""Sprecher 1"""
"1821460,""1824720"","" Muss ich ihm da eine Überschrift geben?"",""Sprecher 1"""
"1882430,""1885030"","" Chatbot antwortet auch sehr kritisch."",""Sprecher 1"""
"1891260,""1892960"","" Okay, der Chatbot geht sehr ins Detail."",""Sprecher 1"""
"1910090,""1918740"","" Der Chatbot macht das wohl sehr detailliert und nimmt den Artikel ziemlich auseinander."",""Sprecher 1"""
"1935550,""1938410"","" Also ich hätte das tatsächlich hier abgeschlossen, oder?"",""Sprecher 1"""
"1938810,""1938950"","" Ja."",""Sprecher 1"""
"1940850,""1942570"","" Wenn mir das für den ersten Eindruck reicht."",""Sprecher 1"""
"1942950,""1946540"","" Ist es wichtig, dass ich so tief wie möglich mit dem Chatbot?"",""Sprecher 1"""
"1946560,""1949200"","" Es geht um die eigene Frage."",""Sprecher 1"""
"1951500,""1955380"","" Dann wäre ich jetzt für das erste Mal zufrieden."",""Sprecher 1"""
"1955560,""1956640"","" Ja, unter dem Text."",""Sprecher 1"""
"1963060,""1964080"","" Verlassen klicken."",""Sprecher 1"""
"1987080,""1993440"","" Ja, nach der Analyse von dem Chatbot wäre ich jetzt bei 2 von der Glaubwürdigkeit."",""Sprecher 1"""
"2002650,""2003930"","" Es ist schwierig."",""Sprecher 1"""
"2004090,""2010770"","" Ich bin mir jetzt eigentlich nicht sicher mit der Einschätzung, glaube ich."",""Sprecher 1"""
"2011850,""2012650"","" Ja doch, ein bisschen schon."",""Sprecher 1"""
"2013270,""2015890"","" Ich weiß aber nicht mehr, was ich davor angeklickt habe."",""Sprecher 1"""
"2016110,""2022670"","" Vom Gefühl her wäre ich jetzt bei 5."",""Sprecher 1"""
"2030600,""2034380"","" Ja, da bin ich mal sehr unsicher, ob sich jetzt wahnsinnig viel bei mir geändert hat."",""Sprecher 1"""
"2034440,""2043440"","" Aber ich glaube tatsächlich, dass es ein bisschen weniger glaubwürdig ist als vorher, weil der Chatbot ja doch sehr analytisch vorgegangen ist."",""Sprecher 1"""
"2044800,""2048980"","" Was ich ja persönlich nicht machen würde, wenn ich einen Artikel durchlese."",""Sprecher 1"""
"2051670,""2062770"","" Die Antwort der KI war auf jeden Fall hilfreich, weil es sehr analysierend war, was ich persönlich nicht machen würde."",""Sprecher 1"""
"2066090,""2071650"","" Die Quellen, die die KI angegeben hat, waren glaubwürdig."",""Sprecher 1"""
"2072989,""2075050"","" Ich habe in dem Fall noch keine Quellen gefragt."",""Sprecher 1"""
"2079239,""2080900"","" Noch keine Quellen, also wäre ich in der Mitte."",""Sprecher 1"""
"2082400,""2085699"","" Die Emotionen der KI haben mir bei der Entscheidung geholfen."",""Sprecher 1"""
"2091100,""2093800"","" Vertraue der Einschätzung, die mir das KI-System gegeben hat."",""Sprecher 1"""
"2100590,""2109110"","" Also ich würde es kein hundertprozentiges Vertrauen drauf geben tatsächlich, weil ich glaube, da müsste ich ein in die Analyse gehen."",""Sprecher 1"""
"2115260,""2118280"","" Ich habe die von der KI genannten Quellen überprüft."",""Sprecher 1"""
"2118600,""2120240"","" Ich habe die Quellen in Augsburg, also wäre ich in der Mitte."",""Sprecher 1"""
"2121420,""2124240"","" Die KI hat mir Informationen geliefert, die ich vorher nicht kannte."",""Sprecher 1"""
"2126360,""2127540"","" Ja, das schon."",""Sprecher 1"""
"2137370,""2144270"","" Ich habe die KI um eine generelle Einschätzung des Artikels gebeten."",""Sprecher 1"""
"2144270,""2146150"","" Ja, Verifizierung."",""Sprecher 1"""
"2146530,""2148670"","" Ich habe gezielt die Fragen zu bestimmten Behauptungen gestellt."",""Sprecher 1"""
"2148810,""2150290"","" Das habe ich nicht gemacht."",""Sprecher 1"""
"2152430,""2153410"","" Da bin ich hier oder auf der Seite?"",""Sprecher 1"""
"2153830,""2153930"","" Ja."",""Sprecher 1"""
"2155510,""2158270"","" Ich habe nach externen Quellen oder Belegen gefragt."",""Sprecher 1"""
"2158670,""2159870"","" Das habe ich nicht gemacht."",""Sprecher 1"""
"2161450,""2162810"","" Stimmt schon oder so, wie ich es jetzt bewerte?"",""Sprecher 1"""
"2163050,""2163230"","" Ja."",""Sprecher 1"""
"2165110,""2167910"","" Ich habe mir Fragen formiert, um meine Unsicherheit zu reduzieren."",""Sprecher 1"""
"2170710,""2172470"","" Nein, habe ich nicht gemacht."",""Sprecher 1"""
"2172750,""2175530"","" Ich habe die KI mit meinem Vorwissen verglichen."",""Sprecher 1"""
"2177250,""2178290"","" Habe ich auch nicht gemacht."",""Sprecher 1"""
"2180310,""2182610"","" Ohne Reflexionsfrage zu stellen."",""Sprecher 1"""
"2189160,""2199450"","" Ja, einfach, dass der Text in mehreren Schritten analysiert worden ist."",""Sprecher 1"""
"2264000,""2269860"","" Okay, dann muss ich jedes Mal gleich vorgehen, oder?"",""Sprecher 1"""
"2272040,""2284440"","" Ich formuliere nett, weil ich habe mal gehört, dass man nett formulieren soll."",""Sprecher 1"""
"2284560,""2286980"","" Ich glaube, da macht der Chatbot nicht mehr Mühe."",""Sprecher 1"""
"2298870,""2309270"","" Ich war gerade schon ein bisschen ausführlicher, weil ich jetzt beim ersten Step gemerkt habe, dass es doch sinnvoll ist, wenn man ein bisschen konkreter fragt."",""Sprecher 1"""
"2309370,""2311830"","" Ich frage auch etwas höflicher als beim ersten Mal."",""Sprecher 1"""
"2335650,""2349000"","" Ich habe jetzt noch etwas Unsicherheit."",""Sprecher 1"""
"2349180,""2352620"","" Ich werde beim ersten Mal etwas schneller, weil mir der Text ..."",""Sprecher 1"""
"2352620,""2353420"","" Ah ja, hier, das schrieb ich schon."",""Sprecher 1"""
"2353640,""2353980"","" Perfekt."",""Sprecher 1"""
"2366680,""2375870"","" Okay, finde ich jetzt total spannend, dass er am Anfang darauf eingeht, dass er da keine spezifischen Nachrichten gefunden hat."",""Sprecher 1"""
"2376010,""2387570"","" Das ist sehr hilfreich, weil man dann weiß, wie der Chatbot gearbeitet hat und nicht nur quasi die Antwort gibt, sondern auch das Wiederhinter erklärt."",""Sprecher 1"""
"2390710,""2393970"","" Dann geht er auch weiter auf aktuelle Diskussionen ein."",""Sprecher 1"""
"2394050,""2394690"","" Das finde ich super."",""Sprecher 1"""
"2410090,""2440790"","" Okay, die Antwort finde ich total super, weil er zwar sagt, er hat jetzt da keine direkten Bezugsquellen dazu, der Chatbot, aber trotzdem eine Einschätzung dazu gibt auf Grund aktueller Diskussionen und am Ende noch antwortet, es wäre wichtig, eben noch solche Quellen zu haben, um die Einschätzung vollkommen zu machen."",""Sprecher 1"""
"2443270,""2445270"","" Man hat ein gutes Verständnis."",""Sprecher 1"""
"2445890,""2457470"","" Man hat das Gefühl, man sitzt mit einer Person gegenüber, die relativ analytisch ist, deren Job es ist, Texte zu lesen und einfach eine Einschätzung zu geben."",""Sprecher 1"""
"2457610,""2460190"","" Mit der Einschätzung fühle ich mich tatsächlich jetzt gerade sehr sicher."",""Sprecher 1"""
"2464930,""2477090"","" Ich habe nur Angst, dass ich es abbreche."",""Sprecher 1"""
"2479410,""2490170"","" Ja, ich finde es sehr glaubwürdig gerade."",""Sprecher 1"""
"2495530,""2510220"","" Mit der Einschätzung bin ich schon sehr sicher, weil ich die Analyse vom Chatbot super fand."",""Sprecher 1"""
"2512890,""2522550"","" Ich weiß tatsächlich meine Einschätzung von vorher gar nicht mehr, aber vom Gefühl her halte ich ihn für glaubwürdiger."",""Sprecher 1"""
"2528370,""2533990"","" Ich fand sie super inhaltlich hilfreich, auch wenn sie die Quellen nicht hatte."",""Sprecher 1"""
"2534410,""2541690"","" Aber ich weiß, wie die Person gegenüber der Chatbot gedacht hat."",""Sprecher 1"""
"2542930,""2552930"","" Wenn ich die Vorgehensweise davon kenne, dann kann ich mehr damit anfangen, weil ich weiß, worauf die Antwort stützt."",""Sprecher 1"""
"2553710,""2554790"","" Deshalb sehr hilfreich."",""Sprecher 1"""
"2554970,""2556250"","" Die Quellen waren glaubwürdig."",""Sprecher 1"""
"2556290,""2559710"","" Die Quellen habe ich jetzt tatsächlich nicht wahnsinnig erfragt."",""Sprecher 1"""
"2559810,""2568170"","" Allerdings ging er, der Chatbot, auf aktuelle Diskussionen ein und hat ja offensichtlich auch gesagt, dass er keine hat."",""Sprecher 1"""
"2568310,""2573970"","" Also würde ich das jetzt schon als glaubwürdig einstufen, auch wenn er sagt, er hat keine direkten Quellen."",""Sprecher 1"""
"2574050,""2576770"","" Aber er hat mir erzählt, welche Quellen er nutzt."",""Sprecher 1"""
"2577830,""2580130"","" Die Informationen der KI haben mir bei der Entscheidung geholfen?"",""Sprecher 1"""
"2580450,""2580950"","" Ja, sehr."",""Sprecher 1"""
"2581370,""2584150"","" Ich vertraue der Einschätzung, die wir gesehen haben, sehr."",""Sprecher 1"""
"2584150,""2586450"","" Ich habe die von der KI genannten Quellen überprüft?"",""Sprecher 1"""
"2587090,""2588410"","" Nein, habe ich nicht."",""Sprecher 1"""
"2592510,""2595790"","" Die hat mir Informationen geliefert, die ich vorher nicht kannte."",""Sprecher 1"""
"2596870,""2600250"","" Ja, würde ich auch sagen, weil ich mir nicht bewusst war, dass es da Diskussionen darüber gab."",""Sprecher 1"""
"2604950,""2607670"","" Wie sind sie bei der Berichterstattung vorgegangen?"",""Sprecher 1"""
"2608250,""2610230"","" Ich habe die um eine generelle Einschätzung gebeten?"",""Sprecher 1"""
"2610410,""2610950"","" Ja, habe ich."",""Sprecher 1"""
"2610990,""2613030"","" Ich habe gezielte Fragen gestellt?"",""Sprecher 1"""
"2613350,""2614750"","" Nein, habe ich nicht."",""Sprecher 1"""
"2622510,""2625730"","" Ich habe nach externen Quellen oder Belegen gefragt?"",""Sprecher 1"""
"2630970,""2632390"","" Nein, habe ich nicht."",""Sprecher 1"""
"2633070,""2637410"","" Ich habe mehrere Fragen formuliert, um meine Unsicherheit zu reduzieren?"",""Sprecher 1"""
"2638330,""2639490"","" Nein, habe ich nicht."",""Sprecher 1"""
"2639890,""2642030"","" Ich habe die mit meinem Vorwurf verglichen?"",""Sprecher 1"""
"2643610,""2647350"","" Nein, habe ich das?"",""Sprecher 1"""
"2648570,""2655180"","" Ja, wahrscheinlich indirekt."",""Sprecher 1"""
"2655360,""2656340"","" Ich habe ja kein Vorwurf dazu."",""Sprecher 1"""
"2663290,""2679380"","" Am stärksten beeinflusst hat mich die Vorgehensweise des Chatbots, bzw."",""Sprecher 1"""
"2679880,""2682300"","" was dies dargelegt wurde."",""Sprecher 1"""
"2683300,""2717730"","" Das Chatbot hat mir mitgeteilt, wie er recherchiert hat, was für mich zu einer Gewichtung des Ergebnisses eine Antwort einspüren lässt."",""Sprecher 1"""
"2725070,""2771340"","" Ich versuche tatsächlich, noch einmal netter zu schreiben und im gleichen Zuge in ein bisschen einzuschränken, seriöse Quellen zu suchen."",""Sprecher 1"""
"2771720,""2775500"","" Natürlich ist das jetzt ein bisschen schwierig, aber wir schauen mal, was da rauskommt."",""Sprecher 1"""
"2777900,""2781540"","" Ob er entscheiden kann, was seriöse Quellen sind?"",""Sprecher 1"""
"2788820,""2788920"","" Nein."",""Sprecher 2"""
"2802570,""2808190"","" Bei dem bin ich jetzt sehr interessiert, was dabei rauskommt."",""Sprecher 1"""
"2857970,""2858450"","" Okay."",""Sprecher 1"""
"2858450,""2865550"","" Ich finde die Antwort super interessant, weil ich das Gefühl habe, dass er sich mit seinem eigenen Gefühl deckt."",""Sprecher 1"""
"2866350,""2871610"","" Zum einen wird oben auch gestimmt, dass da quasi mehrere historische Ereignisse drin sind."",""Sprecher 1"""
"2872170,""2883550"","" Was mich jetzt auch etwas getriggert hat, als ich den Text gelesen habe, dass da so viel eingebaut wurde, anstatt auf weniger quasi mehr einzugehen."",""Sprecher 1"""
"2884530,""2893150"","" Das finde ich, das macht das Bild vom Text etwas kaputt, wenn zu viel eingebaut wurde."",""Sprecher 1"""
"2895830,""2900830"","" Das ist wie eine Aufzählung von Dingen, hauptsache, dass die Meinung herauskommt."",""Sprecher 1"""
"2901610,""2914150"","" Und auch, dass ich das mit den aktuellen Ereignissen etwas gegenläufig sein könnte."",""Sprecher 1"""
"2914730,""2920750"","" Das war ja auch mein eigenes Gefühl, aber das ist natürlich von der eigenen Meinung abhängig."",""Sprecher 1"""
"2921390,""2935750"","" Und das finde ich aber auch gut, dass der Chatbot hier quasi dabei erwähnt, dass die Perspektive wichtig ist, weil es ja immer so ist, genau wie beim Streit, es gehören zwei Leute dazu und jeder kann ja andere Perspektive einnehmen."",""Sprecher 1"""
"2936530,""2941570"","" Das ist im Text ein bisschen zu einstrengend dargestellt worden."",""Sprecher 1"""
"2945820,""2954230"","" Genau, er sagt ja jetzt zum Schluss, dass man nochmal auf die Quellen einsteigen müsste."",""Sprecher 1"""
"2954390,""2955850"","" Für mich war das jetzt die erste gute Einschätzung."",""Sprecher 1"""
"2955950,""2956830"","" Ich würde jetzt weitergehen."",""Sprecher 1"""
"2969350,""2975130"","" Da habe ich das Gefühl, dass wir uns sehr einig sind, der Chatbot und ich."",""Sprecher 1"""
"2978370,""2979230"","" Da bin ich bei zwei."",""Sprecher 1"""
"2979470,""2980850"","" Wie sicher sind Sie mit der Einschätzung?"",""Sprecher 1"""
"2984210,""2988410"","" Da schwierig."",""Sprecher 1"""
"2992160,""2994080"","" Es könnte sein, dass es ein bisschen glaubwürdiger ist."",""Sprecher 1"""
"2994220,""2996800"","" Ich könnte mir vorstellen, dass meine Einschätzung relativ gleich geblieben ist."",""Sprecher 1"""
"2997080,""3000740"","" Es hat sich viel bestätigt, würde ich behaupten, vom eigenen Gefühl her."",""Sprecher 1"""
"3000740,""3002660"","" Also würde ich sagen, nein, meine Einschätzung ist gleich geblieben."",""Sprecher 1"""
"3003180,""3015920"","" War jetzt aber, glaube ich, in dem Fall einfach ein Zufallstreffer, dadurch, dass ich gerade die aktuelle Thematik mit Russland im Hinterkopf habe und da quasi eigene Emotionen auch mit dazuspielen."",""Sprecher 1"""
"3017300,""3020460"","" Inhaltlich hilfreich, auf jeden Fall."",""Sprecher 1"""
"3022820,""3025520"","" Ja, Quellen hat es natürlich angegeben, weil ich keine gefragt habe."",""Sprecher 1"""
"3025560,""3026900"","" Da würde ich jetzt einfach Mittel einstufen."",""Sprecher 1"""
"3029580,""3036580"","" Emotionen, beziehungsweise gesagt hat, das ist schwierig."",""Sprecher 1"""
"3036820,""3047480"","" Ich mache Mittel, aber auch nur, weil ich nicht explizit gefragt habe, für bestimmte Teile des Textes nochmal eine Quelle zu suchen."",""Sprecher 1"""
"3048460,""3050640"","" Die Emotionen haben mir bei meiner Entscheidung geholfen."",""Sprecher 1"""
"3050840,""3052740"","" Ja, sie haben mich auf jeden Fall bestätigt."",""Sprecher 1"""
"3055920,""3069320"","" Vertraue ich, weil meine Intuition und auch, wie die Analyse in dem Fall war, meiner ähnlich einfach ist und deshalb habe ich ein gutes Gefühl dabei."",""Sprecher 1"""
"3071120,""3073380"","" Ja, Emotionen, Gedanken, Quellen überprüft."",""Sprecher 1"""
"3073560,""3075340"","" Ich habe es nicht überprüft."",""Sprecher 1"""
"3076360,""3091930"","" Und die ich vorher nicht kannte, ja, hat es auf jeden Fall auch in dem Fall, weil es nochmal kurz mal spezifisch auf Teile des Textes eingegangen ist."",""Sprecher 1"""
"3093590,""3099030"","" Also mir ist vorwiegend die aktuelle Situation in Russland bekannt, aber nicht frühere geschichtliche Ereignisse."",""Sprecher 1"""
"3100750,""3104450"","" Meine generelle Einschätzung ist, ja, habe ich."",""Sprecher 1"""
"3107640,""3108960"","" Habe ich nicht."",""Sprecher 1"""
"3109920,""3113900"","" Ich würde jetzt auf zwei, weil ich ein bisschen mehr, glaube ich, gefragt habe."",""Sprecher 1"""
"3113980,""3114620"","" Habe ich das vorher?"",""Sprecher 1"""
"3116440,""3118580"","" Ich habe nach externen Belegen oder Quellen gefragt."",""Sprecher 1"""
"3118760,""3120080"","" Nein, habe ich es nicht."",""Sprecher 1"""
"3121240,""3125890"","" Mehr Fragen um meine ARD Aneröckliche."",""Sprecher 1"""
"3126010,""3128230"","" Habe die Karriere mit meinem Vorwissen verglichen?"",""Sprecher 1"""
"3129090,""3130750"","" Schon etwas, ja."",""Sprecher 1"""
"3135590,""3152530"","" In diesem Fall ist die Analyse des Chatbots beziehungsweise das Ergebnis ähnlich zu meinem eigenen Empfinden nach dem Lesen des Textes."",""Sprecher 1"""
"3153210,""3179250"","" Es betrifft vorbegründig die zu viel zusammengefassten Ereignisse und auch die Beführung hinsichtlich Russland als Bewegungsstiftung."",""Sprecher 1"""
"3179790,""3192550"","" Der Chatbot hat endlich meinen eigenen Empfinden gesehen."",""Sprecher 2"""
"3193870,""3206110"","" Ich habe gedacht, ich habe es gecheckt, aber scheinbar nicht."",""Sprecher 1"""
"3207270,""3209090"","" So, ein letztes Mal."",""Sprecher 1"""
"3212290,""3213190"","" Ja, ganz schließlich."",""Sprecher 1"""
"3253390,""3276870"","" Ich merke, dass ich immer ein bisschen genauer werde mit Fragen, weil man ein bisschen merkt, wieso der Chatbot so grob arbeitet und ich auch das Gefühl habe, dass seine Antworten dann, also ich glaube, das liegt aber auch an der Art und Weise, wie ich mit ihm rede, ein bisschen genauer auf mich eingehen und auch, ja, es fühlt sich an wie so ein menschlicher Dialog."",""Sprecher 1"""
"3280150,""3286990"","" Jetzt werde ich noch etwas freundlicher, weil ich mittlerweile Spaß daran habe, mit dem Chatbot zu unterhalten."",""Sprecher 1"""
"3294520,""3325630"","" Ich habe das Gefühl, dass allein die erste Antwort schon ein bisschen weitergreifend ist, wenn ich etwas mehr in die Fragestellung reinbringe, auch wenn es trotzdem noch relativ allgemein gehalten ist."",""Sprecher 1"""
"3350210,""3356950"","" Das finde ich auch ganz interessant, weil das auch bei mir ähnlich war, dass die Emotionalität hier sehr hoch drin ist."",""Sprecher 1"""
"3386980,""3392580"","" Da bin ich tatsächlich am Ende nicht ganz so zufrieden mit der Antwort."",""Sprecher 1"""
"3394520,""3411660"","" Das deckt sich mit der Emotionalität, die mir ja auch aufgestoßen ist, aber ich finde, das Fazit vom Chatbot ist in dem Fall eigentlich, dass es halt sehr schwierig ist, das zu betrachten und da hätte ich mir tatsächlich noch Quellen gewünscht dazu."",""Sprecher 1"""
"3412260,""3413640"","" Ich würde es noch einmal nachfragen."",""Sprecher 1"""
"3464330,""3467590"","" Ich merke selber schon, wie emotional ich jetzt mittlerweile mit dem Chatbot schreibe."",""Sprecher 1"""
"3496770,""3499170"","" Ich habe mittlerweile das Gefühl, dass mir ein Mensch gegenüber sitzt."",""Sprecher 1"""
"3499610,""3500930"","" Das ist fast ein bisschen gruselig."",""Sprecher 1"""
"3526430,""3531550"","" Also, wenn ich jetzt wirklich die Verifikation davon haben wollte, dann reicht mir das jetzt natürlich in dem Fall nicht aus."",""Sprecher 1"""
"3532910,""3540810"","" Ich würde jetzt aber behaupten, dass es nicht das Problem am Chatbot liegt, sondern dass es scheinbar wirklich nichts gibt."",""Sprecher 1"""
"3541310,""3546490"","" Da muss ich gut finden, dass es mir am Ende noch eine Empfehlung gibt, wie ich den vorgehen könnte, um es zu verifizieren."",""Sprecher 1"""
"3546650,""3557010"","" Also, er lässt mich jetzt nicht ganz im Regen stehen, sondern gibt mir eine Möglichkeit, wie ich weiter fortfahren könnte."",""Sprecher 1"""
"3570440,""3572540"","" Ja, er schaut mir jetzt sehr unglaubwürdig."",""Sprecher 1"""
"3584270,""3585090"","" Wie sicher sind Sie?"",""Sprecher 1"""
"3585270,""3588210"","" Ich glaube, eher nicht so sicher, wie man gerade gemerkt hat."",""Sprecher 1"""
"3590710,""3593130"","" Ich glaube, eigentlich sehr sicher, aber nicht hundertprozentig sicher."",""Sprecher 1"""
"3593850,""3598750"","" Hat sich Ihre Einschätzung durch die Nutzung der KI verändert?"",""Sprecher 1"""
"3604030,""3611850"","" Ja, in dem Fall ist es ähnlich wie bei dem anderen, weil beides emotionale Artikel waren, fand ich, und ich da selber schon ein Gefühl dabei hatte."",""Sprecher 1"""
"3616510,""3619310"","" Wobei ich trotzdem nicht sagen kann, ob bestimmte Teile davon stimmen."",""Sprecher 1"""
"3620010,""3624950"","" Aber nachdem die KI gar nichts dazu gefunden hat, würde ich sagen, tatsächlich weniger glaubwürdig."",""Sprecher 1"""
"3628350,""3630710"","" War hilfreich."",""Sprecher 1"""
"3632050,""3634830"","" Ja, ich will nicht sagen, die Angaben waren glaubwürdig."",""Sprecher 1"""
"3636230,""3639070"","" Ja, es gab keine Quellen, also würde ich wieder mittig."",""Sprecher 1"""
"3640850,""3647260"","" Oder beziehungsweise, ja, es ist schwierig, weil es hat ja eben gesagt, es hat keine Quellen."",""Sprecher 1"""
"3648480,""3652580"","" Und es ist ja dann auch irgendwie eine Quelle, wenn man keine Quellen hat, kann ich das so beurteilen."",""Sprecher 1"""
"3654360,""3654740"","" Ich mach's so."",""Sprecher 1"""
"3657160,""3659560"","" Also, man hat ja trotzdem eine Meinung, wenn es eben keine Quellen gibt."",""Sprecher 1"""
"3659880,""3660560"","" Genau, so mein ich's."",""Sprecher 1"""
"3660800,""3662840"","" Die Emotionartikel haben mir bei der Entscheidung geholfen."",""Sprecher 1"""
"3667720,""3668820"","" Ja, auf jeden Fall."",""Sprecher 1"""
"3668960,""3671100"","" Ich vertraue der Einschätzung, die mit den Quellen zu tun hat."",""Sprecher 1"""
"3673680,""3678200"","" Ja, also ich habe zwar jetzt keine Einschätzung, so wie ich es gerne hätte, aber es ist ja trotzdem eine Einschätzung."",""Sprecher 1"""
"3680280,""3691350"","" Ja, nee, da habe ich sogar in dem Fall mehr als sonst, weil ich nochmal nachgefragt habe, nach Quellen."",""Sprecher 1"""
"3691730,""3700610"","" Und ich bin mir jetzt relativ sicher, dass es keine gibt, weil ich explizit nochmal nachgefragt habe und mich da dementsprechend umfangreiche Antworten mal bekommen habe."",""Sprecher 1"""
"3701190,""3702750"","" Den genannten Quellen überprüft."",""Sprecher 1"""
"3704770,""3705870"","" Nein, habe ich nicht."",""Sprecher 1"""
"3706490,""3707570"","" Habe ich auch nicht vor."",""Sprecher 1"""
"3708030,""3710730"","" Die KI hat mir Informationen geliefert, die ich vorher nicht kannte."",""Sprecher 1"""
"3715370,""3721550"","" Ja, sie hat dazu jetzt wahnsinnig viele Informationen geliefert, aber schon Informationen, dass es eben nicht wirklich was dazu gibt."",""Sprecher 1"""
"3722530,""3733630"","" Also ja, da würde ich jetzt eher ein bisschen abweichen, oder?"",""Sprecher 1"""
"3734090,""3741450"","" Also ich habe die Quellen meiner generellen Einschätzung des Artikels gebeten, wenn ich jetzt quasi mehr gemacht habe."",""Sprecher 1"""
"3741750,""3746010"","" Man kann mehrere ankreuzen, was man halt alles gemacht hat."",""Sprecher 1"""
"3746950,""3750110"","" Also welche einzelnen Schritte davon man alle gemacht hat."",""Sprecher 1"""
"3753170,""3759770"","" Also was meine Frage war, ob ich da jetzt quasi, wenn ich jetzt ein bisschen allgemeiner gehabt habe, ob ich jetzt vor der Bewertung noch links gehen müsste."",""Sprecher 1"""
"3761430,""3764690"","" Nee, es ist einfach nur ein Ja hier."",""Sprecher 1"""
"3765770,""3775510"","" Ja, es gibt keinen richtigen, sondern es gibt da auch nur die Entscheidung irgendwo aus dem Bauch, was für dich das Richtige ist."",""Sprecher 1"""
"3775830,""3778790"","" Ich habe gezielte Fragen, die habt ihr bestimmt."",""Sprecher 1"""
"3782090,""3782850"","" Nee, habe ich nicht."",""Sprecher 1"""
"3784530,""3786670"","" Ich habe nach sechs Jahren belegene Quellen gefragt."",""Sprecher 1"""
"3786810,""3787370"","" Ja, habe ich."",""Sprecher 1"""
"3787390,""3790810"","" Ich habe mehrere Fragen formuliert, um meine Unsicherheit zu reduzieren."",""Sprecher 1"""
"3791470,""3794790"","" Ja, ich habe mehr als sonst gestellt."",""Sprecher 1"""
"3796530,""3796730"","" Ja."",""Sprecher 1"""
"3798170,""3801190"","" Ich habe die mit meinem Vorwissen verglichen."",""Sprecher 1"""
"3805710,""3807130"","" Ich hatte keinen Verwurzelung."",""Sprecher 1"""
"3807210,""3811910"","" Die KI hatte auch kein Vorwissen."",""Sprecher 1"""
"3813830,""3816030"","" Ja, also wahrscheinlich habe ich verglichen."",""Sprecher 1"""
"3816410,""3816510"","" Ja."",""Sprecher 1"""
"3821370,""3833210"","" In dem Fall war ich nach der ersten Runde nicht zufrieden, was jedoch nicht Ursache war."",""Sprecher 1"""
"3833620,""3858010"","" Also, ich bin nicht angeschätzt worden, wie ich nach der zweiten Frage feststellen konnte, sondern was daran lag, dass es einfach keine Quellen und Pflegezüge mehr gab."",""Sprecher 1"""
"3865990,""3890710"","" Nach der zweiten Frage weiß ich jedoch, wurde mir dies jedoch ausführlich erklärt und auf einen Vorschlag hinsichtlich der Herangehendenweise verwiesen."",""Sprecher 1"""
"3893470,""3901150"","" Es hat die Antwort nicht mehr wieder gegeben."",""Sprecher 1"""
"3902470,""3909410"","" Und jetzt?"",""Sprecher 1"""
"3922290,""3924610"","" Und wir sind ja schon bei der letzten Frage."",""Sprecher 1"""
"3924610,""3925990"","" Genau, das ist jetzt nur noch eine ganz kurze Frage."",""Sprecher 1"""
"3926190,""3926890"","" Das geht schnell."",""Sprecher 1"""
"3927490,""3927590"","" Okay."",""Sprecher 1"""
"3943470,""3948340"","" Was heißt, wie stark verändert?"",""Sprecher 1"""
"3948600,""3952100"","" Das Gefühl, glaube ich, war schon immer relativ ähnlich."",""Sprecher 1"""
"3952620,""3953880"","" Auf der Skala verändert?"",""Sprecher 1"""
"3956310,""3957190"","" Ja, glaube schon."",""Sprecher 1"""
"3959230,""3960010"","" Also halt."",""Sprecher 1"""
"3960250,""3961090"","" Ja, auf der Skala verändert."",""Sprecher 1"""
"3961210,""3962470"","" Ob es mehr in der Richtung geht?"",""Sprecher 1"""
"3962470,""3962730"","" Ja, genau."",""Sprecher 2"""
"3963290,""3963390"","" Okay."",""Sprecher 1"""
"3964870,""3966990"","" In welcher Richtung ging es überwiegend?"",""Sprecher 1"""
"3969870,""3972230"","" Ich glaube, weniger glaubwürdig, wenn ich es richtig erinnere."",""Sprecher 1"""
"3972530,""3974630"","" Wie stark stimmen Sie den folgenden Aussagen zu?"",""Sprecher 1"""
"3975970,""3978250"","" Ich glaube, Sie sind insgesamt vertraut."",""Sprecher 1"""
"3980460,""3981180"","" Ja."",""Sprecher 1"""
"3984540,""3986680"","" Hat mich mal bestärkt."",""Sprecher 1"""
"3989930,""3993250"","" Ja, hat mir geholfen, viele Einschätzungen zu erkennen."",""Sprecher 1"""
"3998530,""3999070"","" Nein."",""Sprecher 1"""
"4002940,""4005800"","" Haben wir den Zustand sicherer als zuvor?"",""Sprecher 1"""
"4007080,""4007440"","" Ja."",""Sprecher 1"""
"4011870,""4012590"","" Ja."",""Sprecher 1"""
"4016610,""4019770"","" Ich konnte nachvollziehen, wie die Qualität hinaus angekommen ist."",""Sprecher 1"""
"4022790,""4023610"","" Ja, konnte ich."",""Sprecher 1"""
"4024770,""4026530"","" Also auf Nachfrage, aber ja, konnte ich."",""Sprecher 1"""
"4035160,""4037920"","" Ich lese zu viele Nachrichten, also eher unwahrscheinlich."",""Sprecher 1"""
"4078280,""4079360"","" Was ist mein Alter?"",""Sprecher 1"""
"4081200,""4102500"","" Was ist die Mitte?"",""Sprecher 2"""
"4102720,""4103279"","" Sechs, oder?"",""Sprecher 1"""
"4103279,""4104060"","" Mhm."",""Sprecher 1"""
"4107130,""4107970"","" Zwei und drei."",""Sprecher 1"""
"4109029,""4111630"","" Ist links, oder?"",""Sprecher 1"""
"4111790,""4112890"","" Ja, gut, dass ich jetzt auf der anderen Seite bin."",""Sprecher 1"""
"4113529,""4115850"","" Wie häufig nutzt Sie von den Medien Salvationen die wertschönen Nachrichten?"",""Sprecher 1"""
"4117490,""4121430"","" Ja, nie."",""Sprecher 1"""
"4133590,""4135410"","" Online-Angebote, etablierte Medien."",""Sprecher 1"""
"4135950,""4136450"","" Was ist das?"",""Sprecher 1"""
"4137170,""4137430"","" Was?"",""Sprecher 1"""
"4138430,""4138810"","" Das da."",""Sprecher 1"""
"4139330,""4148550"","" Zum Beispiel Anlaufausgabe, SZ, FHZ, Süddeutsche Zeitung, Mittelbayerische."",""Sprecher 1"""
"4149430,""4152250"","" Oder Alternative-Portugals oder Alternative-Germäle."",""Sprecher 1"""
"4157069,""4158729"","" Was ist das?"",""Sprecher 1"""
"4159770,""4159910"","" Warte."",""Sprecher 1"""
"4165859,""4167600"","" Das hier weniger, aber das mehr."",""Sprecher 2"""
"4172290,""4172450"","" Ja."",""Sprecher 2"""
"4181609,""4188850"","" Naja, nachdem ich solche Artikel nicht lesen würde, aber prinzipiell, glaube ich, kann ich entscheiden."",""Sprecher 1"""
"4189250,""4193670"","" Also, solche Artikel würde ich nicht lesen, aber wenn ich die nicht lese, die ich lesen würde, dann, glaube ich, bin ich mir sicher."",""Sprecher 1"""
"4200080,""4202680"","" Muss ich mit digitalen Nachrichten formaten?"",""Sprecher 1"""
"4204740,""4205620"","" Wie ist das gemeint?"",""Sprecher 1"""
"4206420,""4206580"","" Was?"",""Sprecher 1"""
"4206720,""4207460"","" Wie ist das gemeint?"",""Sprecher 1"""
"4210290,""4216250"","" Ja, also halt mit, keine Ahnung, Websites, Blogbeiträgen und Ähnlichem."",""Sprecher 1"""
"4216770,""4218270"","" Das gibt es auch gar keine."",""Sprecher 1"""
"4219170,""4220210"","" Also von der Handhabung?"",""Sprecher 1"""
"4220590,""4220770"","" Ja, genau."",""Sprecher 2"""
"4224070,""4233610"","" Ja, die muss ich quälen durchlesen, was ich aber nie machen werde."",""Sprecher 1"""
"4233790,""4236790"","" Ich fühle mich sicher im Ohr mit KI-Systemen."",""Sprecher 1"""
"4240370,""4242930"","" Ja, viele Erfahrungen."",""Sprecher 1"""
"4249990,""4250470"","" Weiter?"",""Sprecher 1"""
"4251050,""4251250"","" Ja."",""Sprecher 1"""
"4252330,""4253770"","" Vielen Dank für deine Teilnahme."",""Sprecher 2"""
