"start","end","text","speaker"
"52600","53320"," Hallo!","Sprecher 2"
"54980","56700"," Alter, scheiß Technik!","Sprecher 1"
"57220","60200"," Ja, wie gut, dass wir Wettbewerbsinformatik studieren und Technik.","Sprecher 2"
"60580","60680"," Alter!","Sprecher 2"
"62740","64180"," Digitale Profi!","Sprecher 2"
"66780","71620"," Schauen wir mal, wer der Digital Native ist, vor uns zu hören.","Sprecher 1"
"72940","74400"," Scheiß Technik, Alter!","Sprecher 1"
"78030","79170"," Veit, du musst jetzt auch noch ein paar Fragen stellen.","Sprecher 2"
"79170","88590"," Ich habe noch gar nicht mal so viele Fragen gestellt, den kannst du öffnen, mir dann ein Bildschirm freigeben.","Sprecher 2"
"88610","90270"," Muss ich meinen freigeben?","Sprecher 1"
"90850","91090"," Ja.","Sprecher 2"
"92290","93190"," Okay, okay.","Sprecher 1"
"94550","100210"," Dein Bildschirm wird aufgezeichnet, freigeben einfach mit dem Pfeil in der Mitte, der Grüne ist unter Freigeben.","Sprecher 2"
"105040","107960"," Okay, dann gebe ich einfach mal mein ganzes erstes Bildschirm frei.","Sprecher 1"
"108140","108620"," Ja, wahrscheinlich auch.","Sprecher 1"
"109220","109560"," Gerne.","Sprecher 2"
"110640","111620"," Ach so, geht so.","Sprecher 1"
"112660","113800"," Das muss ich so sagen.","Sprecher 1"
"118680","119240"," Perfekt.","Sprecher 2"
"120180","122400"," Ich sehe den schon, der wird mit aufgezeichnet.","Sprecher 2"
"122500","123000"," Perfekt.","Sprecher 2"
"123540","127520"," Herzlich Willkommen zu meiner Online-Studie im Rahmen meiner Bachelorarbeit.","Sprecher 2"
"127639","131900"," Sobald du bereit bist, kannst du auf den Startbutton klicken und starten.","Sprecher 2"
"134520","139100"," Dann haben wir hier als erstes die Einverständnis an der Teilnahme zur Bachelorarbeit.","Sprecher 2"
"139100","143800"," Die dauert 60, eher 90 Minuten im Pinkelaut-Protokoll.","Sprecher 2"
"144040","152540"," Die ist für meine Bachelorarbeit von der Bewertung zur Verifikation einer Studie zur Glaubwürdigkeit, Bewertung von Nachrichten und den Einsatz von LLMs zur Verifikation.","Sprecher 2"
"153240","154740"," Es ist eine dreistufige Studie.","Sprecher 2"
"154880","162540"," Im ersten Teil liest du Nachrichtenartikel, danach kommt ein Fragebogen zu jedem Artikel und da bewertest du die Glaubwürdigkeit.","Sprecher 2"
"163000","167700"," Dann im zweiten Teil der Studie kriegst du denselben Nachrichtenartikel nochmal.","Sprecher 2"
"167700","172220"," Auf der einen Seite des Bildschirms, auf der anderen Seite ist ein selbstgeschriebener Chatbot.","Sprecher 2"
"173680","179200"," Und du sollst den Nachrichtenartikel auf Glaubwürdigkeit bewerten oder verifizieren.","Sprecher 2"
"180300","184140"," Die Informationen, es gibt keine richtige und keine falsche Vorgehensweise.","Sprecher 2"
"184320","190900"," Danach, jedem Vorgang kommt wieder ein Fragebogen über die Interaktion mit der KI.","Sprecher 2"
"191300","195660"," Und als letztes werden auch deine demografischen Daten und dein Medienkonsum erfasst.","Sprecher 2"
"196460","210870"," Wenn du runterscrollst, findest du ein Formularfeld, einmal mit Vorname, Nachname, deine E-Mail-Adresse und wenn du VP-Stunden haben möchtest, deinen VP-Stunden.","Sprecher 2"
"211390","212650"," Also mit deiner Matrikelnummer.","Sprecher 2"
"215260","215760"," Ja, fuck.","Sprecher 1"
"217540","220120"," Du kannst auch deine Privaten nehmen, das ist cool.","Sprecher 2"
"220280","221920"," Nein, nein, nein, das ist Uni-Stuff.","Sprecher 1"
"227850","229270"," Okay, das ist mir gewischt.","Sprecher 1"
"229990","230350"," Wo war ich?","Sprecher 1"
"230350","230590"," Aha.","Sprecher 1"
"232890","233390"," Wow.","Sprecher 1"
"243770","247820"," Hier ist nochmal die kurze Erläuterung zur Studie.","Sprecher 2"
"249060","255680"," Es kann beim Laden immer wieder zu Verzögerungen kommen, beziehungsweise das HTML-Protokoll kann sich nicht richtig öffnen.","Sprecher 2"
"255740","259720"," Wir hatten es noch nicht, aber in meinen Testphasen ist es mal passiert.","Sprecher 2"
"259720","265240"," Dann muss man einfach nur kurz die Seite aktualisieren, beziehungsweise neu laden und dann geht es weiter und dann öffnet sie sich richtig.","Sprecher 2"
"266320","270560"," Es kann auch dazu kommen, dass der Weiter-Button manchmal einfach irgendwo verschoben ist.","Sprecher 2"
"271200","275920"," Leider ist es jedes Mal woanders, deswegen im Template ist alles richtig.","Sprecher 2"
"277480","279400"," In der Live-Anwendung leider nicht.","Sprecher 2"
"279600","283700"," Und der Chatbot wird immer seine Zeit brauchen zu antworten.","Sprecher 2"
"283860","285400"," Er ist nicht so schnell wie Chat-GPT.","Sprecher 2"
"285400","288640"," In der ersten Phase einmal kurz durchlesen.","Sprecher 2"
"288760","296300"," Nach dem Lesen bitte ich jeweils die Glaubwürdigkeit bewerten und was die Einschätzung beeinflusst hat.","Sprecher 2"
"297960","300340"," Du sollst bitte dabei laut denken.","Sprecher 2"
"302180","307060"," Wenn du ready bist, klickst du auf den Weiter-Button und wir starten mit dem ersten Artikel.","Sprecher 2"
"309120","309280"," Okay.","Sprecher 1"
"309620","313300"," Ist er genau durchlesen, oder was?","Sprecher 1"
"313960","315440"," Du sollst ihn lesen, ja.","Sprecher 2"
"316320","316920"," Okay, okay, okay.","Sprecher 1"
"321380","324260"," Ich glaube, das ist ein Durbel.","Sprecher 1"
"325520","328000"," Und es ist egal, wie lange er sich dafür braucht, oder?","Sprecher 1"
"328840","330360"," Wir haben kein Zeitlimit, nee.","Sprecher 2"
"330800","334820"," Okay, also ich muss einfach nur den Artikel lesen, um zu überprüfen, warum der komisch ist.","Sprecher 1"
"349100","350640"," Nicht wundern, wenn ich vorher nichts sage.","Sprecher 1"
"351340","352880"," Im Moment denke ich an gar nichts.","Sprecher 1"
"413180","419260"," Was ich auf alle Fälle merke, ist, dass es sehr hohe Sprachen sind.","Sprecher 1"
"419620","428440"," Es sind sehr viele Wörter drin, wo keiner professionell wirken würde.","Sprecher 1"
"428760","430780"," Aber es sind zu viele, das muss ich ganz ehrlich sagen.","Sprecher 1"
"461820","471320"," Man bemerkt auf alle Fälle, dass der Artikel relativ die westliche Seite ergreift.","Sprecher 1"
"474040","482240"," Wo es nicht wirklich etwas an der Glaubwürdigkeit ändert.","Sprecher 1"
"484940","489580"," Weil es ein gewissen Maße eine objektive Realität ist, dass Ruschl nicht mehr der Vorgreifer ist.","Sprecher 1"
"492140","501720"," Dadurch, dass die jetzt die Seite für Dresden ergreifen, wirkt es bei mir nicht auf die Glaubwürdigkeit aus.","Sprecher 1"
"604780","623040"," Ich würde den Artikel als relativ glaubwürdig einstufen, weil die Sprache sehr professionell geholt ist.","Sprecher 1"
"623500","626340"," Es sind sehr viele Fachbegriffe, die verwendet werden.","Sprecher 1"
"627700","634040"," Es ist nicht von Meinungen geprägt.","Sprecher 1"
"634620","641000"," Der ganze Artikel stellt sich auf die Seite der Ukraine.","Sprecher 1"
"641000","648180"," Aber da es nur die objektive Realität ist, kann man das alles so lassen.","Sprecher 1"
"649520","653300"," Ich würde den Artikel als glaubwürdig halten.","Sprecher 1"
"655280","656960"," Er ist ein bisschen unangenehm zum Lesen.","Sprecher 1"
"657060","661260"," Es sind sehr viele Fachbegriffe, wenn man nicht so in der Materie drin ist.","Sprecher 1"
"665070","667450"," Das war es zu dem Artikel eigentlich.","Sprecher 1"
"668030","669070"," Genau, dann noch weiter.","Sprecher 2"
"670830","672830"," Dann kommt der erste Fragebogen.","Sprecher 2"
"673030","674470"," Du bist bitte T15.","Sprecher 2"
"676550","677230"," T15.","Sprecher 1"
"775420","778900"," Soll ich bei der offenen Begründung einfach den Namen aussprechen?","Sprecher 1"
"779320","784240"," Was für dich das ausgemacht hat.","Sprecher 1"
"785060","785400"," Gut.","Sprecher 1"
"803190","805090"," Dann kann ich weiter drücken, oder?","Sprecher 1"
"808610","809830"," Und wie meinst du das?","Sprecher 2"
"835810","839210"," Das erste, was mich aufregt, ist das fette Polster.","Sprecher 1"
"839750","841890"," Das gefällt mir gar nicht.","Sprecher 1"
"845220","850480"," Das hat irgendwie so einen unsachlichen Vibe.","Sprecher 1"
"863990","866270"," Die deutsche Politik war schon immer ein großes Empfehlungslad.","Sprecher 1"
"866850","869910"," Das ist meiner Meinung nach nicht wirklich sachlich.","Sprecher 1"
"869910","871450"," Das wird auch nicht begründet.","Sprecher 1"
"873970","876250"," Das hört sich ein bisschen sketchy an.","Sprecher 1"
"913400","921280"," Das ist maximal sachlich, von eigenen Erfahrungen zu schreiben, die auch nicht wirklich beweisbar sind.","Sprecher 1"
"947430","951210"," Es ist einfach nur eine Anreihung von ganz feinen Aussagen.","Sprecher 1"
"951890","954290"," Die muss ich ein bisschen unterräumen, ein bisschen stützen.","Sprecher 1"
"954290","957310"," Ich sehe da keine Begründung für nichts.","Sprecher 1"
"958970","961050"," Das ist alles eine persönliche Meinung.","Sprecher 1"
"1064940","1075980"," Was ich aber wieder positiv sehe, ist, dass beide Seiten der Argumente ein bisschen anschauen.","Sprecher 1"
"1076260","1080760"," Ja, die behaupten, sie hätten ihren Chef noch nie getroffen, aber wer sieht schon seinen Chef?","Sprecher 1"
"1082380","1087080"," Das ist ganz nett, dass beide Seiten vom Argument ein bisschen anschauen.","Sprecher 1"
"1170900","1185540"," Es dreht sich ab, es ist noch einmal ein wilder Trick, dass der Vollgas-Verschwörungstheoretiker mit den Eliten, die irgendwie so strikt sind, mit so einem Scheiß ist.","Sprecher 1"
"1185680","1193240"," Das ist ein wahrer WTF vom Festgeplanten Krieg.","Sprecher 1"
"1193380","1193980"," Was ist denn das?","Sprecher 1"
"1197450","1201730"," Ich habe mir schon am Anfang gedacht, wie er schon ungefähr fünfmal von den Grünen geschmerzt hat.","Sprecher 1"
"1201730","1203330"," Dass es schon seltsam ist.","Sprecher 1"
"1203570","1211490"," Der T15, oder?","Sprecher 1"
"1212310","1212930"," T15.","Sprecher 2"
"1382650","1383650"," Weiter geht's.","Sprecher 1"
"1402280","1403140"," Und der Dritte?","Sprecher 2"
"1409240","1417440"," Wenn es schon russische Propaganda heißt, weiß man ganz genau, was für eine Meinung der Artikel so hat.","Sprecher 1"
"1438640","1443500"," Ich fände es irgendwie seltsam, weil es ist nicht irgendwie falsches Englisch.","Sprecher 1"
"1483420","1484860"," Bitte laut denken.","Sprecher 2"
"1485760","1486980"," Ja, ich denke auch gar nichts.","Sprecher 1"
"1492450","1494110"," Ich bin momentan zum Planverstehen.","Sprecher 1"
"1513980","1517920"," Momentan ist der Artikel, mir fällt jetzt nichts Besonderes auf.","Sprecher 1"
"1568220","1572700"," Ich finde, der Artikel an sich hat eine relativ neutrale Natur.","Sprecher 1"
"1574680","1578220"," Es beschreibt einfach nur so zwei Menschen und ihre Meinungen.","Sprecher 1"
"1578440","1582480"," Die verschiedenen Menschen und ihre Meinungen, aber nicht selber in die richtige Stellung.","Sprecher 1"
"1584460","1588260"," Es behandelt eigentlich nur die Meinungen von den beschriebenen Leuten.","Sprecher 1"
"1681710","1691450"," Es ist ein Artikel, wo tausend Zitate von verschiedensten Leuten mit verschiedensten Meinungen vor die Füße wirft.","Sprecher 1"
"1743280","1746560"," Es ist einfach ganz viele Meinungen von ganz vielen Leuten.","Sprecher 1"
"1746720","1749240"," Daher kommt es mir relativ valide vor.","Sprecher 1"
"1750060","1757040"," Wenn es nur andere Leute zitieren und es ist eine eigene Meinung oder so, kommt es mir wirklich gar nicht vor.","Sprecher 1"
"1759500","1765940"," Natürlich, die Überschriften, aber die Überschriften haben auch nur Zitate mit den größten Teilen von irgendwelchen Leuten.","Sprecher 1"
"1766220","1768120"," Daher kommt es mir doch sehr neutral vor.","Sprecher 1"
"1879030","1883030"," Dann bin ich damit wieder fertig und feiere jetzt mit Nummer 4.","Sprecher 1"
"1883310","1886290"," Das ist jetzt Nummer 4.","Sprecher 1"
"1890480","1891620"," What the fuck?","Sprecher 1"
"1895910","1898110"," Da sind doch 4 Wörter schon vor.","Sprecher 1"
"1901870","1903690"," Alter, leck mich am Arsch, was ist denn jetzt das?","Sprecher 1"
"1903690","1911760"," Ich kann spähen.","Sprecher 1"
"1911820","1912820"," Ich kann doch nur spähen.","Sprecher 1"
"1969120","1970260"," Alter, was?","Sprecher 1"
"1982740","1994040"," Es ist einfach nur wild, wie der Autor die randomste Scheiße mit dem armenischen Genozid oder wie man das genannt hat, was?","Sprecher 1"
"2005360","2007700"," Was ist das für eine Propaganda-Schrift?","Sprecher 1"
"2017190","2018210"," Alter, was?","Sprecher 1"
"2039140","2039820"," Was?","Sprecher 1"
"2059360","2064739"," Okay, okay, ich finde jeden Satz wilder in dem ganzen Text.","Sprecher 1"
"2067580","2078790"," Das mit Armenien war schon fucking weird, warum die Russen die guten sind, weil es hat nix miteinander zu tun und dann diesen 2.","Sprecher 1"
"2078889","2105260"," Rückrück, es ist halt, für das Dreikschissen die Krankheit, es ist halt egal, es ist halt echt ein absolut wilder Move, dass die Haltung gegenüber Zivilisten und Kriegsgefangenen geändert werden sollte.","Sprecher 1"
"2105500","2110700"," Dass davor, wo es auch der Fall war, absolut scheiße gegenüber den Zivilisten und den Kriegsgefangenen war.","Sprecher 1"
"2111700","2113640"," Das ist halt...","Sprecher 1"
"2113640","2114440"," Hä?","Sprecher 1"
"2118380","2150560"," Ach ja, sie haben Beteiligung am Hungertag bewahrt, aber damals in der Ukraine sind Millionen von Menschen gestorben.","Sprecher 1"
"2150840","2152260"," Das ist behinderlich.","Sprecher 1"
"2164800","2168660"," Ja, soll ich noch mehr kommentieren oder kann ich gleich erspähen?","Sprecher 1"
"2171840","2174520"," Weißt du nicht, was dazu die richtige Antwort ist?","Sprecher 2"
"2177420","2185500"," Ja, ich hab das noch nicht zusammengefasst, es ist keine Propaganda, keine Ahnung, die müssen nur noch totalen Krieg fordern und dann ist alles beieinander.","Sprecher 1"
"2187600","2194900"," Es wird ungefähr jede Scheiße vertraut, vor allem das mit Armenien, das hat nix mit den Russen zu tun, aber wirklich gar nix.","Sprecher 1"
"2196480","2198680"," Und dann ist es trotzdem so, dass die Russen die Besten sind.","Sprecher 1"
"2201440","2213740"," Und am Schluss, da wird das Argument gebracht, dass sie so Arschschaden ernährt haben und was die Russen damals an der Ostbrat angekriegt haben, das macht es nicht besser.","Sprecher 1"
"2219230","2226090"," Es ist furchtbar, es ist gottlos und es ist eine Beleidigung für alle Menschen, die hier draußen stürmen.","Sprecher 1"
"2227070","2228470"," Genau, das war es zum Schluss.","Sprecher 1"
"2368070","2368590"," Passt.","Sprecher 1"
"2369630","2371210"," Wunderbar, dann wieder ein Weiter warten.","Sprecher 2"
"2373110","2392250"," Und wir starten mit Studienvermögen vorbei, jetzt bekommst du nochmal dieselben Artikel und du sollst sie bitte mit dem Chatbots auf Glaubwürdigkeit überprüfen und danach wieder bewerten.","Sprecher 2"
"2394640","2402040"," Wenn du dann fertig bist mit dem Chatbots, bitte wieder auf weiter und dann haben wir noch eine Frage.","Sprecher 2"
"2409300","2410780"," Okay, okay, okay.","Sprecher 1"
"2411020","2412180"," Ich habe hier nochmal schnell was zu trinken.","Sprecher 1"
"2414920","2417760"," Dann müssen wir auch ganz kurz noch eine Frage stellen.","Sprecher 2"
"2461640","2464160"," Dann einfach beginnen, wenn du dazu bereit bist.","Sprecher 2"
"2468900","2469140"," Ja.","Sprecher 1"
"2473660","2475060"," Okay, jetzt bin ich gespannt.","Sprecher 1"
"2486060","2488000"," Ich kann dir jetzt einfach irgendwelche Fragen stellen, oder wie?","Sprecher 1"
"2490880","2492820"," Genau, du kannst machen, was du möchtest.","Sprecher 2"
"2492860","2494600"," Das ist nur ein Notizfeld.","Sprecher 2"
"2495180","2496460"," Das kenne ich irgendwo hier.","Sprecher 1"
"2515060","2518260"," Der Bot ist nicht trainiert auf den Artikeln.","Sprecher 2"
"2518380","2522720"," Es ist einfach ein ganz normaler Chatbot.","Sprecher 2"
"2523240","2524480"," Es ist einfach nur Chativity.","Sprecher 1"
"2525920","2528740"," Es ist einfach nur ein Chatbot.","Sprecher 1"
"2529720","2535700"," Genau, es ist ein Chatbot, der mit der API von OpenAI und anderem arbeitet.","Sprecher 2"
"2535700","2536960"," Okay, okay.","Sprecher 1"
"2553420","2556800"," Muss ich da auch wieder laut denken?","Sprecher 1"
"2561330","2562410"," Ja, musst du auch.","Sprecher 2"
"2563310","2567610"," Okay, ich bin verwirrt, was mir jetzt so genau Chativity bringen soll.","Sprecher 1"
"2618150","2620690"," Ich denke jetzt einmal laut, aber was fixe ich jetzt genau damit?","Sprecher 1"
"2620690","2623750"," Ich weiß gar nicht, was mir jetzt Chativity bringen soll.","Sprecher 1"
"2624170","2628370"," Soll ich Chativity fragen, worauf man einen guten Artikel erkennt, oder was?","Sprecher 1"
"2630830","2634710"," Es gibt keine richtige, keine falsche Vorgehensweise.","Sprecher 2"
"2635330","2641070"," Du sollst einfach nur den Artikel mittels Verifikation über LLMs bewerten.","Sprecher 2"
"2642430","2644650"," Wie gesagt, es gibt nichts Falsches.","Sprecher 2"
"2646290","2646970"," Okay.","Sprecher 1"
"2732080","2733820"," Ich sehe schon, der Antwort ist nicht beendet.","Sprecher 1"
"2735520","2790540"," Ja, gut.","Sprecher 1"
"2792120","2798240"," Ich denke jetzt einmal laut, ich muss das in Chatbot eingeben, das schaut jetzt ganz gut aus.","Sprecher 1"
"2798840","2807680"," Okay, gut, dann das war's dann eh schon wieder.","Sprecher 1"
"2807680","2809540"," Dann machen wir weiter.","Sprecher 1"
"2813540","2816740"," Wenn es mich noch fragt, ob die Änderungen nicht gespeichert werden, ist es wurscht, oder?","Sprecher 1"
"2818920","2824940"," Bei mir fragt es auch zu, du hast es zur Webseite verlassen, deine Änderungen werden nicht gespeichert.","Sprecher 1"
"2864580","2883190"," Du kannst auch hier gerne laut denken.","Sprecher 2"
"2884270","2892250"," Ich denke gerade laut, du hättest vielleicht da noch einen Punkt hinzufügen müssen, dass es nicht beachtet wird.","Sprecher 1"
"2892370","2897530"," Wir haben uns wieder Quellen angeschaut, wir haben uns da keine Quellen angeschaut, das ist jetzt keine Kacke.","Sprecher 1"
"2908000","2913920"," Also es ist nicht wirklich der Fall, weil ich meine Entscheidung vorher schon getroffen habe, das war vorher schon fertig, aber es ist...","Sprecher 1"
"2913920","2916920"," Ich muss noch ein bisschen...","Sprecher 1"
"2919100","2919960"," Fuck, nein.","Sprecher 1"
"2926020","2929640"," 1, 2, 3...","Sprecher 1"
"3069220","3070880"," Ihr braucht immer ein bisschen.","Sprecher 2"
"3071720","3072840"," Das habe ich schon vor.","Sprecher 1"
"3090430","3096770"," Das finde ich schon eine gute Antwort von Chatbot, die meiner eigenen Einschätzung vorher schon gleich entspricht.","Sprecher 1"
"3102430","3126500"," Ja, weil der Chatbot eigentlich genau das gleiche sagt wie ich, brauche eigentlich nicht irgendeine weitere Bestätigung vom Chatbot, weil das bestätigt einfach nur meine eigene Meinung.","Sprecher 1"
"3152330","3163230"," Also ich bin mir auf alle Fälle sicherer geworden, dass das weniger glaubwürdig ist.","Sprecher 1"
"3163580","3221170"," Und weiter geht's.","Sprecher 1"
"3221170","3279180"," Ja, es ist auch wieder genau das gleiche, die verschiedenen Perspektiven auf das Thema.","Sprecher 1"
"3280340","3282300"," Ja, genau, jetzt werden die drei Personen zitiert.","Sprecher 1"
"3282300","3289300"," Ja, die Dirk und Katja haben einen tollen...","Sprecher 1"
"3319220","3327780"," Das mit der klaren Position, das ist ja die übliche, objektiv, meiner Meinung nach objektiv richtige Position, dass ein druschender Aggressor ist.","Sprecher 1"
"3328980","3333200"," Daher hätte ich das eigentlich wirklich so als klare Position bezeichnet.","Sprecher 1"
"3333200","3333800"," Ja.","Sprecher 1"
"3363790","3364690"," Lagerbogen kommt.","Sprecher 2"
"3444430","3445750"," Und wir sind beim letzten.","Sprecher 2"
"3453270","3454310"," Jetzt bin ich gespannt.","Sprecher 1"
"3516910","3523910"," Okay, was ich ganz nett finde, ist, dass Katja wirklich doch sehr distanziert ist.","Sprecher 1"
"3524210","3529630"," Gut, was ich aber gleichzeitig wieder schlecht finde, ist, dass Katja wirklich sehr vorsichtig da ist.","Sprecher 1"
"3531410","3538170"," Weil da sagt sie, während Russland eine bestimmte Rolle als Beschützer oder Friedensschütze gespielt hat, mag und so weiter, ist das wichtig.","Sprecher 1"
"3538670","3543230"," Die sind eigentlich so ganz vorsichtig, so langsam, es kann auch falsch sein und so.","Sprecher 1"
"3543310","3545270"," Ich finde, das ist da viel zu wenig direkt.","Sprecher 1"
"3549150","3552110"," Aber der Artikel scheint eine sehr einseitige Perspektive zu vertreten.","Sprecher 1"
"3552450","3554690"," Der Vertritt einfach gerade eine einseitige Perspektive.","Sprecher 1"
"3555170","3557270"," Das scheint nicht nur so, das ist einfach der Fall.","Sprecher 1"
"3561870","3564530"," Meinungsmäßig sind meine Meinungen ganz okay.","Sprecher 1"
"3565010","3567590"," Aber das vertraut einfach Fakten ohne Ende.","Sprecher 1"
"3569250","3571330"," Dass Fakten vertraut werden, ist halt ein Fakt.","Sprecher 1"
"3571830","3576190"," Da braucht man nicht so vorsichtig behaupten.","Sprecher 1"
"3589110","3591610"," Das finde ich ganz gut mit der aktuellen politischen Situation.","Sprecher 1"
"3591910","3595390"," Auch wenn das auch schon beim Chatbot relativ fragwürdig ist, wie genau das so ist.","Sprecher 1"
"3595390","3598130"," Aber ich glaube, es schaut relativ korrekt aus.","Sprecher 1"
"3599950","3604390"," Und es zeigt relativ sachlich auf, dass das einfach nicht der Fall ist.","Sprecher 1"
"3607110","3616350"," Und es zeigt auch relativ gut, dass der Chatbot nicht die Meinung hat, sondern die internationale Gemeinschaft und so weiter, die es der Meinung ist.","Sprecher 1"
"3650540","3653420"," Ich hebe jetzt auf den Chatbot ein bisschen mehr der Wort.","Sprecher 1"
"3653520","3656400"," Dass es wirklich ein bisschen kritischer ist.","Sprecher 1"
"3656960","3663640"," Weil es ist halt auch am Schluss relativ so, man muss da aufpassen, man muss da mal nachschauen, ob das stimmt und so weiter.","Sprecher 1"
"3664220","3681810"," Und ich glaube, wenn man so ein Chatbot als Bestätigungsding hernehmen würde, da wäre vor allem die Schlusszusammenfassung, da müsste es wesentlich fester sein.","Sprecher 1"
"3687640","3692860"," Was mir zum Beispiel auch gar nicht vorgekommen ist, dass es sehr emotional geschrieben ist.","Sprecher 1"
"3693420","3716640"," Das, was mir brutal aufgefallen ist, war, ich zeige jetzt mal meinen Bildschirm auf, auf alle Fälle, da waren es zwei, drei, vier, im fünften Absatz hat es die Beschreibung, da würden Soldaten sich heftig küssen und so einen Scheiß.","Sprecher 1"
"3716740","3728840"," Dass sie gewollt haben, weil sie die hundert, hunderten armenischen Kinder beschützt haben, und so einen Scheiß, das ist halt am Chatbot gar nicht auffallen.","Sprecher 1"
"3730980","3742520"," Der Chatbot hat wirklich nur aus der politischen Perspektive, aus der literarischen, Grammatik, Schreibmäßigen Seite.","Sprecher 1"
"3745800","3753180"," Das hat er in den letzten Sachen immer angemerkt, dass es relativ saftlich geschrieben ist, und das sagt er eigentlich so, man kann es ihm gar nicht sagen, leider.","Sprecher 1"
"3764470","3770130"," Dann sind wir jetzt beim letzten Fragebogen.","Sprecher 1"
"3772670","3773150"," Jetzt?","Sprecher 2"
"3773150","3775050"," Warst du gerade vor der dritten Phase?","Sprecher 2"
"3776130","3776370"," Was?","Sprecher 2"
"3777010","3777910"," Es kommt noch eine Phase.","Sprecher 2"
"3778730","3782510"," Ja, ich weiß schon, aber das ist der letzte Fragebogen von Phase 2.","Sprecher 1"
"3783050","3783350"," Genau.","Sprecher 2"
"3796330","3808310"," Die erste Frage, da bin ich auch kein Fan davon, weil inhaltlich hilfreich ist die Frage, ob es mir wirklich geholfen hat, auf meinen Weg zu meiner Entscheidung, oder ob ich es einfach nur hilfreich gefunden habe, dass es im Kontext einfach passt.","Sprecher 1"
"3809830","3813250"," Das ist ja wieder mein Likerts-Garten in der Scheiße irgendwie.","Sprecher 1"
"3892600","3893220"," Ja, passt.","Sprecher 1"
"3893400","3894240"," Dann war's das mit dem.","Sprecher 1"
"3894780","3896540"," Weiter, und der dritte!","Sprecher 2"
"3897680","3898260"," Yay!","Sprecher 1"
"3899580","3901880"," Aufschluss, nochmal ein Fragebogen, geil!","Sprecher 1"
"3927390","3929510"," Wie wichtig ist der richtige Name?","Sprecher 1"
"3932050","3933210"," Du bist T15.","Sprecher 2"
"3934410","3938680"," Shit, warum steht da der Name?","Sprecher 1"
"3938880","3940100"," Ist es immer schon da gestanden?","Sprecher 1"
"3941780","3945500"," Dass die Sachen anonymisiert werden, ist ja eine Einverständniserklärung.","Sprecher 2"
"3946220","3950040"," Ich meine, da ist genau die Beschreibung für die T15-Leistung immer schon da gewesen.","Sprecher 1"
"3950140","3951280"," Ich habe sie noch nie gelesen.","Sprecher 1"
"3953120","3954400"," Nee, vorher war es anders.","Sprecher 2"
"3955080","3958700"," Ah, okay, das habe ich nochmal geschaut, weil ich dachte, okay, okay.","Sprecher 1"
"3962350","3964490"," Aber ich muss die ja zusammenführen können.","Sprecher 2"
"3965110","3965670"," Ja, ja, frage.","Sprecher 1"
"3969230","4029500"," Haben sich...","Sprecher 1"
"4032020","4033260"," Zu der Frage Nr.","Sprecher 1"
"4033320","4033760"," 5, oder?","Sprecher 1"
"4039260","4042580"," Ist bei Alltag auch z.B. das Schreiben von Papier für die Uni gemeint?","Sprecher 1"
"4042680","4043840"," Weil in dem Fall würde ich sie auch hernehmen.","Sprecher 1"
"4044460","4047380"," Aber im Alltag, um meine eigenen Nachrichten zu überprüfen, würde ich sie gar nicht hernehmen.","Sprecher 1"
"4049140","4050860"," Wie um Nachrichten zu überprüfen.","Sprecher 2"
"4051800","4054660"," Okay, okay, ja.","Sprecher 1"
"4152029","4152670"," Juhu.","Sprecher 1"
"4152950","4154529"," Juhu, bei meiner Studie.","Sprecher 2"
"4155590","4156430"," Gott sei Dank.","Sprecher 1"
"4157590","4158850"," So viele Dinge.","Sprecher 1"
"4159729","4160550"," Ja, ich weiß.","Sprecher 2"
"4160649","4161970"," Ich stoppe jetzt die Aufnahme.","Sprecher 2"
"4162609","4163810"," Tu das, tu das.","Sprecher 1"
