"start","end","text","speaker"
"49350","49890"," Hi.","Sprecher 2"
"58540","59080"," Hallo.","Sprecher 2"
"60300","60400"," Wow.","Sprecher 2"
"61040","61380"," Hörst du mich?","Sprecher 2"
"61880","62820"," Yes, perfekt.","Sprecher 2"
"62980","63400"," Ich höre und sehe dich.","Sprecher 1"
"63400","63800"," Nice.","Sprecher 1"
"64720","65240"," Perfekt.","Sprecher 1"
"67600","70780"," Vielen Dank, dass du dir die Zeit genommen hast, in meiner Studie teilzunehmen.","Sprecher 1"
"71360","72260"," Gerne doch.","Sprecher 1"
"73440","74420"," Sollen wir gleich beginnen?","Sprecher 1"
"75520","76520"," Natürlich, natürlich.","Sprecher 1"
"77280","79800"," Weil dann schicke ich den Link jetzt in den Chat rein.","Sprecher 1"
"80700","81020"," Jo.","Sprecher 1"
"82900","85700"," Ich bin auch wieder zum Sommerfest gerecht.","Sprecher 1"
"86540","87100"," Yes.","Sprecher 1"
"90280","91040"," Alles klar.","Sprecher 1"
"91180","91600"," Perfekt.","Sprecher 1"
"92360","92920"," Großartig.","Sprecher 1"
"93520","98540"," Wenn du jetzt jetzt öffnest und dich einwählen würdest und mir den Bildschirm dann freigibst.","Sprecher 1"
"100660","101220"," Jo.","Sprecher 1"
"108770","109190"," Perfekt.","Sprecher 2"
"109590","109870"," Siehst du?","Sprecher 2"
"113200","113580"," Ich?","Sprecher 1"
"113780","114840"," Ah, jetzt sehe ich es.","Sprecher 1"
"114920","115480"," Perfekt.","Sprecher 1"
"115580","115740"," Nice.","Sprecher 1"
"116540","116860"," Hallo.","Sprecher 1"
"117020","120280"," Herzlich willkommen zu meiner Online-Studiengang in der Bachelorarbeit.","Sprecher 1"
"120500","124000"," Wenn du bereit bist mitzumachen, bitte auf den Startbutton klicken.","Sprecher 1"
"124760","127720"," Dann kommst du zur Einverständniserklärung.","Sprecher 1"
"132340","136780"," Meine ganz normale Einverständniserklärung zur Studienteilnahme.","Sprecher 1"
"137400","149880"," Meine Bachelorarbeit geht über von der Bewertung zur Verifikation einer Studie zur Bewertung von Nachrichtenartikeln und Verifikationen mittels LNMs. Die Studie ist dreiteilig.","Sprecher 1"
"150800","152100"," Alles wird aufgenommen.","Sprecher 1"
"152560","154380"," Die Chatprotokolle werden gespeichert.","Sprecher 1"
"154380","157220"," Die Audioaufnahmen werden ausgewertet bzw.","Sprecher 1"
"157320","158040"," Videoaufnahmen.","Sprecher 1"
"158640","163680"," Das Ganze ist im Single-Loud-Modus, den wir machen.","Sprecher 1"
"164600","167580"," Das heißt, du sollst bitte laut denken bei der Studie.","Sprecher 1"
"168780","171320"," Und es gibt kein richtiges, es gibt kein falsch.","Sprecher 1"
"172060","179260"," Es werden dir jetzt gleich vier Nachrichtenartikel gezeigt, die du danach in einem Fragebogen bewerten sollst.","Sprecher 1"
"179260","190430"," Und darauf folgend sollst du nochmal die identischen vier Nachrichtenartikel mittels eines Chatbots, der auf der Seite auch integriert ist, verifizieren.","Sprecher 1"
"191160","198240"," Und die letzte Phase ist dann noch die demografischen Daten und Medienutzung, die abgefragt werden.","Sprecher 1"
"199660","205520"," Die Nachrichtenartikel sind alles reale Nachrichtenartikel, nichts ist mit KI generiert.","Sprecher 1"
"205520","211020"," Keiner einziger ist aus Social-Media-Content.","Sprecher 1"
"212160","218020"," Und wenn du Fragen haben solltest, versuche ich dir die gerne während der Zeit zu beantworten.","Sprecher 1"
"218760","224580"," Ich werde nicht laut kommentieren unbedingt, sondern höchstens so Ja und Nein sagen.","Sprecher 1"
"226920","229660"," Und genau, VP-Stunden gibt es natürlich auch.","Sprecher 1"
"233060","236580"," Genau, einfach auch ich stimme zu, wenn du deine Einwilligung gibst.","Sprecher 1"
"237240","240780"," Formular abschicken und dann können wir schon starten.","Sprecher 1"
"243720","250120"," Genau, hier ist nochmal das Aufgeschlüsselt, eben das wir jetzt beginnen.","Sprecher 1"
"250500","251920"," Vielleicht magst du es dir kurz durchlegen.","Sprecher 1"
"272150","272770"," Alles klar.","Sprecher 1"
"272770","275930"," Perfekt, wenn du bereit bist, einfach auf Weiter gehen.","Sprecher 1"
"277150","279770"," Und wie gesagt, immer bitte laut denken.","Sprecher 1"
"279890","285310"," Wenn du zu lange steigst, werde ich dann einen bereits wiederholenden Satz mit dem Titel laut denken sagen.","Sprecher 1"
"286790","287350"," Alles klar.","Sprecher 1"
"289150","293590"," Aber das während dessen Leben halt auch laut denken, ist so was, was mir dabei einfällt, oder?","Sprecher 1"
"293690","296230"," Genau, das kannst du, also genau.","Sprecher 1"
"297230","297730"," Alles klar.","Sprecher 1"
"298690","299170"," Perfekt.","Sprecher 1"
"301960","306900"," Eliten, okay, das Wort verwirrt mich schon.","Sprecher 1"
"309440","311560"," Bei jedem Dissens zerquetschen.","Sprecher 1"
"314550","321890"," Okay, Scheinbeschäftigung.","Sprecher 1"
"322210","323630"," Was ist eine Scheinbeschäftigung?","Sprecher 1"
"327400","329520"," Ach da, mit Fußfesseln.","Sprecher 1"
"330220","337960"," Fußfesseln, natürlich kreativ immer.","Sprecher 2"
"347040","347980"," Fette Polster an.","Sprecher 1"
"348120","350840"," Ah ja, ne stimmt, fette Polster.","Sprecher 1"
"359350","370100"," Ja, deutsche Politik war wirklich schon immer groß bei der Selbstbedienung.","Sprecher 1"
"374000","375880"," Das Problem ist, ich weiß nicht, wie es in Frankreich ist.","Sprecher 1"
"377200","380080"," Ich finde auch die Wortwahl für die Artikel ganz lustig.","Sprecher 1"
"380600","388880"," Es ist halt wirklich so teils lebendig geschrieben mit halt so kreativ und fetten Polster einfach.","Sprecher 1"
"390780","391340"," Superartikel.","Sprecher 1"
"401230","427330"," Ja, würde ich schon sagen, dass es kein großes Geheimnis ist.","Sprecher 1"
"427650","430850"," Also es ist bis jetzt ziemlich offen geschrieben.","Sprecher 1"
"432990","441110"," Und ich würde auch sagen, es ist teils, davor war es ja noch ein bisschen so mehr lebendig geschrieben.","Sprecher 1"
"441310","444170"," Also ein paar Wörter haben es lebendiger gemacht.","Sprecher 1"
"444650","449040"," Aber ich finde halt so, sonst kommt es auch wieder schon zu typischen Artikeln von der Schriftart.","Sprecher 1"
"452270","454790"," Zum Beispiel halt einfach so, es ist kein großes Geheimnis.","Sprecher 1"
"455790","462870"," So ein Satz ist so okay, das ist dabei, wenn ich eine Zeitung lese.","Sprecher 1"
"463530","467190"," Ich sollte gleich noch sagen, du sollst es hinsichtlich der Glaubwürdigkeit bewerten.","Sprecher 1"
"468050","470770"," Die Wortwahl alles natürlich, aber Glaubwürdigkeit bewerten.","Sprecher 1"
"471690","472410"," Ah okay, perfekt.","Sprecher 1"
"472530","475010"," Ja, ich habe es nicht dazu geschrieben, weil für mich ist dann so okay,","Sprecher 1"
"475610","480630"," Glaubwürdigkeit ist so, habe ich halt nicht dazu gesagt, so lebendig ist halt irgendwie so,","Sprecher 1"
"481290","485890"," okay, weiß man jetzt nicht, ob man das glauben könnte, wenn es lebendig geschrieben ist,","Sprecher 1"
"485930","489230"," weil es dann oft irgendwie so in Geschichten geht und man will es gut verkaufen,","Sprecher 1"
"489350","494150"," aber heißt ja jetzt, ist dann so, okay, soll ich jetzt glauben oder denkst du dir jetzt alles auf?","Sprecher 1"
"494630","506350"," Und je mehr es geschrieben wird, das ist halt so, also nicht wissenschaftlich, aber so typisch Zeitungen, dann geht es mehr in die Glaubhaftigkeit von dem.","Sprecher 1"
"510850","524590"," Bis jetzt kann ich halt nur die Glaubhaftigkeit anhand von der Schreibweise erstmal beziehen, weil ich kenne mich halt jetzt nicht so gut damit aus, deswegen beziehe ich halt ja davon.","Sprecher 1"
"525830","528570"," Genau, ich habe es halt nicht dazu gesagt, sorry.","Sprecher 1"
"534950","539070"," Was ein bisschen unglaubwürdiger macht, ist parteiloser Experten und Fachkräfte.","Sprecher 1"
"540970","542110"," Werden die noch genannt?","Sprecher 1"
"542330","550870"," Also falls die nicht genannt werden, ist dann so, okay, kann ich verstehen, aber wenigstens ein Beispiel ist dann auch schon wieder so, nee, gibt keine Quellenangabe, okay.","Sprecher 1"
"551170","561090"," Weil das ist dann schon wieder, wenn es nur genannt wird, hey, es gibt parteiloser Experten oder Fachkräfte, ist dann die Frage, okay, kann ich die jetzt nachgoogeln?","Sprecher 1"
"561850","568290"," Würde halt, wenn da jetzt zum Beispiel einer steht, den ich nachgoogeln könnte, würde halt die Glaubhaftigkeit auf jeden Fall steigen.","Sprecher 1"
"583930","589530"," Generell ist alles, dass die halt Sachen, also ich weiß nicht, ob du mit Absicht die Quellen ausgelassen hast.","Sprecher 1"
"590370","591610"," Die Artikel sind original.","Sprecher 1"
"592470","601650"," Okay, perfekt, also ja, weil das Blöde ist halt dann, weil die auch nie wirklich was Genaueres nennen,","Sprecher 1"
"602430","606830"," sondern das alles macht es ein bisschen unglaubwürdiger, würde ich sagen,","Sprecher 1"
"606830","612430"," weil die halt einfach so schreiben, was die Angestellten von Abgeordneten","Sprecher 1"
"612430","618250"," dann für das vom jeweiligen Parlament gezahlte Gehalt, also was die Angestellten von Abgeordneten,","Sprecher 1"
"618330","623170"," ist dann so, okay, die dürfen ja halt wegen Privatförderung,","Sprecher 1"
"623210","627130"," so dürfen die ja nicht darauf weiter eingehen, aber das ist dann so, okay,","Sprecher 1"
"627670","630410"," ich weiß nicht, wie man es anders, aber es ist weird geschrieben,","Sprecher 1"
"630550","635230"," das ist auf jeden Fall ein bisschen die Glaubwürdigkeit, würde ich sagen.","Sprecher 1"
"653180","663400"," Könnten zum Beispiel auch halt, ich weiß jetzt nicht, wenn es Zeitungsartikel dabei wären, wären Plakate, würden die Plakatbilder oder so zeigen, würde es auch mehr Glaubwürdiger sein.","Sprecher 1"
"666280","672420"," Die sind alle, alle Artikel sind Zähntext, damit die Quellen und alles, da ist gar kein Bias, entsteht auch Montes.","Sprecher 1"
"672840","680140"," Ah, okay, okay, ja, weil das wäre zum Beispiel, würden Plakat, also zum Beispiel selbst das Plakatleben,","Sprecher 1"
"681000","685120"," ist so, würden die ein paar Bilder halt von mehreren Plakaten oder so,","Sprecher 1"
"685260","688520"," wo halt mehrere so abgezeigt sind, weil es in Deutschland ist ja oft so,","Sprecher 1"
"688560","692380"," du hast so eine Straßenseite, wo mehrere Plakate hängen, das würde halt dann wieder zeigen,","Sprecher 1"
"692480","698280"," hey, okay, ja, ich sehe es ja mit eigenen Augen, so aus dem Aspekt her.","Sprecher 1"
"699760","704600"," Wie gesagt, schreiben kann jeder aber halt, wenn das andere mit dem Sehen noch dazu.","Sprecher 1"
"715550","721470"," Das ist dann schon wieder so, französische Justizfreundin war Le Pen und 24 weitere Personen.","Sprecher 1"
"721830","725210"," Das ist dann so zum Beispiel so, der Name steht dabei, ich glaube es eher.","Sprecher 1"
"726570","729890"," Es geht ja auch um die Person, aber, genau.","Sprecher 1"
"746590","754130"," Einfach so ist das die umfassende Verschärfung parlamentarischer Assistenz zwischen 2004 und 2016.","Sprecher 1"
"754990","756950"," Das macht es ein bisschen glaubwürdiger, würde ich sogar sagen.","Sprecher 1"
"758130","762850"," Das könnte ich halt jetzt wieder nachgoogeln, so von dem Aspekt her.","Sprecher 1"
"781270","794230"," Was mich verwirrt, ist, dass gefühlt bleiben die nicht bei dem gleichen Schreibstil oder ich lese es ganz komisch, was halt wieder von der Glaubwürdigkeit ein bisschen was wegnehmen würde.","Sprecher 1"
"813990","816110"," Das ist wieder cool, dass die halt wieder die Orte nennen.","Sprecher 1"
"817020","822310"," Das ist dann so, okay, ihr nennt ja die Orte, was mehr darauf eingeht.","Sprecher 1"
"824380","829380"," Oder zum Beispiel 99% der Angestellten von Twitter.","Sprecher 1"
"831780","839260"," Da wäre wieder gut, wenn es dazu eine Quelle gäbe, also wenn die das in den Artikel irgendwie reinbringen könnte.","Sprecher 1"
"840600","845880"," Aber das wäre dann so, an sich macht es glaubwürdig sowas.","Sprecher 1"
"847420","850260"," Aber der Gegenspruch ist wieder, dass da keine Quelle ist.","Sprecher 1"
"851360","854100"," Ich habe durch die Uni gelernt, Quellen sind wichtig.","Sprecher 1"
"881390","907290"," Ich weiß nicht, ob das auch einfach nur was ist, was ich persönlich nicht machen würde, aber sowas in Klammern dahinter zu schreiben, das macht halt einfach genau wieder wegen dem Schreibstil und wie man schreibt, blablabla, macht es, nimmt von der Glaubwürdigkeit was ab.","Sprecher 1"
"931730","936130"," Aber so Wörter wie machtaktisch, das ist schon wieder typisch.","Sprecher 1"
"940010","952330"," Artikel, wo man halt weiß, hey, du hast die Gedanken darüber gemacht, dass man halt wirklich weiß, okay, ich glaube das jetzt eher, weil niemand würde das halt normal einfach reinschreiben.","Sprecher 1"
"952550","968230"," Klar, man kann da auch lügen, das ist immer das, aber ich mache halt auch viel von der Schriftweise, bei solchen Artikeln und den Quellen, mache ich halt auch oft die Glaubwürdigkeit fest.","Sprecher 1"
"969290","982170"," Deswegen ist halt so, je professioneller, also es gibt so einen Grad zwischen professionell und zu professionell, aber es ist so, zum Beispiel ist so ein Wort, ein machtaktisches, ist halt so noch ein professionelles Wort, was halt noch zu Glaubwürdigkeit ist.","Sprecher 1"
"983010","987470"," Es ist halt so eigen, halt von mir aus.","Sprecher 1"
"999260","1000760"," Wie hieß das Wort?","Sprecher 2"
"1023230","1025390"," Ah, okay, deswegen sind jetzt so drei andere.","Sprecher 1"
"1037030","1042750"," Zum Beispiel auch wieder das Wort konsolidieren, ist halt auch wieder so ein Wort.","Sprecher 1"
"1050270","1051290"," Okay.","Sprecher 1"
"1054770","1057170"," Und die erste Frage, du bist T6.","Sprecher 1"
"1059570","1060210"," T6?","Sprecher 1"
"1060650","1066150"," Ja, weil ich so dann differenzieren kann sofort bei denen, welche Singular gemacht haben und welche nicht.","Sprecher 1"
"1067050","1067270"," So?","Sprecher 1"
"1068050","1068370"," Genau.","Sprecher 2"
"1069210","1069730"," Okay, perfekt.","Sprecher 1"
"1071870","1076970"," Das Problem ist die Schriftweise.","Sprecher 1"
"1081330","1082550"," Jetzt so eine 5.","Sprecher 1"
"1086020","1087040"," Wie sicher bin ich mir?","Sprecher 1"
"1087860","1090300"," Ich bin mir nicht sicher bei irgendwas.","Sprecher 1"
"1090300","1126980"," Ich würde erst mal sagen, er hat eine Frage, weil der Sprachstil, wie er mich beeinflusst hat, wie war das mit emotional und sachlich?","Sprecher 1"
"1127420","1129780"," So wie du die Frage liest.","Sprecher 1"
"1130720","1134980"," Also wie es dich beeinflusst hat, emotional oder sachliche Sprache, wie hoch der Effekt auf dich ist.","Sprecher 1"
"1137660","1140720"," Und was wäre zum Beispiel so emotional, also ich verstehe nicht die...","Sprecher 1"
"1140720","1142480"," Sehr emotional ist die Aus.","Sprecher 1"
"1143800","1147360"," Aber wie kann ich emotional beeinflussen, also das verstehe ich nicht.","Sprecher 1"
"1148700","1154200"," Das ist eher eine Einschätzung, bei der ersten Einschätzung wie emotional und wie sachlich bin ich.","Sprecher 1"
"1154400","1155460"," Oder wie sachlich bin ich.","Sprecher 1"
"1155740","1158660"," Ach so, okay, passt, danke.","Sprecher 1"
"1190130","1193110"," Soll ich da auch irgendwas dazu sagen oder lieber lassen?","Sprecher 1"
"1193910","1195310"," Kannst du machen, wie du möchtest.","Sprecher 1"
"1196370","1196710"," Okay.","Sprecher 1"
"1201390","1205630"," Wenn was nicht logisch erscheint, dann hat es keinen Sinn.","Sprecher 1"
"1208210","1210190"," Boah, die Länge ist halt so egal manchmal.","Sprecher 1"
"1210750","1211670"," Das ist das Problem.","Sprecher 1"
"1215640","1223750"," Ich habe auch das Gefühl, es ist meistens so 50-50.","Sprecher 1"
"1248400","1252660"," Wenn ich glaubwürdige Wörter in Anführungszeichen schreibe, verstehst du dann, was ich meine?","Sprecher 1"
"1280300","1282660"," Genau, und unten drunter ist jetzt der Weiterwarten.","Sprecher 1"
"1283220","1283780"," Ah, da.","Sprecher 1"
"1285920","1286640"," Danke schön.","Sprecher 1"
"1288060","1289060"," Genau, der nächste Artikel.","Sprecher 1"
"1290980","1293820"," Ich liebe generell, solche Titel sind auch immer ganz lustig.","Sprecher 1"
"1295180","1299520"," So, Russland ist ein Friedenstifter, von Armenien über Berlin bis zur Ukraine.","Sprecher 1"
"1300220","1301640"," Ich freue mich auf den Artikel.","Sprecher 1"
"1316760","1317560"," Ich will...","Sprecher 1"
"1317560","1325480"," Es sind solche Sachen, was halt auch wieder bei den Artikeln, weil ja davor war die Frage, auch Vorwissen und Bauchgefühl.","Sprecher 1"
"1327900","1331400"," Es steht ja, was das wieder anders macht.","Sprecher 1"
"1333320","1339980"," Die Glaubwürdigkeit geht ein bisschen runter, wenn mein Vorwissen anders ist.","Sprecher 1"
"1340080","1343460"," Ich mache jetzt nichts Konkretes, nicht, dass ich mir Scheiße erzähle.","Sprecher 1"
"1344620","1357360"," Wenn ich zum Beispiel ein anderes Vorwissen habe, aber das in den Artikeln mein Vorwissen halt nicht was anderes sagt, also das kollidiert sozusagen.","Sprecher 1"
"1358260","1362700"," Und das sich halt irgendwie noch so anders darstellt irgendwie.","Sprecher 1"
"1363300","1365680"," Das dann so, weiß ich nicht.","Sprecher 1"
"1366900","1372680"," Einfach nur, solche Sätze zum Beispiel sind in unserer DNA-Code verankert.","Sprecher 1"
"1373580","1383820"," Okay, so ein Satz finde ich generell auch an sich blöd, wo dann auch wieder so ist, wegen dem Schreibstil, wo ich sage, Glaubwürdigkeit sinkt absolut.","Sprecher 1"
"1392660","1395930"," Das ist wieder cool, dass sie direkte Beispiele reinbringen.","Sprecher 1"
"1397160","1399600"," Das steigt natürlich die Glaubwürdigkeit.","Sprecher 1"
"1403440","1407960"," Und dass sie das auch ein bisschen ausführlicher machen.","Sprecher 1"
"1411310","1412290"," Aber wieder diese Klammern.","Sprecher 1"
"1414850","1417790"," Die Wortwahl für dieses Erinnern sie sich an.","Sprecher 1"
"1417790","1421410"," Das ist schon wieder so, okay, weiß ich jetzt nicht.","Sprecher 1"
"1421590","1423610"," Macht schon wieder so einiges kaputt.","Sprecher 1"
"1433010","1438550"," Gefühlt, dass sie versuchen, Sympathie oder beziehungsweise auf den Menschen direkt zu sprechen.","Sprecher 1"
"1439190","1442290"," So als hätten die gelogen und so, hey, bist du dir sicher?","Sprecher 1"
"1442390","1443230"," Erinnere dich mal.","Sprecher 1"
"1443230","1445110"," So, okay, nee.","Sprecher 1"
"1446950","1447390"," Genau.","Sprecher 1"
"1467040","1485540"," Das finde ich, weil die das Beispiel direkt weiter ausschreiben, das macht es halt sehr viel besser, vor allem, dass sie es ein bisschen genauer, weil es ist halt gut für Leute, die es ja nicht wissen.","Sprecher 1"
"1486680","1489960"," Weil ich persönlich habe das jetzt nicht gewusst und so, okay, die erklären das.","Sprecher 1"
"1489960","1492180"," Ah, okay, gut, das klingt schon mal richtig.","Sprecher 1"
"1492400","1494220"," Das klingt schon mal, würde ich eher glauben.","Sprecher 1"
"1498520","1501240"," Da wäre dann wieder dieser emotionale Aspekt von mir höher.","Sprecher 1"
"1511630","1517290"," Es gibt wieder einen Pluspunkt für die Glaubwürdigkeit, dass die es so brutal auch darstellen.","Sprecher 1"
"1517530","1523810"," Also nicht darstellen, wirklich, aber halt sagen, hey, nicht irgendwie so nett schreiben, sondern hey, Mädchen wurden vergewaltigt.","Sprecher 1"
"1524390","1524830"," Fertig.","Sprecher 1"
"1538080","1541380"," Ah ja, da schreiben sie auch wieder Nikolaus II.","Sprecher 1"
"1541740","1553520"," Einfach der Name ist so, hey, die geben mir mehr Informationen, mit denen ich arbeiten kann, wo ich mir nachschauen kann dann dafür, aber was halt jetzt mal mehr die Glaubwürdigkeit steigen lässt.","Sprecher 1"
"1580400","1587940"," Da wird es schon wieder ein bisschen, also das ist das Schöne, wie gesagt, dass sie das so ausmachen, halt so ausschreiben.","Sprecher 1"
"1589200","1607080"," Wird auch halt dann sehr viel lebendiger wiedergeschrieben, was halt da oben auch war, nur hier unten fällt es mir gerade einfach auf, zum Beispiel einfach nur, der Trend der Dankbarkeit stand auf den Gesichtern der Leidenden.","Sprecher 1"
"1612090","1616130"," Okay, versuchst du mir gerade wieder eine Geschichte zu erzählen oder bei den Fakten zu bleiben?","Sprecher 1"
"1647930","1664930"," Ist wieder cool, dass die, was die Glaubwürdigkeit eher steigen lässt, dass die persönliche Beispiel, halt jetzt Deutschland mit reinbringen, genau, dann kann man eher mit diesem Vorwissen, kann man arbeiten.","Sprecher 1"
"1692440","1704580"," Was mich wundert, ist, dass die das Gefühl hier nicht so lebendig schreiben, lässt die dann im Schreibstil für die Glaubwürdigkeit ein bisschen zweifeln.","Sprecher 1"
"1734360","1746000"," Das ist, was mir gerade auch auffällt, genau, was ich am Anfang, was untergegangen ist, was halt die Glaubwürdigkeit, was daran zweifeln lässt, ist einfach, die versuchen uns auf eine Seite zu bringen.","Sprecher 1"
"1746160","1764260"," Die versuchen es nicht sachlich, halt nicht Bias zu machen, sondern die versuchen uns ja von einer Seite wirklich zu überzeugen, wo ich mir so denke, ein Artikel, der mir Fakten bringt, sollte halt auch sachlich bleiben und nicht irgendwie versuchen, uns halt auf die eine Seite zu bringen.","Sprecher 1"
"1765640","1767060"," Genau, T6 meinst du?","Sprecher 1"
"1767480","1767660"," Genau.","Sprecher 1"
"1768800","1769200"," Perfekt.","Sprecher 1"
"1784170","1814750"," Die Frage ist, wird hier, ja, hier ist schon ein gutes Mittelmaß, weil es gibt viele Sachen, die einfach so sind, so hey, ergibt schon Sinn, dass es einfach logisch ist, beziehungsweise halt bei den Fakten bleiben, dann bei anderen ist es schon wieder so, hey, sicher ist es nicht, wie das alles runterbringt.","Sprecher 1"
"1818160","1819360"," Wie sicher bin ich mir?","Sprecher 1"
"1821430","1822610"," Ich bin mir nicht sicher.","Sprecher 1"
