"start,""end"",""text"",""speaker"""
"4470,""8370"","" Hallo, vielen Dank, dass du an meiner Studie teilnimmst."",""Sprecher 1"""
"9110,""10670"","" Wir beginnen auch sofort."",""Sprecher 1"""
"24280,""26520"","" Dieses Meeting wird aufgezeichnet."",""Sprecher 1"""
"30950,""31910"","" Genau, perfekt."",""Sprecher 2"""
"35270,""37810"","" Herzlich willkommen bei meiner Online-Studie und bei meiner Bachelorarbeit."",""Sprecher 1"""
"38110,""39330"","" Vielen Dank, dass du teilnimmst."",""Sprecher 1"""
"39390,""40530"","" Wir starten auch sofort."",""Sprecher 1"""
"41130,""46290"","" Einmal ist hier die Einverständniserklärung mit allen relevanten Fakten zur Studie."",""Sprecher 1"""
"46430,""50810"","" Es ist eben die Online-Studie zu meiner Bachelorarbeit von der Bewertung zur Verifikation."",""Sprecher 1"""
"50890,""55310"","" Eine Studie, Glaubwürdigkeit Bewertung von Nachrichten und den Einsatz von LLMs zur Verifikation."",""Sprecher 1"""
"57670,""60970"","" Es dauert 60 bis 90 Minuten."",""Sprecher 1"""
"61770,""68810"","" Alle Fragebögen, alle Daten sowie das Video werden aufgezeichnet und die Chat-Protokolle werden gespeichert."",""Sprecher 1"""
"68950,""70650"","" Alles liegt bei mir lokal bzw."",""Sprecher 1"""
"71170,""76370"","" auch von mir gehosteten Seiten und wird sobald wie möglich dann gelöscht."",""Sprecher 1"""
"76790,""81330"","" Und der erste Teil, es ist insgesamt eine dreistufige Studie."",""Sprecher 1"""
"81430,""88870"","" Der erste Teil ist das Lesen von Nachrichten, Artikeln und dem nachkommenden Fragebogen, bei dem man immer bewerten soll, wie die Glaubwürdigkeit eingeschätzt wird."",""Sprecher 1"""
"89310,""90630"","" Du bist im Think-Aloud-Protokoll."",""Sprecher 1"""
"90730,""92730"","" Das heißt, du sollst dabei bitte laut denken."",""Sprecher 1"""
"93130,""96590"","" Wenn du zu lange nicht laut denkst, sage ich den Reminder, bitte laut denken."",""Sprecher 1"""
"97610,""109730"","" Der zweite Teil ist dann eben die Verifikation dieser Nachrichtenartikel mithilfe eines selbstgeschriebenen Chatbots, der auf der API von OpenAI beruht."",""Sprecher 1"""
"110810,""114970"","" Die Nachrichtenartikel werden dir auf der linken Bildseite, Bildschirmseite angezeigt."",""Sprecher 1"""
"115070,""116410"","" Der Chatbot ist auf der rechten."",""Sprecher 1"""
"116950,""132250"","" Da ich nicht die große Rechnungsleistung habe wie Chat-TPT, ist die Generierung der Antworten etwas länger und die letzte Phase ist dann noch ein kurzer Frageboden zu demografischen Daten als auch der Nutzung von, also zum Medienkonsum."",""Sprecher 1"""
"132830,""139710"","" Wenn du einverstanden bist, einmal bitte hier Namen und E-Mail-Adresse reinschreiben und zustimmen."",""Sprecher 1"""
"164280,""176830"","" Hier wird nochmal die erste Phase der Studie erläutert."",""Sprecher 1"""
"176970,""180390"","" Da wir zusammen in einem Raum sind, liegt der Fokus jetzt auf dir."",""Sprecher 1"""
"180630,""182270"","" Man kann mich hören in den Aufnahmen."",""Sprecher 1"""
"183510,""186610"","" Einmal kurz durchlesen und sobald du bereit bist, auch weitergehen."",""Sprecher 1"""
"218650,""220010"","" Genau, hier sind wir beim ersten Artikel."",""Sprecher 2"""
"220270,""221610"","" Bitte daran denken, laut zu denken."",""Sprecher 2"""
"344780,""347060"","" Ich mache mir jetzt schon meine Gedanken."",""Sprecher 1"""
"348760,""353440"","" Ich bin jetzt schon eher auf dem Thema, dass es wahrscheinlich eher ein falscher Artikel ist."",""Sprecher 1"""
"357860,""368380"","" Das werde ich dann natürlich erneuern, aber aufgrund von Wissen einfach der Politik und manche Aussagen sind ein bisschen schwierig geschrieben."",""Sprecher 1"""
"368700,""374140"","" Es wirkt ein bisschen schwammig und fadenscheinig."",""Sprecher 1"""
"422900,""428940"","" Lachen Gegner an den kreativen Beschäftigungsmodell der systemkonformen Parteien."",""Sprecher 1"""
"429540,""431460"","" Das ist sehr, sehr hart formuliert."",""Sprecher 1"""
"431580,""433700"","" Das glaube ich nicht, dass das ein Journalist so schreiben würde."",""Sprecher 1"""
"434040,""434780"","" Das kann ich mir nicht vorstellen."",""Sprecher 1"""
"486370,""489010"","" Du bist bitte nicht dein Name hier, sondern T7."",""Sprecher 1"""
"491430,""491850"","" Richtig?"",""Sprecher 1"""
"492310,""492970"","" Ja, perfekt."",""Sprecher 1"""
"498010,""499210"","" Hier geht es dann in zwei an."",""Sprecher 1"""
"499450,""500470"","" Soll ich hier auch laut denken?"",""Sprecher 1"""
"500810,""501150"","" Ja, bitte."",""Sprecher 1"""
"502030,""503330"","" Also überhaupt nicht."",""Sprecher 1"""
"503390,""508970"","" Glaubwürdig finde ich immer in der heutigen Zeit ein bisschen schwierig, denn wir leben in einer verrückten Welt."",""Sprecher 1"""
"509650,""518549"","" Manche Nachrichten sind ja wirklich leider zu 100 Prozent echt, obwohl sie vielleicht erst mal nicht so wirken."",""Sprecher 1"""
"518710,""519450"","" Aber so ist es."",""Sprecher 1"""
"519650,""525050"","" Aber trotzdem eher unglaubwürdig, weil es ein sehr fadenscheinig geschriebener Artikel ist mit meinem Wissen dahinter."",""Sprecher 1"""
"526270,""531670"","" Und auch manche Aussagen glaube ich nicht, dass das so abgedruckt werden würde oder irgendwo erscheinen würde."",""Sprecher 1"""
"540820,""544000"","" 100 Prozent sicher kann man sich nie sein, aber relativ sicher."",""Sprecher 1"""
"588000,""594000"","" Die Länge und die Ausführlichkeit des Artikels fand ich eigentlich angemessen für einen Meinungsartikel."",""Sprecher 1"""
"594720,""598920"","" Wenn es ein Meinungsartikel sein sollte oder ein Faktenartikel, fand ich es eigentlich okay."",""Sprecher 1"""
"603130,""605610"","" Ja, und Bauchgefühl, Intuition ist das einfach."",""Sprecher 1"""
"605970,""606990"","" Das leitet mich so über immer."",""Sprecher 1"""
"677650,""678710"","" Jetzt hier einfach weiter."",""Sprecher 2"""
"679010,""679610"","" Genau, bitte."",""Sprecher 2"""
"680930,""681850"","" Und jetzt ist der nächste."",""Sprecher 2"""
"683650,""684690"","" Wieder laut denken."",""Sprecher 2"""
"692120,""698200"","" Ich muss gleich zu Anfang lachen, weil der erste Schatz im Laufe seiner Geschichte war Russland ein Land der Friedenstifter."",""Sprecher 1"""
"703310,""704670"","" Dem stimme ich mal nicht zu."",""Sprecher 1"""
"766740,""767660"","" Bitte laut denken."",""Sprecher 1"""
"768020,""772480"","" Ja, tatsächlich manche Aussagen weiß ich nicht, ob die stimmen."",""Sprecher 1"""
"773120,""777960"","" Tatsächlich kenne ich mich da zu wenig aus, aber das hört sich alles sehr fadenscheinig für mich an, wenn ich ehrlich bin."",""Sprecher 1"""
"788310,""798230"","" Und auch das mit dem Zweiten Weltkrieg irgendwie ein bisschen schwierig zu sagen, dass das die Barmherzigkeit Russlands war, dass die da als Siegermacht mit hervorgehen."",""Sprecher 1"""
"798550,""830130"","" Aber ja, genau."",""Sprecher 1"""
"830370,""849080"","" Und warum sollte das russische Volk, das deutsche Volk, das ja in der Weltpolitik mit Schuld oder alleinige Schuld am Zweiten Weltkrieg gerettet werden, obwohl die Bevölkerung von Russland selbst verhungert."",""Sprecher 1"""
"849360,""850320"","" Aber gut."",""Sprecher 1"""
"857590,""858930"","" Und immer wieder unser Präsident."",""Sprecher 1"""
"859170,""860810"","" Also für mich ist das ja in Deutsch geschrieben."",""Sprecher 1"""
"861290,""866910"","" Also unser Präsident in Deutschland oder unser Kanzler ist ja nicht Putin."",""Sprecher 1"""
"875220,""882980"","" Da das ja ein relativ aktueller Artikel sein soll oder ist, darf man nicht vergessen, dass seit über drei Jahren Krieg in der Ukraine herrscht."",""Sprecher 1"""
"883940,""885700"","" Das sehe ich jetzt nicht als Friedensstifter."",""Sprecher 1"""
"886100,""888520"","" Deswegen sage ich gleich mal vorweg, der Artikel ist falsch."",""Sprecher 1"""
"896880,""899580"","" Also das ist eindeutig überhaupt nicht jahrwürdig."",""Sprecher 1"""
"900280,""901900"","" Da bin ich mir auch sehr, sehr sicher."",""Sprecher 1"""
"906300,""910400"","" Der Sprachstil ist es jetzt nicht einmal, muss ich ganz ehrlich sagen."",""Sprecher 1"""
"910540,""911060"","" Also überhaupt nicht."",""Sprecher 1"""
"911120,""911660"","" Ist auch schwierig."",""Sprecher 1"""
"912040,""921960"","" Aber Informationsgehalt und Faktendichte, naja, also der falsche Informationsgehalt und die falschen Fakten war natürlich sehr ausschlaggebend."",""Sprecher 1"""
"923180,""924960"","" Struktur und Logik der Argumentation."",""Sprecher 1"""
"925100,""928020"","" Ich meine, wenn man eine Lügengeschichte aufbaut, die war schon schön aufgebaut."",""Sprecher 1"""
"928440,""931960"","" Aber Vorwissen und Fakten natürlich absolut."",""Sprecher 1"""
"934040,""937340"","" Plausibilität der Informationen, ja, weil sie eben nicht plausibel waren."",""Sprecher 1"""
"938520,""947180"","" Länge und Ausführlichkeit war jetzt nicht ausschlaggebend, tatsächlich angemessen, lang, kurz, wie man es auch sehen möchte."",""Sprecher 1"""
"947940,""953400"","" Eindruck des Textes, ja, natürlich wusste ich, dass es nicht richtig gehen aus, wie mein Bauchgefühl."",""Sprecher 1"""
"953520,""955200"","" Also da bin ich mir zu tausend Prozent sicher."",""Sprecher 1"""
"968730,""969830"","" Und was war ausschlaggebend?"",""Sprecher 1"""
"969990,""971710"","" Ja, das ist natürlich mein Vorwissen in der Geschichte."",""Sprecher 1"""
"972090,""974690"","" Die aktuelle politische Lage, ganz einfach."",""Sprecher 1"""
"975190,""982730"","" Und auch falsche Satzbildung, meiner Meinung nach, mit unser Präsident."",""Sprecher 1"""
"985940,""987960"","" Das ist ja schließlich ein deutscher Artikel gewesen."",""Sprecher 1"""
"996520,""1010780"","" Und also was nochmal sehr, sehr prägnant war, ist diese Hungersnot, dass man deutsche Bevölkerung rettet."",""Sprecher 1"""
"1015580,""1017540"","" Obwohl, russische Verhungern."",""Sprecher 1"""
"1018320,""1033880"","" Das war jetzt aber auch nochmal eindeutiger als beim ersten Artikel."",""Sprecher 1"""
"1084070,""1087090"","" Also ich habe noch nie was von einer Kaja Kallers gehört."",""Sprecher 1"""
"1087250,""1090310"","" Das ist die Vizepräsidentin der EU-Kommission tatsächlich."",""Sprecher 1"""
"1091030,""1093450"","" Mag jetzt auch sein, dass ich da nicht super bewandert bin."",""Sprecher 1"""
"1093770,""1098970"","" Aber mir wäre auch neu, dass Russland ein Vetorecht im UN-Sicherheitsrat hat."",""Sprecher 1"""
"1101570,""1103210"","" Also wäre mir neu tatsächlich."",""Sprecher 1"""
"1104230,""1110050"","" Aber auch die im ukrainischen Lviv, die Stadt habe ich auch noch nie gehört."",""Sprecher 1"""
"1198800,""1201980"","" Wäre neu, dass Russland im Europarat tatsächlich ist."",""Sprecher 1"""
"1209410,""1211350"","" Da kommt in Straßburg wäre mir auch neu."",""Sprecher 1"""
"1218430,""1222470"","" Und das Gericht dann halb ukrainisch, halb international, das kann ich mir auch schlecht vorstellen."",""Sprecher 1"""
"1226130,""1228070"","" Das wäre dann schon sehr befangen."",""Sprecher 1"""
"1267170,""1268830"","" Das wäre mir alles sehr neu."",""Sprecher 1"""
"1269970,""1276670"","" Die ganzen Informationen, die da drinnen stehen, wo man einfach dann doch dem weltpolitischen Geschehen aktuell nicht entgehen kann."",""Sprecher 1"""
"1287160,""1290340"","" Dass seine Minister mit angeklagt werden, könnte ich mir auch schlecht vorstellen."",""Sprecher 1"""
"1306720,""1308720"","" Ja, Bersette habe ich tatsächlich auch noch nie gehört."",""Sprecher 1"""
"1308800,""1311040"","" Der Name der Generalsekretär vom Europarat."",""Sprecher 1"""
"1339520,""1340400"","" Nur BZT."",""Sprecher 1"""
"1340500,""1342360"","" Ich glaube, ich habe es gerade falsch gemacht."",""Sprecher 1"""
"1347240,""1349980"","" Also da will ich jetzt gar nicht auf die 1 überhaupt nicht glauben."",""Sprecher 1"""
"1350160,""1352960"","" Weil ich es trotzdem tatsächlich sehr, sehr gut geschrieben fand."",""Sprecher 1"""
"1354780,""1359980"","" Jetzt ohne irgendwelche besonderen Spitzen irgendwie im Wortschatz."",""Sprecher 1"""
"1360540,""1361900"","" Also es war schon sehr gut geschrieben."",""Sprecher 1"""
"1362120,""1379360"","" Es ist einzig und allein tatsächlich das Wissen, das ich glaube zu besitzen über die aktuelle Lage und über aktuelle politische Vorgehensweisen, dass ich denke eben, dass es nicht richtig ist."",""Sprecher 1"""
"1379420,""1381020"","" Aber das war jetzt schon schwerer zu erkennen."",""Sprecher 1"""
"1389580,""1394820"","" Also Sprachstil, dass es eben vielleicht auch so sachlich und gut geschrieben war, muss ich ja wirklich sagen."",""Sprecher 1"""
"1395560,""1398640"","" Fällt es mir auch vielleicht deshalb schwerer, das zu sagen."",""Sprecher 1"""
"1400240,""1400760"","" Informationsgehalt."",""Sprecher 1"""
"1401440,""1402240"","" Ja, das ist jetzt schwierig."",""Sprecher 1"""
"1402400,""1409970"","" Da würde ich tatsächlich aufs Mittelfeld gehen, weil Dichte war gut."",""Sprecher 1"""
"1410910,""1415810"","" Struktur und Logik habe ich jetzt aber tatsächlich nicht beeinflusst."",""Sprecher 1"""
"1416410,""1419450"","" Vorwissen hat mich natürlich, also das hat mich sehr stark beeinflusst."",""Sprecher 1"""
"1419510,""1421510"","" Ganz klar, Plausibilität somit auch."",""Sprecher 1"""
"1421610,""1423270"","" Das gehört für mich zusammen in dem Punkt."",""Sprecher 1"""
"1424290,""1428750"","" Länge und Ausführlichkeit hat mich jetzt nicht unbedingt beeinflusst."",""Sprecher 1"""
"1429030,""1430490"","" Wie gesagt, waren normal gute Artikel."",""Sprecher 1"""
"1431090,""1433270"","" Eindruck des Textes als professionell."",""Sprecher 1"""
"1433690,""1438270"","" Ja, also es hat mich schon beeinflusst, weil ich eben mir jetzt nicht ganz sicher bin tatsächlich."",""Sprecher 1"""
"1439570,""1442070"","" Bauchgefühl und Intuition, ja klar, sowieso immer."",""Sprecher 1"""
"1444050,""1445830"","" Und was waren die ausschlaggebenden Gründe?"",""Sprecher 1"""
"1446690,""1493210"","" Aktuell einfach wieder das Vorwissen der politischen Weltlage, dass ich mir nicht vorstellen kann, dass das vermeintliche Vetorecht von Russland in einem EU-Rat, die Aufteilung der Mitglieder mit Hälfte Ukrainer und der eine Name, den ich genannt hatte, der Alain, ich weiß nicht mehr, wie er mit Nachnamen heißt, aber der kam mir auch ganz neu vor."",""Sprecher 1"""
"1502300,""1530470"","" Ja, die Aufzeichnung läuft noch, glaube ich."",""Sprecher 2"""
"1549350,""1550670"","" Ja, gerne einfach trinken."",""Sprecher 2"""
"1562720,""1568600"","" Okay, da fällt mir gleich mal auf, dass im ersten oder im zweiten Satz steht, ist ein Schreibfehler."",""Sprecher 1"""
"1569060,""1571320"","" Würdigt die Jury russische Propaganda?"",""Sprecher 1"""
"1571620,""1575260"","" Also wenn, dann wäre es ja russische Propaganda, das ist fatal."",""Sprecher 1"""
"1576620,""1590840"","" Und das könnte ich mir tatsächlich nie vorstellen, auch wenn ich den Award nicht kenne, den es vielleicht durchaus geben mag, dann bin ich jetzt nicht so bewandert, aber da ist ein Schreibfehler drin und das einfach aus gesundem Menschenverstand könnte ich mir das niemals vorstellen."",""Sprecher 1"""
"1592000,""1593820"","" Aber das mal zu Beginn."",""Sprecher 1"""
"1613760,""1617600"","" Da auch wieder Odessa werde mit zwei S geschrieben, nicht mit einem S."",""Sprecher 1"""
"1637480,""1638760"","" Auch wieder Schreibfehler."",""Sprecher 1"""
"1639480,""1644400"","" Ausgerechnet seine Reportage über die regierungskritische Proteste in Georgien und Anerkennung."",""Sprecher 1"""
"1645760,""1648120"","" Ganz schwierig zu lesen, wenn so viele Schreibfehler drin sind."",""Sprecher 1"""
"1650500,""1656720"","" Hier auch falsche Zeichensetzung, dass der Wettbewerb Fotografen auszeichnet, mit Anführungszeichen."",""Sprecher 1"""
"1657880,""1661080"","" Wenn das ein Zitat sein soll, dann okay, aber hier auch."",""Sprecher 1"""
"1662460,""1664900"","" Hier drei, hier zwei Anführungszeichen."",""Sprecher 1"""
"1673200,""1674600"","" Genau, ja."",""Sprecher 1"""
"1677660,""1682160"","" Also allgemein die ganze Zeichensetzung ist sehr schwierig zu lesen, sehr anstrengend."",""Sprecher 1"""
"1687700,""1698240"","" Also ich werde es jetzt nicht noch hundertmal erwähnen, aber immer wieder diese Rechtschreibfehler und Stattverurteilung."",""Sprecher 1"""
"1725670,""1749420"","" Hier auch falsche Info, hier steht die georgische Reporterin, oben war es tatsächlich noch eine, ach nee, das war eine Kuratorin, aber da auch fehlender Absatz."",""Sprecher 1"""
"1815480,""1818660"","" Ihr Bedarf an Fremdsort benutzt russisches Guildwashing."",""Sprecher 1"""
"1820340,""1827240"","" Aus dem vorherigen Kontext kann es jetzt vielleicht jemand schließen, aber eigentlich würde in einem Artikel nie sowas stehen, ohne dass es dann direkt danach erklärt wird."",""Sprecher 1"""
"1833480,""1841640"","" Es handelt sich bei allen Artikeln um real erschienene Glaubwürdigkeit."",""Sprecher 2"""
"1868560,""1884600"","" Irgendwie auch der rote Faden fehlt irgendwie komplett da sind so viele Informationen, kurz angeteasert, aber irgendwie fehlt da der komplett rote Faden in dem Artikel, dass es ja eigentlich um dieses Foto, um diesen Award geht."",""Sprecher 1"""
"1888130,""1892750"","" Es fehlt auch sehr schwer, den zu lesen, weil eben so viele unterschiedliche Informationen kommen."",""Sprecher 1"""
"1967960,""1969740"","" Also es erscheint mir überhaupt nicht glaubwürdig."",""Sprecher 1"""
"1971340,""1974000"","" Ich bin mir da tatsächlich wieder sehr sicher."",""Sprecher 1"""
"1976700,""1989600"","" Der Sprachstil, also emotional versus sachlich würde ich jetzt nicht unbedingt sagen, aber ich würde das jetzt hier auch tatsächlich mit dieser Rechtschreibung mit reinnehmen, weil das wirklich sehr sehr prägnant war und das hat mich sehr sehr stark beeinflusst."",""Sprecher 1"""
"1997120,""2006460"","" Informationsgehalt und Faktendichte, ja, also das hat mich auch sehr stark beeinflusst, weil das ist das, was ich gesagt habe, zwischendurch so viele Informationen, man weiß eigentlich gar nicht mehr, was mit dem Thema zu tun hat."",""Sprecher 1"""
"2007400,""2009960"","" Struktur und Logik, ja genau, das sehe ich genauso."",""Sprecher 1"""
"2010280,""2019240"","" Vorwissen würde ich jetzt tatsächlich sagen, hat mich eher weniger beeinflusst, denn ich kenne keine Foto-Awards oder Sonstiges."",""Sprecher 1"""
"2019440,""2021120"","" Das könnte schon durchaus sein, dass das so heißt."",""Sprecher 1"""
"2022740,""2034290"","" Plausibilität, ja genau, hat mich das stark, ja jetzt nicht unbedingt, also natürlich, es würde nicht unbedingt vorkommen, aber das würde ich jetzt nicht mal so als ausschlaggebenden Punkt bezeichnen."",""Sprecher 1"""
"2035330,""2038810"","" Länge und Ausführlichkeit, des Artikels auch eher nicht tatsächlich."",""Sprecher 1"""
"2041870,""2049130"","" Es war ein guter Meinungsartikel von der Länge her."",""Sprecher 1"""
"2050110,""2058850"","" Eindruck des Textes, ja, also es hat mich sehr beeinflusst, weil es eben sehr unprofessionell gewirkt hat und Bauchgefühl, klar, beeinflusst mich auch immer."",""Sprecher 1"""
"2061820,""2065580"","" Also es war hauptsächlich Rechtschreibung, Rechtschreibung und Grammatik."",""Sprecher 1"""
"2069989,""2085850"","" Der fehlende rote Faden, diese Zusammenhangslosigkeit, einfach."",""Sprecher 1"""
"2105380,""2107200"","" Herzlichen Dank für die Bewertung."",""Sprecher 1"""
"2108000,""2122500"","" Genau, jetzt kommt der Artikel nochmal und auf der anderen Seite, also auf der linken Seite des Bildschirms und auf der rechten Seite ist der Chatbot und jetzt soll bitte die Glaubwürdigkeit oder der Artikel verifiziert werden."",""Sprecher 1"""
"2123740,""2127680"","" Es gibt kein richtiges und kein falsches Vorgehen, einfach."",""Sprecher 1"""
"2129980,""2135170"","" Hier ist der Chatbot, der lädt, unten ist das Chatfenster."",""Sprecher 1"""
"2135950,""2137270"","" Aber das ist ja wieder das Gleiche."",""Sprecher 1"""
"2137630,""2140970"","" Genau, das sind identische Artikel, nur dass man die eben nochmal verauffangt."",""Sprecher 1"""
"2141790,""2171780"","" Okay, also ich würde jetzt hier tatsächlich die Frage stellen, würde jemand wegen, das steht ja hier im Raum, Scheinbeschäftigung so hart verurteilt werden?"",""Sprecher 1"""
"2175600,""2177780"","" Und dann würde ich hier noch was vom Text hinzufügen."",""Sprecher 1"""
"2178980,""2186710"","" Aus dem Text bedarf Backing."",""Sprecher 1"""
"2191540,""2203670"","" Im Text steht, ja der hat, mit Fußfelsen und Geldstrafe."",""Sprecher 1"""
"2205030,""2208510"","" Weil das war ja auch so ein Glaubwürdigkeitsthing, wenn man das kann, kann man sich das eigentlich nicht vorstellen."",""Sprecher 1"""
"2234990,""2236530"","" Aber ich glaube es trotzdem nicht."",""Sprecher 1"""
"2236770,""2244760"","" Also es ist zwar jetzt eine gute Antwort, aber sie hat ja, ging ja auch um Parteifreunde."",""Sprecher 1"""
"2245200,""2249060"","" Also es ist ja die Scheinbeschäftigung von Parteifreunden und nicht sie selbst."",""Sprecher 1"""
"2251140,""2252440"","" Deswegen kann ich mir das nicht vorstellen."",""Sprecher 1"""
"2268080,""2273660"","" Also ich würde jetzt dann tatsächlich auch mal gerne den Chat Bot fragen, weil mich das einfach interessiert, ob er das da erkennt."",""Sprecher 1"""
"2275220,""2301470"","" Weil das einfach journalistisch schon sehr krass ist, wenn man sagt, Politik war schon immer ein großer Selbstbedienungsladen."",""Sprecher 1"""
"2335630,""2340610"","" Also das sieht er auch eher tatsächlich, so wie ich das jetzt gelesen habe, so wie ich."",""Sprecher 1"""
"2341110,""2347850"","" Also klar, es ist eine freie Meinungsäußerung, aber ich kann mir trotzdem nicht vorstellen, dass das so abgedruckt werden würde."",""Sprecher 1"""
"2349190,""2354970"","" Und das einfach Deutschland und Frankreich sind europäische Länder, wir sind demokratische europäische Länder."",""Sprecher 1"""
"2355590,""2362070"","" Klar kommt sowas immer mal wieder vor, aber das sind einfach Einzelfälle und das ist nicht generell so."",""Sprecher 1"""
"2363370,""2366610"","" Das ist einfach meine Auffassung, auch wenn ich den das ganz einfach."",""Sprecher 1"""
"2395270,""2404280"","" Die Aussage würde ich einfach gerne überprüfen lassen, dass sie Gelder vom europäischen Parlament verwendet hat."",""Sprecher 1"""
"2404680,""2414520"","" Das kann ich mir auch schlecht vorstellen, dass sie Gelder aus dem europäischen Parlament verwenden kann als Kandidatin einer Partei für Frankreich."",""Sprecher 1"""
"2479100,""2486670"","" Oh krass, hätte ich nicht gedacht, dass das überhaupt geht."",""Sprecher 1"""
"2489500,""2503700"","" Für mich ist das EU-Parlament so ein bisschen unabhängiges Ding, wo eigentlich, ich sage jetzt mal, nationale Parteien und vor allem auch erst mal Kandidaten, also nicht mal wirklich etablierte Parteien, die gerade regieren."",""Sprecher 1"""
"2504200,""2532040"","" Das würde ich nur gerne überprüfen lassen, aber einfach, weil ich den nicht kenne."",""Sprecher 1"""
"2532600,""2533840"","" Das mag durchaus richtig sein."",""Sprecher 1"""
"2535380,""2541600"","" Ob es diesen Partei-Wahlsieger aus Georgien gibt."",""Sprecher 1"""
"2563640,""2581950"","" Aber es gibt keinen."",""Sprecher 1"""
"2592990,""2605640"","" Aber er wurde nicht verboten, also das ist schon mal eine Falschmeldung."",""Sprecher 1"""
"2607160,""2608000"","" Reicht das?"",""Sprecher 1"""
"2609260,""2610980"","" Das ist komplett individuell."",""Sprecher 1"""
"2611260,""2612240"","" Das muss man selbst bestimmen."",""Sprecher 1"""
"2612540,""2613520"","" Bitte verlassen."",""Sprecher 1"""
"2616730,""2618510"","" Jetzt kommt der Fragebogen dazu."",""Sprecher 1"""
"2620750,""2634300"","" Also überhaupt nicht, würde ich jetzt tatsächlich gar nicht mehr sagen, nur dass ich echt überrascht bin über diese Verwendung oder von diesen 4,33 Milliarden, die da irgendwie verschwunden sind."",""Sprecher 1"""
"2635040,""2642220"","" Also ich bin mir jetzt ein bisschen unsicherer, würde ich jetzt tatsächlich einschätzen."",""Sprecher 1"""
"2647020,""2648780"","" Bin mir nicht mehr ganz so sicher."",""Sprecher 1"""
"2649040,""2662210"","" Ich halte ihn tatsächlich für glaubwürdiger als zuvor."",""Sprecher 1"""
"2671120,""2677960"","" Die Informationen haben mir bei der Entscheidung geholfen."",""Sprecher 1"""
"2678140,""2678560"","" Ja, natürlich."",""Sprecher 1"""
"2680100,""2681260"","" Ich traue der Einschätzung."",""Sprecher 1"""
"2682820,""2687780"","" Ja, da bin ich jetzt vielleicht auch wieder ganz, sollte man nicht mehr KI vertrauen, aber relativ."",""Sprecher 1"""
"2690560,""2692220"","" Ich habe die Qual nicht überprüft."",""Sprecher 1"""
"2692320,""2692540"","" Nein."",""Sprecher 1"""
"2695250,""2697530"","" Ich habe mir Informationen geliefert, die ich vorher nicht kannte."",""Sprecher 1"""
"2697650,""2698070"","" Ja, absolut."",""Sprecher 1"""
"2716960,""2720300"","" Ich habe ja immer nur einzelne Sätze oder Aussagen rausgezogen."",""Sprecher 1"""
"2720440,""2724920"","" Jetzt nicht den gesamten Artikel überprüfen lassen, aber das werde ich vielleicht beim nächsten tatsächlich tun."",""Sprecher 1"""
"2727390,""2729190"","" KI-Antwort mit meinem Vorwissen verglichen."",""Sprecher 1"""
"2729190,""2729930"","" Ja, definitiv."",""Sprecher 1"""
"2730030,""2730410"","" Ganz klar."",""Sprecher 1"""
"2757950,""2764850"","" Also am stärksten war eigentlich die Belegung von den EU-Gelden."",""Sprecher 1"""
"2764990,""2768750"","" Das war mir nicht bewusst, wenn das denn so sein sollte."",""Sprecher 1"""
"2768870,""2771210"","" Aber da vertraue ich ja relativ der KI, dass das wirklich so ist."",""Sprecher 1"""
"2778200,""2787290"","" Da war mir nicht bewusst, dass hier ein Betrug vorliegt."",""Sprecher 1"""
"2787970,""2791530"","" Also das hat mich eigentlich am meisten verunsichert."",""Sprecher 1"""
"2793490,""2796250"","" Das war einfach das, was jetzt am stärksten war."",""Sprecher 1"""
"2806320,""2820260"","" Also tatsächlich hier würde ich trotzdem jetzt mal nicht den kompletten Artikel zur Überprüfung geben, denn das ist ja auch wirklich, dass das nicht der Fall ist, ist mir klar."",""Sprecher 1"""
"2821520,""2830380"","" Aber ich würde einfach, weil es mich wirklich interessiert, das mit der Türkei gerne überprüfen lassen."",""Sprecher 1"""
"2831820,""2833460"","" Also einfach mal diese Aussage."",""Sprecher 1"""
"2833540,""2838840"","" Armenische Historiker gehen davon aus, dass etwa eineinhalb Millionen Armenier durch den Völkermord ums Leben kamen."",""Sprecher 1"""
"2876340,""2883900"","" Aber hier steht ja schon mal Völkermord und hier davor war was vom ersten Weltkrieg."",""Sprecher 1"""
"2885060,""2886540"","" Das passt ja dann schon mal nicht zusammen."",""Sprecher 1"""
"2887760,""2891160"","" Das war von 15 bis 23 der erste war und 14 bis 18."",""Sprecher 1"""
"2907320,""2909300"","" Ich schreibe jetzt mal eine offene Frage noch an den Chatbot."",""Sprecher 1"""
"2911180,""2913300"","" Einfach, was hat die Russland damit zu tun?"",""Sprecher 1"""
"2919530,""2928770"","" Und das kann ja auch von den Jahreszahlen schon mal nicht zusammenpassen, weil hier auch im Text stand der russische Zar Nikolaus der Zweite hat sich da dann mit eingemischt."",""Sprecher 1"""
"2928870,""2930610"","" Der ist ja 1918 ermordet worden."",""Sprecher 1"""
"2930750,""2932490"","" Das würde ja mit der Jahreszahl auch nicht passen."",""Sprecher 1"""
"2997360,""3003360"","" Ja, aber hier passt ja schon mal wieder nicht, dass Russland der Retter und das tollste Land auf der ganzen Welt sei."",""Sprecher 1"""
"3003580,""3007460"","" Also ja, die haben zwar einen Teil von Armenien aufgenommen, aber einfach, weil sie das Land besetzt haben."",""Sprecher 1"""
"3008080,""3016520"","" Aber einfach mit der Aussage, aber gleichzeitig wurde die Erinnerung an den Völkermord unterdrückt, dass sie nicht in die sowjetische Ideologie passte, widerspricht dem gesamten Text einfach jetzt."",""Sprecher 1"""
"3019910,""3027370"","" Und war eher auch indirekt und eher genau von geopolitischen Interessen in der Region geprägt, anstatt von der großen Herzlichkeit Russlands."",""Sprecher 1"""
"3030750,""3032150"","" Das beantwortet mir alles."",""Sprecher 1"""
"3045460,""3051260"","" Also jetzt erscheint er mir noch unglaubwürdiger als davor, wenn das überhaupt geht."",""Sprecher 1"""
"3051480,""3052200"","" Aber ja, so ist es."",""Sprecher 1"""
"3052920,""3062660"","" Ich bin mir jetzt sehr, sehr sicher, dass es die richtige Einschätzung von mir ist, dass es gar nicht glaubwürdig ist."",""Sprecher 1"""
"3068110,""3072390"","" Meine Einschätzung im Jahr hat sich schon noch ein bisschen verstärkt, dass es noch weniger glaubwürdig ist."",""Sprecher 1"""
"3073450,""3077450"","" Die Antwort der KI war inhaltlich hilfreich, ja definitiv, auch interessante Quellen."",""Sprecher 1"""
"3078850,""3083250"","" Tatsächlich habe ich jetzt da gar nicht so viele Quellen gesehen, da würde ich eher im Mittelfeld einschätzen."",""Sprecher 1"""
"3085090,""3088190"","" Informationen der KI haben mir noch mehr geholfen, ja definitiv."",""Sprecher 1"""
"3088230,""3091150"","" Ich vertraue der Einschätzung, die mir das KI-System gegeben hat, ja."",""Sprecher 1"""
"3092170,""3094770"","" Ich habe die Quellen überprüft, nein natürlich nicht."",""Sprecher 1"""
"3095370,""3099330"","" Und die KI hat mir Informationen, die ich vorher nicht kannte, ja tatsächlich."",""Sprecher 1"""
"3101070,""3105770"","" Die Jahreszahl vom Zerfall des Ottomanischen Reiches ist sehr interessant."",""Sprecher 1"""
"3107710,""3110150"","" Wie sind sie bei der Verifikation vorgegangen?"",""Sprecher 1"""
"3110390,""3113390"","" Ich habe die KI um generelle Einschätzung, nein, habe ich nicht."",""Sprecher 1"""
"3113530,""3115250"","" Ich habe gezielte Fragen geschaut, ja."",""Sprecher 1"""
"3116290,""3118310"","" Ich habe nach externen Quellen, habe ich nein."",""Sprecher 1"""
"3118570,""3123290"","" Ich habe mehrere Fragen formuliert, ja, würde ich ins Mittelfeld gehen tatsächlich."",""Sprecher 1"""
"3124610,""3127470"","" Und ich habe die KI-Antwort mit meinem Vorwissen verglichen, ja."",""Sprecher 1"""
"3133700,""3135540"","" Also was hat mich am stärksten beeindruckt?"",""Sprecher 1"""
"3135860,""3148520"","" Die Jahreszahl des Völkermords in Armenien, weil das einfach nicht zusammengepasst hat mit meinem Vorwissen mit Russland."",""Sprecher 1"""
"3150360,""3152760"","" Also Vorwissen auch meinerseits."",""Sprecher 1"""
"3156340,""3166220"","" Und dann nochmal die spezielle Aussage zu Armenien und Beteiligung Russland."",""Sprecher 1"""
"3192160,""3211120"","" Also hier würde ich jetzt auch tatsächlich, hier würde ich mal gerne den gesamten Artikel, weil ich mir, ich glaube bei dem, naja ich war jetzt nicht hier am unserersten, weil dieses halb ukrainische, halb internationale Tribunal mir sehr schwierig vorkommt."",""Sprecher 1"""
"3211760,""3213140"","" Aber hier würde ich es jetzt gerne mal nutzen."",""Sprecher 1"""
"3215620,""3224460"","" Überprüfen wir folgenden Artikel auf Glaubwürdigkeit."",""Sprecher 1"""
"3261420,""3282860"","" Ja, also plausibel sind sie natürlich, dass man versuchen muss, in Russland einen Riegel vorzuschieben, aber ja, das ist mir auch bewusst, dass der Strafgerichtshof in Den Haag hier Verfolgung, Kriegsverbrechen und so diskutiert."",""Sprecher 1"""
"3290930,""3321220"","" Okay, also er rät mir weiter zu suchen und dann würde ich jetzt mal ganz eine spezielle Frage stellen und zwar, ob folgende Aussage Sinn macht aus dem Text, weil das ist ja das, was mich am meisten zweifeln lässt, dass ein EU-Gericht halb ukrainisch, halb international wäre."",""Sprecher 1"""
"3330630,""3346250"","" Weil wenn, dann würde man ja auch nicht nur wegen des russischen Angriffskriegsstaats die Ukraine so ein, ich sag jetzt mal extra Gericht einrichten, sondern ja für hoffentlich nicht mehr vorkommende Fälle."",""Sprecher 1"""
"3347770,""3356470"","" Ein Sondertribunal ja, aber das Gericht wäre halb ukrainisch, nein, kann ich mir nicht vorstellen."",""Sprecher 1"""
"3413950,""3416670"","" Ja, also der Chatbot sagt, das ist durchaus möglich."",""Sprecher 1"""
"3417490,""3425950"","" Das ist jetzt so ein reiner Menschenverstand, ich kann es mir trotzdem nicht vorstellen, dass ein EU-Gericht halb ukrainisch, halb international wäre."",""Sprecher 1"""
"3426590,""3432730"","" Dass Ukrainer dann natürlich dabei sind in einem Sondertribunal, ja, aber die Aussage ist ja das Gericht, nicht nur das Sondertribunal."",""Sprecher 1"""
"3443280,""3444760"","" Beunsichert mich aber, muss ich sagen."",""Sprecher 1"""
"3454040,""3458300"","" Also ich würde jetzt tatsächlich so heiß, heiß sagen, weil ganz sicher bin ich mir jetzt nicht mehr."",""Sprecher 1"""
"3463190,""3466230"","" Ich bin mir sehr unsicher tatsächlich jetzt mit der Einschätzung."",""Sprecher 1"""
"3467250,""3470350"","" Ja, ich halte ihn für glaubwürdiger als davor."",""Sprecher 1"""
"3472710,""3475730"","" Die Antwort der KI war inhaltlich hilfreicher, ja definitiv."",""Sprecher 1"""
"3476910,""3479290"","" Die Quellen, ja, fand ich auch dieses Mal."",""Sprecher 1"""
"3479830,""3485610"","" Informationen haben mir geholfen, naja eher nicht, weil ich jetzt verunsicherter bin als zuvor."",""Sprecher 1"""
"3486730,""3490330"","" Ich vertraue der Einschätzung, ja, eben eher."",""Sprecher 1"""
"3491410,""3494730"","" Ich habe die von der KI genannten Quellen überprüft, nein, habe ich nicht."",""Sprecher 1"""
"3495490,""3498930"","" Die KI hat mir Informationen geliefert, die ich vorher nicht kannte, ja."",""Sprecher 1"""
"3503830,""3507830"","" Ich habe die KI um eine generelle Einschätzung, jawohl, das habe ich dieses Mal gemacht."",""Sprecher 1"""
"3507970,""3509990"","" Ich habe gezielte Fragen, habe ich auch gemacht."",""Sprecher 1"""
"3510670,""3513650"","" Ich habe nach externen Quellen oder Bedingungen gefragt, nein, habe ich nicht."",""Sprecher 1"""
"3514210,""3515250"","" Werde ich beim nächsten Mal tun."",""Sprecher 1"""
"3516670,""3520570"","" Ich habe mehrere Fragen formuliert, um meine Unsicherheit zu reduzieren."",""Sprecher 1"""
"3521030,""3521990"","" Ja, habe ich gemacht."",""Sprecher 1"""
"3523670,""3529470"","" Und ich habe es auch mit meinem Vorwissen verglichen, ja, deswegen bin ich mir immer noch nicht ganz sicher, weil irgendwie widerstrebt sich das einfach mir."",""Sprecher 1"""
"3533330,""3537710"","" Also am stärksten hat mich die Glaubwürdigkeit der KI beeinflusst."",""Sprecher 1"""
"3543520,""3560290"","" Ausführliche Antworten, aber trotzdem ist die KI-Antwort, schreibe ich jetzt, versus meine eigene Einschätzung."",""Sprecher 1"""
"3560830,""3565630"","" Das macht mir eben noch schwer, weil ich mir das mit diesem halbukrainischen Ding, ich kann mir das nicht vorstellen."",""Sprecher 1"""
"3576720,""3594420"","" Also hier würde ich ganz gerne auch nochmal den kompletten Artikel reinnehmen, das ist dieser Foto, wo ich ja sehr wenig Vorahnung habe von dem ganzen Thema, aber der einfach so inhaltlich, also textualisch schlecht geschrieben ist, mit den ganzen Rechtschreibfehlern, dass das ja eigentlich gar nicht geht."",""Sprecher 1"""
"3596620,""3609160"","" Bitte überprüfe mir folgenden Artikel auf Glaubwürdigkeit."",""Sprecher 1"""
"3631070,""3634290"","" Braucht jetzt natürlich ein bisschen, das ist ja viel Information, das ist ein langer Artikel."",""Sprecher 1"""
"3672150,""3692140"","" Okay, er sagt jetzt, ich soll mal so quasi die ganzen Behauptungen einfach mal anders verifizieren lassen, aber ich würde jetzt dann einfach mal nochmal den KI-Chatbot fragen, bewerte mir oder gib mir eine Aussage zur Rechtschreibung und Grammatik des Artikels."",""Sprecher 1"""
"3698840,""3705780"","" Das kann für mich nicht, also wenn es auch so erschienen ist, nicht redaktionell überprüft sein, geht nicht, das ist so grob schlecht."",""Sprecher 1"""
"3707760,""3710600"","" So ohne roten Faden, das passt nicht."",""Sprecher 1"""
"3711480,""3713400"","" Das ist meine absolut eigene Einschätzung."",""Sprecher 1"""
"3727060,""3736320"","" Also da finde ich jetzt witzig, die KI sagt, das passt alles, also da kann ich jetzt der KI nicht vertrauen."",""Sprecher 1"""
"3736720,""3746880"","" Also sorry, dann bin ich auch jetzt mit meiner Analyse mit KI fertig, weil da schlägt einfach menschliches Hirn KI, weil das ist keine richtige Rechtschreibung."",""Sprecher 1"""
"3748660,""3751340"","" Und das erkennt man sofort, da braucht man ja nicht mehr dazu."",""Sprecher 1"""
"3758100,""3765600"","" Da bin ich mir immer noch zu 100% sicher, dass der, auch wenn er so veröffentlicht wurde, dass das eine Falschmeldung ist."",""Sprecher 1"""
"3769310,""3771450"","" Also er ist immer noch überhaupt nicht glaubwürdig."",""Sprecher 1"""
"3771910,""3774450"","" Ich bin mir wirklich sehr, sehr sicher in meiner Einschätzung."",""Sprecher 1"""
"3776150,""3777990"","" Meine Einschätzung ist wirklich gleich geblieben."",""Sprecher 1"""
"3780190,""3783890"","" Die Antwort der KI war inhaltlich hilfsbereit, tatsächlich dieses Mal gar nicht, nein."",""Sprecher 1"""
"3784670,""3787250"","" Die Quellen, hat mir überhaupt keine Quellen gegeben."",""Sprecher 1"""
"3789070,""3792750"","" Informationen der KI haben mir bei der Entscheidung geholfen, nein."",""Sprecher 1"""
"3794290,""3797610"","" Vertraue der Einschätzung, die mir KI-Systeme, nein, gar nicht."",""Sprecher 1"""
"3798650,""3801890"","" Ich habe die Quellen überprüft, naja, ich habe nicht wirklich Quellen gekriegt."",""Sprecher 1"""
"3802750,""3806370"","" Die KI hat mir Informationen geliefert, die ich vorher nicht kannte, nein."",""Sprecher 1"""
"3809200,""3810820"","" Also hier bin ich komplett raus."",""Sprecher 1"""
"3811620,""3814680"","" Die KI um eine generelle Einschätzung des Artikels gebeten, ja."",""Sprecher 1"""
"3815500,""3818720"","" Ich habe auch noch mal gezielte Fragen gestellt zur Rechtschreibung und Grammatik."",""Sprecher 1"""
"3819460,""3823280"","" Ich habe nach externen Quellen und Belegen gefragt, nein, hat er ja gesagt, das muss ich selber machen."",""Sprecher 1"""
"3824860,""3828020"","" Mehrere Fragen formuliert um meine Unsicherheit zu reduzieren, ja."",""Sprecher 1"""
"3829240,""3832580"","" Und ich habe die KI-Antwort mit meinem Vorwissen verglichen, ja, definitiv."",""Sprecher 1"""
"3837360,""3838480"","" Also was hat mich beeinflusst?"",""Sprecher 1"""
"3838760,""3839820"","" Keine Quellenangaben."",""Sprecher 1"""
"3841320,""3856670"","" KI gibt ja eigentlich immer Quellenangaben und einfach, also was mich jetzt einfach rausgebracht hat, einfach die komplett falsche Antwort hinsichtlich Grammatik und Rechtschreibung."",""Sprecher 1"""
"3862780,""3864620"","" Also da war das jetzt eigentlich für mich klar."",""Sprecher 2"""
"3877900,""3878900"","" Ich wäre jetzt bei Phase 3."",""Sprecher 1"""
"3880560,""3881360"","" Wunderbar, perfekt."",""Sprecher 1"""
"3882020,""3883160"","" Das ist jetzt so ein ganz kurzer."",""Sprecher 1"""
"3903220,""3908020"","" Also bei einem oder zwei Artikeln habe ich mein Urteil mehr oder weniger, also ich wurde ja unsicherer, ja."",""Sprecher 1"""
"3911700,""3913220"","" In welche Richtung gingen diese?"",""Sprecher 1"""
"3914280,""3918180"","" Tatsächlich erschienen mir die Artikel nach Verifikation glaubwürdiger."",""Sprecher 1"""
"3919560,""3920000"","" Bzw."",""Sprecher 1"""
"3920140,""3923620"","" würde ich sagen, es war ausgewogen, unterschiedlich."",""Sprecher 1"""
"3924920,""3929000"","" Weil jetzt gerade der letzte, der hat mich jetzt einfach komplett rausgebracht, aber das ist auch noch so frisch in Erinnerung."",""Sprecher 1"""
"3929880,""3932300"","" Ich habe dem KI-System insgesamt vertraut."",""Sprecher 1"""
"3932540,""3934440"","" Ja, tatsächlich würde ich schon eher sagen."",""Sprecher 1"""
"3935800,""3938560"","" Die KI hat mich in meinen Einschätzungen bestärkt."",""Sprecher 1"""
"3939340,""3941500"","" Eher nein, es hat mich manchmal eher verunsichert."",""Sprecher 1"""
"3943000,""3946240"","" Die KI hat mir geholfen, Fehleinschätzungen zu erkennen."",""Sprecher 1"""
"3948380,""3949380"","" Schwierig, schwierig."",""Sprecher 1"""
"3950120,""3953660"","" Ich war bei den Bewertungen nach der Verifikation sicherer als zuvor."",""Sprecher 1"""
"3953900,""3957780"","" Nicht immer, deswegen würde ich sagen, gutes Mittelfeld."",""Sprecher 1"""
"3957780,""3961580"","" Ich hatte den Eindruck, dass die KI inhaltlich korrekt gearbeitet hat."",""Sprecher 1"""
"3962320,""3964960"","" Teils, teils, weil eben manchmal die Quellen unserer gefehlt haben."",""Sprecher 1"""
"3965080,""3966620"","" Ich habe sie auch nicht verifiziert, aber ja."",""Sprecher 1"""
"3968180,""3971860"","" Und ich konnte nachvollziehen, wie die KI zu ihren Aussagen gekommen ist, auch teils, teils."",""Sprecher 1"""
"3972560,""3974160"","" Es waren ja teilweise Quellen mit dabei."",""Sprecher 1"""
"3975340,""3979660"","" Wie wahrscheinlich ist es, dass sie ein solches System auch im Alltag einsetzen würde, um Nachrichten zu überprüfen?"",""Sprecher 1"""
"3980040,""3981800"","" Tatsächlich relativ wahrscheinlich, ja."",""Sprecher 1"""
"3983360,""3986640"","" Kommt man darauf an, was auch immer die eigene Meinung spricht."",""Sprecher 1"""
"3987160,""3992080"","" Gab es bestimmte Momente oder Informationen während der KI, die ihre Meinung besonders beeinflusst haben?"",""Sprecher 1"""
"3993580,""3995440"","" Ja, also das Rechtschreibung, Grammatik-Ding."",""Sprecher 1"""
"3996360,""4009650"","" Die Aussage der KI, dass der letzte Artikel, vor allem, dass er halt einfach komplett richtig ist."",""Sprecher 1"""
"4009810,""4011530"","" Er war ja so richtig überzeugt, die KI."",""Sprecher 1"""
"4022100,""4023220"","" Weiblich 31."",""Sprecher 1"""
"4035900,""4036460"","" Schwierig."",""Sprecher 2"""
"4070120,""4081220"","" Also ich bin mich nicht mehr sicher, seriöse von unseriösen Nachrichtenquellen zu unterscheiden, weil es eben so viele Falschmeldungen mittlerweile gibt und mit der neuen Künstlingenintelligenz das auch manchmal echt schwierig ist."",""Sprecher 1"""
"4088040,""4089260"","" Auch eher weniger."",""Sprecher 1"""
"4092070,""4094090"","" Ich bin mich relativ sicher mit der KI."",""Sprecher 1"""
"4094090,""4096370"","" Ich habe viele Erfahrungen, ja."",""Sprecher 1"""
"4096590,""4098990"","" Ich würde es mal im Mittelfeld sagen."",""Sprecher 1"""
"4109460,""4113470"","" Vielen Dank."",""Sprecher 1"""
