"start,""end"",""text"",""speaker"""
"24340,""26500"","" Ich habe die Aufzeichnung schon gestartet."",""Sprecher 1"""
"26660,""32300"","" Ich hoffe, das ist in Ordnung, weil ich das Ganze aufzeichnen und transkribieren für die Studie."",""Sprecher 1"""
"34320,""36680"","" Herzlichen Dank, dass du an meiner Studie teilnimmst."",""Sprecher 1"""
"36740,""37340"","" Das freut mich sehr."",""Sprecher 1"""
"37900,""45780"","" Deswegen habe ich das Meeting sehr lang angesetzt, weil ich nicht genau weiß, wie lang es dauern wird."",""Sprecher 1"""
"46360,""57290"","" Ich schicke dir in den Chat jetzt mal, warte ganz kurz, den Link rein zur Homepage."",""Sprecher 1"""
"60820,""66420"","" Und dann wäre es mega, wenn du den Link öffnest, dein Bildschirm teilen könntest."",""Sprecher 1"""
"93360,""97240"","" Herzlich willkommen zu meiner Online-Studie im Rahmen meiner Bachelorarbeit."",""Sprecher 1"""
"97840,""102100"","" Sobald du bereit bist, damit zu starten, kannst du den Startbutton drücken."",""Sprecher 1"""
"107000,""109940"","" Einmal hier die Einverständniserklärung."",""Sprecher 1"""
"110120,""117120"","" Einmal bitte kurz durchlesen, was alles erhoben wird, wie die Studie aufgebaut ist."",""Sprecher 1"""
"148450,""150890"","" Die Teilnahme ist komplett freiwillig."",""Sprecher 1"""
"151670,""156530"","" Du erklärst dich damit einverstanden, dass die erhobenen Daten hier verwendet werden."",""Sprecher 1"""
"157270,""164530"","" Alle Daten werden natürlich im Nachgang, sobald es möglich ist, komplett gelöscht und sind auch nur lokal bei mir gespeichert."",""Sprecher 1"""
"166290,""176870"","" Der Bot läuft über ein, also die Speicherung der Chatbots, der Chats findet über Cloudflare statt."",""Sprecher 1"""
"177110,""188010"","" Da werden die Daten eben über Cloudflare gehostet und im Nachgang komplett gelöscht und alles wird revidiert und auf null zurückgesetzt."",""Sprecher 1"""
"190560,""190700"","" Genau."",""Sprecher 1"""
"190860,""195160"","" Da ist eben dann noch die Frage, ob du VP-Stunden brauchst."",""Sprecher 1"""
"195200,""196740"","" Dann bräuchte ich deine Matrikelnummer."",""Sprecher 1"""
"199880,""210710"","" Also für VP-Stunden."",""Sprecher 1"""
"211470,""211650"","" Genau."",""Sprecher 1"""
"212110,""214250"","" Wenn du im Nachgang doch noch welche brauchen solltest."",""Sprecher 1"""
"216130,""217130"","" Die sind schon abgegeben."",""Sprecher 1"""
"219250,""220330"","" Müssen wir die abgeben?"",""Sprecher 1"""
"221290,""222790"","" Du musst die einreichen."",""Sprecher 1"""
"223610,""224790"","" Oder muss ich das noch machen?"",""Sprecher 1"""
"225390,""229190"","" Das ist ja für, bei Rafa, also doch."",""Sprecher 1"""
"229270,""230470"","" Ich glaube, da gibt es so ein Formular."",""Sprecher 1"""
"231550,""232870"","" Dann muss ich das machen."",""Sprecher 1"""
"234670,""235430"","" Okay, top."",""Sprecher 1"""
"236010,""236290"","" Genau."",""Sprecher 1"""
"237850,""240870"","" Genau, du hast die Teilnahme gestimmt und jetzt geht es hier weiter."",""Sprecher 1"""
"243060,""245040"","" Wir beginnen mit der ersten Phase."",""Sprecher 1"""
"245120,""248500"","" In der ersten Phase, hier ist nochmal der grundsätzliche Aufbau erläutert."",""Sprecher 1"""
"249120,""252940"","" Es geht um die Bewertung und Verifikation von Nachrichtenartikeln."",""Sprecher 1"""
"253240,""256959"","" Auf den folgenden Seiten findest du immer einen Nachrichtenartikel."",""Sprecher 1"""
"257060,""258220"","" Es sind insgesamt vier Stück."",""Sprecher 1"""
"258600,""262460"","" Nach jedem Nachrichtenartikel kommt ein Fragebogen zur Bewertung."",""Sprecher 1"""
"264020,""285300"","" Es handelt sich dabei um reale Nachrichten, also um wirklich auf abrufbaren Homepages und Medienplattformen erreichbaren Nachrichtenartikeln, die man unterschiedlich bewerten kann, hinsichtlich der Glaubbarkeit, schreibt es in Ähnlichem."",""Sprecher 1"""
"285460,""294300"","" Das wird alles dann in der ersten Phase abgefragt und in der zweiten Phase geht es dann um die Verifikation."",""Sprecher 1"""
"294960,""297120"","" Wir haben hier das DINKE-LAUT-Modell."",""Sprecher 1"""
"298480,""301740"","" Du sollst die ganze Zeit bitte laut denken."",""Sprecher 1"""
"303100,""314660"","" Du kannst gerne schon beim Lesen laut denken, nicht nur bei der Bewertung danach, sondern gerne deine Eindrücke schon mitteilen, wie du alles findest, wie sie auf dich wirken."",""Sprecher 1"""
"315000,""317020"","" Sie sind relativ lang, das muss ich sagen."",""Sprecher 1"""
"317200,""322500"","" Die Längen sind vergleichbar, aber alle sind nicht Kurznachrichten."",""Sprecher 1"""
"322660,""326100"","" Es sind keine sozialen Medienartikel impliziert."",""Sprecher 1"""
"327200,""329840"","" Daraus resultierend sind das natürlich etwas längere."",""Sprecher 1"""
"330320,""336600"","" Wenn irgendeine Seite sich nicht sofort öffnet, bitte kurz einfach im Browser oben die Seite aktualisieren."",""Sprecher 1"""
"336760,""341880"","" Manchmal hat es Ladeprobleme und alles Weitere sage ich dir dann später."",""Sprecher 1"""
"342720,""348740"","" Aber wenn du zu lange schweigen solltest, würde ich immer wieder bitte laut denken sagen."",""Sprecher 1"""
"361480,""390250"","" Ich bin immer, wenn in der oberen dann ein politisches Urteil, das ist immer schon so ein gefühlt in eine Richtung."",""Sprecher 1"""
"416120,""429900"","" Also hier in dem Absatz, ich finde das relativ, ich sage jetzt mal negativ geschrieben hier mit diesem fettes Polster und unvermindeter Fluss und das ganze Selbstbedingungsladen."",""Sprecher 1"""
"430100,""440780"","" Das klingt so ein bisschen eher negativ, eher so ein bisschen, ja mal gucken, ob sich das bewahrheitet, was ich denke."",""Sprecher 1"""
"441200,""444800"","" Ich weiß gerade das Wort nicht, aber eher etwas negativer."",""Sprecher 1"""
"455570,""462890"","" Auch hier mit den Projektleiter, das in Anführungszeichen, das ist immer so, ja mal gucken."",""Sprecher 1"""
"467780,""469540"","" Ja auch hier weiter immer mit diesen Anführungszeichen."",""Sprecher 1"""
"469720,""476520"","" Da finde ich immer, wenn viel in Anführungszeichen geschrieben wird, hat es tatsächlich immer schon meiner Meinung nach ein bisschen einen ungläubigen Touch."",""Sprecher 1"""
"476960,""480180"","" Weil es immer so ein bisschen in die Schiene rutscht."",""Sprecher 1"""
"481380,""485180"","" Oder auch hier so dieses natürlich, das ist so, ja ja."",""Sprecher 1"""
"539240,""546120"","" Also ich muss tatsächlich sagen, jetzt hier den Absatz, Abgeordnete sind frei von den Parteifreunde."",""Sprecher 1"""
"547000,""553760"","" Eigentlich ist es ja logisch, wenn man sagt, man hat Mitarbeiter, dass man sagt, okay gut, die haben zumindest die gleiche Meinung und alles."",""Sprecher 1"""
"554000,""560900"","" Es wäre seltsam, wenn man sagt, also ich verstehe tatsächlich den Satz, also den Sinn dahinter gerade nicht."",""Sprecher 1"""
"561800,""577160"","" Das ist eigentlich jetzt wieder schon so mit, auch man möchte sich mit Leuten, die einem hinterherreden, hört sich das schon wieder so an, als würden die wollen, dass man, dass die immer nur das sagen, was man will."",""Sprecher 1"""
"578140,""585260"","" Dass die sagen, aber das ist ja eigentlich logisch, dass man sagt, man arbeitet mit Leuten zusammen, die halbwegs die gleiche Meinung haben und nicht komplett gegenteilig sind."",""Sprecher 1"""
"586920,""587600"","" Irgendwie komisch."",""Sprecher 1"""
"589100,""597800"","" Wie gesagt, das ist auch das Unterschiedliche aus dem Internet und die Nachrichten können auch unterschiedlichen Wahrheitsgehalt haben."",""Sprecher 1"""
"598100,""605640"","" Ja, ja, also ich finde es nicht sehr, ich kann es ja schon sagen, etwas sehr unglaubwürdig, sagen wir es so."",""Sprecher 1"""
"618960,""620700"","" Jo, klar, natürlich."",""Sprecher 1"""
"621060,""628400"","" Ich habe jetzt nur kein AI schon angelegt, aber den kannst du über den normalen Dingen schon ganz normal anlegen."",""Sprecher 1"""
"643430,""648930"","" Achso, das war jetzt am Anfang nur so rum, ich nenne es jetzt rumgeschwafeln, mir fällt gerade kein anderes Wort ein."",""Sprecher 1"""
"649690,""654650"","" Was dann alles auch in Deutschland schiefläuft und jetzt ist es auf Le Pen, okay."",""Sprecher 1"""
"655150,""658690"","" Jetzt geht es darum, worum es eigentlich in der Artikel gehen soll, okay."",""Sprecher 1"""
"666910,""669510"","" Ja, ja, denke ich, deswegen mache ich den ja auch noch."",""Sprecher 1"""
"674290,""681430"","" Ich glaube, das Einzige, was nicht gesetzt wird, ist das System Project at the moment, weil das haben wir noch nicht so gut gehabt."",""Sprecher 1"""
"683230,""687550"","" Das kommt jetzt erst dann mit dem Text, was ich gerade am Bauen bin."",""Sprecher 1"""
"688290,""691750"","" Kann natürlich so sein, dass das jetzt von Porsche ist, hier MSB Fernsehen."",""Sprecher 1"""
"698670,""726370"","" Oh, ich muss jetzt sagen, hier den Vergleich mit Angestellten von Twitter X mit Elon Musk nur aus dem Fernsehen, den Vergleich finde ich echt schwierig, wenn man sagt, man ist eigentlich Angestellter von einem Parlament beziehungsweise von einem Abgeordneten und dann Elon Musk und Twitter zu nennen, das ist ein Größenunterschied, finde ich jetzt nicht unbedingt gut, sagen wir es so."",""Sprecher 1"""
"726690,""730030"","" Also eher schwierig."",""Sprecher 1"""
"735830,""737290"","" Bin sofort wieder da."",""Sprecher 1"""
"739450,""740830"","" Bin jetzt schon wieder da."",""Sprecher 1"""
"741470,""742850"","" Ich habe nur gebacken."",""Sprecher 1"""
"743510,""745050"","" Ich habe Angst, den Backofen anzulassen."",""Sprecher 1"""
"758520,""760700"","" Das Y ist klein, natürlich."",""Sprecher 1"""
"763100,""765220"","" Vielleicht habe ich das letzte Mal das Y auch groß gemacht."",""Sprecher 1"""
"768780,""769600"","" Was denn?"",""Sprecher 1"""
"774040,""778580"","" Nein, nein, nein, das ist immer noch das Schlimmste."",""Sprecher 1"""
"786470,""788110"","" Ach so, ja, ja, pass auf."",""Sprecher 1"""
"788490,""791410"","" Dafür gehst du dann quasi ..."",""Sprecher 1"""
"791410,""791990"","" Ach so, okay."",""Sprecher 1"""
"795750,""804830"","" Nein, das musst du eigentlich, genau, intern bevor zum Beispiel, also intern vorher, sagst du hinzufügen, dann sagst du dort KI-Agent."",""Sprecher 1"""
"806550,""819830"","" Ach so, und jetzt wird gesagt, jetzt sind wir sozusagen da, dass man sagt, okay, gut, es ist zwar alles nicht so ganz okay, was da gemacht wurde, gefühlt, und es macht ja jeder so, aber es wird nur gemacht, weil sie verhindert werden soll."",""Sprecher 1"""
"820270,""820630"","" Interessant."",""Sprecher 1"""
"840250,""853180"","" Also es ist ein etwas sehr einseitiger Artikel, würde ich sagen."",""Sprecher 1"""
"856650,""859170"","" Sehr interessant geschrieben ist."",""Sprecher 1"""
"859690,""860670"","" Kann ich weiterklicken?"",""Sprecher 1"""
"861330,""861570"","" Ja, genau."",""Sprecher 2"""
"862150,""864250"","" Es öffnet jetzt, der nächste Schritt ist der Fragebogen."",""Sprecher 1"""
"869480,""871820"","" Du kannst bitte T1 eingeben."",""Sprecher 1"""
"872340,""872960"","" T1?"",""Sprecher 1"""
"874760,""881970"","" Oh, das ist gemein."",""Sprecher 1"""
"881970,""884030"","" Oh Gott."",""Sprecher 1"""
"889350,""890790"","" Heißt, ich bin fies?"",""Sprecher 1"""
"891410,""894590"","" Ja, das ist eine richtig gemeine Frage tatsächlich."",""Sprecher 1"""
"901350,""901910"","" Sprachstil."",""Sprecher 1"""
"901910,""909750"","" Genau, emotional ist eher die 1, sachlich ist dann eher ..."",""Sprecher 1"""
"909750,""911390"","" So, emotional ist eher 1, okay."",""Sprecher 1"""
"911770,""913090"","" Ja, ist ja klar, weil Versus."",""Sprecher 1"""
"914470,""918290"","" Dann eher so, Informationsgehalt und Faktendichte."",""Sprecher 1"""
"935390,""949290"","" Das ist die Mitte, oder?"",""Sprecher 1"""
"949850,""950350"","" Genau."",""Sprecher 1"""
"950710,""953230"","" Das ist quasi dann, dass es keinen Einfluss wirklich hatte."",""Sprecher 1"""
"956210,""962590"","" Was ist mit dem Eindruck gemeint?"",""Sprecher 1"""
"962670,""964210"","" Meinst du den Aufbau an sich?"",""Sprecher 1"""
"965150,""970350"","" Genau, was der Artikel für einen Eindruck macht, ob er professionell journalistisch ist?"",""Sprecher 1"""
"975070,""984650"","" Ach so, Moment, wenn es viel Einfluss gegeben hat ..."",""Sprecher 1"""
"984650,""985250"","" Ach so, jetzt."",""Sprecher 1"""
"985590,""990130"","" Wenn ich sage, es gab ja sehr wenig Informationsgehalt und Faktendichte ..."",""Sprecher 1"""
"990130,""991290"","" Ist die einstichsig."",""Sprecher 1"""
"993150,""998090"","" Und auch wenn ich sage, die Logik war schlecht, auch hier, das ist dann schon ..."",""Sprecher 1"""
"998090,""999830"","" Und Bauchgefühl oder Intuition?"",""Sprecher 1"""
"1000670,""1001290"","" Ach Gott."",""Sprecher 1"""
"1004970,""1011450"","" Genau, also wie das Bauchgefühl oder die Intention das Einfluss hat."",""Sprecher 1"""
"1012530,""1013630"","" Ja, doch schon."",""Sprecher 1"""
"1019180,""1038900"","" Ich muss jetzt einmal kurz, weil gedanklich gerade habe ich ein Problem, kann auch sein, dass es einfach wieder in meinen Kopf riss, inwieweit die Folgen ihre Bewertung beeinflusst haben, weil die Struktur und Logik, die hat mich schon beeinflusst, weil sie halt so schlecht war."",""Sprecher 1"""
"1040240,""1049300"","" Das heißt eigentlich, wenn eins überhaupt nicht ist, finde ich es halt schwierig, da eins zu sagen, weil sie eigentlich schon doll war, aber halt, weil es so schlecht war."",""Sprecher 1"""
"1050460,""1053320"","" Dann hast du das in dem Fall richtig beantwortet."",""Sprecher 1"""
"1054120,""1054940"","" Also da ist eins okay?"",""Sprecher 1"""
"1055140,""1055500"","" Genau."",""Sprecher 1"""
"1055900,""1058060"","" Okay, dann muss ich nur ein bisschen umdenken."",""Sprecher 1"""
"1058060,""1062100"","" Aber wir können das dann stringent hierfür durchführen."",""Sprecher 1"""
"1062480,""1063960"","" Okay, muss ich mir nur merken."",""Sprecher 1"""
"1069240,""1071560"","" Oh Gott, wie die Formulierung."",""Sprecher 1"""
"1081560,""1082120"","" Ja."",""Sprecher 2"""
"1117840,""1120480"","" Ja, gut, du schnittest keinen Klartext, oder?"",""Sprecher 1"""
"1124050,""1132890"","" Warte mal, ich habe auch keinen kleinen Open."",""Sprecher 1"""
"1137270,""1139290"","" It's interesting, I don't know."",""Sprecher 1"""
"1149960,""1153520"","" Ja, kann ich auch absenden?"",""Sprecher 1"""
"1154420,""1154520"","" Ja."",""Sprecher 1"""
"1156520,""1157780"","" Das ist alles ausgefüllt?"",""Sprecher 1"""
"1158020,""1158120"","" Ja."",""Sprecher 1"""
"1164760,""1165400"","" Wunderbar."",""Sprecher 1"""
"1166020,""1166680"","" Und dann geht's runter."",""Sprecher 1"""
"1168160,""1172560"","" Der nächste Artikel."",""Sprecher 1"""
"1172960,""1173260"","" Okay."",""Sprecher 2"""
"1184260,""1184520"","" Aha."",""Sprecher 2"""
"1188000,""1197720"","" Also ich muss wieder sagen, solche Dinge wie bei Merzig sind in unserem DNA-Code verankert."",""Sprecher 1"""
"1200040,""1228460"","" Ja, solche Aussagen finde ich auch immer ein bisschen schwierig, weil das auch wieder so, wenn man das so sagt, dann klingt das, es geht auch wieder in so eine Richtung, wo man auch das Gefühl hat, wenn solche Dinge irgendwo stehen, auch wenn es schon im ersten Satz ist, hat man so das Gefühl, man kann ja gar nichts Gegenteiliges sagen."",""Sprecher 1"""
"1228600,""1233420"","" Oder wenn man was Gegenteiliges sagt, dann ist es ja total falsch, so und so."",""Sprecher 1"""
"1234860,""1240600"","" Oder auch das Integrale Bestandteil unserer Seele."",""Sprecher 1"""
"1241560,""1244460"","" Das sind so Floskeln, die finde ich nicht gut."",""Sprecher 1"""
"1273160,""1284340"","" Und da muss ich zum Beispiel sagen, wenn solche historischen Beispiele genannt werden, finde ich allgemein, in Zeitungen und sowas sollten eigentlich, also finde ich, auch Quellen genannt werden."",""Sprecher 1"""
"1285380,""1290460"","" Das ist was aber, was mich tatsächlich bei vielen Zeitungen und sowas stört."",""Sprecher 1"""
"1291660,""1314500"","" Aber gerade wenn man so Fakten schafft oder Fakten sagt, ich kenne das tatsächlich nicht, ich weiß das tatsächlich nicht, ich habe das noch nicht gehört, wo ich sage, okay gut, ich würde sowas nachlesen wollen und jetzt müsste ich halt selber gucken und ich kann das jetzt nicht beurteilen, ob das jetzt stimmt oder nicht."",""Sprecher 1"""
"1317040,""1325220"","" Ja, finde ich auch so eine Sache, wenn man sagt, man zeigt solche Fakten und gibt dann nicht die Möglichkeit, dass man sagt, das ist da und daher oder sowas."",""Sprecher 1"""
"1325980,""1330860"","" Immer so ein bisschen, ja, ich nenne es wieder schwierig."",""Sprecher 1"""
"1338900,""1345100"","" Die Frage ist eher, ob wir vielleicht in Kaputtien was drin haben, in AR-Agent jetzt generell."",""Sprecher 1"""
"1345820,""1347220"","" Oder ob das jetzt ein Zufall ist."",""Sprecher 1"""
"1359070,""1360970"","" Es ist ja auch keiner da, den man fragen könnte."",""Sprecher 1"""
"1366580,""1367820"","" Das ist immer gut für mich."",""Sprecher 1"""
"1378420,""1380540"","" Ja, ich kann das auch nicht, ich schreibe immer Textweise."",""Sprecher 1"""
"1383180,""1384980"","" Ja, und das mit dieser helfenden Hand."",""Sprecher 1"""
"1388860,""1396380"","" Hat auch immer so einen Beigeschmack."",""Sprecher 1"""
"1397440,""1400040"","" Ist auch nur die Durchreise geöffnet worden."",""Sprecher 1"""
"1401540,""1402480"","" Ja, weiß ich nicht."",""Sprecher 1"""
"1421010,""1445770"","" Ich muss tatsächlich sagen, wenn sowas gesagt würde, wie das armenische Volk wurde gerettet und die Kinder wurden ja gefüttert."",""Sprecher 1"""
"1446770,""1452470"","" Es steht halt nichts dabei, was im Nachhinein damit passiert, mit den Leuten passiert wurde oder passiert ist."",""Sprecher 1"""
"1453050,""1455650"","" Sind die in Russland geblieben, sind die weitergezogen, was auch immer."",""Sprecher 1"""
"1458730,""1461470"","" Diese Aussage fühlt sich so endgültig an."",""Sprecher 1"""
"1462830,""1467350"","" Wir haben das toll gemacht und deswegen ist das so."",""Sprecher 1"""
"1467630,""1476210"","" Ich patche was, einfach was patchen."",""Sprecher 1"""
"1477350,""1479910"","" Den kannst du nebenbei neu starten, das ist mir vollkommen egal."",""Sprecher 1"""
"1481270,""1483290"","" Ich patche nur den 10D."",""Sprecher 1"""
"1483930,""1485730"","" Und das ist mir alles andere egal."",""Sprecher 1"""
"1499510,""1503330"","" Boah, den Party finde ich ganz schwierig."",""Sprecher 1"""
"1505610,""1510130"","" Wenn man sagt, nach allem, was die angerichtet haben, alles auszulöschen."",""Sprecher 1"""
"1510410,""1516550"","" Aber Großherzigkeit und Barmherzigkeit, das ist meiner Meinung nach keine Großherzigkeit und Barmherzigkeit."",""Sprecher 1"""
"1517390,""1520710"","" Dass man sagt, man geht nicht auf die Zivilisten los."",""Sprecher 1"""
"1525450,""1534560"","" Das als Großherzigkeit und Barmherzigkeit zu betiteln, finde ich interessant."",""Sprecher 1"""
"1535980,""1538740"","" Kann ich jetzt nicht so ganz zustimmen."",""Sprecher 1"""
"1540180,""1546720"","" Weil wenn sie sagen, in ihrem Land wurde so viel angerichtet und dann selber dann zu sagen, wir machen aber das Gleiche nicht mit euch."",""Sprecher 1"""
"1548420,""1551460"","" Ist es dann, wenn sie sagen, das war vorher bei uns schlimm."",""Sprecher 1"""
"1582680,""1617940"","" Ja, das ist auch wieder so ein Artikel, wo ich sage, der ist halt auch wieder sehr, sehr einseitig geschrieben und glorifiziert halt auch ein bisschen."",""Sprecher 1"""
"1618540,""1619940"","" Oder nicht nur ein bisschen, sehr."",""Sprecher 1"""
"1621020,""1627580"","" Ob das jetzt stimmt, was da steht, kann ich halt auch wieder nicht bestätigen, verneinen."",""Sprecher 1"""
"1627800,""1640180"","" Aber es ist sehr glorifizierend geschrieben und deswegen für mich eher so."",""Sprecher 1"""
"1649640,""1650880"","" Komplett unglaubwürdig."",""Sprecher 1"""
"1651580,""1653100"","" Das kommt halt immer darauf an."",""Sprecher 1"""
"1653240,""1662840"","" Ich sage jetzt hier, nicht ganz unglaubwürdig, sondern nur so ein bisschen unglaubwürdig, weil ich ja nicht sagen kann, ob die Daten stimmen oder nicht."",""Sprecher 1"""
"1664660,""1671360"","" Deswegen sage ich, vom Ganzen klingt es trotzdem sehr in eine Richtung geschoben."",""Sprecher 1"""
"1671520,""1674340"","" Aber ob es nachvollziehbar ist oder nicht, weiß ich nicht."",""Sprecher 1"""
"1674480,""1678120"","" Deswegen sage ich zwei."",""Sprecher 1"""
"1679140,""1679880"","" Oh Gott."",""Sprecher 1"""
"1682040,""1684160"","" Ich bin die Frau."",""Sprecher 1"""
"1688320,""1690480"","" Emotional geschrieben."",""Sprecher 1"""
"1692800,""1708380"","" Bei Vorwissen hast du entweder sehr wenig Vorwissen oder sehr viel Vorwissen."",""Sprecher 1"""
"1708800,""1709880"","" Eins ist sehr wenig."",""Sprecher 1"""
"1710700,""1711260"","" Ach, ich."",""Sprecher 1"""
"1711720,""1718440"","" Ich habe überhaupt kein Vorwissen."",""Sprecher 1"""
"1723000,""1734820"","" Die Plausibilität der Informationen, wie gesagt, kann ich ja leider nicht so sagen, ob das jetzt so ist oder nicht."",""Sprecher 1"""
"1735980,""1737860"","" Es könnte sein, es könnte nicht sein."",""Sprecher 1"""
"1738660,""1739120"","" Deswegen wieder."",""Sprecher 1"""
"1796910,""1806430"","" Gerade in Bezug nach dem Zweiten Weltkrieg ist es ja so, dass Russland nicht alleine daran beteiligt war."",""Sprecher 1"""
"1807150,""1809770"","" Es gab ja auch noch, wie man immer schön sagt, die Amis."",""Sprecher 1"""
"1811950,""1825720"","" Und ich glaube auch, dass die da eventuell auch ein bisschen vielleicht nicht so begeistert davon gewesen wären, wenn die, wie sagt man jetzt, nicht barmherzig und großherzig gewesen wären."",""Sprecher 1"""
"1826500,""1831840"","" Dass da eventuell auch von anderen Nationen ein Stoppschild gezogen wurde."",""Sprecher 1"""
"1840040,""1846580"","" Aber dieses glorifizierende Schreiben, auch mit der DNA und so, das ist eigentlich so das Hauptding, wo ich sage."",""Sprecher 1"""
"1851280,""1855950"","" Dann gehen wir zum nächsten Artikel."",""Sprecher 1"""
"1897280,""1903060"","" Bis jetzt klingt es relativ sachlich."",""Sprecher 1"""
"1908470,""1911170"","" Es klingt sachlicher bis jetzt."",""Sprecher 1"""
"1950930,""1956990"","" Oben wird es genannt mit dem Sondertribunal und hier unten quasi auch so eine Alternative, die es auch gibt."",""Sprecher 1"""
"1957130,""1959690"","" Und da wird auch erklärt, warum das nicht ist."",""Sprecher 1"""
"1961370,""1965430"","" Es gibt also mit dem Haftbefehl, aber warum das nicht funktioniert."",""Sprecher 1"""
"1966870,""1968870"","" Und dann wo sie sagen, hier die Lücke zu schließen."",""Sprecher 1"""
"1970510,""1977270"","" Also es wird quasi erklärt, wieso dieser Weg gegangen wird, weil der andere halt so nicht funktioniert."",""Sprecher 1"""
"1977530,""1980690"","" Also meiner Meinung nach wird das auch gut dargelegt."",""Sprecher 1"""
"2035590,""2045610"","" Was ich jetzt hier in dem Artikel gut finde, ist, dass auch erklärt wird, wie das aussieht, wie das hier ablaufen soll, wie das aufgebaut sein soll und sowas."",""Sprecher 1"""
"2045750,""2050130"","" Also es werden quasi auch Hintergründe erklärt."",""Sprecher 1"""
"2051770,""2056130"","" Es wird erklärt, wie das Ganze aussieht."",""Sprecher 1"""
"2094850,""2110930"","" Damit ich meiner Aussage von vorhin treu bleibe, es ist halt trotzdem so, dass auch hier ich allgemein bei Artikeln eigentlich es ganz schön finden würde, wenn irgendwo Quellen wären."",""Sprecher 1"""
"2112850,""2127170"","" Aber das vermisse ich halt bei eigentlich fast allen heutzutage in Zeitungen, was auch immer, dass einfach das auch so als gegeben angesehen wird, aber keine Quellen nennt."",""Sprecher 1"""
"2127250,""2134410"","" Zum Beispiel wie das funktioniert und sowas, dass man einfach irgendwo eine Erklärung findet oder so."",""Sprecher 1"""
"2135250,""2135430"","" Genau."",""Sprecher 1"""
"2136310,""2139290"","" Also alle Artikel sind wirklich im Originalzustand."",""Sprecher 1"""
"2139310,""2139410"","" Ja."",""Sprecher 1"""
"2141170,""2155810"","" Außer die Autorenschaft und der Ursprung und die Formatierung, damit die einheitlich sind und kein Rückstoß darauf zulassen, woher diese Artikel sind, wurde bei keinem einzigen Artikel etwas gekürzt."",""Sprecher 1"""
"2156390,""2156670"","" Ja, ja."",""Sprecher 1"""
"2157030,""2160110"","" Also ich bin tatsächlich davon ausgegangen."",""Sprecher 1"""
"2178450,""2179770"","" Oh Gott."",""Sprecher 1"""
"2180030,""2183770"","" Ich habe tatsächlich auch wieder sehr wenig Vorwissen."",""Sprecher 1"""
"2184330,""2185010"","" Also das da."",""Sprecher 1"""
"2187700,""2194620"","" Aber dadurch, dass man so ein bisschen, noch ein bisschen Vorwissen habe ich, ein bisschen mehr Plausibilität der Information."",""Sprecher 1"""
"2196160,""2197080"","" Ich finde sie plausibel."",""Sprecher 1"""
"2207920,""2218600"","" Was man aber auch natürlich dazu sagen muss, ist, dass der Artikel, formuliert man das jetzt, natürlich auch sehr westlich geschrieben ist."",""Sprecher 1"""
"2219740,""2231200"","" Also es ist natürlich, es kann auch sein, dass das alles, oder wenn man sagt hier, dass, blöd gesagt, Russland der Aggressor ist, dass das auch gar nicht stimmt, in Anführungszeichen."",""Sprecher 1"""
"2231380,""2234120"","" Es ist halt, man kriegt vieles halt auch nur aus den Medien mit."",""Sprecher 1"""
"2234940,""2235960"","" Das ist natürlich so."",""Sprecher 1"""
"2238120,""2241860"","" Aber das, was sich jetzt durch die Medien zieht, das fühle ich mich dadurch bestätigt."",""Sprecher 1"""
"2241920,""2243660"","" Deswegen finde ich den Artikel sehr glaubwürdig."",""Sprecher 1"""
"2246040,""2248100"","" Doch, das ist logisch."",""Sprecher 1"""
"2252670,""2263170"","" Es sind sogar alles originär deutschsprachige, also es ist auch nichts Übersetztes dabei, es sind alles originär deutschsprachige Artikel, damit man auch eben keinen Übersetzungsfehler dabei hat."",""Sprecher 1"""
"2264610,""2265210"","" Ja."",""Sprecher 1"""
"2265710,""2267890"","" Aber wie gesagt, aus sehr unterschiedlichen Quellen."",""Sprecher 1"""
"2269890,""2271650"","" Du brauchst eh wahrscheinlich noch ein bisschen."",""Sprecher 1"""
"2274190,""2275450"","" Nee, nee, kein Problem."",""Sprecher 1"""
"2277090,""2284130"","" Ja, und dann, ja, wenn du irgendwas Größeres, genau, und wenn irgendwas Größeres ist, dann musst du halt nochmal anfangen."",""Sprecher 1"""
"2284550,""2286310"","" Ja, das war's eigentlich schon."",""Sprecher 1"""
"2287970,""2289810"","" Das ist deine persönliche Antwort."",""Sprecher 1"""
"2291690,""2293410"","" Falsch, kein zu kurz, kein zu lang."",""Sprecher 1"""
"2294490,""2294870"","" Ja."",""Sprecher 1"""
"2298630,""2299570"","" Wie lange dauert das?"",""Sprecher 1"""
"2299710,""2299910"","" Achso."",""Sprecher 1"""
"2301270,""2302730"","" Nee, der Button ist anscheinend nur noch unten."",""Sprecher 1"""
"2303730,""2304650"","" Ach, da, okay."",""Sprecher 1"""
"2306470,""2308750"","" Ich weiß nicht, im Template sieht alles richtig aus."",""Sprecher 1"""
"2313170,""2323300"","" Nee, nee, passt schon, ist egal."",""Sprecher 1"""
"2337520,""2339860"","" Nein, nein, das ist eine feste."",""Sprecher 1"""
"2342980,""2343860"","" Ja, passt."",""Sprecher 1"""
"2345240,""2348180"","" Genau, dann sagst du mir einfach Bescheid, wenn es wieder da ist."",""Sprecher 1"""
"2359330,""2363830"","" Achso, gibt es einfach in den Startpipelines..."",""Sprecher 1"""
"2363830,""2366530"","" Den Satz hier verstehe ich jetzt irgendwie nicht."",""Sprecher 1"""
"2369620,""2371540"","" Wahrscheinlich irgendwie ein Schreibfehler oder sowas."",""Sprecher 1"""
"2372280,""2375780"","" Du kannst ihn auch über die ABS einfach starten stecken können."",""Sprecher 1"""
"2385970,""2387010"","" Start ABS."",""Sprecher 1"""
"2389450,""2395870"","" Was für ein Hostname, das sagt nur S1-AI-Agent-ABS."",""Sprecher 1"""
"2397050,""2399470"","" Ja, genau, er macht S3 draus."",""Sprecher 1"""
"2403000,""2409000"","" Auto Setup, den harten dran lassen."",""Sprecher 1"""
"2423980,""2428760"","" Also der Artikel ist natürlich jetzt auch aus einer sehr emotionalen Sicht geschrieben."",""Sprecher 1"""
"2434150,""2454430"","" Das Schwierige ist jetzt gerade, ich muss tatsächlich sagen, dass ich das bei dem Thema tatsächlich schwieriger finde, das einzuschätzen, weil man natürlich, wie ich gerade gesagt habe, auch durch die Medien so ein bisschen, ich sage auch, beeinflusst wird und alles."",""Sprecher 1"""
"2457490,""2474630"","" Wir gehen ja eher davon aus oder es wird einem auch gesagt oder suggeriert, dass Russland, wie man sagt, hier der Aggressor ist."",""Sprecher 1"""
"2475950,""2483010"","" Das wird ja hier auch wieder stark dargelegt, auch während der Befreiung von Marie Pohl."",""Sprecher 1"""
"2486250,""2500230"","" Da jetzt die Glaubwürdigkeit von einzuschätzen, finde ich, ich sage jetzt sauschwer, weil ich tatsächlich da eher sagen würde, dem Ganzen glaube ich eher als den ersten beiden Artikeln."",""Sprecher 1"""
"2501190,""2504230"","" Aber das ist schon ganz schön hart, muss ich sagen."",""Sprecher 1"""
"2505290,""2515050"","" Wenn man versucht, da wirklich neutral ranzugehen oder wirklich mal zu sagen, okay gut, wie sehe ich das Ganze, wenn man das so einem aufgezeigt wird."",""Sprecher 1"""
"2517970,""2531340"","" Ich bin blind, deswegen brauche ich noch ein paar Augen."",""Sprecher 1"""
"2536670,""2543810"","" Fehler mit der Geräuchertwiste haben wir noch nie gesehen, deswegen ist es ein bisschen komisch."",""Sprecher 1"""
"2544990,""2547770"","" Wahrscheinlich habe ich irgendwas Blödes gemacht."",""Sprecher 1"""
"2549910,""2556650"","" Jetzt muss ich dir aber erst die Screenshots zeigen, weil ich die andere nicht mehr habe, weil wir die neu starten müssen, weil wir andere Probleme da haben."",""Sprecher 1"""
"2556990,""2558810"","" Aber das hat mit dem Problem nichts zu tun."",""Sprecher 1"""
"2560030,""2564090"","" Dieser Fehler hier, siehst du das vernünftig?"",""Sprecher 1"""
"2571420,""2571560"","" Ja."",""Sprecher 2"""
"2574680,""2579760"","" Genau, das habe ich mir auch so gedacht und effektiv gesehen sieht das dann so aus."",""Sprecher 1"""
"2592260,""2618640"","" Es ist natürlich, dass jetzt hier sehr viel gesagt wird, dass das alles sehr, eben dieses Foto Zeug alles sehr einseitig ist, beziehungsweise das, was Russland da ausgestellt wird für die, beziehungsweise wie das dargestellt wird, natürlich sehr negativ für die Ukrainer beziehungsweise, was war das oben?"",""Sprecher 1"""
"2620240,""2620920"","" Georgien?"",""Sprecher 1"""
"2621420,""2622060"","" Nee, oder?"",""Sprecher 1"""
"2622400,""2622960"","" Doch, Georgien."",""Sprecher 1"""
"2630240,""2633180"","" Das ist echt schwer."",""Sprecher 1"""
"2646480,""2660660"","" Natürlich hier, wenn hier so dieser Dokumentarfilm genannt wird, der russisch ist, wo gesagt wird, okay gut, da wird dann auch wieder auch nur eine Seite dargestellt und die andere Seite wird ignoriert."",""Sprecher 1"""
"2672990,""2679410"","" Ja gut, da muss man ja mehr Augen drauf gucken, weil dann ist man dann nervös und kann das dann nicht, weißt du?"",""Sprecher 1"""
"2679450,""2681210"","" Und das ist jetzt auch noch nicht übersetzt hier."",""Sprecher 1"""
"2683250,""2684530"","" Das ist so nicht übersetzt."",""Sprecher 1"""
"2693480,""2704940"","" Ja, keine Ahnung, das ist teilweise echt schon komisch, was es da von sich gibt."",""Sprecher 1"""
"2709860,""2727560"","" Ja, also man merkt deutlich, dass in dem Artikel beziehungsweise durch diese Fotos bei den Leuten auch, wie sagt man, Wunden aufgerissen wird und dadurch ist, der ist eigentlich schon sehr emotional, der Artikel, aber tatsächlich trotzdem halbwegs sachlich."",""Sprecher 1"""
"2727560,""2739680"","" Also es ist lustig, du kannst dich schon in einem T-Mux laden und jetzt habe ich das Problem, ich kann auch beides infizieren."",""Sprecher 1"""
"2741920,""2746440"","" Nein, nein, nein, wenn ich das hier mache, dann macht er mir in meinem Haupt-T-Mux quasi das Ding auf."",""Sprecher 1"""
"2747780,""2764720"","" Genau, das funktioniert mit dem einfach Control-B-B und dann machst du es, als kleiner Tipp, weil ich weiß ja ganz genau, du kannst das doch tiefer halten, wenn du noch einen T-Mux laden willst, musst du halt nur mal dreimal drücken."",""Sprecher 1"""
"2765640,""2766960"","" Ja, ich finde hier tatsächlich beides."",""Sprecher 1"""
"2767100,""2769780"","" Es ist sowohl emotional als auch sachlich, deswegen die Mitte."",""Sprecher 1"""
"2772700,""2775180"","" Ja, das fühlt sich eher so an."",""Sprecher 1"""
"2775680,""2777160"","" Ganz weiß ist es egal."",""Sprecher 1"""
"2791780,""2793900"","" Ich kann ihn beschreiben."",""Sprecher 1"""
"2808600,""2810380"","" Das ist auch so fies, wenn einem jemand zusieht."",""Sprecher 1"""
"2810740,""2813200"","" Ja, ich habe das tatsächlich schon wieder vergessen."",""Sprecher 1"""
"2816340,""2819420"","" Trotzdem, beziehungsweise ich kann es relativ gut ausblenden, aber trotzdem."",""Sprecher 1"""
"2827460,""2842780"","" Ja gut, aber es ist halt einfach so, dass ein Konzept, das hört sich dann immer gut an, und wenn man dann irgendwelche Produkte entwickelt, wo du so viel Warten hast oder so ein Blödsinn hast, dann geht das."",""Sprecher 1"""
"2843800,""2844720"","" Vielen Dank."",""Sprecher 1"""
"2845180,""2847880"","" Wir sind mit der Studienphase 1 zu Ende."",""Sprecher 1"""
"2848140,""2849380"","" Es folgen noch zwei."",""Sprecher 1"""
"2849940,""2850540"","" Oh Gott."",""Sprecher 2"""
"2854060,""2857920"","" Ich sage aber gleich, die dritte Studienfrage ist nur noch ein demografischer Fragebuch und so."",""Sprecher 1"""
"2858540,""2860120"","" Also alles ganz harmlos."",""Sprecher 1"""
"2860720,""2868680"","" Jetzt in der zweiten Phase kriegst du auf jeder Homepage den Artikel, den du schon gelesen hast."",""Sprecher 1"""
"2869920,""2874740"","" Auf der einen Seite wird der Artikeltext nochmal eingeblendet in der Gänze."",""Sprecher 1"""
"2876800,""2881560"","" Rechts am Bildschirm ist der Chatbot integriert, in den du reinschreiben kannst."",""Sprecher 1"""
"2881890,""2893440"","" Und jetzt sollst du bitte versuchen, mithilfe des Chatbots die Nachrichtenartikel zu verifizieren oder zu falsifizieren."",""Sprecher 1"""
"2895180,""2899680"","" Das geht darum, du musst kein einstimmiges Vergehen und das natürlich finden."",""Sprecher 1"""
"2899820,""2910800"","" Du sollst einfach nur, wie du für dich den Chatbot einsetzen würdest, um Artikel zu verifizieren, beziehungsweise um KI zu verifizieren und zu nutzen."",""Sprecher 1"""
"2911400,""2916700"","" Und der Chat ist dann beendet, wenn du sagst, ich bin jetzt mit dem Ergebnis zufrieden."",""Sprecher 1"""
"2917020,""2919960"","" Darauf folgt dann wieder eine Frage über den Einsatz."",""Sprecher 1"""
"2925300,""2933500"","" Ich muss dazu sagen, der Chatbot ist manchmal so, dass die Antworten etwas dauern."",""Sprecher 1"""
"2933640,""2938280"","" Es ist einfach, ich habe die Kapazität nicht von Chat-GBT-Mithilfe."",""Sprecher 1"""
"2938920,""2939440"","" Genau."",""Sprecher 1"""
"2946240,""2948100"","" Und wieder bitte dabei laut denken."",""Sprecher 1"""
"2948820,""2949040"","" Achso."",""Sprecher 1"""
"2951820,""2957380"","" Standardmäßig würde ich jetzt erst mal fragen, wahrscheinlich an einer Skala von 1 bis 10, wie glaubwürdig ist der Artikel?"",""Sprecher 1"""
"2958060,""2959300"","" Er kennt den Artikel nicht."",""Sprecher 1"""
"2960060,""2960240"","" Achso."",""Sprecher 1"""
"2960720,""2960960"","" Genau."",""Sprecher 1"""
"2961440,""2964660"","" Der Artikel steht eben nicht automatisch zur Verfügung."",""Sprecher 1"""
"2965120,""2966000"","" Kann ich den reinkopieren?"",""Sprecher 1"""
"2966720,""2969860"","" Das ist ein Notizfeld für dich, wenn du Notizen machen möchtest."",""Sprecher 1"""
"2970380,""2972740"","" Natürlich kannst du schauen, ob du den reinkopieren kannst."",""Sprecher 1"""
"2973600,""2974140"","" Okay."",""Sprecher 1"""
"2975260,""2977060"","" Wie gesagt, es geht dabei um deine Methode."",""Sprecher 1"""
"3026110,""3027450"","" Wie gesagt, der Bot braucht."",""Sprecher 2"""
"3028430,""3028610"","" Ja."",""Sprecher 2"""
"3039060,""3040840"","" Ich stelle nur kurz eine Frage."",""Sprecher 1"""
"3041540,""3043820"","" Hörst du im Hintergrund jemanden sprechen?"",""Sprecher 1"""
"3045820,""3046260"","" Bei mir?"",""Sprecher 1"""
"3046620,""3047180"","" Okay."",""Sprecher 1"""
"3051180,""3053820"","" Da steht nicht dabei, dass du versuchst, mich anzuhören."",""Sprecher 1"""
"3054760,""3057080"","" Dann bist du grün und ich bin von mir die rote Textmeldung."",""Sprecher 1"""
"3057080,""3057280"","" Oh, super."",""Sprecher 1"""
"3057340,""3057600"","" Willkommen."",""Sprecher 1"""
"3066490,""3068370"","" Das habe ich ja auch schon gemeint."",""Sprecher 1"""
"3068610,""3070090"","" Brennen ist eher das Richtige."",""Sprecher 1"""
"3070590,""3072030"","" Das ist einfach ein Zeichen."",""Sprecher 1"""
"3073150,""3073390"","" Ach Gott."",""Sprecher 1"""
"3075830,""3076590"","" Hat er es abgeschmiert?"",""Sprecher 1"""
"3076730,""3076850"","" Okay."",""Sprecher 1"""
"3077050,""3078250"","" Weil ich habe mich schon bewundert."",""Sprecher 1"""
"3080170,""3080990"","" Ja, gut."",""Sprecher 1"""
"3081210,""3081850"","" Kann auch passieren."",""Sprecher 1"""
"3083470,""3084250"","" Wieso nicht?"",""Sprecher 1"""
"3085350,""3086110"","" Nochmal hier."",""Sprecher 1"""
"3089160,""3089520"","" Achso."",""Sprecher 1"""
"3092180,""3105060"","" Ich muss tatsächlich sagen, dadurch, dass da jetzt das rausgekommen ist, oder auch das eher so rausgekommen ist, wie ich es sagen würde, dass man sagt, ich finde, das ist auch recht gut aufgeschlüsselt."",""Sprecher 1"""
"3106840,""3108460"","" Auch mit der Überprüfbarkeit."",""Sprecher 1"""
"3111860,""3115960"","" Und dann gesagt wird, hier würde er im unteren Bereich angesiedelt werden."",""Sprecher 1"""
"3116240,""3119500"","" Würde ich jetzt tatsächlich sagen, okay, gut, ich bin in meiner Meinung bestätigt, deswegen würde ich das nicht machen."",""Sprecher 1"""
"3121140,""3121700"","" Gut."",""Sprecher 1"""
"3122660,""3127280"","" Wie gesagt, die Art und Weise, wie du das verifizieren würdest."",""Sprecher 1"""
"3131880,""3133820"","" Soll ich jetzt hier verlassen?"",""Sprecher 1"""
"3134260,""3135680"","" Nein, abbrechen bitte."",""Sprecher 1"""
"3137140,""3138180"","" Gehst du nochmal auf weiter?"",""Sprecher 1"""
"3143380,""3144360"","" Warte ganz kurz."",""Sprecher 1"""
"3146160,""3149760"","" Ich muss ganz kurz schauen, ob mit der Seite irgendwas ist."",""Sprecher 1"""
"3150170,""3151680"","" Du stehst."",""Sprecher 1"""
"3159210,""3159430"","" Genau."",""Sprecher 1"""
"3159690,""3163430"","" Und das wird quasi dort drin."",""Sprecher 1"""
"3164750,""3165030"","" Genau."",""Sprecher 1"""
"3178690,""3179270"","" Ja."",""Sprecher 1"""
"3180470,""3181050"","" Okay."",""Sprecher 1"""
"3185130,""3190290"","" Nee, die Seite gehen wir auch verlassen, wenn nicht kann ich den Link gleich nochmal zuschicken."",""Sprecher 1"""
"3191750,""3192670"","" Ah, okay."",""Sprecher 1"""
"3193990,""3195650"","" Dann war das gerade nur bei dir."",""Sprecher 1"""
"3197510,""3198090"","" Passt."",""Sprecher 1"""
"3206720,""3207540"","" Das ist klar."",""Sprecher 1"""
"3212520,""3220280"","" Wenn die keine Quellen genannt hat, soll ich dann einfach auf hier gehen?"",""Sprecher 1"""
"3221620,""3222640"","" Ja, kannst du machen."",""Sprecher 1"""
"3228050,""3228830"","" Warte mal."",""Sprecher 1"""
"3229410,""3231810"","" Kommentieren, wieso du das..."",""Sprecher 1"""
"3236150,""3237650"","" Ja, die Entscheidung geholfen."",""Sprecher 1"""
"3238250,""3239230"","" Eigentlich hat es mir..."",""Sprecher 1"""
"3239230,""3241790"","" Es hat mich ja quasi bestätigt."",""Sprecher 1"""
"3243050,""3243930"","" Ich vertraue der Einschätzung."",""Sprecher 1"""
"3244210,""3245490"","" Ja, nicht hundertprozentig."",""Sprecher 1"""
"3246570,""3247690"","" Aber schon so ein bisschen."",""Sprecher 1"""
"3248750,""3249610"","" Quellen habe ich keine."",""Sprecher 1"""
"3249950,""3251630"","" Deswegen habe ich sie nicht überprüft."",""Sprecher 1"""
"3251850,""3253310"","" Die ich vorher nicht kannte."",""Sprecher 1"""
"3254690,""3256410"","" Nicht, dass ich mich jetzt erinnern kann."",""Sprecher 1"""
"3258730,""3259790"","" Ja, nur ganz."",""Sprecher 1"""
"3260790,""3261310"","" Nein."",""Sprecher 1"""
"3262870,""3263390"","" Nein."",""Sprecher 1"""
"3265370,""3265890"","" Nein."",""Sprecher 1"""
"3266730,""3269510"","" Naja, das ist, weil du ja im Hintergrund..."",""Sprecher 1"""
"3270390,""3271430"","" Doch, das schon."",""Sprecher 2"""
"3280260,""3282200"","" Ich glaube, da haben wir noch was zu da machen."",""Sprecher 1"""
"3290950,""3292430"","" Macht mal die Tilly J."",""Sprecher 1"""
"3298690,""3301590"","" Ich will nur das da wieder ausprobieren, die Tilly J, danke."",""Sprecher 1"""
"3303070,""3305230"","" Ein bisschen weiter mit dem nächsten Artikel."",""Sprecher 1"""
"3305610,""3306750"","" Warte mal, kann das gleich sein?"",""Sprecher 1"""
"3306810,""3307810"","" Same procedure."",""Sprecher 1"""
"3308730,""3309870"","" Erstmal alles kopieren."",""Sprecher 1"""
"3311690,""3314930"","" Ah, natürlich sind es Drops."",""Sprecher 1"""
"3315050,""3316870"","" Weil ich hier kein..."",""Sprecher 1"""
"3319250,""3320650"","" Ja, das ist das Problem."",""Sprecher 1"""
"3322710,""3324190"","" Pass auf, ich habe hier..."",""Sprecher 1"""
"3325270,""3326610"","" Ich übergebe ja hier Daten."",""Sprecher 1"""
"3327550,""3330890"","" Und hier mache ich einfach wieder die Drops."",""Sprecher 1"""
"3331110,""3333670"","" Eigentlich müsste ich..."",""Sprecher 1"""
"3335510,""3338890"","" Also eigentlich müsste dieser Teil da nicht drin sein."",""Sprecher 1"""
"3341110,""3343810"","" Weil das Problem ist, weil ich will das ja gar nicht zu dem Zeitpunkt haben."",""Sprecher 1"""
"3344150,""3347650"","" Also, bettel mit dir, wenn ich das jetzt bei Angie..."",""Sprecher 1"""
"3348790,""3349590"","" Template schreibe."",""Sprecher 1"""
"3352370,""3352770"","" Template."",""Sprecher 1"""
"3353590,""3353990"","" Fragezeichen."",""Sprecher 1"""
"3355150,""3355770"","" Kenn ich."",""Sprecher 1"""
"3356030,""3359090"","" Weil wir wollen ja richtig geiles Zeugs hier haben."",""Sprecher 1"""
"3359530,""3360570"","" Ein paar schöne T-Shirts, oder?"",""Sprecher 1"""
"3365870,""3366270"","" Template."",""Sprecher 1"""
"3369700,""3370180"","" Ah."",""Sprecher 1"""
"3371900,""3373300"","" Ich koppiere Dinge."",""Sprecher 1"""
"3375480,""3377040"","" Und dann ist es scheiße."",""Sprecher 1"""
"3380720,""3383660"","" Das Problem ist, weil ich habe hier einen Basis-Dialog."",""Sprecher 1"""
"3383900,""3386320"","" Dieser Basis-Dialog übernimmt die Headline."",""Sprecher 1"""
"3386560,""3389760"","" Aber der könnte ja auch eigentlich gehen, wenn ich die Headline mache."",""Sprecher 1"""
"3390620,""3391300"","" Es ist nur dieser."",""Sprecher 1"""
"3392200,""3394780"","" Dann kann das auch da in dem Ding drin sein."",""Sprecher 1"""
"3394880,""3396100"","" Wieso habe ich das zweimal drin?"",""Sprecher 1"""
"3405990,""3406950"","" Die Position."",""Sprecher 1"""
"3406950,""3409270"","" Die Position ist da drin."",""Sprecher 1"""
"3411380,""3412500"","" Wait, wait."",""Sprecher 2"""
"3413020,""3414880"","" Dann brauchen wir die ganzen Schuhen gar nicht."",""Sprecher 1"""
"3427080,""3429180"","" Hier finde ich tatsächlich ganz gut."",""Sprecher 1"""
"3430620,""3437540"","" Das ist genau das, wo ich auch meinte, dass beim oberen Teil, dass ich nicht weiß, ob es stimmt."",""Sprecher 1"""
"3438120,""3446100"","" Hier steht auch, zumindest steht hier, ich habe davon noch nicht so viel gehört."",""Sprecher 1"""
"3454170,""3455850"","" Das scheint dann auch zu stimmen."",""Sprecher 1"""
"3456130,""3459430"","" Die Art und Weise, wie es geschrieben wird, kann man jetzt immer noch darüber streiten."",""Sprecher 1"""
"3459850,""3464990"","" Aber bei dem Part, wo ich gesagt habe, dass sie sich da als Retter aufgezeichnet haben."",""Sprecher 1"""
"3465570,""3466990"","" Auch gerade hier mit den Goldherden."",""Sprecher 1"""
"3467970,""3471690"","" Das ist tatsächlich das, was sich auch mit meinem Wissen halbwegs deckt."",""Sprecher 1"""
"3471730,""3476190"","" Nicht nur alle waren freundlich und haben ihr Brot geteilt."",""Sprecher 1"""
"3476510,""3477210"","" Blöd gesagt."",""Sprecher 1"""
"3478210,""3482590"","" Sondern da sind auch eher negative Sachen auch passiert."",""Sprecher 1"""
"3484330,""3487750"","" Was da natürlich schön vergessen wird."",""Sprecher 1"""
"3489630,""3497430"","" Auch hier wurde gesagt, mit dem aktuellen Kontext zu betrachten ist."",""Sprecher 1"""
"3500010,""3504410"","" Das spielt natürlich im eigenen Empfinden auch eine sehr große Rolle."",""Sprecher 1"""
"3507310,""3509310"","" Weil man sich natürlich daran erinnert."",""Sprecher 1"""
"3509690,""3513870"","" Beziehungsweise das natürlich einen beeinflusst."",""Sprecher 1"""
"3514010,""3515590"","" Wie auch das Ganze dargestellt wird."",""Sprecher 1"""
"3517790,""3525510"","" Auch wenn hier gesagt wird, eher im unteren Bereich fühle ich mich jetzt auch tatsächlich wieder bestätigt."",""Sprecher 1"""
"3527490,""3531410"","" Ich würde jetzt tatsächlich auch schon wieder sagen, okay gut, ich bin zufrieden."",""Sprecher 1"""
"3531410,""3532130"","" Ich mach weiter."",""Sprecher 1"""
"3533170,""3534590"","" Und es wieder verlassen."",""Sprecher 1"""
"3538380,""3540900"","" Warum auch immer das bei dir passiert, ich weiß es nicht."",""Sprecher 1"""
"3544020,""3544720"","" Alter Laptop."",""Sprecher 1"""
"3547460,""3549080"","" Schlecht programmierte Website."",""Sprecher 1"""
"3550120,""3550420"","" Nee."",""Sprecher 1"""
"3559800,""3563400"","" Ich glaube, ich hatte vorher auch zwei gesagt, wenn ich mich richtig erinnere."",""Sprecher 1"""
"3569080,""3572000"","" Ja, das waren, ich hab keine Nachquellen gefragt."",""Sprecher 1"""
"3577220,""3578560"","" Ich vertraue dem tatsächlich schon."",""Sprecher 1"""
"3579380,""3581140"","" Ja doch, irgendwie schon."",""Sprecher 1"""
"3582080,""3583600"","" Nein, ich hab keine Quellen."",""Sprecher 1"""
"3586140,""3587280"","" Nein, hab ich nicht."",""Sprecher 1"""
"3587520,""3591520"","" Die ich vorher nicht kannte."",""Sprecher 1"""
"3591960,""3595140"","" Ja, weil ich das mit den Armeniern nicht so genau wusste."",""Sprecher 1"""
"3595640,""3596920"","" Dem Osmanischen Reich."",""Sprecher 1"""
"3598620,""3599860"","" Das hab ich gemacht."",""Sprecher 1"""
"3600580,""3601480"","" Das hab ich nicht gemacht."",""Sprecher 1"""
"3601760,""3602620"","" Auch nicht gemacht."",""Sprecher 1"""
"3603540,""3604320"","" Ja, auch nicht gemacht."",""Sprecher 1"""
"3605500,""3607120"","" Das hier passt schon."",""Sprecher 2"""
"3614520,""3620400"","" Theoretisch würdest du das eigentlich kein Problem machen, aber möglicherweise in dem speziellen Fall schlecht."",""Sprecher 1"""
"3623740,""3625680"","" Aha, das ist das Problem."",""Sprecher 1"""
"3625960,""3627340"","" Okay, dann ist ihm das scheißegal."",""Sprecher 1"""
"3627480,""3630360"","" Er konnte halt die Zuordnung nicht machen mit den Jobs."",""Sprecher 1"""
"3630700,""3632300"","" Das ist ein guter Element an der Stelle."",""Sprecher 1"""
"3634300,""3636140"","" Ja gut, aber das ist ganz gut."",""Sprecher 1"""
"3636200,""3637720"","" Es waren halt noch ein paar mehr Fehler drin."",""Sprecher 1"""
"3637720,""3639360"","" Aber das ist schon mal ganz gut."",""Sprecher 1"""
"3639700,""3641180"","" Man kann irgendwie Fehler melden."",""Sprecher 1"""
"3641380,""3644520"","" Die kommen an Orten, die I don't know."",""Sprecher 1"""
"3646320,""3647460"","" Das ist so insane."",""Sprecher 1"""
"3652100,""3653720"","" Hier hab ich aber auch keinen."",""Sprecher 1"""
"3653940,""3658120"","" Eigentlich musste ich hier alles machen, um das genau zu vermitteln."",""Sprecher 1"""
"3658920,""3660080"","" Ja, das Standardding."",""Sprecher 1"""
"3663100,""3669180"","" Der will eigentlich so lange, bis er sich bei mir durchreißt, das so haben."",""Sprecher 1"""
"3669720,""3671460"","" Naja, immerhin, das funktioniert schon mal."",""Sprecher 1"""
"3676090,""3680950"","" Ja, das ist normal, weil die ID hier anders ist."",""Sprecher 1"""
"3681170,""3682730"","" Selbst davon muss man es auswerten."",""Sprecher 1"""
"3683650,""3686950"","" Aber immerhin, das kann der."",""Sprecher 1"""
"3692860,""3693700"","" Sehr geil."",""Sprecher 1"""
"3695900,""3697960"","" Sehr, sehr, sehr geil."",""Sprecher 1"""
"3698400,""3706760"","" Die Base-Säule, die wir nicht genannt haben, das war eine schnelle Antwort."",""Sprecher 1"""
"3707340,""3707760"","" Das war eine schnelle Antwort."",""Sprecher 1"""
"3707760,""3708500"","" Das war eine sehr schnelle Antwort."",""Sprecher 1"""
"3725380,""3727100"","" Ja, hab ich schon gelesen."",""Sprecher 1"""
"3727440,""3728800"","" Können wir gerne drüber reden."",""Sprecher 1"""
"3729580,""3730780"","" Können wir coole Sachen mitmachen."",""Sprecher 1"""
"3735760,""3737440"","" Das ist eigentlich relativ einfach."",""Sprecher 1"""
"3737740,""3745780"","" Da sich das mit meiner Meinung widerdeckt, würde ich tatsächlich einfach wieder weitermachen."",""Sprecher 1"""
"3753730,""3756090"","" Schau mal erstmal nach, ob es dir wirklich geht."",""Sprecher 1"""
"3757070,""3759030"","" Weil, richtig."",""Sprecher 1"""
"3762120,""3764400"","" Ich glaube zumindest, dass meine Eindrücke gleich waren."",""Sprecher 1"""
"3764820,""3769280"","" Wenn es ein Punkt ist, dann werde ich das sowieso sehen."",""Sprecher 1"""
"3769880,""3770720"","" Ja, klar."",""Sprecher 1"""
"3782360,""3785940"","" Diesmal tatsächlich hat es mir keine Informationen gegeben."",""Sprecher 1"""
"3786400,""3787320"","" Ich glaube nicht so."",""Sprecher 1"""
"3789540,""3793460"","" Ihr könnt dann quasi euer Datenband verwenden."",""Sprecher 1"""
"3794300,""3797840"","" Wie es jetzt für den Commander ist, das ist eine andere Thematik."",""Sprecher 1"""
"3798140,""3801920"","" Da werden wir natürlich auch dabei explizit nach vorn steigen müssen."",""Sprecher 1"""
"3802660,""3803540"","" Ach Gott."",""Sprecher 2"""
"3804560,""3808580"","" Das klingt nicht mit der eigenen Meinung."",""Sprecher 2"""
"3816280,""3817180"","" Ja, wird es."",""Sprecher 1"""
"3818120,""3821240"","" Aber die Frage ist natürlich, wie wir daran mit denen kommunizieren."",""Sprecher 1"""
"3821360,""3829420"","" Weil wahrscheinlich musst du dann irgendeinen Harping generieren, aber das Problem ist, dann hast du was an der Stelle, wo man mit dem anderen vielleicht dann reingehen muss."",""Sprecher 1"""
"3829880,""3833700"","" Ich bin jetzt sehr gespannt."",""Sprecher 1"""
"3836770,""3844750"","" Dann machen wir eine eigene Komponente oder eine Wrapper-Komponente drumherum und dann holen wir die Daten da rein und vielleicht ein paar Aussagen, wollen wir es mal sehen."",""Sprecher 1"""
"3846370,""3847230"","" Und dann kann ich nicht."",""Sprecher 1"""
"3847990,""3849730"","" Sehr gespannt, was da rauskommt."",""Sprecher 1"""
"3850270,""3850710"","" Sehr cool."",""Sprecher 1"""
"3851790,""3852830"","" Sprechen wir darüber."",""Sprecher 1"""
"3853790,""3858870"","" Ja, ihr habt schon gesehen, das Podium."",""Sprecher 1"""
"3860230,""3864070"","" Mit Matthias hier zum neuen Next Gen Client."",""Sprecher 1"""
"3866610,""3868010"","" Nee, da geht nichts."",""Sprecher 1"""
"3868450,""3870430"","" Also der Next Gen Client allgemein."",""Sprecher 1"""
"3872630,""3878240"","" Gab es überhaupt eine Skala von 1 bis 10 oder war das 1 bis 7?"",""Sprecher 1"""
"3880500,""3882360"","" Das war 1 bis 7 in der Skala."",""Sprecher 1"""
"3882920,""3887920"","" Aber es ist ja nicht relevant dafür, was du selber für dich nimmst."",""Sprecher 1"""
"3887980,""3891360"","" Nee, aber ich hatte eigentlich jetzt gerade die ganze Zeit gedacht, das wäre 1 bis 10 gewesen."",""Sprecher 1"""
"3892340,""3893220"","" Ach Gott."",""Sprecher 1"""
"3893920,""3896960"","" Ja, aber das ist wieder eigentlich genau das, was ich gesagt habe."",""Sprecher 1"""
"3900320,""3903340"","" Ja, auch 9 und ich glaube, ich hatte 6 gesagt."",""Sprecher 1"""
"3904240,""3905380"","" Also, ja."",""Sprecher 1"""
"3906480,""3909160"","" Für mich hat sich das schon wieder erledigt."",""Sprecher 1"""
"3920860,""3922820"","" Dann war es gleich geblieben."",""Sprecher 1"""
"3924080,""3926820"","" Ja, aber das wird schon mal lustig."",""Sprecher 1"""
"3927600,""3928440"","" Das wird cool."",""Sprecher 1"""
"3931000,""3931480"","" Nein."",""Sprecher 2"""
"3931480,""3931580"","" Nein."",""Sprecher 2"""
"3937600,""3944700"","" Irgendjemand hat mal behauptet, dass der schon live also nicht live und produktiv, aber dass wir den schon haben und dass der schon funktioniert."",""Sprecher 1"""
"3947180,""3947320"","" Ja."",""Sprecher 2"""
"3957450,""3959710"","" Ein ziemlich starker Ausdruck."",""Sprecher 1"""
"3963270,""3963770"","" Wunderbar."",""Sprecher 1"""
"3963930,""3968090"","" Und jetzt haben wir die letzte Phase, den abschließenden Frageburgen."",""Sprecher 1"""
"3969210,""3970390"","" Oh Gott, oh Gott."",""Sprecher 2"""
"3972270,""3973910"","" Das ist ganz wichtig."",""Sprecher 1"""
"3978360,""3980360"","" Das verstehe ich."",""Sprecher 1"""
"3983500,""3985580"","" Bitte T1 eingeben."",""Sprecher 1"""
"3987520,""3988080"","" Entschuldigung."",""Sprecher 1"""
"3988780,""3989360"","" Alles gut."",""Sprecher 1"""
"3992980,""3996680"","" Ich bin auch schon wieder über 8."",""Sprecher 1"""
"3998200,""3998940"","" Wie immer."",""Sprecher 1"""
"4000280,""4002240"","" Aber das hat sowieso..."",""Sprecher 1"""
"4002240,""4007740"","" Ja gut, aber du wirst ja sowieso wieder überstunden machen, weil du ja dann eh in Frankfurt bist."",""Sprecher 1"""
"4009040,""4009140"","" Ja."",""Sprecher 1"""
"4009940,""4012100"","" Ja gut, aber dann musst du halt einfach mal einen Tag..."",""Sprecher 1"""
"4015680,""4017620"","" Ich hatte keine Fehleinschätzung."",""Sprecher 1"""
"4022660,""4024920"","" Einfach dann 8 Stunden streichen, fertig."",""Sprecher 1"""
"4024920,""4027060"","" Kein Problem, wenn die nur stimmen."",""Sprecher 1"""
"4027200,""4027920"","" Verstehe ich nicht."",""Sprecher 1"""
"4029740,""4030280"","" Das stimmt."",""Sprecher 1"""
"4033340,""4038000"","" Oh, das ist eine gute Frage."",""Sprecher 1"""
"4040900,""4042780"","" So macht das quasi auch."",""Sprecher 1"""
"4046360,""4054580"","" Jetzt muss ich erstmal schauen, dass ich quasi jetzt jede Woche, also jeden Monat eine Woche Urlaub mache, damit ich zumindest einigermaßen vor meinem Urlaub bin."",""Sprecher 1"""
"4059840,""4063340"","" Ja, einfach viel arbeiten."",""Sprecher 1"""
"4063760,""4064620"","" Das hilft gut."",""Sprecher 1"""
"4064860,""4069000"","" Und danach nur viel Urlaub über, dass du quasi einfach gar nicht mehr drüber kommst."",""Sprecher 1"""
"4071920,""4075180"","" Ich muss noch fragen, ob du sowas für die Rente haben möchtest, statt da aufbrechen zu lassen."",""Sprecher 1"""
"4075480,""4079620"","" Ja, genau."",""Sprecher 1"""
"4081520,""4083700"","" Ja gut, eigentlich ist es gewöhnvoll."",""Sprecher 1"""
"4083860,""4086260"","" Du arbeitest ja auch immer, als junger Mensch."",""Sprecher 1"""
"4087340,""4089920"","" Du hast keinerlei Freizeit."",""Sprecher 1"""
"4090320,""4091660"","" Und als Alter, genau."",""Sprecher 1"""
"4092440,""4094760"","" Dann hast du quasi frei."",""Sprecher 1"""
"4096200,""4097580"","" Zwischendurch ist das auch viel leichter."",""Sprecher 1"""
"4098700,""4099560"","" Oh Gott."",""Sprecher 2"""
"4100760,""4101380"","" So sieht es aus."",""Sprecher 1"""
"4101859,""4108330"","" Ja, das ist gut."",""Sprecher 1"""
"4109069,""4112590"","" Genau, das ist eine extrem stupide Skala, wie links oder rechts oder neutral."",""Sprecher 1"""
"4113830,""4114410"","" Genau."",""Sprecher 1"""
"4115529,""4118090"","" Nee, das muss man grad sagen."",""Sprecher 1"""
"4118470,""4129229"","" Irgendwelche Roboter bauen für uns auf, und irgendjemand sitzt dann da mit seinem Chef-DPC rum und programmiert dann irgendwelche Dinge."",""Sprecher 1"""
"4130890,""4131950"","" Ja, ich glaube, es ist ganz gut."",""Sprecher 1"""
"4132609,""4134229"","" Wahrscheinlich wird es dann..."",""Sprecher 1"""
"4137410,""4139410"","" Jetzt dürfen wir mal zu den aktuellen Nachrichten."",""Sprecher 1"""
"4139410,""4139510"","" Nein."",""Sprecher 1"""
"4144310,""4154450"","" Da muss ich aber dazu sagen, dass ich tatsächlich auf Facebook Nachrichtenseiten angucke."",""Sprecher 1"""
"4155430,""4162149"","" Also ich informiere mich jetzt nicht in irgendwelchen Facebook-Gruppen, sondern da gucke ich Nachrichtenseiten, um zu gucken."",""Sprecher 1"""
"4162750,""4164750"","" Ja, es ist damit komplett abgedeckt."",""Sprecher 1"""
"4165149,""4165529"","" Gut."",""Sprecher 1"""
"4169450,""4170330"","" Ja."",""Sprecher 1"""
"4172270,""4173149"","" Ciao."",""Sprecher 1"""
"4179620,""4179939"","" Uh."",""Sprecher 2"""
"4182899,""4183779"","" Ja."",""Sprecher 2"""
"4193470,""4193950"","" Ja."",""Sprecher 2"""
"4195390,""4195830"","" Ja."",""Sprecher 2"""
"4201660,""4203960"","" Vielen Dank für deine Teilnahme."",""Sprecher 1"""
"4205740,""4207140"","" Wie fandest du die Studie?"",""Sprecher 1"""
"4207460,""4208300"","" Wie war es für dich?"",""Sprecher 1"""
"4210560,""4212580"","" Es ist echt..."",""Sprecher 1"""
"4212580,""4215860"","" Ich finde es halt schwierig, wenn man dann..."",""Sprecher 1"""
"4215860,""4236580"","" Also auch doof gesagt, wenn jetzt jemand dabei sitzt und das durchzuguckt, gerade bei solchen Themen, ich habe dann immer so in Gedanken, oh Gott, wenn ich jetzt nicht der gleichen Meinung bin wie die andere Person, aber man sagt, nee, das ist jetzt wirklich meine Meinung und wie ich das sehe, dann muss ich immer so ein bisschen meine Gedanken bremsen, sagen wir es so."",""Sprecher 1"""
"4237120,""4239420"","" Ich finde es tatsächlich interessant."",""Sprecher 1"""
"4248180,""4250100"","" Also es war ja..."",""Sprecher 1"""
"4250100,""4251480"","" Oh Gott, was war denn..."",""Sprecher 1"""
"4251480,""4255280"","" Also ich fand halt die ersten zwei Artikel extrem."",""Sprecher 1"""
"4258200,""4259160"","" In eine Richtung."",""Sprecher 1"""
"4259620,""4262620"","" Und die anderen beiden fand ich halt schon sehr, wie gesagt, sachlich."",""Sprecher 1"""
"4264860,""4267520"","" Mich würde es halt brennend interessieren, eigentlich, wo die herkommen."",""Sprecher 1"""
"4268620,""4269980"","" Du kannst gerne fragen."",""Sprecher 1"""
"4270380,""4270560"","" Ja."",""Sprecher 1"""
