"start,""end"",""text"",""speaker"""
"1100,""4300"","" Perfekt, es läuft auch die Aufzeichnung, großartig."",""Sprecher 2"""
"5160,""9420"","" Genau, wenn du bereit bist zu starten, dann bitte auf den Start-Button klicken."",""Sprecher 2"""
"11880,""13300"","" Und hier ist die Einverständnis."",""Sprecher 2"""
"13560,""23840"","" Herzlichen Dank für deine Teilnahme an meiner Online-Studie im Rahmen meiner Bachelorarbeit von der Bewertung zur Verifikation einer Studie zur Glaubwürdigkeit von Nachrichten und dem Einsatz von NLLMs zur Verifikation."",""Sprecher 2"""
"23980,""26800"","" Du nimmst uns am Think-aloud-Protokoll mit teil."",""Sprecher 2"""
"26940,""29420"","" Das heißt, du sollst bitte während des Ablaufs laut denken."",""Sprecher 2"""
"29420,""32620"","" Die Studie ist dreiteilig aufgeschlüsselt."",""Sprecher 2"""
"32700,""38600"","" Der erste Teil ist das Lesen von Nachrichtenartikeln und das laute Nachdenken darüber."",""Sprecher 2"""
"39340,""40460"","" Dann die Bewertung."",""Sprecher 2"""
"40800,""46000"","" Nach jedem Artikel kommt ein Frageboden zur Glaubwürdigkeitsbewertung des Nachrichtenartikels."",""Sprecher 2"""
"46560,""51720"","" Im zweiten Schritt bekommst du dieselben Artikel dann nochmal an der einen Seite vom Bildschirm."",""Sprecher 2"""
"51840,""54060"","" Auf der anderen Seite ist ein selbstgeschriebener Chatbot dabei."",""Sprecher 2"""
"54780,""61040"","" Und du sollst dann mittels des LLMs, also der KI, die Nachrichtenartikel verifizieren."",""Sprecher 2"""
"61800,""69040"","" Nach jeder Verifikation findet dann eben wieder eine Fragebogenerfassung über die Nützlichkeit und Ähnliches statt."",""Sprecher 2"""
"69520,""74220"","" Und im letzten ist es nur noch eine kurze Abfrage."",""Sprecher 2"""
"74380,""78700"","" Denn es ist Medienkonsum, KI-Einsatz und demografischen Daten."",""Sprecher 2"""
"79740,""81440"","" Alle Daten werden gespeichert."",""Sprecher 2"""
"81540,""83640"","" Das heißt, es werden Audiobildmaterialien aufgenommen."",""Sprecher 2"""
"84140,""88020"","" Die Fragebögen werden erfasst und auch die Chats werden gespeichert."",""Sprecher 2"""
"88540,""90400"","" Alles ist im Rahmen meiner Bachelorarbeit."",""Sprecher 2"""
"90540,""91620"","" Es ist bei mir gehostet."",""Sprecher 2"""
"92620,""93380"","" Und zwar, Mama."",""Sprecher 2"""
"94920,""98000"","" Und die Sachen werden natürlich so schnell wie möglich gelöscht."",""Sprecher 2"""
"99960,""100440"","" Passt."",""Sprecher 2"""
"101460,""101940"","" Genau."",""Sprecher 2"""
"113010,""114370"","" Ich habe mich nur kurz auf die..."",""Sprecher 2"""
"132830,""135830"","" Und genau, jetzt geht es los mit der ersten Studienphase."",""Sprecher 2"""
"136270,""137450"","" Einmal kurz durchlesen."",""Sprecher 2"""
"137490,""146750"","" Es geht eben in dieser Phase darum, dass du die vier Nachrichtenartikel durchlässt, jeweils hinsichtlich der Glaubwürdigkeit einschätzt und dann verschiedene Faktoren bewährt hast."",""Sprecher 2"""
"148840,""151500"","" Sobald du bereit bist, kannst du dann auch weiterklicken."",""Sprecher 2"""
"153000,""153220"","" Jo."",""Sprecher 2"""
"153960,""155100"","" Ja, kann ich auch."",""Sprecher 2"""
"157840,""158240"","" Hatte ich."",""Sprecher 2"""
"196910,""197310"","" Nein."",""Sprecher 2"""
"198010,""212440"","" Genau, wenn du zu lange nicht laut denkst, werde ich dich mit dem Remindersatz Bitte laut denken daran erinnern."",""Sprecher 2"""
"213500,""214020"","" Okay."",""Sprecher 2"""
"291940,""292940"","" Bitte laut denken."",""Sprecher 2"""
"298310,""300950"","" Bisher kommt es mir ein bisschen suspekt vor, muss ich sagen."",""Sprecher 1"""
"302450,""308190"","" Ich muss sagen, dass ich nicht komplett up-to-date bin, was Ukraine und Russlandkrieg betrifft."",""Sprecher 1"""
"310350,""312850"","" Und ich finde es irgendwie ein bisschen komisch geschrieben."",""Sprecher 1"""
"313610,""313730"","" Mhm."",""Sprecher 1"""
"364720,""369360"","" Irgendwie meine ich, das mit diesem Haftbefehl gegen Putin mitbekommen zu haben."",""Sprecher 1"""
"369620,""370100"","" Mhm."",""Sprecher 1"""
"385340,""385500"","" Ja."",""Sprecher 2"""
"448840,""453500"","" Das mit diesem halb ukrainisch, halb international kommt mir irgendwie ein bisschen merkwürdig vor."",""Sprecher 1"""
"453900,""454320"","" Mhm."",""Sprecher 2"""
"530370,""532170"","" Also ich bin irgendwie..."",""Sprecher 1"""
"532170,""534830"","" Ich finde den Artikel sehr suspekt, irgendwie."",""Sprecher 1"""
"535310,""535730"","" Mhm."",""Sprecher 1"""
"536110,""539450"","" Mir sind irgendwie zu wenig komplett konkrete Informationen drin."",""Sprecher 1"""
"541910,""545590"","" Ich glaube zwar, dass ein paar einzelne Sachen wahr sind."",""Sprecher 1"""
"546470,""546770"","" Mhm."",""Sprecher 1"""
"546870,""549090"","" Aber so im Allgemeinen wirkt es mir irgendwie fake."",""Sprecher 1"""
"550270,""550870"","" Okay."",""Sprecher 2"""
"559130,""560210"","" Darf ich schon mal weiterdrücken?"",""Sprecher 1"""
"560730,""561430"","" Ja, gerne."",""Sprecher 2"""
"561990,""563830"","" Dann lädt sich der Fragebogen dazu."",""Sprecher 2"""
"580520,""581300"","" Du bist..."",""Sprecher 2"""
"581300,""583380"","" Entschuldigung, du bist T13."",""Sprecher 2"""
"584820,""586900"","" So kann ich unterscheiden zwischen..."",""Sprecher 2"""
"589000,""594640"","" ...wer in Person gemacht hat, sofort, und wer Thinkaloud hat, und wer nur online."",""Sprecher 2"""
"655910,""660350"","" Hier bei viertens soll ich einfach bloß sagen, wie stark mich das beeinflusst hat."",""Sprecher 1"""
"660590,""664730"","" Also quasi eins ist wenig beeinflusst und sieben ist sehr beeinflusst."",""Sprecher 1"""
"664770,""664870"","" Mhm."",""Sprecher 2"""
"666070,""666350"","" Okay."",""Sprecher 2"""
"768060,""770920"","" Perfekt, und jetzt ein Stück runter scrollen, da ist wieder ein Weiter-Button."",""Sprecher 2"""
"771560,""773520"","" Ich weiß nicht, wieso, der ist auch jedes Mal woanders."",""Sprecher 2"""
"774340,""775740"","" Im Code ist er immer gleich."",""Sprecher 2"""
"776880,""777860"","" Und der zweite Artikel."",""Sprecher 2"""
"800260,""802420"","" Das mit der Le Penne habe ich mitbekommen."",""Sprecher 1"""
"802660,""804760"","" Also bisher wirkt es nicht fake."",""Sprecher 1"""
"805480,""805840"","" Mhm."",""Sprecher 1"""
"837070,""842730"","" Ich glaube zwar, dass dieser Absatz hier im Kern stimmt, aber ich finde die Ausdrucksweise ein bisschen merkwürdig."",""Sprecher 1"""
"843110,""846770"","" Mit dem großen Selbstbedienungsladen oder dem fetten Polster."",""Sprecher 1"""
"847170,""848770"","" Das kommt mir eher unsachlich vor."",""Sprecher 1"""
"850230,""850390"","" Ja."",""Sprecher 1"""
"872750,""876710"","" Sehr unsachlich wirkt mir auch, dass hier Ich vorkommt."",""Sprecher 1"""
"877190,""879370"","" Dass sich der Autor selbst nannt."",""Sprecher 1"""
"879410,""879690"","" Mhm."",""Sprecher 1"""
"964410,""967070"","" Der Absatz wirkt mir wieder ein bisschen sachlicher."",""Sprecher 1"""
"967490,""967830"","" Mhm."",""Sprecher 2"""
"1050540,""1056420"","" Aktuell kann ich mir vorstellen, dass der Artikel schon so existiert."",""Sprecher 1"""
"1057320,""1058140"","" Aber das ist vielleicht..."",""Sprecher 2"""
"1058140,""1059440"","" Alles sind reale Artikel."",""Sprecher 2"""
"1061620,""1062060"","" Ach so."",""Sprecher 1"""
"1062780,""1063740"","" Okay, aber..."",""Sprecher 1"""
"1063740,""1067580"","" Alles sind reale Artikel, nur mit unterschiedlicher Glaubwürdigkeit."",""Sprecher 2"""
"1068780,""1069100"","" Okay."",""Sprecher 1"""
"1069100,""1069200"","" Ja."",""Sprecher 1"""
"1070790,""1073580"","" Also der kommt mir irgendwie glaubwürdiger vor als der andere."",""Sprecher 1"""
"1074280,""1074560"","" Mhm."",""Sprecher 1"""
"1074860,""1076780"","" Aber definitiv viel unsachlicher."",""Sprecher 1"""
"1173660,""1191300"","" Daran, dass ich es sehr glaubwürdig finde."",""Sprecher 1"""
"1191460,""1193820"","" Weil da eben Sachen vorkommen, die ich auch mitbekommen habe."",""Sprecher 1"""
"1193920,""1197140"","" Das mit dem rumänischen Beinahe-Wahlsieger."",""Sprecher 1"""
"1197380,""1198560"","" Das mit dem Verbot der AfD."",""Sprecher 1"""
"1225700,""1228960"","" Okay, also Gesamteindruck ist tendenziell glaubwürdig."",""Sprecher 1"""
"1232890,""1234070"","" Bitte wieder T13."",""Sprecher 2"""
"1235350,""1235810"","" Hier."",""Sprecher 1"""
"1235810,""1365920"","" Ich zeig mal wieder den zweiten Button."",""Sprecher 2"""
"1366880,""1368780"","" Ich weiß es nicht, warum das so ist."",""Sprecher 2"""
"1369060,""1370180"","" Und der dritte Artikel."",""Sprecher 2"""
"1388160,""1391560"","" Mir ist irgendwie die Überschrift viel zu nichtssagend."",""Sprecher 1"""
"1392140,""1394080"","" Das macht mich erst mal ein bisschen skeptisch."",""Sprecher 1"""
"1394740,""1394920"","" Mhm."",""Sprecher 1"""
"1400270,""1401350"","" Ich höre dich die ganze Zeit."",""Sprecher 2"""
"1401430,""1402290"","" Ich muss nur kurz lächeln."",""Sprecher 2"""
"1402470,""1403850"","" Deswegen mach kurz die Kamera weg."",""Sprecher 2"""
"1404890,""1405310"","" Ist gut."",""Sprecher 2"""
"1461940,""1462880"","" Bitte laut denken."",""Sprecher 2"""
"1464120,""1467080"","" Der erste Teil, der kommt mir jetzt ein bisschen emotional vor."",""Sprecher 1"""
"1467630,""1474240"","" Wo man explizit von dem schwachen Lächeln und dem enttäuschten Gefühl und so was erzählt."",""Sprecher 1"""
"1503400,""1506060"","" Mir kommt es schon tendenziell glaubwürdig vor."",""Sprecher 1"""
"1506380,""1511140"","" Ich muss aber sagen, dass ich von dem World Press Photo Award nichts mitbekommen habe."",""Sprecher 1"""
"1511400,""1515240"","" Ich kann es nicht mit Backgroundwissen begründen."",""Sprecher 1"""
"1515860,""1516080"","" Mhm."",""Sprecher 1"""
"1546640,""1550100"","" Ich habe auch schon ein bisschen was von der russischen Propaganda mitbekommen."",""Sprecher 1"""
"1550520,""1550860"","" Mhm."",""Sprecher 1"""
"1551780,""1557540"","" Aber mir scheint es ein bisschen merkwürdig, dass russische Propaganda da ausgezeichnet worden ist."",""Sprecher 1"""
"1557780,""1561720"","" Was halt entgegen der Allgemeinmeinung ist, wenn man das so sagen kann."",""Sprecher 1"""
"1562140,""1562440"","" Mhm."",""Sprecher 1"""
"1567320,""1573740"","" Also ich kann nicht beurteilen, ob das einfach was ist, wo man auf Emotionen von den Lesern gegangen ist."",""Sprecher 1"""
"1574620,""1576260"","" Und deswegen eher unglaubwürdig ist."",""Sprecher 1"""
"1637470,""1644370"","" Ich finde aber direkte Zitate und Namenennungen und so was, das trägt schon zur Glaubwürdigkeit bei."",""Sprecher 1"""
"1719320,""1724100"","" Ganz ein bisschen merkwürdig, dass jetzt erst zu spät erklärt wird, was man auf diesen Bildern sieht."",""Sprecher 1"""
"1724520,""1731180"","" Und davor halt die ganze Zeit auf Emotionen gegangen ist und krass betont worden ist, dass das russische Propaganda ist."",""Sprecher 1"""
"1731440,""1731680"","" Mhm."",""Sprecher 1"""
"1790920,""1795420"","" Aber ich finde den Text generell recht gut geschrieben."",""Sprecher 1"""
"1795760,""1797100"","" Also gut formuliert und so was."",""Sprecher 1"""
"1798240,""1800440"","" Das trägt schon zur Glaubwürdigkeit bei."",""Sprecher 1"""
"1800840,""1801100"","" Mhm."",""Sprecher 1"""
"1801960,""1803760"","" Ob es jetzt komplett sachlich ist?"",""Sprecher 1"""
"1804140,""1808440"","" Ich glaube, dass es doch ein bisschen emotional aufgeladen ist, der ganze Artikel."",""Sprecher 1"""
"1879450,""1881730"","" Und hier sind halt wieder ziemlich Emotionen drin."",""Sprecher 1"""
"1882130,""1887750"","" Dass man halt noch erklärt, dass er im sechsten Monat schwanger ist, als er geflohen wurde, äh, geflohen ist."",""Sprecher 1"""
"1893290,""1897250"","" Aber so persönliche Beispiele tragen schon zur Glaubwürdigkeit bei."",""Sprecher 1"""
"1897990,""1898230"","" Mhm."",""Sprecher 1"""
"1971550,""1974710"","" Also vor allem zum Schluss raus kommt es mir sehr gut geschrieben vor."",""Sprecher 1"""
"1974870,""1976710"","" Also tendenziell doch wieder sachlicher."",""Sprecher 1"""
"2004820,""2009000"","" Also allgemein wirkt mir der Artikel sehr schlüssig und doch sehr glaubwürdig."",""Sprecher 1"""
"2009680,""2009920"","" Mhm."",""Sprecher 1"""
"2013020,""2014500"","" Und die Frage, wo wir zu?"",""Sprecher 2"""
"2134830,""2135850"","" Und die letzte."",""Sprecher 2"""
"2147080,""2150640"","" Also die Überschrift ist schon mal ein bisschen ausführlicher."",""Sprecher 1"""
"2151060,""2152520"","" Aber macht mich erst mal stutzig."",""Sprecher 1"""
"2153260,""2153500"","" Mhm."",""Sprecher 1"""
"2169090,""2171110"","" Okay, der erste Absatz macht es nicht besser."",""Sprecher 1"""
"2172170,""2174130"","" Ich bin sehr skeptisch, muss ich sagen."",""Sprecher 1"""
"2175030,""2180750"","" Aber ich glaube, dass das halt von einem Russen geschrieben worden ist, der versucht, quasi sein Volk zu verteidigen."",""Sprecher 1"""
"2181190,""2183450"","" Also es scheint mir schon emotional aufgeladen."",""Sprecher 1"""
"2184370,""2184630"","" Mhm."",""Sprecher 1"""
"2234800,""2240240"","" Also hier kann ich jetzt nicht auf historisches Wissen zurückgreifen."",""Sprecher 1"""
"2240540,""2244420"","" Also das ist mir alles unbekannt."",""Sprecher 1"""
"2246260,""2246740"","" Mhm."",""Sprecher 1"""
"2288800,""2292800"","" Das wirkt mir irgendwie zu übertrieben, zu emotional."",""Sprecher 1"""
"2293640,""2294080"","" Mhm."",""Sprecher 2"""
"2321110,""2323350"","" Das ist auch total übertrieben, finde ich."",""Sprecher 1"""
"2323950,""2324390"","" Mhm."",""Sprecher 1"""
"2375500,""2378120"","" Ich finde das hier auch ein bisschen einseitig berichtet."",""Sprecher 1"""
"2378580,""2382980"","" Quasi nach dem Zweiten Weltkrieg, was die UDSSR für Deutschland getan haben soll."",""Sprecher 1"""
"2383460,""2383900"","" Mhm."",""Sprecher 1"""
"2384880,""2389580"","" Weil ich denke mir halt, Ostdeutschland hat es damals längst nicht so gut gehabt als Westdeutschland."",""Sprecher 1"""
"2389980,""2390420"","" Mhm."",""Sprecher 2"""
"2412500,""2416580"","" Es wirkt mir sehr wie Meinungsmache, sehr wie Propaganda."",""Sprecher 1"""
"2416800,""2418100"","" Kommt mir nicht glaubwürdig vor."",""Sprecher 1"""
"2418780,""2418980"","" Mhm."",""Sprecher 1"""
"2518560,""2520720"","" Dann nach den Daten suchen."",""Sprecher 2"""
"2521480,""2524140"","" Und wir sind in Studienphase zwei, yay."",""Sprecher 2"""
"2524520,""2529460"","" Genau, und jetzt, wenn du auf Weiter klickst, kommt an der einen Seite wieder einer der gelesenen Artikel."",""Sprecher 2"""
"2530060,""2533700"","" Einfach nur als Nachschlagewerk oder wofür auch immer du den haben möchtest."",""Sprecher 2"""
"2534620,""2538280"","" Und auf der anderen Seite des Bildschirms der Chatbot."",""Sprecher 2"""
"2538620,""2545320"","" Und du sollst jetzt mittels des Chatbots die Glaubwürdigkeit einschätzen, verifizieren."",""Sprecher 2"""
"2546460,""2546780"","" Mhm."",""Sprecher 2"""
"2547780,""2547980"","" Genau."",""Sprecher 2"""
"2574230,""2579550"","" Also ich muss zugeben, der erste Artikel war der, wo ich mich am allerschwersten durchlesen getrauen habe."",""Sprecher 1"""
"2579570,""2579830"","" Mhm."",""Sprecher 1"""
"2579990,""2582550"","" Da brauche ich da ein bisschen noch mal zum Reinkommen."",""Sprecher 1"""
"2586780,""2589320"","" Irgendwie kam der mir nicht so flüssig geschrieben vor."",""Sprecher 1"""
"2589840,""2590100"","" Mhm."",""Sprecher 2"""
"2599900,""2605460"","" Ich möchte jetzt erst mal nachfragen, ob dann dieses Sondergericht überhaupt existiert."",""Sprecher 1"""
"2632450,""2633890"","" Das dauert leider immer ein bisschen."",""Sprecher 2"""
"2647250,""2654650"","" Okay, also das bestätigt das, was ich fast gemeint habe, dass dieses Sondergericht nicht existiert."",""Sprecher 1"""
"2655130,""2655410"","" Mhm."",""Sprecher 1"""
"2658380,""2661260"","" Aber ich weiß auch nicht, ob der Assistent komplett up-to-date ist."",""Sprecher 1"""
"2661480,""2664220"","" Ich glaube, dass das immer ein bisschen dauert, bis die Informationen kriegen."",""Sprecher 1"""
"2690720,""2693660"","" Ich möchte mal den Namen hier nachschauen."",""Sprecher 1"""
"2693840,""2696100"","" Ob das tatsächlich die Vizepräsidentin ist."",""Sprecher 1"""
"2735620,""2735960"","" Okay."",""Sprecher 1"""
"2736700,""2739660"","" Das kommt mir noch unglaubwürdiger vor, als anfangs vermutet."",""Sprecher 1"""
"2747610,""2753410"","" Jetzt möchte ich das Datum hier mal nachprüfen, ob da wirklich ein russischer Überfall stattgefunden hat."",""Sprecher 1"""
"2813070,""2815410"","" Okay, also das scheint zumindest zu stimmen."",""Sprecher 1"""
"2821230,""2826350"","" Also dass der Internationale Strafgerichtshof in Den Haag ist, das meine ich zu wissen."",""Sprecher 1"""
"2827650,""2832210"","" Ich möchte jetzt wissen, ob die tatsächlich einen Haftbefehl gegen Putin erlassen haben."",""Sprecher 1"""
"2832810,""2832970"","" Mhm."",""Sprecher 2"""
"2881940,""2886180"","" Okay, also ich hatte gemeint, dass ich das mit dem Haftbefehl mitbekommen habe."",""Sprecher 1"""
"2886560,""2888760"","" Aber offenbar war das nicht richtig."",""Sprecher 1"""
"2893410,""2898310"","" Ich glaube, ich würde den Artikelstand jetzt noch unglaubwürdiger einschätzen, als anfangs vermutet."",""Sprecher 1"""
"2922150,""2927490"","" Ich möchte mal die nächste Zahl prüfen, aus wie vielen Staaten der Europarat besteht."",""Sprecher 1"""
"2951800,""2954260"","" 46 Staaten, das scheint zu stimmen."",""Sprecher 1"""
"2973580,""2983220"","" Okay, jetzt möchte ich gucken, ob Russland tatsächlich im März 2022 ausgeschlossen wurde aus dem Europarat."",""Sprecher 1"""
"3014500,""3015860"","" Mhm, das stimmt."",""Sprecher 1"""
"3018190,""3020070"","" Zumindest laut dem Assistenten."",""Sprecher 1"""
"3024840,""3033700"","" Das mit dem Sondertribunal wird wahrscheinlich alles nicht stimmen, wenn dieses Sondertribunal gar nicht existiert oder geschaffen werden soll."",""Sprecher 1"""
"3078530,""3082490"","" Hier ist jetzt erst mal nichts mehr, was ich nachschauen möchte."",""Sprecher 1"""
"3098590,""3101730"","" Okay, das ist noch ein Name, den ich nachschauen möchte."",""Sprecher 1"""
"3102470,""3102670"","" Mhm."",""Sprecher 1"""
"3105940,""3111180"","" Ich will irgendwie vor allem so Zahlen und Namen nachschauen."",""Sprecher 1"""
"3112080,""3114740"","" Das kommt mir gut vor für Fact-Checking."",""Sprecher 1"""
"3121740,""3123480"","" Okay, der Name scheint nicht zu stimmen."",""Sprecher 1"""
"3123680,""3124740"","" Das ist ein ganz anderer Name."",""Sprecher 1"""
"3127450,""3127730"","" Mhm."",""Sprecher 1"""
"3129750,""3132830"","" Also jetzt denke ich mir irgendwie, das meiste stimmt nicht."",""Sprecher 1"""
"3133390,""3141430"","" Aber wie ich anfangs schon vermutet habe, sind so kleine Kerninformationen, also so Mini-Informationen eigentlich da, die schon stimmen."",""Sprecher 1"""
"3141530,""3141630"","" Mhm."",""Sprecher 1"""
"3144560,""3144840"","" So."",""Sprecher 2"""
"3146000,""3147380"","" Bitte verlassen, ja."",""Sprecher 2"""
"3149850,""3151010"","" Das lädt sich im selben Tab."",""Sprecher 2"""
"3152310,""3153870"","" Wie immer, T13."",""Sprecher 2"""
"3180020,""3183320"","" Oh, ich weiß gerade gar nicht, ob die KI überhaupt Quellen angegeben hat."",""Sprecher 1"""
"3184340,""3185660"","" Ich bin mal neutral."",""Sprecher 1"""
"3186860,""3187100"","" Mhm."",""Sprecher 1"""
"3196660,""3203860"","" Okay, beim Vertrauen in KI denke ich mir immer noch, aber ich weiß nicht, auf welchem Stand das die KI ist."",""Sprecher 1"""
"3204260,""3204460"","" Mhm."",""Sprecher 1"""
"3325330,""3327050"","" Und wieder den Weiter-Button suchen."",""Sprecher 2"""
"3331850,""3332630"","" Oh Gott."",""Sprecher 2"""
"3333790,""3336150"","" Warte eine Sekunde, das ist jetzt noch..."",""Sprecher 2"""
"3337510,""3339490"","" Wait a second, da ist ein Fehler drin."",""Sprecher 2"""
"3339890,""3339990"","" Mhm."",""Sprecher 2"""
"3341030,""3344630"","" Ich schicke dir kurz den Link, den du wirklich brauchst."",""Sprecher 2"""
"3350360,""3358170"","" Scheinbar habe ich in der Verknüpfung einen Fehler gemacht, weil ich die natürlich rotieren lasse, die Artikel."",""Sprecher 2"""
"3361180,""3362300"","" Und ich..."",""Sprecher 2"""
"3405980,""3413400"","" Wenn nicht, schicke ich dir jetzt ganz kurz den Link dazu, damit wir weitermachen können an der richtigen Stelle."",""Sprecher 2"""
"3447950,""3449250"","" Ich glaube, es sind noch..."",""Sprecher 2"""
"3449250,""3450830"","" Ja, dann kommt der."",""Sprecher 2"""
"3450910,""3452750"","" Ich schicke den jetzt in den Chat rein."",""Sprecher 2"""
"3454030,""3454130"","" Mhm."",""Sprecher 2"""
"3456260,""3458040"","" Genau, bitte den Link noch mal öffnen."",""Sprecher 2"""
"3460550,""3461010"","" Perfekt."",""Sprecher 2"""
"3484700,""3487560"","" Ja, ich möchte zuerst mal diese Anfangsbehauptung prüfen."",""Sprecher 1"""
"3488140,""3488600"","" Mhm."",""Sprecher 1"""
"3491530,""3493930"","" Ob diese Verurteilung überhaupt stattgefunden hat."",""Sprecher 1"""
"3493930,""3494770"","" Mhm."",""Sprecher 2"""
"3522520,""3524100"","" Okay, das ist eine sehr vage Antwort."",""Sprecher 1"""
"3525300,""3525680"","" Mhm."",""Sprecher 2"""
"3530230,""3537070"","" Ich frage mal generell nach einem Urteil, weil vielleicht ist Scheinbeschäftigung einfach so ein Ausdruck, den sich der Autor ausgedacht hat."",""Sprecher 1"""
"3570910,""3576750"","" Okay, aber ich habe irgendwie mitbekommen, dass die Marienlippen ausgeschlossen wurde von der Wahl."",""Sprecher 1"""
"3578390,""3578730"","" Mhm."",""Sprecher 1"""
"3581580,""3582080"","" Also..."",""Sprecher 1"""
"3582080,""3585960"","" Ich glaube einfach, dass der Assistent die Information darüber nicht hat."",""Sprecher 1"""
"3586860,""3587160"","" Mhm."",""Sprecher 2"""
"3607980,""3613560"","" Ich möchte mal die Behauptung, ob die deutsche Politik ein Selbstbedienungsladen ist, überprüfen."",""Sprecher 1"""
"3614440,""3614960"","" Mhm."",""Sprecher 2"""
"3630430,""3632630"","" Beziehungsweise ob man die als solchen bezeichnen kann."",""Sprecher 1"""
"3684900,""3685140"","" Okay."",""Sprecher 1"""
"3685540,""3691560"","" Also, ich glaube, das kann man schon so sagen, aber es ist halt schon eine Meinung und nicht unbedingt ein Fakt."",""Sprecher 1"""
"3692840,""3693140"","" Mhm."",""Sprecher 2"""
"3694680,""3700300"","" Was mir jetzt im Nachhinein irgendwie auffällt, ist, dass hier sehr viel auf den Grünen rumgehackt wird."",""Sprecher 1"""
"3701040,""3701360"","" Mhm."",""Sprecher 1"""
"3704120,""3707180"","" Also, wirkt nicht so ganz sachlich."",""Sprecher 1"""
"3708300,""3708580"","" Mhm."",""Sprecher 2"""
"3725980,""3730020"","" Okay, ich will mal gucken, was Tchitchipiti zu dieser..."",""Sprecher 1"""
"3730020,""3733760"","" Also, der Assistent hier, meine ich, zu dieser Aussage sagt."",""Sprecher 1"""
"3740130,""3743410"","" Weil der Autor sagt ja..."",""Sprecher 1"""
"3743410,""3745910"","" macht ja irgendwie so allgemeingültige Aussagen."",""Sprecher 1"""
"3746330,""3748570"","" Also, wo er davon ausgeht, die sind allgemeingültig."",""Sprecher 1"""
"3800430,""3802390"","" Er sagt nicht, dass die Aussage falsch ist."",""Sprecher 1"""
"3803870,""3804390"","" Aber..."",""Sprecher 1"""
"3804390,""3807550"","" Ich denke, er kennt auch, dass es mehr eine Meinung ist."",""Sprecher 1"""
"3808190,""3810490"","" Und will dann quasi die andere Perspektive dazu geben."",""Sprecher 1"""
"3814260,""3819400"","" Also, ich glaube, es ist nicht komplett falsch, was er sagt, aber es ist halt Meinung und nicht Fakt basiert."",""Sprecher 1"""
"3822160,""3825540"","" Deswegen ist es, glaube ich, schwierig, das jetzt hier mit dem Assistenten nachzuprüfen."",""Sprecher 1"""
"3853960,""3858720"","" Ich suche die ganze Zeit nach so Fakten, die ich irgendwie nachschauen könnte, aber es ist schwer."",""Sprecher 1"""
"3859740,""3859960"","" Mhm."",""Sprecher 2"""
"3876790,""3882210"","" Ich denke mir irgendwie auch, die ganzen Absätze hier, das ist irgendwie total Abschweifen vom eigentlichen Thema."",""Sprecher 1"""
"3882210,""3884750"","" Weil jetzt erst kommt wieder Bepenn vor."",""Sprecher 1"""
"3885490,""3885690"","" Mhm."",""Sprecher 1"""
"3891060,""3894560"","" Ich glaube, da wollte jemand ziemlich stark seine Meinung äußern."",""Sprecher 1"""
"3908750,""3909750"","" Okay, ich glaube..."",""Sprecher 1"""
"3910870,""3914990"","" Das hier ist quasi ein Fakt, den ich nachschauen könnte."",""Sprecher 1"""
"3950870,""3955510"","" Ah, jetzt auf einmal sagt er, dass dieser Vorwurf der Scheinbeschäftigung stattgefunden hat."",""Sprecher 1"""
"3959050,""3959410"","" Mhm."",""Sprecher 1"""
"3974720,""3976200"","" Aber er schwafelt es ziemlich."",""Sprecher 1"""
"3976700,""3978800"","" Er sagt jetzt keine konkrete Antwort."",""Sprecher 1"""
"3986160,""3993640"","" Okay, er sagt, es ist wichtig, das auf öffentliche Verlautbarungen zu stützen, offizielle Verlautbarungen."",""Sprecher 1"""
"3993740,""3995280"","" Und das steht hier genau in diesem Text."",""Sprecher 1"""
"3995860,""3999160"","" Also, ich weiß jetzt nicht, ob das ein Beleg für die Aussage ist."",""Sprecher 1"""
"3999420,""3999560"","" Mhm."",""Sprecher 1"""
"4021930,""4024050"","" Okay, das ist wieder ein Fakt, den ich nachschauen möchte."",""Sprecher 1"""
"4024570,""4026090"","" Das ist ein Vergleich mit Elon Musk."",""Sprecher 1"""
"4045040,""4048080"","" Ich finde, 99 Prozent wirkt mir irgendwie wie erfunden."",""Sprecher 1"""
"4050140,""4050520"","" Ah ja."",""Sprecher 1"""
"4063430,""4067430"","" Okay, also scheint keine Tatsache zu sein, sondern auch Meinung des Autors."",""Sprecher 1"""
"4068570,""4068770"","" Mhm."",""Sprecher 2"""
"4109319,""4111720"","" Okay, das kommt mir jetzt auch wieder sehr überspitzt vor."",""Sprecher 1"""
"4113040,""4118000"","" Einfach mal alle Entscheidungen vom Bundesverfassungsgericht als fragwürdig zu bezeichnen."",""Sprecher 1"""
"4122899,""4134260"","" Also, ich glaube nicht, dass er komplett Falschinformationen verbreitet, aber dass es halt alles seine Meinung ist und nicht komplett faktenbasiert, also ziemlich gar nicht faktenbasiert."",""Sprecher 1"""
"4134859,""4135380"","" Mhm."",""Sprecher 1"""
"4138000,""4140200"","" Macht den tendenziell unglaubwürdig für mich."",""Sprecher 1"""
"4142100,""4142580"","" Mhm."",""Sprecher 1"""
"4144200,""4147200"","" Also, dass halt nicht mal die Zahlen, die hier drin sind, stimmen."",""Sprecher 1"""
"4150020,""4151479"","" Okay, wieder verlassen drücken."",""Sprecher 1"""
"4156700,""4157140"","" Okay."",""Sprecher 2"""
"4172859,""4176720"","" Also, diesmal fand ich die Antwort von der KI nicht ganz so hilfreich."",""Sprecher 1"""
"4177100,""4177439"","" Mhm."",""Sprecher 1"""
"4180020,""4181880"","" Weil die Antworten auch sehr vage waren."",""Sprecher 1"""
"4182500,""4182859"","" Mhm."",""Sprecher 1"""
"4187670,""4192630"","" Ja, deswegen haben mir die Entscheidungen, also die Informationen jetzt auch nicht wahnsinnig bei der Entscheidung geholfen."",""Sprecher 1"""
"4193270,""4193710"","" Mhm."",""Sprecher 1"""
"4195850,""4197430"","" Vertrauen ist auch ehemäßig."",""Sprecher 1"""
"4213680,""4216420"","" Es waren nicht wirklich neue Informationen für mich dabei."",""Sprecher 1"""
"4217280,""4217800"","" Mhm."",""Sprecher 1"""
"4233960,""4238480"","" Also, ich habe versucht, meine Unsicherheit zu reduzieren, aber sehr reduziert worden ist sie nicht."",""Sprecher 1"""
"4239000,""4239260"","" Mhm."",""Sprecher 1"""
"4338080,""4338320"","" Okay."",""Sprecher 1"""
"4339700,""4346920"","" Jetzt will ich erst mal nachfragen, wer dann der Gewinner beziehungsweise was das Gewinnerfoto für den World Press Photo Award war."",""Sprecher 1"""
"4347280,""4347560"","" Mhm."",""Sprecher 2"""
"4377170,""4379670"","" Okay, er geht von 2023 aus."",""Sprecher 1"""
"4380230,""4380670"","" Mhm."",""Sprecher 1"""
"4381410,""4385310"","" Ich weiß nicht, ob der Artikel von 2023 ist."",""Sprecher 1"""
"4385730,""4386010"","" Mhm."",""Sprecher 2"""
"4391530,""4393350"","" Okay, aber ich kann den Namen nachschauen."",""Sprecher 1"""
"4395630,""4398090"","" Ich glaube, hier ist tatsächlich die ukrainische Kuratorin."",""Sprecher 1"""
"4415410,""4415930"","" Okay."",""Sprecher 2"""
"4423380,""4426860"","" Okay, dann will ich auch wissen, ob sie Gründerin von ..."",""Sprecher 1"""
"4428120,""4429080"","" dem hier ist."",""Sprecher 1"""
"4455670,""4457350"","" Okay, auch positive Antwort."",""Sprecher 1"""
"4458110,""4458450"","" Mhm."",""Sprecher 1"""
"4459350,""4463470"","" Bisher bestärkt es mich eher in dem Eindruck, dass es glaubwürdig ist."",""Sprecher 1"""
"4463470,""4469750"","" Ich glaube einfach, dass der KI hier die Informationen, die aktuellen, abgehen."",""Sprecher 1"""
"4476030,""4477790"","" Oh, ich habe die ganze Zeit das Video aus."",""Sprecher 2"""
"4478030,""4478430"","" Sorry."",""Sprecher 2"""
"4480890,""4481670"","" Kein Problem."",""Sprecher 2"""
"4514350,""4517250"","" Ich überlege gerade, was ich hier noch fragen könnte."",""Sprecher 1"""
"4527600,""4530080"","" Hier ist wieder ein Name, den mag ich nachschauen."",""Sprecher 1"""
"4553970,""4555690"","" Okay, der Name ist auch korrekt."",""Sprecher 1"""
"4564690,""4568470"","" Ich will mal fragen, ob gegen sie ein Ermittlungsverfahren ..."",""Sprecher 1"""
"4569630,""4570110"","" läuft."",""Sprecher 1"""
"4570930,""4573330"","" Aber ich glaube auch, dass da die ..."",""Sprecher 1"""
"4573330,""4575610"","" Informationen nicht aktuell sind."",""Sprecher 1"""
"4576110,""4576330"","" Mhm."",""Sprecher 1"""
"4588360,""4588680"","" Okay."",""Sprecher 2"""
"4601320,""4605340"","" Ich glaube, dass mir hier die KI nicht so wahnsinnig gut helfen kann."",""Sprecher 1"""
"4605800,""4606200"","" Mhm."",""Sprecher 1"""
"4608230,""4613390"","" Aber trübt nicht meinen Eindruck, dass das glaubwürdig ist."",""Sprecher 1"""
"4613930,""4614230"","" Mhm."",""Sprecher 1"""
"4616580,""4619000"","" Ich glaube, dass man so spezifische ..."",""Sprecher 1"""
"4620100,""4622760"","" Leidensgeschichten von Leuten jetzt schlecht nachprüfen kann."",""Sprecher 1"""
"4623200,""4623480"","" Mhm."",""Sprecher 1"""
"4631100,""4636240"","" Nachdem die bisherigen Namen korrekt waren, gehe ich jetzt davon aus, dass da keine Namen erfunden wurden."",""Sprecher 1"""
"4637790,""4638230"","" Mhm."",""Sprecher 1"""
"4643990,""4650270"","" Aber ich habe nach wie vor keine eigenen Informationen, kein Vorwissen zu dem ganzen Thema."",""Sprecher 1"""
"4650950,""4651210"","" Mhm."",""Sprecher 1"""
"4700700,""4704400"","" Ich glaube auch, dass ich jetzt die direkten Aussagen von den Leuten schlecht nachprüfen kann."",""Sprecher 1"""
"4705080,""4705340"","" Mhm."",""Sprecher 1"""
"4710400,""4714780"","" Weil da werden wahrscheinlich die aktuellen Informationen einfach noch nicht existieren für die KI."",""Sprecher 1"""
"4715360,""4715600"","" Mhm."",""Sprecher 1"""
"4716480,""4721500"","" Aber beim zweiten Durchlesen kommt es mir jetzt immer noch sehr schlüssig vor, muss ich sagen."",""Sprecher 1"""
"4721640,""4721740"","" Mhm."",""Sprecher 1"""
"4726130,""4726570"","" Klassisch."",""Sprecher 2"""
"4778360,""4778540"","" Mhm."",""Sprecher 2"""
"4779080,""4798130"","" Hier habe ich wieder versucht, meine Unsicherheit zu reduzieren."",""Sprecher 1"""
"4798310,""4799910"","" Aber es hat auch nicht so viel Gebrauch."",""Sprecher 1"""
"4804010,""4807430"","" Ich habe nicht wirklich Vorwissen, deswegen würde ich ja auch eher weniger ankreuzen."",""Sprecher 1"""
"4807870,""4808090"","" Mhm."",""Sprecher 1"""
"4863910,""4864910"","" Und die Backensuche."",""Sprecher 2"""
"4865870,""4867530"","" Und der letzte Artikel."",""Sprecher 2"""
"4872150,""4875050"","" Okay, da bin ich jetzt echt am Überlegen, was ich dann nachschaue."",""Sprecher 1"""
"4875050,""4878230"","" Also wahrscheinlich vor allem dieses historische Beispiel."",""Sprecher 1"""
"4878630,""4878890"","" Mhm."",""Sprecher 2"""
"4901020,""4902340"","" Ich will einfach fragen, ob das stimmt."",""Sprecher 1"""
"4903900,""4904420"","" Mhm."",""Sprecher 2"""
"4945960,""4948080"","" Also die Jahreszahl scheint zu stimmen."",""Sprecher 1"""
"4948980,""4949280"","" Mhm."",""Sprecher 1"""
"4956620,""4960040"","" Und es scheint tatsächlich ein bisschen schwierig gewesen zu sein damals."",""Sprecher 1"""
"4960760,""4961060"","" Mhm."",""Sprecher 1"""
"4988740,""4993240"","" Ja, ich denke, dass es recht klar ist, dass das die Ereignisse ein bisschen vereinfacht."",""Sprecher 1"""
"4994900,""4997620"","" Aber okay, das scheint dann zumindest zu stimmen."",""Sprecher 1"""
"4998680,""5002260"","" Aber ich glaube trotzdem, dass der Autor das ein bisschen für Propaganda nutzt."",""Sprecher 1"""
"5020480,""5022660"","" Dann würde ich den zweiten Teil nachprüfen."",""Sprecher 1"""
"5023380,""5023640"","" Mhm."",""Sprecher 2"""
"5052840,""5056120"","" Mich stört, dass das hier kein schließendes Anführungszeichen ist."",""Sprecher 1"""
"5056520,""5060520"","" Aber ich denke einfach, dass hier das Zitat endet."",""Sprecher 1"""
"5061500,""5061760"","" Mhm."",""Sprecher 1"""
"5079990,""5083310"","" Okay, der nächste Part scheint auch im Kern korrekt zu sein."",""Sprecher 1"""
"5083990,""5084350"","" Mhm."",""Sprecher 1"""
"5107180,""5107460"","" Okay."",""Sprecher 1"""
"5107900,""5111440"","" Es ist einfach bloß ein bisschen vereinfacht, aber es scheint richtig zu sein."",""Sprecher 1"""
"5124960,""5127040"","" Ich will wissen, ob der das gesagt hat."",""Sprecher 1"""
"5163620,""5170800"","" Ja, das kommt mir auch ein bisschen provokant vor, dass er hier erst mal das mit den Armeniern sagt und dann hier mit den Deutschen."",""Sprecher 1"""
"5171640,""5176220"","" Dass die vergessen hätten, wie toll die Russen damals waren zu ihnen."",""Sprecher 1"""
"5176900,""5177120"","" Mhm."",""Sprecher 1"""
"5189790,""5191810"","" Okay, der hat jetzt keine genauen Informationen."",""Sprecher 1"""
"5199140,""5201800"","" Das scheint aber bloß persönliche Perspektive zu sein."",""Sprecher 1"""
"5201880,""5202200"","" Mhm."",""Sprecher 1"""
"5207390,""5211110"","" Okay, dann will ich nicht bloß das von den Armeniern prüfen, sondern auch das."",""Sprecher 1"""
"5216470,""5223390"","" Also generell zu den Sachen mit Armeniern denke ich mir, das ist nicht falsch."",""Sprecher 1"""
"5223550,""5225570"","" Aber es ist ein bisschen aus dem Kontext gerissen."",""Sprecher 1"""
"5226010,""5226110"","" Mhm."",""Sprecher 1"""
"5252920,""5260740"","" Also es nimmt dem Ganzen sehr viel Glaubwürdigkeit, dass danach dann Russland so wahnsinnig glorifiziert wird."",""Sprecher 1"""
"5260960,""5261280"","" Mhm."",""Sprecher 2"""
"5268690,""5274310"","" Ja, also hier sagt er auch, dass die Nachkriegszeit in Deutschland absolut schwierig war."",""Sprecher 1"""
"5274910,""5275210"","" Mhm."",""Sprecher 2"""
"5275210,""5280730"","" Dass die Sowjetunion jetzt nicht wahnsinnig die Allerbesten gewesen sind."",""Sprecher 1"""
"5281090,""5281410"","" Mhm."",""Sprecher 2"""
"5289450,""5292310"","" Idealisiert das sichtweise, unterstützt es auch."",""Sprecher 1"""
"5297920,""5298060"","" Ja."",""Sprecher 1"""
"5299040,""5303960"","" Also ich denke mir, die Fakten hier, die historischen, sind jetzt schon korrekt."",""Sprecher 1"""
"5304520,""5304780"","" Mhm."",""Sprecher 1"""
"5305940,""5309380"","" Aber es ist halt trotzdem für Propaganda genutzt."",""Sprecher 1"""
"5309960,""5310300"","" Mhm."",""Sprecher 1"""
"5317330,""5319510"","" Es ist schwierig, die Glaubwürdigkeit einzuordnen."",""Sprecher 1"""
"5320150,""5323550"","" Weil die allgemeine Meinung finde ich absolut unglaubwürdig."",""Sprecher 1"""
"5323910,""5326830"","" Aber die Fakten scheinen jetzt doch zu stimmen."",""Sprecher 1"""
"5326970,""5329670"","" Also ich würde es vielleicht ein bisschen glaubwürdiger einschätzen."",""Sprecher 1"""
"5330290,""5330510"","" Mhm."",""Sprecher 1"""
"5331890,""5333570"","" Ich bin mir sehr unsicher."",""Sprecher 1"""
"5337960,""5339800"","" Na ja, gut, sehr unsicher ist hier drüben."",""Sprecher 1"""
"5348620,""5350160"","" Also diesmal war es sehr hilfreich."",""Sprecher 1"""
"5354060,""5355580"","" Die Quellen weiß ich eben wieder nicht."",""Sprecher 1"""
"5363910,""5368170"","" Na, ich glaube, ich vertraue der KI schon ziemlich, wenn ich die Quellen nicht nachprüfe."",""Sprecher 1"""
"5368170,""5368850"","" Mhm."",""Sprecher 1"""
"5374090,""5376710"","" Ja, und die hat viele Informationen geliefert, die ich nicht kannte."",""Sprecher 1"""
"5376970,""5378750"","" Das Ganze mit Armenien war mir unbekannt."",""Sprecher 1"""
"5492560,""5494820"","" Soll ich jetzt hier meinen kompletten Namen eingeben?"",""Sprecher 1"""
"5494980,""5495400"","" Oder wieder die 13?"",""Sprecher 1"""
"5495400,""5496200"","" Nee, die 13."",""Sprecher 2"""
"5516000,""5519660"","" Also tendenziell scheinen mir die Artikel weniger glaubwürdig."",""Sprecher 1"""
"5520200,""5520560"","" Mhm."",""Sprecher 1"""
"5525660,""5528460"","" Ich habe der KI teilweise nicht ganz vertraut."",""Sprecher 1"""
"5528540,""5531980"","" Einfach bloß, weil ich nicht wusste, wie aktuell die Informationen sind."",""Sprecher 1"""
"5532380,""5532740"","" Mhm."",""Sprecher 1"""
"5538200,""5539960"","" Das hat mich tendenziell schon bestärkt."",""Sprecher 1"""
"5540940,""5541380"","" Mhm."",""Sprecher 1"""
"5552710,""5555730"","" Ich war mir bloß bei dem letzten Artikel unsicherer."",""Sprecher 1"""
"5556510,""5556790"","" Mhm."",""Sprecher 1"""
"5558410,""5560690"","" Also tendenziell war ich mir schon sicherer danach."",""Sprecher 1"""
"5569940,""5575040"","" Aber ich konnte nicht so ganz nachvollziehen, wie die KI zu den Aussagen gekommen ist."",""Sprecher 1"""
"5575300,""5579200"","" Einfach, weil keine Quellenangaben drin waren, die ich auch nicht danach gefragt habe."",""Sprecher 1"""
"5580580,""5581020"","" Mhm."",""Sprecher 2"""
"5587560,""5589820"","" Ich glaube, im Alltag würde ich es nicht komplett verwenden."",""Sprecher 1"""
"5590320,""5594480"","" Einfach, weil ich nicht so ganz sicher bin, was eben mit der Aktualität ist."",""Sprecher 1"""
"5594960,""5598040"","" Weil ich glaube, im Alltag bin ich doch mehr mit aktuellen Daten konfrontiert."",""Sprecher 1"""
"5598880,""5599080"","" Mhm."",""Sprecher 1"""
"5641960,""5643180"","" Ihr seid alle solche Küken."",""Sprecher 2"""
"5645630,""5645890"","" Siehste?"",""Sprecher 2"""
"5646710,""5648590"","" Ich habe gehört, ihr seid alle solche Küken."",""Sprecher 2"""
"5651310,""5651750"","" Ja."",""Sprecher 2"""
"5652710,""5653710"","" Das höre ich öfter."",""Sprecher 1"""
"5671690,""5676290"","" Ich glaube, ich würde mich eher in der Mitte einordnen, aber schon leicht hangen nach links."",""Sprecher 1"""
"5679400,""5682840"","" Muss aber auch zugeben, dass ich politisch nicht wahnsinnig ..."",""Sprecher 1"""
"5683600,""5684320"","" versiert bin."",""Sprecher 1"""
"5684980,""5685260"","" Mhm."",""Sprecher 1"""
"5692080,""5693520"","" Fernsehen schaue ich eigentlich nicht."",""Sprecher 1"""
"5694360,""5694840"","" Mhm."",""Sprecher 1"""
"5697920,""5702280"","" Auf sozialen Netzwerken kriege ich eher mehr so Fun-Facts mit."",""Sprecher 1"""
"5702940,""5703140"","" Mhm."",""Sprecher 1"""
"5703180,""5705760"","" Aber nicht wirklich wahnsinnig politische Nachrichten."",""Sprecher 1"""
"5706560,""5708140"","" Zeitung habe ich auch nicht."",""Sprecher 1"""
"5713480,""5715860"","" Online-Artikel lese ich ab und zu."",""Sprecher 1"""
"5716700,""5716920"","" Mhm."",""Sprecher 1"""
"5725130,""5727510"","" YouTube vielleicht eher selten."",""Sprecher 1"""
"5728610,""5728850"","" Mhm."",""Sprecher 1"""
"5730570,""5731970"","" Genauso wie Messenger-Gruppen."",""Sprecher 1"""
"5744070,""5748190"","" Ich glaube, mein tendenzielles Gefühl bei der Glaubwürdigkeit war schon eher gut."",""Sprecher 1"""
"5748750,""5749350"","" Mhm."",""Sprecher 2"""
"5755070,""5757510"","" Ich fühle mich schon recht sicher im Umgang damit."",""Sprecher 1"""
"5765120,""5770560"","" Ich denke, ich würde so Fakten einfach durchgoogeln und schauen, ob mehrere Quellen dasselbe Sagen prüfen."",""Sprecher 1"""
"5771140,""5771400"","" Mhm."",""Sprecher 2"""
"5775200,""5777500"","" Ich denke, mit KI habe ich schon gute Erfahrungen."",""Sprecher 1"""
"5779480,""5779720"","" Mhm."",""Sprecher 2"""
"5784460,""5785600"","" Und absenden."",""Sprecher 2"""
"5786320,""5787940"","" Vielen Dank für deine Teilnahme."",""Sprecher 2"""
"5788780,""5790820"","" Willst du ein kurzes Deep Briefing?"",""Sprecher 2"""
"5792220,""5796980"","" Was wirkliche Nachrichten, wahre Nachrichten waren und welche Fake News waren?"",""Sprecher 2"""
"5798180,""5798920"","" Sehr gerne."",""Sprecher 2"""
"5799920,""5802720"","" Also, Le Pen ist wirklich verurteilt worden."",""Sprecher 2"""
"5803440,""5813000"","" Und trotzdem ist der Nachrichtenartikel sogar auf der Seite, die mit sehr, sehr vielen Falschnachrichten alles getaggt wurden, die von der EU gehostet wird."",""Sprecher 2"""
"5813080,""5818360"","" Das ist ein Fake-News-Artikel mit sehr, sehr verdrehenden Tatsachen."",""Sprecher 2"""
"5819320,""5821380"","" Ich bin nur gerade in der Küche, ich habe das Video..."",""Sprecher 2"""
"5822040,""5825920"","" Ich bin echt kurz, bevor ich mit dir angefangen habe, ich muss was zu essen machen."",""Sprecher 2"""
"5826520,""5827640"","" Ähm, genau."",""Sprecher 2"""
"5828000,""5835340"","" Der Artikel mit Russland als Friedensstifter ist ein russischer Propaganda-Artikel von Russia Today."",""Sprecher 2"""
"5836240,""5841560"","" Mit, ähm, ja, sehr, sehr herausgezogenen kritischen Daten."",""Sprecher 2"""
"5842760,""5844400"","" Und einer extremen Sicht."",""Sprecher 2"""
"5845500,""5849020"","" Das ist wirklich Propaganda und sogar von einer..."",""Sprecher 2"""
"5849020,""5852360"","" Also, es gibt eine Fact-Checking-Seite, die von der EU gezeigt wird."",""Sprecher 2"""
"5853280,""5856340"","" Beziehungsweise unter der Schirmherrschaft der EU steht."",""Sprecher 2"""
"5857140,""5862700"","" Und da ist einer der wenigen deutschsprachigen Artikel, die die extra noch mit einem Warnhinweis bei sich haben, sozusagen."",""Sprecher 2"""
"5864220,""5867440"","" Und dann die anderen beiden sind aus der Welt und der Süddeutschen."",""Sprecher 2"""
"5867840,""5877100"","" Es gibt das Sondertribunal, aber die Trainingsdaten, trotz mehrerer APIs und allem, gehen, wie du es ja schon vermutet hattest, nicht auf jetzige Artikel drauf."",""Sprecher 2"""
"5877640,""5882340"","" Und ich sollte eben sehr aktuelle Nachrichtenartikel verwenden."",""Sprecher 2"""
"5883060,""5885840"","" Und deswegen sind die nicht in den Trainingsdaten drin."",""Sprecher 2"""
"5886360,""5893280"","" Und eigentlich habe ich Google Fact-Check noch dahinter gesetzt als API, dass die, wenn Request getriggert werden, noch mal."",""Sprecher 2"""
"5893820,""5897400"","" Und andere Seiten wie den Guardian und alles Mögliche."",""Sprecher 2"""
"5898540,""5904340"","" Aber auch die haben halt dann nur ihren kleinen Teil an Nachrichtenartikeln."",""Sprecher 2"""
"5904580,""5906580"","" Und die sind aus der Ära Z und ähnliche."",""Sprecher 2"""
"5907380,""5909580"","" Also, die sind auch wirklich wahr und richtig."",""Sprecher 2"""
"5910300,""5915940"","" Aber ich habe natürlich auch Nachrichtenartikel verwendet, die jetzt nicht die größte Bekanntheit haben."",""Sprecher 2"""
"5918260,""5924860"","" Und es tun sich total viele super schwer, genau herauszufinden, was sind Fake News?"",""Sprecher 2"""
"5925280,""5930960"","" Weil diese ganzen historischen Daten in dem einen Russland, der Friedensstifter, die stimmen ja zum Teil."",""Sprecher 2"""
"5931060,""5933720"","" Die Interpretation ist halt sehr fragwürdig."",""Sprecher 2"""
"5934660,""5935600"","" Und jetzt mit der Le Pen."",""Sprecher 2"""
"5936060,""5938900"","" Ja, es haben schon einige mitbekommen, dass es da was gibt."",""Sprecher 2"""
"5938900,""5945720"","" Aber so richtig, wie ist das Urteil ausgefallen oder weswegen war die jetzt eigentlich schon wieder mal vor Gericht?"",""Sprecher 2"""
"5946300,""5948980"","" Ja, fällt halt auch raus."",""Sprecher 2"""
"5950180,""5953520"","" Und dieses grünen Bashing, das da drin stattfindet."",""Sprecher 2"""
"5954120,""5957920"","" Und diese sehr vielen Abschweife in die deutsche Politik und sowas."",""Sprecher 2"""
"5958460,""5960340"","" Ja, die stimmen zum Großteil halt nicht."",""Sprecher 2"""
"5962040,""5963940"","" Ja, habe ich fast vermutet."",""Sprecher 1"""
"5964320,""5964620"","" Ja."",""Sprecher 2"""
"5965620,""5968900"","" Aber du warst schon super korrekt, dass es einfach die Trainingsdaten nicht hergeben."",""Sprecher 2"""
"5970240,""5986700"","" Und viele, die weniger Erfahrung haben oder in dem Moment einfach dachten, Chad GPT ist ja teilweise all mighty zur Zeit, mit seiner Rack-Anbindung und allem, dass es genauso gut sein könnte wie GPT."",""Sprecher 2"""
"5987120,""5997120"","" Aber du hast einfach nicht die Rechenleistung und alles und das Skillset und es war mir auch zu krass, einen Rack reinzubauen."",""Sprecher 2"""
"5998240,""5998340"","" Ja."",""Sprecher 1"""
"5999520,""6012580"","" Aber er könnte rein theoretisch, wenn du den ganzen Artikel reinskalierst und sagst, gib mir eine Glaubwürdigkeitsbewertung auf einer Skala von eins bis sieben oder eins bis zehn und begründe deine Bewertung, kann er dir das relativ akkurat machen."",""Sprecher 2"""
"6013440,""6015320"","" Also er rankt die dann wirklich auf Glaubwürdigkeit."",""Sprecher 2"""
"6017480,""6024540"","" Und das Witzige ist, die erste hat es auch genau so gemacht, aber es ist so unterschiedlich, wie die Vorgehensweise ist."",""Sprecher 2"""
"6024700,""6029560"","" Also es gibt kein wirklich stringentes Muster bei der Verifizierung."",""Sprecher 2"""
"6029920,""6030720"","" Es ist mega spannend."",""Sprecher 2"""
"6032280,""6035960"","" Aber ich danke dir ganz, ganz, ganz herzlich für deine Teilnahme."",""Sprecher 2"""
"6037080,""6041360"","" Wenn es dich interessiert, sage ich dir gleich, wie es das Ergebnis und alles so rauskommt."",""Sprecher 2"""
"6041960,""6049660"","" Wenn du wieder Leute für VP brauchst, also du selber versuchst Personen für irgendeinen Kurs, dann schreib mir einfach nur WhatsApp."",""Sprecher 2"""
"6050080,""6051040"","" Dann werde ich dabei."",""Sprecher 2"""
"6052500,""6053100"","" Supidupi."",""Sprecher 1"""
"6053620,""6059580"","" Ich danke dich, wünsche dir einen schönen Abend und wir hören uns beim wann auch immer es stattfindet Meeting."",""Sprecher 2"""
"6060780,""6060980"","" Ja."",""Sprecher 2"""
"6062800,""6063760"","" Bis dann."",""Sprecher 2"""
"6064060,""6065660"","" Bis dann, danke dir."",""Sprecher 2"""
"6066100,""6066540"","" Tschau."",""Sprecher 2"""
"6067580,""6068020"","" Tschüss."",""Sprecher 2"""
