"start,""end"",""text"",""speaker"""
"284490,""292110"","" Hallo."",""Sprecher 2"""
"293890,""294330"","" Hallo."",""Sprecher 1"""
"295110,""296410"","" Hi, jetzt bist du da."",""Sprecher 2"""
"297030,""298810"","" Ja, ich bin ja Medienrentner."",""Sprecher 1"""
"299770,""300710"","" Brauchen wir eine Kamera?"",""Sprecher 1"""
"302330,""304310"","" Ne, ich brauche nur eine Bildschirmfreigabe."",""Sprecher 2"""
"305750,""306770"","" Die kannst du ja haben."",""Sprecher 1"""
"307850,""309410"","" Gut, sollen wir beide ohne Kamera?"",""Sprecher 1"""
"310990,""312830"","" Ich habe heute keinen dabei, PC."",""Sprecher 1"""
"314450,""319310"","" Alles gut, perfekt."",""Sprecher 2"""
"319770,""328270"","" Ich schicke dir jetzt in den Chat den Link zur Studie und die bitte einmal öffnen und dann den Bildschirm freigeben."",""Sprecher 2"""
"335600,""337320"","" Welchen Bildschirm hättest du denn gerne?"",""Sprecher 1"""
"338800,""341300"","" Am besten den, in dem meine Studie zu sehen ist."",""Sprecher 2"""
"341600,""342980"","" Dann öffne ich den Bildschirm."",""Sprecher 1"""
"346620,""347420"","" Perfekt, großartig."",""Sprecher 1"""
"347580,""348100"","" Herzlichen Dank."",""Sprecher 1"""
"348160,""350840"","" Wenn du bereit bist zu starten, einfach auf den Startbutton drücken."",""Sprecher 1"""
"354580,""356780"","" Moment, ich brauche noch was zu trinken."",""Sprecher 1"""
"359000,""364900"","" Ich habe gerade so schön geschlafen."",""Sprecher 1"""
"367630,""369850"","" Lenny, dir ist bewusst, dass das alles aufgezeichnet wird, oder?"",""Sprecher 1"""
"375160,""377700"","" Ich dachte, wir haben jetzt noch kurz einen Smalltalk vorher."",""Sprecher 1"""
"377700,""383450"","" Warte, dann lasst mich bitte auf den Startbutton."",""Sprecher 1"""
"384250,""385810"","" Das ist die Einverständniserklärung."",""Sprecher 1"""
"386010,""399710"","" Alle Tonaufnahmen, Videoaufnahmen, Chatprotokolle als auch die Fragebögen sowie deine personenbezogenen Daten werden gespeichert und bei mir so lange abgespeichert, wie es notwendig ist für die Auswertung meiner Bachelorarbeit."",""Sprecher 1"""
"399710,""408610"","" Es ist insgesamt eine dreistufige Studie und du brauchst deine Matrikelnummer."",""Sprecher 1"""
"412140,""412500"","" Perfekt."",""Sprecher 2"""
"414440,""421980"","" Der erste Teil der Studie besteht darin, dass du Nachrichtenartikel liest und diese danach bewertest."",""Sprecher 1"""
"422080,""426260"","" Das sind insgesamt vier Stück und die Bewertung ist hinsichtlich ihrer Glaubbarkeit."",""Sprecher 1"""
"426260,""428920"","" Lenny, du musst einmal zurückgehen bitte."",""Sprecher 2"""
"430220,""430700"","" Abschicken."",""Sprecher 2"""
"433600,""433840"","" Top."",""Sprecher 2"""
"434660,""434960"","" Jetzt."",""Sprecher 2"""
"436840,""437480"","" Genau."",""Sprecher 1"""
"437480,""439620"","" Du sollst dabei bitte laut denken."",""Sprecher 1"""
"440800,""448320"","" Es ist unter Phase 1 beschrieben, was genau gemacht wird und was eben danach abgefragt wird im Fragebogen."",""Sprecher 1"""
"448780,""452500"","" Wenn du bereit bist zu starten, bitte einfach auf den Weiterbutton."",""Sprecher 1"""
"452500,""454560"","" Auf jeder Seite ist ein Weiterbutton."",""Sprecher 1"""
"455420,""457320"","" Manchmal ist der nur leider nach unten verschoben."",""Sprecher 1"""
"458780,""461520"","" Der Design ist sehr richtig, aber ich weiß nicht wieso."",""Sprecher 1"""
"461980,""464900"","" Ist auch jedes Mal woanders der Button bei jedem Aufruf."",""Sprecher 1"""
"465240,""465580"","" Super."",""Sprecher 1"""
"467540,""469080"","" Ich mache es nicht nochmal neu."",""Sprecher 1"""
"472200,""476100"","" Okay, das heißt ich soll jetzt quasi mir anschauen diesen Nachrichtenartikel?"",""Sprecher 1"""
"476100,""479300"","" Du sollst den lesen."",""Sprecher 1"""
"479560,""483080"","" Lesen musst du nicht laut, aber eben deine Gedanken dazu äußern."",""Sprecher 1"""
"486040,""486660"","" Okay."",""Sprecher 1"""
"486660,""487280"","" Gut."",""Sprecher 1"""
"491200,""492360"","" Wir beginnen mit dem ersten."",""Sprecher 2"""
"494680,""496060"","" Sehen die alle gleich aus?"",""Sprecher 1"""
"497100,""500420"","" Die sind alle reale Nachrichtenartikel, die aber im Playtextformat sind, ja."",""Sprecher 1"""
"501080,""502580"","" Okay, Playtextformat."",""Sprecher 1"""
"504060,""504660"","" Okay."",""Sprecher 1"""
"504660,""504780"","" Okay."",""Sprecher 1"""
"505800,""508940"","" Tribunal gegen den Aggressor."",""Sprecher 1"""
"589590,""590430"","" Selbstverteidigung."",""Sprecher 1"""
"590610,""591250"","" Schönzureden."",""Sprecher 1"""
"592330,""593490"","" Weiß ich nicht."",""Sprecher 1"""
"594170,""597510"","" Ist das so sachlich?"",""Sprecher 1"""
"597890,""598610"","" Schönzureden?"",""Sprecher 1"""
"600860,""602000"","" Wieder mal jetzt eine Art."",""Sprecher 1"""
"605080,""608340"","" Weiß ich nicht, ob das jetzt sachlich ist."",""Sprecher 1"""
"609340,""609600"","" Mhm."",""Sprecher 2"""
"701800,""702940"","" Weiß ich jetzt nicht."",""Sprecher 1"""
"703180,""710700"","" Also besann man sich, auch wenn der Staat mindestens immer ein wenig im Schatten des Europäischen Unions steht, besann man sich."",""Sprecher 1"""
"710780,""713540"","" Das hört sich jetzt irgendwie so an, so, keine Ahnung."",""Sprecher 1"""
"714580,""721240"","" Ist ebenfalls bei den Vereinigten Nationen, aber als dies nicht realisiert ließ, besann man sich."",""Sprecher 1"""
"721240,""729820"","" Keine Ahnung, das hört sich so an, als wäre das jetzt total die schlechte Idee gewesen, das bei der UN dann zu siedeln."",""Sprecher 1"""
"732010,""733830"","" Find ich ein bisschen komisch formuliert."",""Sprecher 1"""
"795100,""797740"","" Sitz der Europäische Gerichtshof für Menschenrechte in Straßburg."",""Sprecher 1"""
"802160,""803680"","" Da saß doch..."",""Sprecher 1"""
"804400,""805960"","" Ich darf nicht da eingreifen."",""Sprecher 2"""
"806880,""807880"","" Darf man das googeln?"",""Sprecher 1"""
"808500,""808820"","" Mhm."",""Sprecher 2"""
"816120,""818180"","" Saß doch immer woanders, dachte ich."",""Sprecher 1"""
"819960,""820480"","" Hm."",""Sprecher 1"""
"820480,""821000"","" Merkwürdig."",""Sprecher 1"""
"840780,""841300"","" Dauerkunde."",""Sprecher 1"""
"842440,""843920"","" Dauerkunde in Straßburg war."",""Sprecher 1"""
"844960,""847940"","" Das weiß ich jetzt nicht, ob das so neutral ist."",""Sprecher 1"""
"881810,""882750"","" Hier, Den Haag."",""Sprecher 1"""
"883130,""884730"","" Das hört sich doch schon eher realistisch an."",""Sprecher 1"""
"967720,""974260"","" Ja, das Menschengericht, also das sitzt in Den Haag, meine ich, und nicht in Straßburg."",""Sprecher 1"""
"974740,""976860"","" Aber das finde ich irgendwie ein bisschen verwirrend hier."",""Sprecher 1"""
"978220,""983680"","" Also erst schreiben sie irgendwas von, wir machen das irgendwie in Straßburg, weil da angeblich ein Gericht sitzt."",""Sprecher 1"""
"984500,""988280"","" Und jetzt schreiben sie hier, man will es in Den Haag machen, weil da auch irgendwas sitzt."",""Sprecher 1"""
"989120,""989380"","" Mhm."",""Sprecher 2"""
"990920,""992900"","" In Straßburg, da saß nie irgendwas."",""Sprecher 1"""
"993580,""997060"","" Straßburg liegt in Frankreich, meine ich, wenn ich mich grad nicht irre."",""Sprecher 1"""
"997740,""998080"","" Mhm."",""Sprecher 2"""
"999640,""1003540"","" Also, seit wann war da irgendwas von der EU in Straßburg?"",""Sprecher 1"""
"1077490,""1078490"","" Ja."",""Sprecher 1"""
"1081440,""1083800"","" Ist auch irgendwie ein bisschen komisch formuliert."",""Sprecher 1"""
"1094980,""1096420"","" Hä?"",""Sprecher 1"""
"1101040,""1102460"","" Das ist irgendwie..."",""Sprecher 1"""
"1120540,""1122560"","" Das ist irgendwie..."",""Sprecher 1"""
"1124060,""1125020"","" Gewappnet."",""Sprecher 1"""
"1125860,""1129380"","" Denn allein das Führungstrio ist gegen Strafverfolgung gewappnet."",""Sprecher 1"""
"1130080,""1130460"","" Okay."",""Sprecher 1"""
"1131920,""1135120"","" Und hier schreiben sie irgendwie, und weiteres Führungspersonal."",""Sprecher 1"""
"1135800,""1137300"","" Das ist irgendwie unlogisch."",""Sprecher 1"""
"1171540,""1171800"","" Ja."",""Sprecher 1"""
"1173680,""1174800"","" Weiß ich nicht."",""Sprecher 1"""
"1177080,""1180680"","" Der Artikel ist irgendwie teilweise so ein bisschen..."",""Sprecher 1"""
"1181720,""1185100"","" ...kontra Russland geschrieben, nicht wirklich neutral."",""Sprecher 1"""
"1185940,""1186200"","" Mhm."",""Sprecher 1"""
"1186200,""1192000"","" Ich meine, er hat auch irgendwie inhaltlich so ein paar kleine Widersprüche, aber auch Fehler."",""Sprecher 1"""
"1196500,""1198740"","" In Straßburg war da nichts, meine ich."",""Sprecher 1"""
"1198800,""1201560"","" Das Menschenrechtsgericht saß irgendwie in Den Haag."",""Sprecher 1"""
"1202180,""1202280"","" Mhm."",""Sprecher 2"""
"1204140,""1205260"","" Darf ich weitermachen?"",""Sprecher 1"""
"1205920,""1206220"","" Ja."",""Sprecher 2"""
"1207680,""1210360"","" Dann kommt jetzt der erste Fragebogen."",""Sprecher 2"""
"1210460,""1211780"","" Du bist bitte T14."",""Sprecher 1"""
"1216130,""1216730"","" T14."",""Sprecher 1"""
"1217410,""1217710"","" Mhm."",""Sprecher 2"""
"1218710,""1220190"","" Wie glauben wir denn hier hin?"",""Sprecher 1"""
"1223800,""1224240"","" Wieso?"",""Sprecher 1"""
"1225560,""1227040"","" Also, naja, gut."",""Sprecher 1"""
"1227180,""1228620"","" Was passiert, das wusste ich."",""Sprecher 1"""
"1230620,""1231260"","" Aber..."",""Sprecher 1"""
"1234360,""1236060"","" Ist schon..."",""Sprecher 2"""
"1239770,""1240410"","" Boah."",""Sprecher 2"""
"1246190,""1247190"","" A5 vielleicht?"",""Sprecher 1"""
"1325840,""1326480"","" Unsicher."",""Sprecher 1"""
"1327820,""1328780"","" Auch Gefühle."",""Sprecher 1"""
"1328800,""1331060"","" Lass auch gerne dabei laut denken."",""Sprecher 2"""
"1334650,""1336650"","" Also ich habe ja noch nie einen Journalisten gehört."",""Sprecher 1"""
"1336790,""1338430"","" Was habe ich vorhin da angemengelt?"",""Sprecher 1"""
"1338430,""1348240"","" Da weiß ich jetzt nicht mehr, aber es war irgendwie schon teilweise echt unsachlich."",""Sprecher 1"""
"1348780,""1348980"","" Mhm."",""Sprecher 2"""
"1349580,""1351720"","" Also Bauchgefühl oder Intuition."",""Sprecher 1"""
"1353180,""1355100"","" Ja, keine Ahnung."",""Sprecher 1"""
"1360380,""1361220"","" Was war in der Ausstellung?"",""Sprecher 1"""
"1367040,""1368160"","" Inhalt, Formulierung."",""Sprecher 1"""
"1369600,""1372960"","" Also eben halt, das ist halt nicht wirklich in einem Punkt neutral."",""Sprecher 1"""
"1373480,""1378400"","" Und auch meine ich irgendwie sachtechnisch gesehen war es auch einfach, meine ich, irgendwie nicht richtig."",""Sprecher 1"""
"1378860,""1379180"","" Mhm."",""Sprecher 2"""
"1379180,""1385220"","" Aber ich kann mich da natürlich auch täuschen."",""Sprecher 1"""
"1385580,""1388280"","" Das ist jetzt nicht gerade mein Kernkompetenzgebiet."",""Sprecher 1"""
"1390360,""1390500"","" So."",""Sprecher 1"""
"1393660,""1394060"","" Juhu."",""Sprecher 1"""
"1396450,""1397230"","" Ah, weiter."",""Sprecher 1"""
"1398630,""1400630"","" Europäische Eliten wollen jeden..."",""Sprecher 1"""
"1401210,""1403910"","" Sie sind zerquetschend zum Urteil gegen Marine Le Pen."",""Sprecher 1"""
"1404050,""1405370"","" Wer ist Marine Le Pen?"",""Sprecher 1"""
"1419030,""1420130"","" Natürlich böse."",""Sprecher 1"""
"1420950,""1423150"","" Ist da jetzt Scheinbeschäftigung sowas wie..."",""Sprecher 1"""
"1424970,""1425570"","" Scheinselbstständigkeit?"",""Sprecher 1"""
"1426190,""1426490"","" Mhm."",""Sprecher 2"""
"1485360,""1486900"","" Das ist jetzt..."",""Sprecher 1"""
"1486900,""1489680"","" Also, ist das jetzt eine Vermutung?"",""Sprecher 1"""
"1491480,""1494160"","" In Frankreich wird es nicht anders sein."",""Sprecher 1"""
"1495020,""1495260"","" Hä?"",""Sprecher 1"""
"1502930,""1509250"","" Ein staatlicher Fördermittel, für deren unverminderten Fluss die Gewählten aller Parteien sorgen."",""Sprecher 1"""
"1510650,""1514570"","" Für deren unverminderten Fluss die Gewählten aller Parteien sorgen."",""Sprecher 1"""
"1516090,""1516470"","" Aha."",""Sprecher 2"""
"1552220,""1556320"","" Okay, das ist scheinbar ja so ein Persönlichkeitsbericht hier."",""Sprecher 1"""
"1558450,""1558930"","" Okay."",""Sprecher 1"""
"1609210,""1612230"","" Ah, das ist irgendwie hier schon so ein bisschen so eine Sache."",""Sprecher 1"""
"1612970,""1615470"","" Erst ist von ich hier gar nicht so die Rede."",""Sprecher 1"""
"1615810,""1619070"","" So eine ganz normale Einführung."",""Sprecher 1"""
"1619890,""1626390"","" Dann die Einführung quasi hin über Deutschland, meinetwegen."",""Sprecher 1"""
"1627090,""1629130"","" Dann diese besagte komische Stelle."",""Sprecher 1"""
"1629270,""1630890"","" So in Frankreich wird es nicht anders sein."",""Sprecher 1"""
"1631830,""1632030"","" Mhm."",""Sprecher 2"""
"1633210,""1635330"","" Aber was will dieser Artikel mir jetzt sagen?"",""Sprecher 1"""
"1635330,""1637390"","" Also reden wir jetzt hier über Frankreich oder über Deutschland?"",""Sprecher 1"""
"1639830,""1642330"","" Also, bei den nächsten Passagen..."",""Sprecher 1"""
"1644260,""1646320"","" Also reden wir halt einfach nur über Deutschland."",""Sprecher 1"""
"1667960,""1668920"","" Okay, gut."",""Sprecher 1"""
"1670400,""1673440"","" Vetternwirtschaft, meinetwegen, ist ja auch so."",""Sprecher 1"""
"1673760,""1673980"","" Okay."",""Sprecher 1"""
"1674720,""1675020"","" Mhm."",""Sprecher 2"""
"1699380,""1700040"","" Okay, quasi."",""Sprecher 1"""
"1700260,""1709680"","" Also okay, man versucht es quasi anhand des deutschen Beispieles für den Leser zu erklären, warum das in Frankreich so ist und dass es in Deutschland nicht anders ist."",""Sprecher 1"""
"1710100,""1710480"","" Mhm."",""Sprecher 2"""
"1744220,""1744600"","" Okay."",""Sprecher 1"""
"1749200,""1752860"","" Das ist zwar eine lange Einführung, aber die ist jetzt gar nicht irgendwie so schlecht."",""Sprecher 1"""
"1753320,""1757780"","" Also zumindest wissen wir jetzt, was die Scheinbeschäftigung ist."",""Sprecher 1"""
"1759060,""1759420"","" Mhm."",""Sprecher 2"""
"1777320,""1780020"","" Das ist natürlich, da waren sie aber auch echt unkreativ."",""Sprecher 1"""
"1780160,""1786200"","" Für das Geld hätten sie sich mal überlegen können, was sie da den ganzen lieben langen Tag da tun."",""Sprecher 1"""
"1815620,""1817580"","" Jetzt haben alle Leute immer nur mit Straßburg."",""Sprecher 1"""
"1835630,""1836630"","" Ja, gut."",""Sprecher 1"""
"1838790,""1839710"","" Ja, stimmt schon."",""Sprecher 1"""
"1839790,""1844410"","" 99% der Angestellten von Twitter oder X kennen ihn auch aus dem Fernsehen."",""Sprecher 1"""
"1845930,""1849790"","" Aber die sind auch mal ein paar mehr Leute, glaube ich, als so eine Partei haben sollte, oder?"",""Sprecher 1"""
"1953480,""1953880"","" Also..."",""Sprecher 1"""
"1953880,""1956980"","" Ja, also ich muss sagen, dieser Artikel hat mir deutlich besser gefallen."",""Sprecher 1"""
"1957540,""1959580"","" Der hat irgendwie nämlich einen schönen roten Faden."",""Sprecher 1"""
"1959740,""1969540"","" Also gut, klar, hier schweifen wir dann einmal ab über Deutschland, aber das ist auch irgendwie notwendig, um den Inhalt, also quasi um dem Leser dann zu vermitteln, quasi worum es da geht."",""Sprecher 1"""
"1970600,""1976240"","" Was vielleicht auch nicht schlecht ist, das am eigenen System zu erklären, bevor man dann ins französische abrutscht."",""Sprecher 1"""
"1976360,""1976500"","" Mhm."",""Sprecher 2"""
"1977700,""1984520"","" Und dann hier nochmal zu erzählen, was eigentlich, also quasi hier bekommt dann die ganze Sache so eine schöne runde Ecke."",""Sprecher 1"""
"1985460,""1994260"","" Warum das überhaupt passiert ist, eben halt als politisches Mittel, um einen Sieg quasi von La Pen oder wie sie auch immer heißen mag, zu verhindern."",""Sprecher 1"""
"1994260,""1999520"","" Also das hat alles in einem schönen roten Faden und das ist auch, finde ich, schön formuliert."",""Sprecher 1"""
"1999920,""2000440"","" Also..."",""Sprecher 1"""
"2000440,""2000760"","" Mhm."",""Sprecher 2"""
"2002600,""2005260"","" Das andere davor hingegen war irgendwie so zusammengewürfelt."",""Sprecher 1"""
"2006240,""2009040"","" Das war irgendwie nicht so ein schöner roter Faden da."",""Sprecher 1"""
"2009580,""2010360"","" Was bin ich hier?"",""Sprecher 1"""
"2012120,""2012640"","" T14."",""Sprecher 2"""
"2013000,""2013840"","" Immer noch, okay."",""Sprecher 1"""
"2013960,""2015340"","" Du bleibst T14."",""Sprecher 1"""
"2015540,""2016620"","" Ich bleibe T14."",""Sprecher 1"""
"2020060,""2022040"","" Ja, der ist schon glaubwürdig."",""Sprecher 1"""
"2024720,""2027400"","" Ja, recht sicher, also..."",""Sprecher 1"""
"2027400,""2029320"","" Das Ding ist jetzt nicht irgendwie, weiß ich nicht."",""Sprecher 1"""
"2031020,""2035200"","" Der rote Faden, der macht sich schon sehr gut in einem Text."",""Sprecher 1"""
"2035820,""2036040"","" Mhm."",""Sprecher 2"""
"2036140,""2046960"","" Der war jetzt nicht durchgehend sichtlich ganz neutral geschrieben, aber sie schreibt ja auch aus der Ich-Perspektive, was irgendwie mehr so einen Reporter-Style hat."",""Sprecher 1"""
"2047040,""2049960"","" Vielleicht macht uns das auch irgendwie an der Stelle ein bisschen glaubwürdiger."",""Sprecher 1"""
"2050760,""2050980"","" Mhm."",""Sprecher 2"""
"2051040,""2056100"","" Man muss auch einfach sagen, der Schreibstil war schon sehr überzeugend."",""Sprecher 1"""
"2056100,""2059300"","" Es war auch nicht emotional formuliert."",""Sprecher 1"""
"2059440,""2065920"","" Es war schon so durcherkennbar, dass es eben auch so eine kleine persönliche Note von ihr hat."",""Sprecher 1"""
"2066199,""2069100"","" Das liegt auch einfach daran, dass sie sich aus ihrer Perspektive auch geschrieben hat."",""Sprecher 1"""
"2069239,""2072900"","" Das war irgendwie, weiß ich nicht, das war irgendwie natürlich und nicht so versteckt."",""Sprecher 1"""
"2076219,""2078679"","" Informationsgehörde und Faktenliche, das fand ich super."",""Sprecher 1"""
"2080239,""2083420"","" Struktur und Logik der Argumentation, das war auch erst rein."",""Sprecher 1"""
"2085020,""2087659"","" Ja, Vorwissen davon hatte ich so ziemlich gar nicht."",""Sprecher 1"""
"2091090,""2092050"","" Hm, plausibilität."",""Sprecher 1"""
"2092350,""2098010"","" Ja, also alles in allem hat sie das gut dokumentiert, beziehungsweise hat sie die Argumentation schön aufgebaut."",""Sprecher 1"""
"2099850,""2101670"","" Die Länge war auch gut, war jetzt nicht zu lang."",""Sprecher 1"""
"2103670,""2105810"","" Ja, professionell war sie sicherlich auch."",""Sprecher 1"""
"2106190,""2107570"","" Bauchgefühl oder Intuition."",""Sprecher 1"""
"2108750,""2113020"","" Hm, will ich nicht wieder noch."",""Sprecher 1"""
"2118600,""2120720"","" Ja, roter Faden würde ich mal sagen."",""Sprecher 1"""
"2120860,""2124980"","" Der rote Faden war tatsächlich schon roter Faden innerhalb des Textes."",""Sprecher 1"""
"2128060,""2129400"","" Ja, fand ich schon sehr wichtig."",""Sprecher 1"""
"2136960,""2150060"","" Ja, kommt unten eigentlich noch was?"",""Sprecher 1"""
"2150900,""2151040"","" Nein."",""Sprecher 2"""
"2151880,""2166250"","" Ja, warum ist denn das fatal?"",""Sprecher 1"""
"2168700,""2170860"","" Also, weiß ich nicht."",""Sprecher 1"""
"2170940,""2172360"","" Das ist jetzt irgendwie nicht so neutral."",""Sprecher 1"""
"2223920,""2225980"","" Hm, was ist dieses Jahr?"",""Sprecher 1"""
"2241800,""2243260"","" Da habt ihr Beiträge nicht kommentiert."",""Sprecher 2"""
"2243260,""2245820"","" Ja, ist gut, das wäre eine rhetorische Frage."",""Sprecher 1"""
"2247760,""2253580"","" Also, das finde ich halt so ein bisschen schwierig, wenn hier so steht so, doch dieses Jahr trägt sie die Auswahl nicht mit."",""Sprecher 1"""
"2255020,""2268120"","" Das ist irgendwie ein bisschen schwierig, dass dann so, da bist du halt irgendwie so ein bisschen in Raum und Zeit verloren, ohne die aktuellen Zeitangaben quasi, wann der Artikel erschienen ist."",""Sprecher 1"""
"2304690,""2308530"","" Hm, da fehlt ein Einführungszeichen."",""Sprecher 1"""
"2312200,""2312900"","" Oder auch nicht."",""Sprecher 1"""
"2488150,""2489030"","" Ja, okay."",""Sprecher 1"""
"2532680,""2539420"","" Also, alles in allem, ja, ich finde, es ist nicht so ganz krass, der rote Faden da, aber er ist auch irgendwie da."",""Sprecher 1"""
"2539640,""2541040"","" Es liest sich auch ganz gut."",""Sprecher 1"""
"2579570,""2582110"","" Soll ich den auch inhaltlich bewerten hier, oder?"",""Sprecher 1"""
"2586000,""2587780"","" Es gibt kein richtig und kein falsch."",""Sprecher 2"""
"2755100,""2762020"","" Ja, eigentlich ist es vielleicht ein bisschen lang, aber es liest sich jetzt auch nicht schlecht, ist auch gut sachlich formuliert."",""Sprecher 1"""
"2764720,""2772600"","" Ich finde, der rote Faden war jetzt irgendwie nicht so da wie beim Anfang, aber das kann jetzt auch meine persönliche Note sein."",""Sprecher 1"""
"2776400,""2781000"","" Aber alles in allem, halte ich den Artikel schon für glaubwürdig."",""Sprecher 1"""
"2783360,""2795640"","" Ist natürlich immer ein bisschen schwierig, einen Artikel zwischen nicht-glaubwürdig und glaubwürdig zu unterscheiden, wenn vielleicht irgendwie alles sachlich formuliert ist, aber man selber gar nicht so in der Materie drinsteckt."",""Sprecher 1"""
"2796440,""2806580"","" Das ist halt schwierig, wenn man da kein Hintergrundwissen hat, dann zu unterscheiden, ob das jetzt glaubwürdig ist oder halt nicht."",""Sprecher 1"""
"2815220,""2823220"","" Besonders natürlich auch, da alles im Plaintext-Format ist, das ist natürlich schwierig, da kannst du ja gar nicht mehr unterscheiden, ob die Quelle quasi glaubwürdig ist oder nicht."",""Sprecher 1"""
"2823980,""2835560"","" Das ist quasi wie wenn der Professor in die Universität geht und der kann ja auch jedem Studenten eigentlich so ziemlich fast alles erzählen und 90% der Studenten würden es natürlich glauben, weil er halt der Professor ist."",""Sprecher 1"""
"2840900,""2843440"","" Wie sicher sind Sie Ihre glaubwürdige Einschätzung?"",""Sprecher 1"""
"2843980,""2845340"","" Ja, schwierig hier."",""Sprecher 1"""
"2852480,""2861990"","" Ja, es war schon nicht sehr emotional."",""Sprecher 1"""
"2863490,""2865430"","" Die Faktendichte war auch sehr hoch."",""Sprecher 1"""
"2866630,""2868690"","" Die Struktur und die Argumentation war auch gut."",""Sprecher 1"""
"2870290,""2872330"","" Zum Vorwissen hatte ich halt keins."",""Sprecher 1"""
"2874510,""2879270"","" Plausibilität der Information, ja, kann ich mir schon vorstellen, dass das so ist."",""Sprecher 1"""
"2881890,""2885210"","" Länge und Ausführlichkeit des Artikels, ja, das war schon sehr lang."",""Sprecher 1"""
"2887740,""2889960"","" Ja, war auch glaube ich ganz gut geschrieben."",""Sprecher 1"""
"2890720,""2893260"","" Das ist auch eher so Bauchgefühl, was ich jetzt hier habe."",""Sprecher 1"""
"2904850,""2916170"","" Ja, ich habe halt meine Bewertung auf quasi den Inhalt gestützt, was kam da drin vor, die Formulierungen und auch den roten Faden."",""Sprecher 1"""
"2920050,""2921790"","" Ich mache nur ganz kurz meine Kamera."",""Sprecher 2"""
"2922130,""2923310"","" Ich bin in einer Minute wieder da."",""Sprecher 2"""
"2923390,""2926730"","" Du kannst es weiter auswenden und dann auch weitermachen mit dem nächsten Fragebogen."",""Sprecher 2"""
"2927390,""2928130"","" Ja, ich mache mal."",""Sprecher 1"""
"2928390,""2929570"","" Mit dem nächsten Artikel."",""Sprecher 2"""
"2929690,""2930370"","" Ich komme sofort wieder."",""Sprecher 2"""
"2930770,""2930990"","" Jo."",""Sprecher 1"""
"2932210,""2933650"","" Bitte laut denken dann immer."",""Sprecher 2"""
"2952780,""2961800"","" Ja, also weiß ich jetzt nicht, ob ich das jetzt so unterstreichen würde, wenn man da mal an Stalin denkt."",""Sprecher 1"""
"2975740,""2982840"","" Ja, obwohl natürlich man sagen muss, die Russen sind sicherlich schon ganz nette Menschen."",""Sprecher 1"""
"2983880,""2986720"","" Aber ich würde mal sagen, das ist wie Nieder quasi."",""Sprecher 1"""
"2987180,""2990820"","" In jedem anderen Land auch gibt es halt immer so ein paar Schwachköpfe."",""Sprecher 1"""
"2991700,""2992100"","" Mhm."",""Sprecher 2"""
"3010430,""3011750"","" Wie erinnern Sie sich an etwas?"",""Sprecher 1"""
"3011870,""3012950"","" Das war 1908."",""Sprecher 1"""
"3013130,""3015170"","" Das ist über 120 Jahre her."",""Sprecher 1"""
"3015810,""3017890"","" Nicht ganz 120, aber über 110 Jahre."",""Sprecher 1"""
"3018510,""3018850"","" Mhm."",""Sprecher 1"""
"3020450,""3021990"","" Keine Ahnung, was soll das für eine Frage sein?"",""Sprecher 1"""
"3022650,""3027710"","" Ich kenne jetzt niemanden, der 1908 schon so alt war, dass er sich überhaupt daran erinnern könnte."",""Sprecher 1"""
"3027710,""3029410"","" Aber was denn für eine blödsinnige Frage?"",""Sprecher 1"""
"3031310,""3032650"","" Also wenn die so gemeint ist."",""Sprecher 1"""
"3112660,""3113480"","" Bitte laut denken."",""Sprecher 2"""
"3114980,""3122100"","" Also, ich bin mir jetzt nicht so sicher, ob es auf persönlichen Befehl wurden die Grenzen für die Durchreise armenischer Flüchtlinge geöffnet."",""Sprecher 1"""
"3122240,""3126140"","" Weiß ich jetzt nicht, ob ich das unbedingt als die helfende Hand bezeichnen würde."",""Sprecher 1"""
"3129200,""3130660"","" Vielleicht heutzutage nicht mehr."",""Sprecher 1"""
"3131060,""3137260"","" Das liegt auch vielleicht daran, weil das irgendwie, keine Ahnung, heutzutage irgendwie die Grenzen gefühlt für alles, wenn die Süden immer offen sind."",""Sprecher 1"""
"3138260,""3140000"","" Aber das wäre noch ein anderes Thema."",""Sprecher 1"""
"3142000,""3148340"","" Grundsätzlich muss ich sagen, der Text ist halt jetzt etwas, ja, leichter formuliert."",""Sprecher 1"""
"3149420,""3157100"","" Also er ist halt nicht ganz so sachlich ausformuliert, mit sachlichen Hochbegriffen."",""Sprecher 1"""
"3157200,""3161000"","" Aber man muss sagen, das tut dem Inhalt jetzt nicht zur Sache."",""Sprecher 1"""
"3161000,""3163000"","" Dadurch ist es vor allem auch mal gut verständlich."",""Sprecher 1"""
"3182810,""3191590"","" Ja, okay, wenn das dieser Schriftsteller da schreibt, der armenische Schriftsteller, dann okay."",""Sprecher 1"""
"3194010,""3194870"","" Weiß ich nicht."",""Sprecher 1"""
"3208030,""3211430"","" Also es ist jetzt so ein bisschen die Frage, was die Argumentation ist."",""Sprecher 1"""
"3211690,""3216510"","" Soll das jetzt hier eine Argumentation sein, dass Russland ein Friedenstifter ist?"",""Sprecher 1"""
"3218490,""3221030"","" Oder irgendwas vor 110 Jahren dann herzunehmen?"",""Sprecher 1"""
"3221930,""3226230"","" Weiß ich jetzt nicht, ob das jetzt irgendwie so sinnvoll ist, von der Argumentationskette her."",""Sprecher 1"""
"3230650,""3233290"","" Gesellschaften wandeln sich nach dem Kalten Krieg."",""Sprecher 1"""
"3236910,""3245330"","" Und jetzt dem Ukraine-Krieg, weiß ich jetzt nicht, ob das dann irgendwie noch so, naja, die paar Armenier, die da jetzt vor 110 Jahren da irgendwo über eine Grenze drüber gelaufen sind."",""Sprecher 1"""
"3246270,""3249710"","" Also, besonders wenn man bedenken muss, die ironieren eine ganze Sache."",""Sprecher 1"""
"3249970,""3256410"","" Die Argumentation beruht ja darauf, dass sie ja die helfende Hand quasi, man hat sie nicht erschossen, als sie über die Grenze gegangen sind."",""Sprecher 1"""
"3257050,""3260950"","" Das ist ja wirklich die beste Argumentation an der Sache."",""Sprecher 1"""
"3271040,""3276100"","" Beim Herzigkeit und Mitgefühl, was ist denn das für eine also, keine Ahnung."",""Sprecher 1"""
"3276960,""3278680"","" Das ist jetzt nicht gerade unbedingt sachlich."",""Sprecher 1"""
"3280620,""3284880"","" Sagen wir es mal so, das könnte auch irgendwie eine Propaganda aus Moskau geschrieben haben."",""Sprecher 1"""
"3290520,""3294500"","" Wie das moderne Deutschland aus Dankbarkeit zu uns drängt."",""Sprecher 1"""
"3310960,""3313740"","" Ist grenzenlos, weil sie Deutschland nicht vernichtet haben."",""Sprecher 1"""
"3314440,""3326580"","" Okay, gut, also, das wäre ja dann ja auch irgendwie, also, damit hatten sie irgendwie etwas gemein mit den anderen drei Besatzungsmächten."",""Sprecher 1"""
"3326720,""3329120"","" Naja, gut, Frankreich war ja nicht direkt eine Besatzungsmacht."",""Sprecher 1"""
"3331320,""3332400"","" also, weiß ich nicht."",""Sprecher 1"""
"3333520,""3347300"","" Also, gut, kann man auch so darstellen, dass die Russen eben halt so barmherzig waren und als eine der ganzen anderen Völker nicht darauf bedacht waren, Deutschland auszuradieren."",""Sprecher 1"""
"3351520,""3354540"","" Es ist schon so eine kleine Verdrehung, muss man schon sagen."",""Sprecher 1"""
"3355260,""3358060"","" Also, das ist schon so eine leichte Beschönigung in diesem Text drin."",""Sprecher 1"""
"3375330,""3384950"","" Ja, okay, gut, und wie war das mit den Kriegsgefangenenlagern, wo die Deutschen dann, beziehungsweise wie die Kriegsgefangene nach dem Zweiten Weltkrieg erst seit Jahren zurückkamen."",""Sprecher 1"""
"3385930,""3399670"","" Also, das ist ja super."",""Sprecher 1"""
"3399830,""3401410"","" In Berlin herrschte eine Hungersnot."",""Sprecher 1"""
"3403510,""3406310"","" Um die Einwohner zu retten, wurde bereits am 10."",""Sprecher 1"""
"3406430,""3415930"","" Mai ein Erlass des Militärrats der ersten bulgarischen Front über die Norm der Abgabe von Produkten an, da fehlt ein N, die Berliner erlassen."",""Sprecher 1"""
"3416590,""3423570"","" Auf einen Anwohner pro Woche sollten 500 Gramm Fleisch, 3 Kilo Brot, 350 Gramm Kaffee, Kartoffeln und Getreide kommen."",""Sprecher 1"""
"3424030,""3425570"","" Deutsche Kinder bekamen Milch."",""Sprecher 1"""
"3426090,""3426910"","" Super, natürlich."",""Sprecher 1"""
"3427230,""3435670"","" Also, klar, man hat natürlich Berlin nicht abgeschottet, um eben halt zu erreichen, dass eben halt der Teil von Berlin dann eben halt von den Alliierten an die Russen ging."",""Sprecher 1"""
"3435750,""3436650"","" Nein, natürlich nicht."",""Sprecher 1"""
"3436990,""3445310"","" Also, es gab auch keine Luftbrücke irgendwie, die die Alliierten aufgestellt haben, um dann Berlin mehrere Monate lang über Luft zu versorgen."",""Sprecher 1"""
"3445650,""3451590"","" Also, natürlich, die Russen waren da sehr sozial."",""Sprecher 1"""
"3452050,""3455090"","" Also, Berlin herrscht einen Hunger."",""Sprecher 1"""
"3455230,""3456270"","" Ja, das stimmt schon."",""Sprecher 1"""
"3457210,""3465470"","" Aber das war jetzt nicht gerade unbedingt, weil die Russen da jetzt gesagt haben, wir helfen euch."",""Sprecher 1"""
"3474320,""3478840"","" Aber ich weiß gar nicht, war die Luftbrücke von 1945 oder war die ein paar Jahre später?"",""Sprecher 1"""
"3488930,""3490530"","" Ja, also weiß ich nicht."",""Sprecher 1"""
"3490710,""3493150"","" Ich glaube, die Alliierten erinnern sich immer noch an diese Luftbrücke."",""Sprecher 1"""
"3506070,""3507290"","" Ja, also weiß ich nicht."",""Sprecher 1"""
"3507370,""3512670"","" Das ist halt irgendwie so wie wenn man sagt, Hitler hat die Autobahn gebaut."",""Sprecher 1"""
"3515330,""3520210"","" Das ist irgendwie, wenn man alle Schlechte weglässt, dann bleibt natürlich nur noch das Positive übrig."",""Sprecher 1"""
"3526520,""3528900"","" So, jetzt wieder meine Lieblingszahl, T14."",""Sprecher 1"""
"3531280,""3540520"","" Also, ich bin zwar kein Geschichtsexperte über russische Geschichte, aber da fehlten noch so ein paar Teile."",""Sprecher 1"""
"3541700,""3542760"","" Ganz, ganz bisschen so."",""Sprecher 1"""
"3542880,""3545300"","" Stalin und so hat da irgendwie so ein bisschen gefehlt."",""Sprecher 1"""
"3546800,""3557880"","" Also, das mag zwar alles schon so stimmen, wie sie das geschrieben haben, aber weiß ich nicht, ob es jetzt direkt unglaubwürdig ist."",""Sprecher 1"""
"3558480,""3561880"","" Es ist halt einfach nur ein Weglassen von negativen Tatsachen."",""Sprecher 1"""
"3563000,""3567960"","" Ähm, ja, weiß ich nicht."",""Sprecher 1"""
"3568380,""3583140"","" Also, es ist schon irgendwie, wenn ich, also zumindest sagen wir es mal so, der Inhalt, den sie da erzählen, dass Russland total der Friedensstifter ist, auf dieser Argumentationsgrundlage, ist das auf jeden Fall sehr unglaubwürdig."",""Sprecher 1"""
"3584680,""3597880"","" Ja, da bin ich mir doch sehr sicher, dass da irgendwie in Deutschland, also keine Ahnung, das mit den Armeniern, das kann ich vor 120 Jahren, konnte ich da nicht hinachfaszinieren, aber das mit der Luftbrücke, da bin ich mir sehr sicher, dass das nicht so war."",""Sprecher 1"""
"3598340,""3599720"","" Beziehungsweise, dass die da war."",""Sprecher 1"""
"3600220,""3606760"","" Und dass das definitiv schuld der Russen war, dass man in Berlin den Strom abgestellt hat, in dem umzingelten Berlin."",""Sprecher 1"""
"3607760,""3612130"","" Also, ähm, ja, keine Ahnung."",""Sprecher 1"""
"3613030,""3614770"","" Ist schon teilweise echt sachlich."",""Sprecher 1"""
"3615810,""3620930"","" Informationsgehalt, würde ich mal sagen, ist jetzt nicht so deren Stärke."",""Sprecher 1"""
"3621910,""3626200"","" Ähm, Struktur und Logik der Argumentation."",""Sprecher 1"""
"3626420,""3630240"","" Hä, also von der Argumentation her, ist gar nicht so kacke gewesen."",""Sprecher 1"""
"3631040,""3636280"","" Vorwissen zum Thema Fakten, ja, da hab ich zumindest was die Luftbrücke angeht, hab ich ein bisschen Fachwissen dafür."",""Sprecher 1"""
"3636600,""3637860"","" Tossabilität der Information."",""Sprecher 1"""
"3640020,""3643260"","" War jetzt irgendwie, weiß ich jetzt nicht."",""Sprecher 1"""
"3644780,""3649360"","" Also, also plausibel waren die Informationen irgendwie schon."",""Sprecher 1"""
"3652210,""3658550"","" Auch wenn ich noch nicht sicher bin, ob es unbedingt gerade so eine helfende Hand ist, wenn man jemanden nicht gerade an der Grenze erschießt."",""Sprecher 1"""
"3659130,""3664730"","" Also, ähm, weiß ich jetzt nicht, ob das jetzt unbedingt als Hilfe erzählt."",""Sprecher 1"""
"3665610,""3670290"","" Ähm, ja, ausführlich war der Artikel jetzt nicht so und lang war der jetzt auch nicht so."",""Sprecher 1"""
"3671690,""3675690"","" Ja, also der war ganz sicherlich russischer Propagandajournalist."",""Sprecher 1"""
"3675830,""3678630"","" Also, ja, weiß ich nicht."",""Sprecher 1"""
"3678850,""3683960"","" Intuition, Bauchgefühl, ja, doch eher Intuition."",""Sprecher 1"""
"3686020,""3689540"","" So, weglassen von wichtigen Fakten."",""Sprecher 1"""
"3696030,""3698030"","" Sehr beschönigte Darstellung."",""Sprecher 1"""
"3702940,""3703680"","" Was haben wir noch?"",""Sprecher 1"""
"3704660,""3706520"","" Aber, es gibt einen roten Faden."",""Sprecher 1"""
"3706780,""3707860"","" Das muss man echt sagen."",""Sprecher 1"""
"3708020,""3709400"","" Also, der rote Faden ist da."",""Sprecher 1"""
"3709760,""3724410"","" Also, haben wir schön angefangen bei 1910 und hat sich dann erstreckt bis, ja, also bis 1945."",""Sprecher 1"""
"3726650,""3731470"","" Und da war es dann auch schon vorbei mit der russischen Friedensstifterei scheinbar."",""Sprecher 1"""
"3735740,""3738000"","" Wieder den Weiter-Button klicken, suchen."",""Sprecher 2"""
"3738100,""3739540"","" Ja, ich suche den."",""Sprecher 1"""
"3740200,""3742300"","" Und jetzt sind wir im zweiten Studienteil."",""Sprecher 2"""
"3742400,""3748200"","" Jetzt bekommst du auf der einen Seite des Bildschirms nochmal dieselben Artikel gezeigt."",""Sprecher 1"""
"3748700,""3756000"","" Und auf der anderen Seite des Bildschirms ist ein Chatbot, mit dem du die Glaubwürdigkeit der Artikel überprüfen sollst."",""Sprecher 1"""
"3757160,""3760320"","" Der Chatbot ist natürlich ein bisschen langsamer als der TPT."",""Sprecher 2"""
"3761460,""3763000"","" Dauert immer ein bisschen, bis die Antwort kommt."",""Sprecher 2"""
"3763540,""3763860"","" Ah, okay."",""Sprecher 1"""
"3763940,""3765880"","" Das heißt, ich kann dir jetzt welche Fragen stellen."",""Sprecher 1"""
"3766040,""3767960"","" So ist wirklich das Ding in Straßburg."",""Sprecher 1"""
"3768120,""3768560"","" Sehr gut."",""Sprecher 1"""
"3769560,""3771960"","" Ich sage, das Menschenrechtsgericht sitzt in Den Haag."",""Sprecher 1"""
"3772040,""3773140"","" Aber das sehen wir jetzt gleich."",""Sprecher 1"""
"3782150,""3787430"","" Was ist das Gericht?"",""Sprecher 2"""
"3793180,""3794940"","" Ich kann heute nicht mehr tippen."",""Sprecher 1"""
"3797900,""3802420"","" Menschenrechte in Straßburg oder so."",""Sprecher 1"""
"3816200,""3818100"","" Oh, tatsächlich sitzt es in Straßburg."",""Sprecher 1"""
"3818260,""3819700"","" Und es sitzt dann in Den Haag."",""Sprecher 1"""
"3829080,""3831240"","" Den Haag habe ich ja vorhin falsch geschrieben."",""Sprecher 1"""
"3851520,""3853940"","" Ach, der Internationale Gerichtshof."",""Sprecher 1"""
"3855660,""3856080"","" Ah."",""Sprecher 1"""
"3861900,""3862760"","" Ah, okay."",""Sprecher 1"""
"3862960,""3863260"","" Gut."",""Sprecher 1"""
"3865200,""3866680"","" Den Haag sah schon was."",""Sprecher 1"""
"3866820,""3872120"","" Aber tatsächlich sitzt das Menschenrechtsdinger tatsächlich in Strasbourg."",""Sprecher 1"""
"3874200,""3874560"","" Okay."",""Sprecher 1"""
"3919890,""3922850"","" Das finde ich, wie gesagt, immer noch doppeldeutig, fragen wir mal Chat-GPT."",""Sprecher 1"""
"3984200,""3987400"","" Das war jetzt zwar nicht das, was ich gefragt habe, aber es ist auch interessant."",""Sprecher 1"""
"4035480,""4053820"","" Okay, also es ist doch irgendwie hier so ein bisschen komisch, andere Verantwortlichen für den russischen Angriffsrieb können sofort vom Sondertribunal belangt werden, etwa der Verteidigungsminister und weiteres Führungspersonal, denn allein das Führungstrio ist gegen Strafverwaffnung gewappnet."",""Sprecher 1"""
"4054360,""4063740"","" Also weiß ich nicht, vielleicht ist es doch einfach, ein Trio ist ja immer zu dritt, also vielleicht ist es doch einfach unglücklich formuliert, Führungspersonal und Führungstrio."",""Sprecher 1"""
"4065200,""4080320"","" Vielleicht ist es auch unglücklich formuliert, aber das ist irgendwie so ein bisschen, wenn man sagt, okay gut, das Führungspersonal darf nicht verknackt werden, aber man schreibt dann hier, ja, das Führungspersonal darf verknackt werden, dann ist das irgendwie so ein bisschen kontrovers."",""Sprecher 1"""
"4083040,""4107960"","" Hm, okay, ja gut, scheinbar doch irgendwie Fakten richtig, also das, wo ich jetzt gesagt hätte, dass das jetzt irgendwie richtig ist, dann, gut, das mit Straßburg, okay, krass."",""Sprecher 1"""
"4109340,""4119200"","" Tja, ich weiß jetzt halt nicht, wie aktuell dieser Chatbot ist, ich will den jetzt nicht fragen, ob das jetzt stimmt mit diesem Tribunal, das müsste man jetzt tatsächlich vielleicht googeln."",""Sprecher 1"""
"4122020,""4123300"","" Googeln darf man nicht."",""Sprecher 2"""
"4123760,""4134979"","" Ja, ich weiß, ich google nicht, aber das wäre tatsächlich etwas, also da würde ich jetzt nicht fragen, ob das jetzt ein Chatbot, ob das Chatbot das weiß, ja, dass er da irgendeinen Blödsinn erzählt."",""Sprecher 1"""
"4142250,""4143370"","" Okay, machen wir weiter."",""Sprecher 1"""
"4148859,""4149960"","" Tja, verlassen klicken."",""Sprecher 2"""
"4152029,""4154830"","" So, ich bin immer noch T14."",""Sprecher 1"""
"4157960,""4161520"","" Wie glaubwürdig erscheinen Artikel nach KI-Verifikation?"",""Sprecher 1"""
"4162660,""4169060"","" Ja, auf jeden Fall schon irgendwie jetzt so ein bisschen glaubwürdiger, nachdem wir herausgefunden haben, dass in Straßburg tatsächlich irgendwas sitzt."",""Sprecher 1"""
"4170500,""4170899"","" Hoppala."",""Sprecher 1"""
"4173790,""4180910"","" Weiß, alles, alles haben sie in Den Haag reingepackt, aber dann als menschengerecht, das packen sie natürlich da irgendwo da in Straßburg rein."",""Sprecher 1"""
"4187930,""4189370"","" Ja, doch, schon ziemlich sicher."",""Sprecher 1"""
"4192899,""4195200"","" Ja, ich halte ihn schon als glaubwürdiger als vorher."",""Sprecher 1"""
"4198020,""4201020"","" Die Antwort der KI war inhaltlich hilfreich."",""Sprecher 1"""
"4201560,""4203140"","" Ja, würde ich jetzt schon sagen."",""Sprecher 1"""
"4206980,""4209080"","" Die KI hat gar keine Quellen angegeben."",""Sprecher 1"""
"4210720,""4214120"","" Die Informationen der KI haben mir bei der Entscheidung..."",""Sprecher 1"""
"4217980,""4220940"","" Kann ich auf die KI fragen, woher dieser Artikel kommt?"",""Sprecher 1"""
"4222820,""4224660"","" Das probiere ich beim nächsten Mal aus."",""Sprecher 1"""
"4225460,""4228340"","" Die Informationen der KI haben mir bei der Entscheidung geholfen."",""Sprecher 1"""
"4228860,""4230140"","" Ja, nicht wirklich."",""Sprecher 1"""
"4230580,""4238320"","" Also, die Informationen haben mir dazu beigetragen, dass ich jetzt weiß, dass dieses Gericht angeblich in Straßburg sitzt."",""Sprecher 1"""
"4238400,""4239580"","" Aber das google ich nochmal."",""Sprecher 1"""
"4241360,""4244640"","" Wer weiß, ob dieser Chatbot da so vertrauenswürdig ist."",""Sprecher 1"""
"4247500,""4248900"","" Ich vertraue der Einstellung..."",""Sprecher 1"""
"4248900,""4249800"","" Ah, ja, sehr gut."",""Sprecher 1"""
"4249900,""4250000"","" Hier."",""Sprecher 1"""
"4250360,""4252800"","" Da kommt schon die Frage, die mir das KI-System gegeben hat."",""Sprecher 1"""
"4256100,""4256540"","" Unsicher."",""Sprecher 1"""
"4258000,""4260640"","" Ich habe die von einer KI genannten Quellen überprüft."",""Sprecher 1"""
"4260980,""4262180"","" Darf ich ja nicht googlen."",""Sprecher 1"""
"4262180,""4264240"","" Also, wie soll ich das prüfen?"",""Sprecher 1"""
"4265620,""4269180"","" Die KI hat mir Informationen geliefert, die ich vorher nicht kannte."",""Sprecher 1"""
"4269460,""4270280"","" Ja, das stimmt."",""Sprecher 1"""
"4274470,""4276490"","" Wie sind Sie bei der Verifikation vorgegangen?"",""Sprecher 1"""
"4276590,""4279550"","" Ich habe die KI um eine generelle Einschätzung des Artikels gebeten."",""Sprecher 1"""
"4280150,""4286370"","" Darf ich ganz kurz nur einmal oben letzter Punkt nochmal auf die Skala verweisen?"",""Sprecher 2"""
"4289640,""4290400"","" Ah, ja, stimmt."",""Sprecher 1"""
"4290500,""4291560"","" Entschuldigung, mein Fehler."",""Sprecher 1"""
"4292520,""4293000"","" Alles gut."",""Sprecher 2"""
"4293000,""4293100"","" Okay."",""Sprecher 2"""
"4294020,""4299300"","" Ich habe die KI um eine generelle Einschätzung des Artikels."",""Sprecher 1"""
"4300380,""4302360"","" Ja, doch, da kann man nochmal versieben setzen."",""Sprecher 1"""
"4302480,""4304320"","" Ich habe die KI um eine generelle Einschätzung."",""Sprecher 1"""
"4304420,""4304580"","" Nö."",""Sprecher 1"""
"4304960,""4307640"","" Ich habe gezielte Fragen zu bestimmten Behauptungen gestellt."",""Sprecher 1"""
"4308200,""4309220"","" Das würde ich schon sagen."",""Sprecher 1"""
"4309480,""4311940"","" Ich habe nach externen Quellen oder Belegen gefragt."",""Sprecher 1"""
"4312200,""4312440"","" Nö."",""Sprecher 1"""
"4312600,""4313560"","" So schlau war ich nicht."",""Sprecher 1"""
"4314040,""4317880"","" Ich habe mehrere Fragen formuliert, um meine Unsicherheit zu reduzieren."",""Sprecher 1"""
"4318620,""4319900"","" Ja, das würde ich schon sagen."",""Sprecher 1"""
"4319900,""4322880"","" Ich habe die KI mit meinem Vorwissen verglichen."",""Sprecher 1"""
"4323220,""4326100"","" Das Vorwissen, das ich überhaupt gar nicht zu dem Thema hatte."",""Sprecher 1"""
"4326640,""4329020"","" Aber hey, ich wusste, dass in Den Haag irgendwas ist."",""Sprecher 1"""
"4330420,""4333860"","" Also ja, ich habe es verglichen, aber ich bin mir deshalb immer noch unsicher."",""Sprecher 1"""
"4337940,""4343300"","" Ja, also eigentlich habe ich das schon mit meinem Vorwissen verglichen."",""Sprecher 1"""
"4344800,""4346560"","" Also auch wenn das jetzt nicht viel hilft."",""Sprecher 1"""
"4347120,""4349640"","" Auch eine Reflexionsfrage zur Verifikation."",""Sprecher 1"""
"4349740,""4353780"","" Was hat Ihre Entscheidung nach der KI-Verifikation am stärksten beeinflusst?"",""Sprecher 1"""
"4358860,""4360320"","" Oh, ist das menschen..."",""Sprecher 1"""
"4360320,""4365200"","" Also gut, man muss halt ehrlicherweise sagen, ich habe das halt schon davor für glaubwürdig eingeschätzt."",""Sprecher 1"""
"4365440,""4373960"","" So, das war jetzt nicht so unbedingt, dass ich jetzt sage, das ist jetzt für mich auf einmal ein Wechsel von Schwarz-Weiß-zu-Bunt-Fernsehen."",""Sprecher 1"""
"4374220,""4377340"","" Ja, also das ist..."",""Sprecher 1"""
"4377340,""4379080"","" Kann man jetzt so nicht sagen."",""Sprecher 1"""
"4380660,""4387660"","" Es hat auf jeden Fall mir gezeigt, dass das Menschenrechtsgericht irgendwie nicht in den Haag sitzt."",""Sprecher 1"""
"4387660,""4388620"","" Es ist..."",""Sprecher 1"""
"4389940,""4396340"","" Was hat Ihre Entscheidung am stärksten beeinflusst?"",""Sprecher 1"""
"4396980,""4398760"","" Es hat eben halt..."",""Sprecher 1"""
"4398760,""4402680"","" Sagen wir es mal so, es hat gewisse Zweifel fürs Erste beseitigt."",""Sprecher 1"""
"4402800,""4404200"","" Auch wenn ich das nochmal googlen werde."",""Sprecher 1"""
"4407750,""4418560"","" Es hat Zweifel zum Informationsgehalt beseitigt."",""Sprecher 1"""
"4420720,""4423160"","" Sofern man den Antworten glaubt."",""Sprecher 1"""
"4433110,""4433550"","" So."",""Sprecher 1"""
"4434850,""4435550"","" Juhu."",""Sprecher 1"""
"4436110,""4436810"","" Weiter geht's."",""Sprecher 1"""
"4442090,""4443550"","" Fragen wir mal, ob es Le Pen gibt."",""Sprecher 1"""
"4445230,""4447950"","" Wer ist Le Pen?"",""Sprecher 1"""
"4458440,""4460700"","" Trägt Le Pen eine Fußfessel?"",""Sprecher 1"""
"4468310,""4468770"","" Okay."",""Sprecher 2"""
"4479150,""4479550"","" Aha."",""Sprecher 1"""
"4524150,""4526910"","" So eine Fußfessel muss doch sicherlich supermäßig jucken."",""Sprecher 1"""
"4539300,""4539620"","" Aha."",""Sprecher 1"""
"4545480,""4545960"","" Okay."",""Sprecher 1"""
"4562110,""4564950"","" Okay, also sie hat angeblich keine Fußfessel laut dem Chatbot."",""Sprecher 1"""
"4565070,""4568030"","" Was mich jetzt natürlich so ein bisschen irritiert, weil da steht das drin."",""Sprecher 1"""
"4568210,""4571670"","" Also entweder kennt der Chatbot diesen tollen Artikel nicht oder er hat den falsch interpretiert."",""Sprecher 1"""
"4572470,""4573470"","" So, wir machen das mal anders."",""Sprecher 1"""
"4573650,""4585110"","" Marie Le Pen gibt es bei Marie Le Pen bereits ein Urteil."",""Sprecher 1"""
"4618470,""4622370"","" Ah, sollen wir mal diesmal diesen Chatbot fragen, wo der Europäische Gerichtshof sitzt?"",""Sprecher 1"""
"4624270,""4625090"","" Das können wir mal machen."",""Sprecher 1"""
"4625190,""4627770"","" Wo sitzt der IGMR?"",""Sprecher 1"""
"4629750,""4632290"","" Wer weiß, vielleicht ist das ein anderer."",""Sprecher 1"""
"4637110,""4638490"","" Okay, tatsächlich sitzt er."",""Sprecher 1"""
"4638490,""4640570"","" Also der sitzt angeblich immer noch in Straßburg."",""Sprecher 1"""
"4641050,""4641370"","" Gut."",""Sprecher 1"""
"4644090,""4645390"","" Fragen wir mal weiter."",""Sprecher 1"""
"4645690,""4646350"","" Also okay, gut."",""Sprecher 1"""
"4648630,""4661570"","" Wurde Marie Le Pen inhaftiert oder darf sie nur nicht an den Wahlen teilnehmen?"",""Sprecher 1"""
"4666200,""4666800"","" Oder darf sie nur nicht an den Wahlen teilnehmen?"",""Sprecher 1"""
"4710160,""4711920"","" Ich glaube, ich habe ihn kaputt gemacht."",""Sprecher 1"""
"4751360,""4753440"","" Okay, das ist natürlich ein bisschen schwer."",""Sprecher 1"""
"4755400,""4759720"","" Wurde Marie Le Pen zu einer Geldstrafe verurteilt?"",""Sprecher 1"""
"4775990,""4778530"","" Warte mal, hatte ich diese Antwort nicht schon mal irgendwo?"",""Sprecher 1"""
"4793160,""4793680"","" Wurde Marie Le Pen zu einer Geldstrafe verurteilt?"",""Sprecher 1"""
"4793680,""4796900"","" Das ist natürlich so ein bisschen kontrovers hier, diese ganze Sache."",""Sprecher 1"""
"4797080,""4803860"","" Also hier sagen wir natürlich, dass es eben halt Zu 4 Jahren Haft mit Fußfesseln und Geldstrafen verurteilt."",""Sprecher 1"""
"4804060,""4812880"","" Zu 4 Jahren, wenn es beim Urteil bleibt, nicht mehr."",""Sprecher 1"""
"4813000,""4817320"","" Sie darf nicht mehr kandidieren, aber ich hier darf sie angeblich seit 5 Jahren nicht mehr haben."",""Sprecher 1"""
"4817520,""4818820"","" Das ist merkwürdig."",""Sprecher 1"""
"4819920,""4824500"","" Durchsucht habe, gibt es keine speziellen Erwähnungen einer Geldstrafe gegen..."",""Sprecher 1"""
"4824500,""4825460"","" Welche Nachrichten?"",""Sprecher 1"""
"4825600,""4826340"","" Welche willst du denn?"",""Sprecher 1"""
"4846300,""4849100"","" Meine Suche hat eine spezielle Information zu einer Geldstrafe gemacht."",""Sprecher 1"""
"4850460,""4851020"","" Hä?"",""Sprecher 1"""
"4861880,""4866020"","" Das würde mich mal interessieren, wie viel dieser Chatbot weiß, ob der auch Allgemeinwissen hat."",""Sprecher 1"""
"4878260,""4879440"","" Ich finde das jetzt mal heraus."",""Sprecher 1"""
"4889580,""4892080"","" Naja, scheinbar verfügt es doch über irgendeine Information."",""Sprecher 1"""
"4896630,""4896970"","" Okay."",""Sprecher 1"""
"4900150,""4900710"","" Ähm."",""Sprecher 1"""
"4902550,""4903110"","" Moment."",""Sprecher 1"""
"4905070,""4907250"","" Finden wir mal heraus, ob es diesen Artikel gibt."",""Sprecher 1"""
"4912260,""4921380"","" Gibt es einen Artikel mit dieser Übersch..."",""Sprecher 1"""
"4926830,""4929450"","" Weil kann ich mir ja mal kurz hier das Zeug zusammenlesen."",""Sprecher 1"""
"4929570,""4930330"","" Lichttechnik-Mobil."",""Sprecher 1"""
"4932290,""4933930"","" Emma Lighting hergestellt."",""Sprecher 1"""
"4934050,""4937190"","" Emma Lighting ist ein renommierter Hersteller im Bereich der Lichttechnik-Mobilität."",""Sprecher 1"""
"4937770,""4938490"","" Ja, das stimmt schon."",""Sprecher 1"""
"4938670,""4938810"","" Okay."",""Sprecher 1"""
"4944140,""4944540"","" Hm."",""Sprecher 2"""
"4956580,""4960420"","" Ist dieser Text KI generiert?"",""Sprecher 1"""
"4961220,""4962540"","" Alle sind reale Artikel."",""Sprecher 2"""
"4967610,""4968790"","" Das ist nicht aus sozialen Medien."",""Sprecher 2"""
"4968970,""4970610"","" Das sind keine künstlich erzeugten Texte."",""Sprecher 2"""
"4971390,""4978350"","" Was ist dein letzter Wissensstand mit Daten?"",""Sprecher 1"""
"4983570,""4984250"","" Na ja, dann."",""Sprecher 1"""
"4993540,""4993820"","" Hm."",""Sprecher 2"""
"5001580,""5004640"","" Also, das Problem an der ganzen Sache ist jetzt folgendes."",""Sprecher 1"""
"5005940,""5008380"","" Er sagt, es gibt bereits ein Urteil."",""Sprecher 1"""
"5009360,""5015100"","" Das heißt, dieses Urteil muss vor Dezember 23 scheinbar gesprochen worden sein."",""Sprecher 1"""
"5015380,""5020680"","" Außer er natürlich weiß nicht mal, wann sein letzter Wissensstand ist, von welchem Datum."",""Sprecher 1"""
"5021300,""5021500"","" So."",""Sprecher 1"""
"5022280,""5025740"","" Nichtsdestotrotz besteht das Urteil aber schon, was er kennt."",""Sprecher 1"""
"5026660,""5029560"","" Also er kennt schon, er weiß, dass es ein Urteil gibt."",""Sprecher 1"""
"5030900,""5035700"","" Interessanterweise wird sich das Urteil aber durch einen Widerspruch normalerweise nicht abändern."",""Sprecher 1"""
"5037000,""5040820"","" Also ich meine, das ist ja das Komische an der ganzen Geschichte."",""Sprecher 1"""
"5041320,""5048000"","" Das Urteil, was er nennt, ist meines Erachtens nach milder als das Urteil, was eben in diesem Text beschrieben wird."",""Sprecher 1"""
"5048180,""5055780"","" Weil hier redet man von vier Jahren Haft mit Fußfesseln und einer Geldstrafe und einem lebenslänglichen Wahlverbot."",""Sprecher 1"""
"5055780,""5060780"","" Und hier spricht man natürlich nur noch von irgendwie..."",""Sprecher 1"""
"5061320,""5066020"","" Ja, okay, gut, man darf jetzt fünf Jahre lang nicht mehr an der Wahl teilnehmen."",""Sprecher 1"""
"5067080,""5070480"","" Das ist natürlich meines Erachtens schon eine Abschwächung des Urteils."",""Sprecher 1"""
"5071440,""5086400"","" Wenn es aber eine Abschwächung des Urteils gegeben hätte, durch das zum Beispiel Menschengericht in Straßburg, was auch immer das Menschenrechtsgericht damit zu tun hat, dann müsste er es aber dennoch wissen."",""Sprecher 1"""
"5090100,""5095420"","" Das heißt, das ist irgendwie so ein bisschen schwierig jetzt."",""Sprecher 1"""
"5095580,""5096800"","" Das ist eine schwierige Situation."",""Sprecher 1"""
"5101170,""5106090"","" Der Chatbot scheint auf jeden Fall ein umfangreiches Wissen auch außerhalb zu haben."",""Sprecher 1"""
"5106230,""5110550"","" Das heißt, er scheint nicht rein spezialisiert zu sein auf genau diesen Artikel."",""Sprecher 1"""
"5114360,""5126380"","" So, aber er kennt diesen Artikel nicht."",""Sprecher 1"""
"5132700,""5141320"","" Wenn es bei dem Urteil bleibt, das heißt, das Urteil ist auch in dem Zeitpunkt noch nicht rechtskräftig gewesen, aber er geht eben von einem rechtskräftigen Urteil aus."",""Sprecher 1"""
"5142080,""5149500"","" Also es ist schwierig, schwierig, schwierig, schwierig."",""Sprecher 1"""
"5149500,""5151180"","" Wollen wir nochmal weiterfragen."",""Sprecher 1"""
"5155290,""5156950"","" So, Moment, machen wir mal weg."",""Sprecher 1"""
"5171250,""5181880"","" Wurde für Marine Le Pen eine Haftstrafe gefordert?"",""Sprecher 1"""
"5194230,""5196490"","" Meine Suche hat keine speziellen Informationen darüber gegeben."",""Sprecher 1"""
"5211540,""5218180"","" Okay, dann fragen wir mal ganz blöd nach, wie sie das gemacht hat."",""Sprecher 1"""
"5219180,""5221680"","" So, weil eben Text steht drin."",""Sprecher 1"""
"5228170,""5229910"","" Wo stand das jetzt?"",""Sprecher 1"""
"5244320,""5275700"","" Aha, wie viele Personen waren in der Marine Le Pen Angelegenheit verwickelt, beziehungsweise angeklagt?"",""Sprecher 1"""
"5276440,""5277960"","" Wichtig zu wissen."",""Sprecher 1"""
"5305510,""5306030"","" Unbefriedigend."",""Sprecher 1"""
"5341980,""5344500"","" Ja, EU-Mitteln, stimmt, das steht auch in dem Text."",""Sprecher 1"""
"5361370,""5363810"","" Und anderen Parteienmitgliedern, okay."",""Sprecher 1"""
"5396040,""5397180"","" Okay, das ist jetzt..."",""Sprecher 1"""
"5397180,""5399780"","" Also der Artikel hier ist natürlich schon detaillierter."",""Sprecher 1"""
"5403650,""5406050"","" Wann wurde das Urteil denn gesprochen?"",""Sprecher 1"""
"5410220,""5414420"","" Gut, wir wissen natürlich aber schon, dass er das Urteil schon kennt."",""Sprecher 1"""
"5438480,""5446000"","" Okay, aber das Urteil wurde schon gesprochen."",""Sprecher 1"""
"5474250,""5474950"","" Hä, was jetzt?"",""Sprecher 1"""
"5475150,""5475690"","" Warte mal."",""Sprecher 1"""
"5488600,""5490820"","" Also ja, vorhin hat er gesagt, es gibt ein Urteil."",""Sprecher 1"""
"5491300,""5493680"","" Entschuldige für das Missverständnis in meiner vorherigen Antwort."",""Sprecher 1"""
"5494240,""5499040"","" Ohne spezifischen Details zu einem Urteil gegen Marine."",""Sprecher 1"""
"5549830,""5550730"","" Na gut."",""Sprecher 1"""
"5551930,""5553530"","" Das ist irgendwie merkwürdig."",""Sprecher 1"""
"5553530,""5557430"","" Also dein Chatbot, der weiß irgendwie selber nicht mehr, was er jetzt will."",""Sprecher 1"""
"5557570,""5559310"","" Ich glaube, den habe ich kaputt gemacht."",""Sprecher 1"""
"5562350,""5563670"","" Es tut mir leid."",""Sprecher 1"""
"5564490,""5568350"","" Aber er weiß jetzt selber nicht mehr, ob es jetzt ein Gerichtsurteil gibt oder nicht dagegen."",""Sprecher 1"""
"5569190,""5570810"","" Also, gut."",""Sprecher 1"""
"5573210,""5577410"","" Nachdem wir das festgestellt haben, dass der Chatbot eigentlich wieder keine Ahnung von der ganzen Materie hat."",""Sprecher 1"""
"5580800,""5582320"","" So, T14 war eigentlich."",""Sprecher 1"""
"5582320,""5583140"","" Mhm."",""Sprecher 2"""
"5587290,""5590370"","" Ich glaube, ich erscheine in den Artikeln nach der KI-Verifikation."",""Sprecher 1"""
"5590690,""5592690"","" Ich halte den immer noch für glaubwürdig."",""Sprecher 1"""
"5593390,""5594190"","" Wie sicher sind Sie?"",""Sprecher 1"""
"5594190,""5595210"","" Ja, immer noch."",""Sprecher 1"""
"5597560,""5599560"","" Naja, meine Einschätzung ist gleich geblieben."",""Sprecher 1"""
"5599680,""5601820"","" Also, weil der Chatbot ist irgendwann kaputt gegangen."",""Sprecher 1"""
"5602000,""5606040"","" Da gab es dann ein Urteil zuerst und dann gab es keins mehr."",""Sprecher 1"""
"5607640,""5610180"","" Geben Sie Anweise, die folgende Aussage zustimmen."",""Sprecher 1"""
"5610240,""5611980"","" Die Antwort der KBR enthält die hilfreich."",""Sprecher 1"""
"5611980,""5613300"","" Nicht wirklich."",""Sprecher 1"""
"5614260,""5616600"","" Die Quellen, die die KI angekündigt hat, waren glaubwürdig."",""Sprecher 1"""
"5616720,""5617800"","" Da gab es keine Quellen."",""Sprecher 1"""
"5617920,""5618680"","" Ich habe gefragt."",""Sprecher 1"""
"5619180,""5622600"","" Die Informationen der KI haben mir bei der Entscheidung geholfen."",""Sprecher 1"""
"5622840,""5623340"","" Nicht wirklich."",""Sprecher 1"""
"5623620,""5627000"","" Ich vertraue der Einschätzung, die mir das KI-System gegeben hat."",""Sprecher 1"""
"5628080,""5629880"","" Nein, irgendwie nicht."",""Sprecher 1"""
"5630920,""5633740"","" Ich habe die von der KI genannten Quellen überprüft."",""Sprecher 1"""
"5634100,""5635800"","" Konnte ich nicht, weil ich nicht googeln durfte."",""Sprecher 1"""
"5635800,""5639540"","" Die KI hat mir Informationen geliefert, die ich vorher nicht kannte."",""Sprecher 1"""
"5644650,""5645210"","" So semi."",""Sprecher 1"""
"5645710,""5649310"","" Sie hat gesagt, dass das seit 2 Jahren ist."",""Sprecher 1"""
"5649430,""5650270"","" Aber das ist okay."",""Sprecher 1"""
"5651130,""5656110"","" Das ist irgendwie ein bisschen gegenteilig, was die KI da erzählt hat."",""Sprecher 1"""
"5657070,""5659690"","" Wie sind Sie bei der Verifikation vorgegangen?"",""Sprecher 1"""
"5659930,""5663030"","" Ich habe die KI um generelle Einschätzung des Artikels gebeten."",""Sprecher 1"""
"5664030,""5664790"","" Ja, eher weniger."",""Sprecher 1"""
"5665290,""5668830"","" Ich habe gefragt, ob sie dieses Ding da oben kennt."",""Sprecher 1"""
"5670750,""5673470"","" Ich habe gezielt Fragen zu bestimmten Behauptungen gestellt."",""Sprecher 1"""
"5673610,""5674430"","" Auf jeden Fall."",""Sprecher 1"""
"5675010,""5677770"","" Ich habe nach externen Quellen oder Belegen gesucht."",""Sprecher 1"""
"5678050,""5678610"","" Das auch."",""Sprecher 1"""
"5679410,""5682530"","" Ich habe mehrere Fragen formuliert, um meine Unsicherheit zu reduzieren."",""Sprecher 1"""
"5682670,""5683290"","" Auf jeden Fall."",""Sprecher 1"""
"5683390,""5684650"","" Nur hat es leider nichts geholfen."",""Sprecher 1"""
"5685550,""5688330"","" Ich habe die KI-Antworten mit meinem Vorwissen verglichen."",""Sprecher 1"""
"5688650,""5690010"","" Ich hatte immer noch kein Vorwissen."",""Sprecher 1"""
"5691510,""5691990"","" Reflexion."",""Sprecher 1"""
"5691990,""5698890"","" Also, KI war sich selber nicht sicher."",""Sprecher 1"""
"5700230,""5706390"","" Gab unterschiedliche, nein nicht unterschiedliche, gegensätzliche Antworten."",""Sprecher 1"""
"5710820,""5719490"","" Konnte keine genauen Infos dazu liefern."",""Sprecher 1"""
"5720650,""5724430"","" KI verfügt über viel Wissen, weil er wusste, was GRANDMA ist."",""Sprecher 1"""
"5725030,""5726430"","" Also das ist..."",""Sprecher 1"""
"5729790,""5730010"","" So."",""Sprecher 1"""
"5732320,""5733820"","" Können Sie mir einen weiteren Button suchen?"",""Sprecher 2"""
"5737500,""5739400"","" Ähm, jetzt schauen wir mal."",""Sprecher 1"""
"5743310,""5746210"","" Jetzt kommt erst dieses komische World of Photo Dingsbumster."",""Sprecher 1"""
"5748410,""5749090"","" Ähm..."",""Sprecher 1"""
"5749090,""5750830"","" That's a fucking bullshit."",""Sprecher 1"""
"5754260,""5759180"","" Wo fand das WPPA statt?"",""Sprecher 1"""
"5775180,""5775800"","" Ah, nee."",""Sprecher 1"""
"5775960,""5778440"","" Third Pool Billiard Association wollen wir nicht."",""Sprecher 1"""
"5778500,""5778740"","" Moment."",""Sprecher 1"""
"5785730,""5793010"","" Wo fand der letzte World Photo Award statt."",""Sprecher 1"""
"5809690,""5809890"","" Hä?"",""Sprecher 2"""
"5830250,""5830830"","" Super."",""Sprecher 1"""
"5831610,""5833530"","" Ich kann schon wieder keine Antwort liefern."",""Sprecher 1"""
"5875980,""5876140"","" Oh."",""Sprecher 2"""
"5918250,""5918490"","" So."",""Sprecher 1"""
"5928400,""5934640"","" Bekam einer von der TAS den Award."",""Sprecher 1"""
"5955600,""5956140"","" Hm."",""Sprecher 2"""
"5959960,""5964360"","" Okay, also das Ding kam anscheinend, es muss 2024 der Artikel sein."",""Sprecher 1"""
"5965520,""5967440"","" Ja, es hilft mir ja gar nichts."",""Sprecher 1"""
"5968880,""5984300"","" Weil wenn ein Artikel nach 23 ist und er scheinbar darüber nichts weiß, er muss irgendwas wissen, ja, dann kann ich da so viel recherchieren, wie ich will."",""Sprecher 1"""
"5986400,""5990220"","" Also ich meine, das bringt mir ja gar nichts, wenn er gar nicht weiß, worum es da geht."",""Sprecher 1"""
"5990220,""5999000"","" Und das ist alles so spezifisch, das wird mich nicht viel weiterbringen, glaube ich."",""Sprecher 1"""
"6001220,""6007840"","" Also da werde ich nicht viel verifizieren können, weil er kennt die Bilder nicht."",""Sprecher 1"""
"6011830,""6020090"","" Ja gut, ich könnte natürlich jetzt hier fragen, bereits 2022 habe er Bilder aus Maripool für den World Press Award eingereicht."",""Sprecher 1"""
"6023500,""6024800"","" Weiß ich jetzt nicht."",""Sprecher 1"""
"6025900,""6035520"","" Also dass Russland das als Befreiung bezeichnet, was sie da in der Ukraine existieren, das ist jetzt irgendwie keine Neuerung für mich."",""Sprecher 1"""
"6035760,""6040020"","" Aber ja, das bringt nichts."",""Sprecher 1"""
"6040340,""6041460"","" Das Ding hat keine Information."",""Sprecher 1"""
"6042500,""6058400"","" Also wir wissen, dass das Ding irgendwie im Frühjahr jedes Jahres verkündet."",""Sprecher 1"""
"6058400,""6061140"","" Das heißt entweder 2024 oder 2025."",""Sprecher 1"""
"6065480,""6072120"","" Also ja, das wird mir keinen Blumentopf bringen."",""Sprecher 1"""
"6073960,""6076460"","" Wenn das Ding keine Informationen zu diesem Artikel hat."",""Sprecher 1"""
"6079700,""6082260"","" Ja, also immer noch?"",""Sprecher 1"""
"6083020,""6085920"","" Weiß ich nicht, ob ich da sieben oder sechs angekreuzt habe."",""Sprecher 1"""
"6086800,""6087420"","" Eins von beiden."",""Sprecher 1"""
"6088100,""6092420"","" Wie sicher sind sie jetzt in ihrer Einschätzung zur Glaubwürdigkeit des Artikels?"",""Sprecher 1"""
"6093200,""6095780"","" Ja, also keine Ahnung, ich bin halt nicht weitergekommen."",""Sprecher 1"""
"6096160,""6097960"","" Nein, meine Einschätzung ist gleich geblieben."",""Sprecher 1"""
"6098080,""6102120"","" Das hat nichts gebracht."",""Sprecher 1"""
"6102520,""6103900"","" Der Chatbot kannte das nicht."",""Sprecher 1"""
"6105900,""6107200"","" Nö, war nicht hilfreich."",""Sprecher 1"""
"6107540,""6108880"","" Nö, die Quellen waren nicht."",""Sprecher 1"""
"6109020,""6112700"","" Also glaubwürdig war das schon, was er erzählt hat."",""Sprecher 1"""
"6113600,""6116580"","" Also das mit den Pool-Meisterschaften."",""Sprecher 1"""
"6117360,""6120420"","" Die Informationen der KI haben nicht geholfen."",""Sprecher 1"""
"6121440,""6122600"","" Ich vertraue der Einschätzung."",""Sprecher 1"""
"6124520,""6126180"","" Wie kann man da irgendwas vertrauen?"",""Sprecher 1"""
"6126300,""6126640"","" Neutral."",""Sprecher 1"""
"6128180,""6134200"","" Also ich meine, ich denke mal, er hat da schon recht, dass die Awards im Frühjahr rausgegeben werden."",""Sprecher 1"""
"6135100,""6137440"","" Ich habe die von der KI genannten Quellen überprüft."",""Sprecher 1"""
"6137440,""6138640"","" Es geht nicht, ich hatte kein Internet."",""Sprecher 1"""
"6138820,""6141920"","" Die KI hat mir Informationen geliefert, die ich vorher nicht kannte."",""Sprecher 1"""
"6142600,""6144740"","" Ja, in der Tat hat es."",""Sprecher 1"""
"6146800,""6149640"","" Wie sind sie bei der Verifikation vorgegangen?"",""Sprecher 1"""
"6149800,""6153000"","" Ich habe die KI mal in bestimmten Einstellungen des Artikels gebeten."",""Sprecher 1"""
"6154300,""6155180"","" Habe ich das?"",""Sprecher 1"""
"6155300,""6156160"","" Weiß ich gar nicht."",""Sprecher 1"""
"6156620,""6157100"","" Ich glaube schon."",""Sprecher 1"""
"6158700,""6160980"","" Ich habe spezifische Fragen und Behauptungen gestellt."",""Sprecher 1"""
"6161100,""6161380"","" Immer."",""Sprecher 1"""
"6162800,""6166800"","" Ich habe nach externen Quellen oder Belegen gefragt."",""Sprecher 1"""
"6169700,""6170340"","" Ja, das habe ich."",""Sprecher 1"""
"6170360,""6171400"","" Da kam bei nichts rum."",""Sprecher 1"""
"6172000,""6174940"","" Ich habe mehrere Fragen vermittelt, um meine Unsicherheit zu reduzieren."",""Sprecher 1"""
"6175100,""6176100"","" Das habe ich auch getan."",""Sprecher 1"""
"6176240,""6178560"","" Ich habe die KI mit meinem Vorwissen verglichen."",""Sprecher 1"""
"6179060,""6180840"","" Ich hatte zu dem Thema kein Vorwissen."",""Sprecher 1"""
"6182100,""6184520"","" Der Artikel schien nach..."",""Sprecher 1"""
"6187260,""6190720"","" Artikel schien nach 2023."",""Sprecher 1"""
"6197950,""6213540"","" Wodurch der Bot keine Informationen bezüglich des Themas hatte."",""Sprecher 1"""
"6220020,""6223580"","" Dementsprechend war er nicht..."",""Sprecher 1"""
"6228730,""6229330"","" So."",""Sprecher 1"""
"6230030,""6232870"","" Das könnte natürlich auch bei den anderen beiden Artikeln so sein."",""Sprecher 1"""
"6233670,""6233970"","" Mhm."",""Sprecher 2"""
"6233970,""6237370"","" Wenn ich jetzt genauer darüber nachdenke..."",""Sprecher 1"""
"6243800,""6246470"","" Wieder einmal hat mir der Chatbot nichts gebracht."",""Sprecher 1"""
"6248270,""6251870"","" Aber hey, wir wissen, das Menschengericht sitzt in Straßburg."",""Sprecher 1"""
"6252150,""6253190"","" Das wissen wir seitdem."",""Sprecher 1"""
"6256210,""6257710"","" Der Gerichtshof für Menschenrechte."",""Sprecher 2"""
"6258670,""6262390"","" Das ist keine Beeinflussung, das ist einfach nur der richtige Name."",""Sprecher 2"""
"6263230,""6263470"","" Ja."",""Sprecher 1"""
"6264630,""6267150"","" Der Gerichtshof für Menschenrechte sitzt in Straßburg."",""Sprecher 1"""
"6267230,""6269110"","" Das haben wir von dem Chatbot bis heute gelernt."",""Sprecher 1"""
"6269110,""6269850"","" So."",""Sprecher 1"""
"6270690,""6272050"","" Jetzt schauen wir mal."",""Sprecher 1"""
"6273470,""6276210"","" Sollen wir mal fragen, ob Russland ein Friedensstifter ist."",""Sprecher 1"""
"6280180,""6285360"","" Ist Russland ein Friedensstifter?"",""Sprecher 1"""
"6293120,""6295600"","" In unserem DMA-Code verankert."",""Sprecher 1"""
"6295920,""6298720"","" Ich hoffe, das habe ich das letzte Mal angekreidet."",""Sprecher 1"""
"6303200,""6306080"","" Und hängt stark von der Perspektive und dem Kontext ab."",""Sprecher 1"""
"6306160,""6307300"","" Ja, so kann man es auch sehen."",""Sprecher 1"""
"6307300,""6311620"","" In diesem Fall wird Russland..."",""Sprecher 1"""
"6315090,""6318550"","" Naja, heutzutage kann ja jeder für den Friedensnobelpreis beworben werden."",""Sprecher 1"""
"6321080,""6321560"","" Okay."",""Sprecher 1"""
"6321920,""6322340"","" Also."",""Sprecher 1"""
"6323660,""6324880"","" Dann fangen wir mal an."",""Sprecher 1"""
"6324960,""6330000"","" Mich würde tatsächlich mal interessieren, was 1908 da passiert ist."",""Sprecher 1"""
"6330180,""6332720"","" Das war nicht 1910, wie ich vorhin behauptet hatte, sondern 1908."",""Sprecher 1"""
"6350860,""6355680"","" Alle in der Türkei, die in den Völkern sollten islamisiert und zwangstürkisiert werden."",""Sprecher 1"""
"6370490,""6375170"","" Jetzt schauen wir mal, ob das wirklich so war, wie sie das sagen."",""Sprecher 1"""
"6376810,""6384680"","" Welche Rolle hat Nikolaus II."",""Sprecher 1"""
"6387740,""6388280"","" im..."",""Sprecher 1"""
"6388780,""6389840"","" War das ein Krieg?"",""Sprecher 1"""
"6394860,""6402080"","" 1908 beim Konflikt zwischen..."",""Sprecher 1"""
"6403080,""6404300"","" Boah, ich kann nicht schreiben."",""Sprecher 1"""
"6405000,""6415960"","" Zwischen den Türken und den Armeniern gespielt."",""Sprecher 1"""
"6419760,""6420720"","" Wie hieß der Nikolaus?"",""Sprecher 1"""
"6420820,""6421740"","" Der hieß Nikolaus, oder?"",""Sprecher 1"""
"6421980,""6422920"","" Nikolaus, doch."",""Sprecher 1"""
"6435450,""6435910"","" So."",""Sprecher 1"""
"6451620,""6453140"","" Jetzt schauen wir mal."",""Sprecher 1"""
"6463320,""6467640"","" Bis zu seiner Abdankung 1917 und seiner Ermordung irgendwann durch die Rote Armee."",""Sprecher 1"""
"6513670,""6515930"","" Während des Ersten Weltkrieges."",""Sprecher 1"""
"6515930,""6521890"","" Also der Völkermord soll nicht 1908 passiert sein."",""Sprecher 1"""
"6531510,""6532630"","" Ah ja, stimmt schon."",""Sprecher 1"""
"6534730,""6538530"","" Aber nach dem Ersten Weltkrieg hier sagen sie, während des Ersten Weltkrieges."",""Sprecher 1"""
"6538650,""6539710"","" Oh, das ist uninteressant."",""Sprecher 1"""
"6550760,""6553860"","" Entschuldigung, da habe ich mich tatsächlich wieder auf Frageformulierung vertan."",""Sprecher 1"""
"6576760,""6577080"","" Okay."",""Sprecher 1"""
"6579480,""6582240"","" Also, ja, wie gesagt."",""Sprecher 1"""
"6583260,""6587780"","" Das zählt ja schon als Hilfe, wenn man nicht jemanden erschießt, wenn er gerade über die Grenze läuft."",""Sprecher 1"""
"6590530,""6591930"","" Wie sozial von denen."",""Sprecher 1"""
"6613830,""6615510"","" Lass doch mal die Frage zum Kritisieren."",""Sprecher 1"""
"6616870,""6628050"","" Welche Rolle spielte Russland während des Völkermords?"",""Sprecher 1"""
"6665780,""6666340"","" So."",""Sprecher 2"""
"6750010,""6752450"","" Ja, so selbstlos wie sie mal wieder waren."",""Sprecher 1"""
"6798140,""6799080"","" Okay, na gut."",""Sprecher 1"""
"6804000,""6805640"","" Also, wir fassen zusammen."",""Sprecher 1"""
"6807120,""6810480"","" Die Russen waren so nett und haben den Armeniern geholfen."",""Sprecher 1"""
"6812880,""6818660"","" Um das Osmanische Reich zu destabilisieren, weil die Russen eigentlich gerne das Osmanische Reich haben wollten."",""Sprecher 1"""
"6819540,""6819900"","" So."",""Sprecher 1"""
"6822470,""6824910"","" Dass aber das Zahn Nikolaus II."",""Sprecher 1"""
"6825350,""6834170"","" irgendwie persönlich irgendwas geöffnet hatte, mag ich jetzt auch ein bisschen bezweifeln, weil das stimmt schon."",""Sprecher 1"""
"6835010,""6839350"","" Der Zahn hatte halt in der Zeit große interne Probleme."",""Sprecher 1"""
"6841010,""6847030"","" Was auch einfach, beziehungsweise das war ja quasi kurz vor dem Umsturz des Zahns."",""Sprecher 1"""
"6848790,""6852510"","" Ja, also das."",""Sprecher 1"""
"6854650,""6860310"","" Ja, also wie gesagt, wenn man die negativen Seiten weglässt, dann ist das auch alles ganz toll."",""Sprecher 1"""
"6868850,""6871470"","" Ja, ist aber schon so ein bisschen beschönigt."",""Sprecher 1"""
"6878900,""6880220"","" Weiß ich nicht, war das so?"",""Sprecher 1"""
"6882660,""6883810"","" Höhöhöhöhö."",""Sprecher 2"""
"6892080,""6906110"","" Gab es in Berlin 1945 auf der Seite der UDSSR eine..."",""Sprecher 1"""
"6907260,""6920160"","" Oder war die Luftbrücke von 1945..."",""Sprecher 1"""
"6922220,""6923460"","" Tempelhof von..."",""Sprecher 1"""
"6923460,""6924840"","" Was war denn diese Luftbrücke?"",""Sprecher 1"""
"6925660,""6927040"","" Na, fragen wir auch gleich mal nach."",""Sprecher 1"""
"6929470,""6931190"","" Das wäre jetzt natürlich schon der Oberhammer."",""Sprecher 1"""
"6932410,""6935390"","" Wenn die sich jetzt mit der Luftbrücke da schmücken würden."",""Sprecher 1"""
"6944220,""6945260"","" Kann ich mir hier schreiben."",""Sprecher 1"""
"6965880,""6966400"","" Funfact."",""Sprecher 1"""
"6967180,""6971960"","" Die Berliner Luftbrücke war nicht die erste Luftbrücke, die die Alliierten hatten, beziehungsweise die Amis."",""Sprecher 1"""
"6972080,""6975340"","" Die hatten im Zweiten Weltkrieg schon eine über den Himalaya gebaut."",""Sprecher 1"""
"6992840,""6993680"","" Warte mal."",""Sprecher 2"""
"6996320,""6996840"","" Moment."",""Sprecher 2"""
"7008010,""7009310"","" Weiß ich gar nicht."",""Sprecher 1"""
"7009350,""7010810"","" Wann hat Deutschland kapituliert?"",""Sprecher 1"""
"7010950,""7011210"","" 9."",""Sprecher 1"""
"7011450,""7011810"","" Mai?"",""Sprecher 1"""
"7012010,""7012170"","" 3."",""Sprecher 1"""
"7012350,""7012650"","" Mai?"",""Sprecher 1"""
"7012870,""7014470"","" Müsste ich jetzt auch nochmal nachschauen."",""Sprecher 1"""
"7063490,""7063970"","" Okay."",""Sprecher 1"""
"7066570,""7068650"","" 48 bis 49 war es."",""Sprecher 1"""
"7070430,""7071530"","" Die Berliner Luftbrücke."",""Sprecher 1"""
"7163700,""7164160"","" Okay, ja."",""Sprecher 1"""
"7166000,""7168580"","" Das stimmt schon irgendwie alles, was da drin steht?"",""Sprecher 1"""
"7176120,""7177620"","" Ja, also ja, gut."",""Sprecher 1"""
"7179240,""7181480"","" Das ist halt auch schon wieder 80 Jahre her, ne?"",""Sprecher 1"""
"7185660,""7188720"","" Ich gebe der Sache natürlich schon recht."",""Sprecher 1"""
"7189020,""7191280"","" Also das hat man tatsächlich in Deutschland vergessen."",""Sprecher 1"""
"7191620,""7194100"","" Mag auch vielleicht daran liegen, dass..."",""Sprecher 1"""
"7194100,""7195160"","" Naja."",""Sprecher 1"""
"7196720,""7199360"","" Dass da so ein paar andere Sachen noch vorgefallen sind."",""Sprecher 1"""
"7215290,""7218490"","" Den Weg der Wahrheit, der Ehre, der Gerechtigkeit und der Barmherzigkeit."",""Sprecher 1"""
"7218770,""7220250"","" Naja, wenn sie das so schreiben."",""Sprecher 1"""
"7221430,""7221650"","" Ja."",""Sprecher 1"""
"7223170,""7224370"","" Alles in allem."",""Sprecher 1"""
"7225870,""7226710"","" Wie gesagt."",""Sprecher 1"""
"7226710,""7229190"","" Die Nazis haben auch die Autobahn gebaut."",""Sprecher 1"""
"7230290,""7234670"","" Wenn man natürlich immer das Negative wegstreicht, dann bleibt natürlich nur das Positive übrig."",""Sprecher 1"""
"7238930,""7241210"","" Also faktentechnisch stimmt das schon, was da drin steht."",""Sprecher 1"""
"7241290,""7242510"","" Da kann man tatsächlich nichts sagen."",""Sprecher 1"""
"7243110,""7251170"","" Dennoch ist es eher nicht so glaubwürdig, weil da halt einfach noch was kleine, aber feine Unterschiede weggelassen wurden."",""Sprecher 1"""
"7251750,""7255790"","" Wie zum Beispiel das geopolitische Interesse der Russen bei der Armeniersache."",""Sprecher 1"""
"7257050,""7257550"","" Hm."",""Sprecher 1"""
"7260160,""7261160"","" Sehr unsicher."",""Sprecher 1"""
"7261480,""7262700"","" Ne, war sehr sicher."",""Sprecher 1"""
"7263000,""7265120"","" Da bin ich mir tatsächlich sehr sicher, dass da mehr war."",""Sprecher 1"""
"7268380,""7270980"","" Ich hatte den Artikel für weniger glaubwürdig als vorher."",""Sprecher 1"""
"7271520,""7273050"","" Also jetzt noch weniger."",""Sprecher 1"""
"7273920,""7276420"","" Also eigentlich hat sich meine Einschätzung nicht verändert."",""Sprecher 1"""
"7276580,""7279620"","" Nur mein Wissenstand bezüglich dieser Fakten ist jetzt besser geworden."",""Sprecher 1"""
"7280140,""7283060"","" Was aber nichts mit der Glaubwürdigkeit dieses Artikels zu tun hat."",""Sprecher 1"""
"7285100,""7285540"","" Hm."",""Sprecher 1"""
"7286740,""7290780"","" Die Antwort der KI war inhaltlich hilfreich."",""Sprecher 1"""
"7291000,""7291900"","" Auf jeden Fall."",""Sprecher 1"""
"7292440,""7292660"","" Die Quellen..."",""Sprecher 1"""
"7293220,""7294880"","" Ne, die KI hat keine Quellen gegeben."",""Sprecher 1"""
"7295020,""7298000"","" Die Informationen der KI haben mir bei der Entscheidung geholfen."",""Sprecher 1"""
"7298060,""7298600"","" Nicht wirklich."",""Sprecher 1"""
"7298840,""7301620"","" Ich vertraue der Einschätzung, die mir das KI-System gegeben hat."",""Sprecher 1"""
"7301720,""7302440"","" Ja, denke schon."",""Sprecher 1"""
"7303120,""7303680"","" Ich habe..."",""Sprecher 1"""
"7303680,""7304980"","" Nein, ich habe immer noch kein Internet."",""Sprecher 1"""
"7305120,""7307900"","" Die KI hat mir Informationen geliefert, die ich vorher nicht kannte."",""Sprecher 1"""
"7307940,""7308760"","" Auf jeden Fall."",""Sprecher 1"""
"7311390,""7314230"","" Wie sind sie bei der Verifikation vorgegangen?"",""Sprecher 1"""
"7314230,""7318370"","" Ich habe die KI um meine generelle Einschätzung des Artikels gebeten."",""Sprecher 1"""
"7319850,""7320930"","" Ne, eigentlich nicht."",""Sprecher 1"""
"7321250,""7322070"","" Eigentlich gar nicht."",""Sprecher 1"""
"7322650,""7323770"","" Ich habe gezielte Fragen."",""Sprecher 1"""
"7323850,""7325690"","" Ich habe nach externen Quellen nach Berlin gefragt."",""Sprecher 1"""
"7325830,""7326310"","" Auch nicht."",""Sprecher 1"""
"7326730,""7328290"","" Ich habe mehrere Fragen formuliert."",""Sprecher 1"""
"7328470,""7330470"","" Ich habe die KI mit meinem Vorwissen verglichen."",""Sprecher 1"""
"7330550,""7331430"","" Auf jeden Fall."",""Sprecher 1"""
"7332050,""7336190"","" Und mein Vorwissen hat schon davor gezeigt, dass das so nicht ganz so war, wie die Russen..."",""Sprecher 1"""
"7336190,""7338070"","" Ne, es war so, wie die Russen erzählt haben."",""Sprecher 1"""
"7338170,""7338850"","" Aber da war halt mehr."",""Sprecher 1"""
"7341650,""7342050"","" Ähm..."",""Sprecher 1"""
"7342050,""7347110"","" Was hat Ihre Entscheidung nach der KI-Verifikation am stärksten beeinflusst?"",""Sprecher 1"""
"7361940,""7363200"","" Ja, keine Ahnung."",""Sprecher 1"""
"7364620,""7374100"","" Also jetzt wirklich nur auf diesen Inhalt bezogen, was ich durch die KI bekommen habe, vermute ich das geopolitische Interesse in dem Armenier-Konflikt."",""Sprecher 1"""
"7398520,""7405680"","" In der Völkerverfolgung der Türken."",""Sprecher 1"""
"7409820,""7410080"","" Ah."",""Sprecher 1"""
"7411440,""7412300"","" Bin ja T14."",""Sprecher 1"""
"7413060,""7413340"","" So."",""Sprecher 1"""
"7416250,""7416890"","" Weiter geht's."",""Sprecher 1"""
"7417150,""7417810"","" Moment, wo ist es?"",""Sprecher 1"""
"7419050,""7419970"","" Hier ist es."",""Sprecher 1"""
"7420510,""7421430"","" Phase 3."",""Sprecher 1"""
"7422470,""7422950"","" Abschlussfragebogen."",""Sprecher 1"""
"7423070,""7431990"","" Zum Abschluss beantworten Sie einen kurzen Fragenbogen mit Angaben zu Ihrer Mediennutzung, Ihrem Vertrauen in KI-Systeme und Ihrer Selbsteinschätzung im Umgang mit Nachrichten und Informationen."",""Sprecher 1"""
"7433850,""7434330"","" Okay."",""Sprecher 1"""
"7437260,""7438220"","" Dorales Majestatis."",""Sprecher 1"""
"7440700,""7441160"","" So."",""Sprecher 1"""
"7446630,""7448550"","" Möchtest du einen Vor- und Nachnamen haben?"",""Sprecher 1"""
"7449310,""7449830"","" T14."",""Sprecher 1"""
"7453390,""7453910"","" Entschuldigung."",""Sprecher 1"""
"7454910,""7455650"","" Alles gut."",""Sprecher 2"""
"7456530,""7461110"","" Haben Sie Ihre Einschätzung zur Glaubwürdigkeit der Artikel durch die Nutzung des Tools insgesamt verändert?"",""Sprecher 1"""
"7466400,""7467960"","" Naja, eigentlich nicht wirklich."",""Sprecher 1"""
"7469660,""7474520"","" Wenn sich Ihre Einschätzung verändert, in welcher Richtung ging diese Einschätzung, betrifft nicht zu keiner Veränderung."",""Sprecher 1"""
"7479270,""7482270"","" Also ich muss sagen, anfangs war ich schon skeptisch, ja?"",""Sprecher 1"""
"7482870,""7486930"","" Was dieses KI-System angeht, auf welche Spur du mich da leiten willst mit dem Ding."",""Sprecher 1"""
"7487490,""7489210"","" Da war ich schon ein bisschen skeptisch."",""Sprecher 1"""
"7489350,""7491630"","" Da habe ich natürlich der Sache nicht so ganz vertraut."",""Sprecher 1"""
"7494690,""7499150"","" Aber ich würde sagen, im Laufe der Studie habe ich der Sache immer mehr vertraut."",""Sprecher 1"""
"7501010,""7503310"","" Also ich habe dem insgesamt so vertraut, ja."",""Sprecher 1"""
"7503990,""7508010"","" Die KI hat mich in meinen Einschätzungen gestärkt."",""Sprecher 1"""
"7511360,""7511700"","" Ja."",""Sprecher 1"""
"7513720,""7514200"","" Manchmal."",""Sprecher 1"""
"7514200,""7521520"","" Also die Sache mit Lapin war natürlich nochmal so eine Sache, da eher weniger."",""Sprecher 1"""
"7521720,""7524080"","" Die KI hat mir geholfen, Fehleinschätzungen zu erkennen."",""Sprecher 1"""
"7524660,""7528120"","" Ja, hat sie, ich sage nur, Menschen gerichtet."",""Sprecher 1"""
"7537090,""7538370"","" Ja, weiß ich nicht."",""Sprecher 1"""
"7544090,""7545770"","" Ja, habe ich jetzt schon mal den Eindruck."",""Sprecher 1"""
"7549800,""7550880"","" Ja, denke auch."",""Sprecher 1"""
"7557070,""7560170"","" Sehr unwahrscheinlich, weil die KI nicht auf dem neuesten Stand ist."",""Sprecher 1"""
"7560310,""7561770"","" Deshalb würde ich das nicht einsetzen."",""Sprecher 1"""
"7562610,""7567650"","" Wie sich gezeigt hat, sind die Artikel nach 23 irgendwie teilweise erschienen."",""Sprecher 1"""
"7567770,""7569270"","" Oder die KI kannte diese nicht."",""Sprecher 1"""
"7569930,""7575730"","" Und das ist natürlich sehr schwierig dann, diese Fakten dann zu checken, wenn die KI die nicht hat."",""Sprecher 1"""
"7576790,""7579130"","" Beziehungsweise einfach auch den Wissensstand nicht hat."",""Sprecher 1"""
"7588990,""7591990"","" Ja, das mit Lapin."",""Sprecher 1"""
"7591990,""7594290"","" Schreibt man den so, oder schreibt man Lapin mit E?"",""Sprecher 1"""
"7595670,""7597110"","" E, P, E, M."",""Sprecher 2"""
"7600410,""7600870"","" Lapin."",""Sprecher 1"""
"7619950,""7622890"","" Ah stimmt, auch die Informationen bei diesem..."",""Sprecher 1"""
"7628870,""7630770"","" Informationen bei dem..."",""Sprecher 1"""
"7630770,""7633810"","" Bei diesem Picture Prize, World, World."",""Sprecher 1"""
"7638110,""7640390"","" Also bei diesem Fotopreis."",""Sprecher 1"""
"7642430,""7643930"","" Das gab es ja auch nicht."",""Sprecher 1"""
"7645570,""7646610"","" Also, wie alt bin ich?"",""Sprecher 1"""
"7646810,""7647830"","" Ich glaube 22."",""Sprecher 1"""
"7657670,""7658110"","" Fachabitur."",""Sprecher 1"""
"7659230,""7660610"","" Also Abitur halt, oder?"",""Sprecher 1"""
"7660830,""7661670"","" Gibt es ja, ja."",""Sprecher 1"""
"7662690,""7664830"","" Wie würden Sie sich politisch einordnen?"",""Sprecher 1"""
"7667490,""7670230"","" Von 1 bis 11, dann ist wohl die Mitte 6."",""Sprecher 1"""
"7672590,""7676010"","" Wie häufig nutzen Sie folgende Medien zur Information im Berghain?"",""Sprecher 1"""
"7676010,""7676930"","" Also..."",""Sprecher 1"""
"7679510,""7680690"","" Eher selten."",""Sprecher 1"""
"7680930,""7683430"","" Soziale Netzwerke, auch eher selten."",""Sprecher 1"""
"7683650,""7686990"","" Klassische Tageszeitung, Print, auch eher selten."",""Sprecher 1"""
"7688310,""7690050"","" Das tatsächlich schon eher."",""Sprecher 1"""
"7693500,""7695020"","" Ja, hin und wieder mal."",""Sprecher 1"""
"7696320,""7697340"","" Ne, gar nicht."",""Sprecher 1"""
"7699400,""7700620"","" Naja, vielleicht manchmal ein bisschen."",""Sprecher 1"""
"7720590,""7720870"","" Naja."",""Sprecher 2"""
"7732910,""7733850"","" Ja, doch."",""Sprecher 1"""
"7736310,""7739450"","" Ich habe, denke ich mal, schon viel Erfahrung mit GCPT."",""Sprecher 1"""
"7740950,""7742370"","" So, absenden."",""Sprecher 1"""
"7744710,""7745810"","" Vielen Dank für Ihr Teilnahme."",""Sprecher 1"""
"7745810,""7746650"","" Vielen Dank für Ihr Teilnahme."",""Sprecher 2"""
"7748630,""7751910"","" Magst du ein kurzes Debriefing haben, auf diesem Kraftakt?"",""Sprecher 1"""
"7752790,""7753890"","" Ja, unbedingt."",""Sprecher 1"""
