person_id,text_segment,annotation,category,memo
1,"Also hier in dem Absatz, ich finde das relativ, ich sage jetzt mal negativ geschrieben hier mit diesem fettes Polster und unvermindeter Fluss und das ganze Selbstbedingungsladen.",Begründungsnarrative:Argument: Sprache/Stil,Begründungsnarrative,ARTIKEL 1 - PHASE 1: Erste Bewertung; T1
1,"Also hier in dem Absatz, ich finde das relativ, ich sage jetzt mal negativ geschrieben hier mit diesem fettes Polster und unvermindeter Fluss und das ganze Selbstbedingungsladen.",Heuristische Bewertung:Sprache/Stil,Heuristische Bewertung,ARTIKEL 1 - PHASE 1: Erste Bewertung; T1
1,"Das klingt so ein bisschen eher negativ, eher so ein bisschen, ja mal gucken, ob sich das bewahrheitet, was ich denke.",Affektive Reaktionen:Unsicherheit,Affektive Reaktionen,ARTIKEL 1 - PHASE 1: Erste Bewertung; T1
1,"Das klingt so ein bisschen eher negativ, eher so ein bisschen, ja mal gucken, ob sich das bewahrheitet, was ich denke.",Metakognitive Reflexion,Metakognitive Reflexion,ARTIKEL 1 - PHASE 1: Erste Bewertung; T1
1,"Auch hier mit den Projektleiter, das in Anführungszeichen, das ist immer so, ja mal gucken.",Textinterne Begründungen,Textinterne Begründungen,ARTIKEL 1 - PHASE 1: Erste Bewertung; T1
1,"Auch hier mit den Projektleiter, das in Anführungszeichen, das ist immer so, ja mal gucken.",Heuristische Bewertung:Sprache/Stil,Heuristische Bewertung,ARTIKEL 1 - PHASE 1: Erste Bewertung; T1
1,"Da finde ich immer, wenn viel in Anführungszeichen geschrieben wird, hat es tatsächlich immer schon meiner Meinung nach ein bisschen einen ungläubigen Touch.",Begründungsnarrative:Argument: Sprache/Stil,Begründungsnarrative,ARTIKEL 1 - PHASE 1: Erste Bewertung; T1
1,"Da finde ich immer, wenn viel in Anführungszeichen geschrieben wird, hat es tatsächlich immer schon meiner Meinung nach ein bisschen einen ungläubigen Touch.",Epistemische Strategien:Plausibilitätsabwägung,Epistemische Strategien,ARTIKEL 1 - PHASE 1: Erste Bewertung; T1
1,"Oder auch hier so dieses natürlich, das ist so, ja ja.",Textinterne Begründungen,Textinterne Begründungen,ARTIKEL 1 - PHASE 1: Erste Bewertung; T1
1,"Oder auch hier so dieses natürlich, das ist so, ja ja.",Heuristische Bewertung:Sprache/Stil,Heuristische Bewertung,ARTIKEL 1 - PHASE 1: Erste Bewertung; T1
1,"Also ich muss tatsächlich sagen, jetzt hier den Absatz, Abgeordnete sind frei von den Parteifreunde. Eigentlich ist es ja logisch, wenn man sagt, man hat Mitarbeiter, dass man sagt, okay gut, die haben zumindest die gleiche Meinung.",Epistemische Strategien:logische Argumentation,Epistemische Strategien,ARTIKEL 1 - PHASE 1: Erste Bewertung; T1
1,"Also ich muss tatsächlich sagen, jetzt hier den Absatz, Abgeordnete sind frei von den Parteifreunde. Eigentlich ist es ja logisch, wenn man sagt, man hat Mitarbeiter, dass man sagt, okay gut, die haben zumindest die gleiche Meinung.",Begründungsnarrative:Argument: gesellschaftlicher Kontext,Begründungsnarrative,ARTIKEL 1 - PHASE 1: Erste Bewertung; T1
1,"Es wäre seltsam, wenn man sagt, also ich verstehe tatsächlich den Satz, also den Sinn dahinter gerade nicht.",Kognitive Unsicherheit:Widersprüche erkannt,Kognitive Unsicherheit,ARTIKEL 1 - PHASE 1: Erste Bewertung; T1
1,"Achso, das war jetzt am Anfang nur so rum, ich nenne es jetzt rumgeschwafeln, mir fällt gerade kein anderes Wort ein.",Metakognitive Reflexion,Metakognitive Reflexion,ARTIKEL 1 - PHASE 1: Erste Bewertung; T1
1,"Achso, das war jetzt am Anfang nur so rum, ich nenne es jetzt rumgeschwafeln, mir fällt gerade kein anderes Wort ein.",Begründungsnarrative:Argument: Struktur und Logik,Begründungsnarrative,ARTIKEL 1 - PHASE 1: Erste Bewertung; T1
1,"Oh, ich muss jetzt sagen, hier den Vergleich mit Angestellten von Twitter X mit Elon Musk nur aus dem Fernsehen, den Vergleich finde ich echt schwierig.",Textinterne Begründungen,Textinterne Begründungen,ARTIKEL 1 - PHASE 1: Erste Bewertung; T1
1,"Oh, ich muss jetzt sagen, hier den Vergleich mit Angestellten von Twitter X mit Elon Musk nur aus dem Fernsehen, den Vergleich finde ich echt schwierig.",Begründungsnarrative:Argument: Inhalt vs. Quelle,Begründungsnarrative,ARTIKEL 1 - PHASE 1: Erste Bewertung; T1
1,"Das ist ein Größenunterschied, finde ich jetzt nicht unbedingt gut.",Epistemische Strategien:Plausibilitätsabwägung,Epistemische Strategien,ARTIKEL 1 - PHASE 1: Erste Bewertung; T1
1,"Ach so, und jetzt wird gesagt, jetzt sind wir sozusagen da, dass man sagt, okay, gut, es ist zwar alles nicht so ganz okay, was da gemacht wurde, gefühlt, und es macht ja jeder so, aber es wird nur gemacht, weil sie verhindert werden soll.",Textinterne Begründungen,Textinterne Begründungen,ARTIKEL 1 - PHASE 1: Erste Bewertung; T1
1,"Ach so, und jetzt wird gesagt, jetzt sind wir sozusagen da, dass man sagt, okay, gut, es ist zwar alles nicht so ganz okay, was da gemacht wurde, gefühlt, und es macht ja jeder so, aber es wird nur gemacht, weil sie verhindert werden soll.",Kognitive Unsicherheit:Widersprüche erkannt,Kognitive Unsicherheit,ARTIKEL 1 - PHASE 1: Erste Bewertung; T1
1,"Also es ist ein etwas sehr einseitiger Artikel, würde ich sagen.",Begründungsnarrative:Argument: vermeintliche Objektivität,Begründungsnarrative,ARTIKEL 1 - PHASE 1: Erste Bewertung; T1
1,"Also es ist ein etwas sehr einseitiger Artikel, würde ich sagen.",Vertrauen in Inhalt/System:generelles Misstrauen gegenüber Medieninhalten,Vertrauen in Inhalt/System,ARTIKEL 1 - PHASE 1: Erste Bewertung; T1
1,"Ja, ja, also ich finde es nicht sehr, ich kann es ja schon sagen, etwas sehr unglaubwürdig.",Vertrauen in Inhalt/System:generelles Misstrauen gegenüber Medieninhalten,Vertrauen in Inhalt/System,ARTIKEL 1 - PHASE 1: Erste Bewertung; T1; Fragebogen Artikel 1:
1,"Also ich muss wieder sagen, solche Dinge wie bei Merzig sind in unserem DNA-Code verankert.",Textinterne Begründungen,Textinterne Begründungen,ARTIKEL 2 - PHASE 1: Erste Bewertung; T1
1,"Ja, solche Aussagen finde ich auch immer ein bisschen schwierig, weil das auch wieder so, wenn man das so sagt, dann klingt das, es geht auch wieder in so eine Richtung.",Begründungsnarrative:Argument: Sprache/Stil,Begründungsnarrative,ARTIKEL 2 - PHASE 1: Erste Bewertung; T1
1,"Ja, solche Aussagen finde ich auch immer ein bisschen schwierig, weil das auch wieder so, wenn man das so sagt, dann klingt das, es geht auch wieder in so eine Richtung.",Affektive Reaktionen:Unsicherheit,Affektive Reaktionen,ARTIKEL 2 - PHASE 1: Erste Bewertung; T1
1,"Wo man auch das Gefühl hat, wenn solche Dinge irgendwo stehen, auch wenn es schon im ersten Satz ist, hat man so das Gefühl, man kann ja gar nichts Gegenteiliges sagen.",Epistemische Strategien:Plausibilitätsabwägung,Epistemische Strategien,ARTIKEL 2 - PHASE 1: Erste Bewertung; T1
1,"Wo man auch das Gefühl hat, wenn solche Dinge irgendwo stehen, auch wenn es schon im ersten Satz ist, hat man so das Gefühl, man kann ja gar nichts Gegenteiliges sagen.",Begründungsnarrative:Argument: vermeintliche Objektivität,Begründungsnarrative,ARTIKEL 2 - PHASE 1: Erste Bewertung; T1
1,"Oder auch das Integrale Bestandteil unserer Seele. Das sind so Floskeln, die finde ich nicht gut.",Textinterne Begründungen,Textinterne Begründungen,ARTIKEL 2 - PHASE 1: Erste Bewertung; T1
1,"Oder auch das Integrale Bestandteil unserer Seele. Das sind so Floskeln, die finde ich nicht gut.",Begründungsnarrative:Argument: Sprache/Stil,Begründungsnarrative,ARTIKEL 2 - PHASE 1: Erste Bewertung; T1
1,"Und da muss ich zum Beispiel sagen, wenn solche historischen Beispiele genannt werden, finde ich allgemein, in Zeitungen und sowas sollten eigentlich, also finde ich, auch Quellen genannt werden.",Begründungsnarrative:Argument: Inhalt vs. Quelle,Begründungsnarrative,ARTIKEL 2 - PHASE 1: Erste Bewertung; T1
1,"Und da muss ich zum Beispiel sagen, wenn solche historischen Beispiele genannt werden, finde ich allgemein, in Zeitungen und sowas sollten eigentlich, also finde ich, auch Quellen genannt werden.",Epistemische Strategien:Faktenprüfung,Epistemische Strategien,ARTIKEL 2 - PHASE 1: Erste Bewertung; T1
1,"Ich kenne das tatsächlich nicht, ich weiß das tatsächlich nicht, ich habe das noch nicht gehört.",Begründungsnarrative:Argument: persönliche Erfahrung,Begründungsnarrative,ARTIKEL 2 - PHASE 1: Erste Bewertung; T1
1,"Ich kenne das tatsächlich nicht, ich weiß das tatsächlich nicht, ich habe das noch nicht gehört.",Heuristische Bewertung:Bekanntheit des Themas,Heuristische Bewertung,ARTIKEL 2 - PHASE 1: Erste Bewertung; T1
1,Und auch das mit dieser helfenden Hand. Hat auch immer so einen Beigeschmack.,Begründungsnarrative:Argument: Sprache/Stil,Begründungsnarrative,ARTIKEL 2 - PHASE 1: Erste Bewertung; T1
1,Und auch das mit dieser helfenden Hand. Hat auch immer so einen Beigeschmack.,Affektive Reaktionen:emotionale Ablehnung,Affektive Reaktionen,ARTIKEL 2 - PHASE 1: Erste Bewertung; T1
1,"Es steht halt nichts dabei, was im Nachhinein damit passiert, mit den Leuten passiert wurde oder passiert ist.",Begründungsnarrative:Argument: Inhalt vs. Quelle,Begründungsnarrative,ARTIKEL 2 - PHASE 1: Erste Bewertung; T1
1,"Es steht halt nichts dabei, was im Nachhinein damit passiert, mit den Leuten passiert wurde oder passiert ist.",Kognitive Unsicherheit:Widersprüche erkannt,Kognitive Unsicherheit,ARTIKEL 2 - PHASE 1: Erste Bewertung; T1
1,"Boah, den Party finde ich ganz schwierig. Wenn man sagt, nach allem, was die angerichtet haben, alles auszulöschen. Aber Großherzigkeit und Barmherzigkeit, das ist meiner Meinung nach keine Großherzigkeit und Barmherzigkeit.",Affektive Reaktionen:emotionale Ablehnung,Affektive Reaktionen,ARTIKEL 2 - PHASE 1: Erste Bewertung; T1
1,"Boah, den Party finde ich ganz schwierig. Wenn man sagt, nach allem, was die angerichtet haben, alles auszulöschen. Aber Großherzigkeit und Barmherzigkeit, das ist meiner Meinung nach keine Großherzigkeit und Barmherzigkeit.",Epistemische Strategien:logische Argumentation,Epistemische Strategien,ARTIKEL 2 - PHASE 1: Erste Bewertung; T1
1,"Ja, das ist auch wieder so ein Artikel, wo ich sage, der ist halt auch wieder sehr, sehr einseitig geschrieben und glorifiziert halt auch ein bisschen. Oder nicht nur ein bisschen, sehr.",Begründungsnarrative:Argument: vermeintliche Objektivität,Begründungsnarrative,ARTIKEL 2 - PHASE 1: Erste Bewertung; T1
1,"Ja, das ist auch wieder so ein Artikel, wo ich sage, der ist halt auch wieder sehr, sehr einseitig geschrieben und glorifiziert halt auch ein bisschen. Oder nicht nur ein bisschen, sehr.",Begründungsnarrative:Argument: Sprache/Stil,Begründungsnarrative,ARTIKEL 2 - PHASE 1: Erste Bewertung; T1
1,"Ich sage jetzt hier, nicht ganz unglaubwürdig, sondern nur so ein bisschen unglaubwürdig, weil ich ja nicht sagen kann, ob die Daten stimmen oder nicht.",Kognitive Unsicherheit:explizite Unsicherheit,Kognitive Unsicherheit,ARTIKEL 2 - PHASE 1: Erste Bewertung; T1; Fragebogen Artikel 2:
1,"Ich sage jetzt hier, nicht ganz unglaubwürdig, sondern nur so ein bisschen unglaubwürdig, weil ich ja nicht sagen kann, ob die Daten stimmen oder nicht.",Epistemische Strategien:Plausibilitätsabwägung,Epistemische Strategien,ARTIKEL 2 - PHASE 1: Erste Bewertung; T1; Fragebogen Artikel 2:
1,Deswegen sage ich zwei.,Vertrauen in Inhalt/System:generelles Misstrauen gegenüber Medieninhalten,Vertrauen in Inhalt/System,ARTIKEL 2 - PHASE 1: Erste Bewertung; T1; Fragebogen Artikel 2:
1,Bis jetzt klingt es relativ sachlich. Es klingt sachlicher bis jetzt.,Heuristische Bewertung:Sprache/Stil,Heuristische Bewertung,ARTIKEL 3 - PHASE 1: Erste Bewertung; T1
1,Bis jetzt klingt es relativ sachlich. Es klingt sachlicher bis jetzt.,Vergleichende Bewertung,Vergleichende Bewertung,ARTIKEL 3 - PHASE 1: Erste Bewertung; T1
1,"Oben wird es genannt mit dem Sondertribunal und hier unten quasi auch so eine Alternative, die es auch gibt.",Textinterne Begründungen,Textinterne Begründungen,ARTIKEL 3 - PHASE 1: Erste Bewertung; T1
1,"Oben wird es genannt mit dem Sondertribunal und hier unten quasi auch so eine Alternative, die es auch gibt.",Begründungsnarrative:Argument: Struktur und Logik,Begründungsnarrative,ARTIKEL 3 - PHASE 1: Erste Bewertung; T1
1,"Und da wird auch erklärt, warum das nicht ist. Es gibt also mit dem Haftbefehl, aber warum das nicht funktioniert.",Begründungsnarrative:Argument: Struktur und Logik,Begründungsnarrative,ARTIKEL 3 - PHASE 1: Erste Bewertung; T1
